dataset,day,records
transactions,2023-06-17,2144
transactions,2023-06-18,2956
transactions,2023-06-19,3804
transactions,2023-06-20,4234
transactions,2023-06-21,4750
transactions,2023-06-22,4606
transactions,2023-06-23,5124
transactions,2023-06-24,3453
transactions,2023-06-25,2876
transactions,2023-06-26,4432
transactions,2023-06-27,4596
transactions,2023-06-28,4267
transactions,2023-06-29,4296
transactions,2023-06-30,4722
transactions,2023-07-01,2997
transactions,2023-07-02,2715
transactions,2023-07-03,4854
transactions,2023-07-04,4423
transactions,2023-07-05,3935
transactions,2023-07-06,4872
transactions,2023-07-07,5028
transactions,2023-07-08,3407
transactions,2023-07-09,3137
transactions,2023-07-10,3715
transactions,2023-07-11,3800
transactions,2023-07-12,4229
transactions,2023-07-13,4663
transactions,2023-07-14,4026
transactions,2023-07-15,2712
transactions,2023-07-16,2496
transactions,2023-07-17,3929
transactions,2023-07-18,3965
transactions,2023-07-19,4953
transactions,2023-07-20,5310
transactions,2023-07-21,4963
transactions,2023-07-22,3289
transactions,2023-07-23,2684
transactions,2023-07-24,3440
transactions,2023-07-25,4513
transactions,2023-07-26,5070
transactions,2023-07-27,4847
transactions,2023-07-28,4422
transactions,2023-07-29,2802
transactions,2023-07-30,2486
transactions,2023-07-31,3631
transactions,2023-08-01,3846
transactions,2023-08-02,4671
transactions,2023-08-03,5106
transactions,2023-08-04,4623
transactions,2023-08-05,2819
transactions,2023-08-06,2580
transactions,2023-08-07,4526
transactions,2023-08-08,5138
transactions,2023-08-09,5173
transactions,2023-08-10,4823
transactions,2023-08-11,3994
transactions,2023-08-12,3005
transactions,2023-08-13,2618
transactions,2023-08-14,4521
transactions,2023-08-15,5291
transactions,2023-08-16,4417
transactions,2023-08-17,3971
transactions,2023-08-18,4730
transactions,2023-08-19,3040
transactions,2023-08-20,2627
transactions,2023-08-21,3885
transactions,2023-08-22,3954
transactions,2023-08-23,4488
transactions,2023-08-24,4898
transactions,2023-08-25,5090
transactions,2023-08-26,3690
transactions,2023-08-27,2603
transactions,2023-08-28,3646
transactions,2023-08-29,4436
transactions,2023-08-30,4387
transactions,2023-08-31,4996
transactions,2023-09-01,4380
transactions,2023-09-02,3282
transactions,2023-09-03,2641
transactions,2023-09-04,4164
transactions,2023-09-05,4378
transactions,2023-09-06,4391
transactions,2023-09-07,5184
transactions,2023-09-08,4911
transactions,2023-09-09,2969
transactions,2023-09-10,2463
transactions,2023-09-11,4011
transactions,2023-09-12,5025
transactions,2023-09-13,4832
transactions,2023-09-14,4151
transactions,2023-09-15,4053
transactions,2023-09-16,3250
transactions,2023-09-17,2535
transactions,2023-09-18,3369
transactions,2023-09-19,3754
transactions,2023-09-20,4657
transactions,2023-09-21,5267
transactions,2023-09-22,5051
transactions,2023-09-23,3073
transactions,2023-09-24,2628
transactions,2023-09-25,4447
transactions,2023-09-26,4694
transactions,2023-09-27,4423
transactions,2023-09-28,4078
transactions,2023-09-29,4374
transactions,2023-09-30,3124
transactions,2023-10-01,2413
transactions,2023-10-02,4039
transactions,2023-10-03,4467
transactions,2023-10-04,4735
transactions,2023-10-05,5256
transactions,2023-10-06,4940
transactions,2023-10-07,3341
transactions,2023-10-08,2768
transactions,2023-10-09,4715
transactions,2023-10-10,4223
transactions,2023-10-11,4397
transactions,2023-10-12,4174
transactions,2023-10-13,4618
transactions,2023-10-14,3670
transactions,2023-10-15,2789
transactions,2023-10-16,3315
transactions,2023-10-17,4792
transactions,2023-10-18,4131
transactions,2023-10-19,4956
transactions,2023-10-20,5215
transactions,2023-10-21,3743
transactions,2023-10-22,2934
transactions,2023-10-23,4482
transactions,2023-10-24,4964
transactions,2023-10-25,5011
transactions,2023-10-26,4627
transactions,2023-10-27,4791
transactions,2023-10-28,2878
transactions,2023-10-29,2860
transactions,2023-10-30,4473
transactions,2023-10-31,4076
transactions,2023-11-01,4905
transactions,2023-11-02,4779
transactions,2023-11-03,3929
transactions,2023-11-04,2699
transactions,2023-11-05,2798
transactions,2023-11-06,4613
transactions,2023-11-07,4098
transactions,2023-11-08,3770
transactions,2023-11-09,4264
transactions,2023-11-10,4020
transactions,2023-11-11,3222
transactions,2023-11-12,2999
transactions,2023-11-13,4747
transactions,2023-11-14,4991
transactions,2023-11-15,4160
transactions,2023-11-16,4517
transactions,2023-11-17,5142
transactions,2023-11-18,3541
transactions,2023-11-19,3056
transactions,2023-11-20,4247
transactions,2023-11-21,4290
transactions,2023-11-22,4203
transactions,2023-11-23,4150
transactions,2023-11-24,4023
transactions,2023-11-25,3397
transactions,2023-11-26,3201
transactions,2023-11-27,3627
transactions,2023-11-28,4610
transactions,2023-11-29,5129
transactions,2023-11-30,4857
transactions,2023-12-01,4884
transactions,2023-12-02,2943
transactions,2023-12-03,2678
transactions,2023-12-04,4714
transactions,2023-12-05,4258
transactions,2023-12-06,4565
transactions,2023-12-07,4245
transactions,2023-12-08,4556
transactions,2023-12-09,2937
transactions,2023-12-10,2575
transactions,2023-12-11,4354
transactions,2023-12-12,5124
transactions,2023-12-13,4454
transactions,2023-12-14,4376
transactions,2023-12-15,4707
transactions,2023-12-16,3320
transactions,2023-12-17,2648
transactions,2023-12-18,4737
transactions,2023-12-19,4850
transactions,2023-12-20,4568
transactions,2023-12-21,4371
transactions,2023-12-22,4827
transactions,2023-12-23,3489
transactions,2023-12-24,2600
transactions,2023-12-25,4664
transactions,2023-12-26,4540
transactions,2023-12-27,4640
transactions,2023-12-28,4913
transactions,2023-12-29,4775
transactions,2023-12-30,3125
transactions,2023-12-31,2532
transactions,2024-01-01,4099
transactions,2024-01-02,5137
transactions,2024-01-03,4840
transactions,2024-01-04,3947
transactions,2024-01-05,4647
transactions,2024-01-06,3053
transactions,2024-01-07,2384
transactions,2024-01-08,3608
transactions,2024-01-09,4392
transactions,2024-01-10,4501
transactions,2024-01-11,4079
transactions,2024-01-12,3888
transactions,2024-01-13,2839
transactions,2024-01-14,2965
transactions,2024-01-15,3863
transactions,2024-01-16,5008
transactions,2024-01-17,4169
transactions,2024-01-18,3789
transactions,2024-01-19,4089
transactions,2024-01-20,3497
transactions,2024-01-21,3109
transactions,2024-01-22,4525
transactions,2024-01-23,4576
transactions,2024-01-24,5140
transactions,2024-01-25,4555
transactions,2024-01-26,3902
transactions,2024-01-27,3484
transactions,2024-01-28,3164
transactions,2024-01-29,3578
transactions,2024-01-30,3699
transactions,2024-01-31,3675
transactions,2024-02-01,3925
transactions,2024-02-02,5033
transactions,2024-02-03,3159
transactions,2024-02-04,3111
transactions,2024-02-05,4564
transactions,2024-02-06,4817
transactions,2024-02-07,4387
transactions,2024-02-08,5105
transactions,2024-02-09,4146
transactions,2024-02-10,3017
transactions,2024-02-11,2466
transactions,2024-02-12,4693
transactions,2024-02-13,4279
transactions,2024-02-14,3871
transactions,2024-02-15,4910
transactions,2024-02-16,5475
transactions,2024-02-17,3202
transactions,2024-02-18,2443
transactions,2024-02-19,3939
transactions,2024-02-20,5023
transactions,2024-02-21,4266
transactions,2024-02-22,4318
transactions,2024-02-23,3926
transactions,2024-02-24,3261
transactions,2024-02-25,2701
transactions,2024-02-26,3531
transactions,2024-02-27,4480
transactions,2024-02-28,4633
transactions,2024-02-29,4454
transactions,2024-03-01,4862
transactions,2024-03-02,3478
transactions,2024-03-03,3084
transactions,2024-03-04,4062
transactions,2024-03-05,4671
transactions,2024-03-06,4435
transactions,2024-03-07,4628
transactions,2024-03-08,4620
transactions,2024-03-09,2877
transactions,2024-03-10,2670
transactions,2024-03-11,4134
transactions,2024-03-12,3905
transactions,2024-03-13,3919
transactions,2024-03-14,4028
transactions,2024-03-15,4275
transactions,2024-03-16,3224
transactions,2024-03-17,2933
transactions,2024-03-18,3801
transactions,2024-03-19,4755
transactions,2024-03-20,4122
transactions,2024-03-21,4845
transactions,2024-03-22,4107
transactions,2024-03-23,3252
transactions,2024-03-24,2750
transactions,2024-03-25,4279
transactions,2024-03-26,4602
transactions,2024-03-27,4462
transactions,2024-03-28,4908
transactions,2024-03-29,4112
transactions,2024-03-30,3205
transactions,2024-03-31,2583
transactions,2024-04-01,3775
transactions,2024-04-02,4431
transactions,2024-04-03,4840
transactions,2024-04-04,5300
transactions,2024-04-05,5120
transactions,2024-04-06,3115
transactions,2024-04-07,2324
transactions,2024-04-08,4381
transactions,2024-04-09,4663
transactions,2024-04-10,4919
transactions,2024-04-11,5127
transactions,2024-04-12,4639
transactions,2024-04-13,2887
transactions,2024-04-14,2453
transactions,2024-04-15,3579
transactions,2024-04-16,4970
transactions,2024-04-17,4596
transactions,2024-04-18,5118
transactions,2024-04-19,4286
transactions,2024-04-20,2726
transactions,2024-04-21,2900
transactions,2024-04-22,3880
transactions,2024-04-23,4074
transactions,2024-04-24,5034
transactions,2024-04-25,4356
transactions,2024-04-26,4235
transactions,2024-04-27,3382
transactions,2024-04-28,2580
transactions,2024-04-29,3706
transactions,2024-04-30,3934
transactions,2024-05-01,4465
transactions,2024-05-02,4729
transactions,2024-05-03,3989
transactions,2024-05-04,3121
transactions,2024-05-05,3123
transactions,2024-05-06,4309
transactions,2024-05-07,5107
transactions,2024-05-08,5080
transactions,2024-05-09,5258
transactions,2024-05-10,4694
transactions,2024-05-11,3410
transactions,2024-05-12,3002
transactions,2024-05-13,4384
transactions,2024-05-14,5190
transactions,2024-05-15,4827
transactions,2024-05-16,4322
transactions,2024-05-17,4443
transactions,2024-05-18,3083
transactions,2024-05-19,2961
transactions,2024-05-20,3655
transactions,2024-05-21,3790
transactions,2024-05-22,3804
transactions,2024-05-23,4697
transactions,2024-05-24,4231
transactions,2024-05-25,2970
transactions,2024-05-26,2718
transactions,2024-05-27,3516
transactions,2024-05-28,4500
transactions,2024-05-29,4645
transactions,2024-05-30,4040
transactions,2024-05-31,4308
transactions,2024-06-01,3265
transactions,2024-06-02,2523
transactions,2024-06-03,3749
transactions,2024-06-04,3917
transactions,2024-06-05,4871
transactions,2024-06-06,4103
transactions,2024-06-07,4734
transactions,2024-06-08,3456
transactions,2024-06-09,2739
transactions,2024-06-10,3594
transactions,2024-06-11,4945
transactions,2024-06-12,5002
transactions,2024-06-13,5117
transactions,2024-06-14,5421
transactions,2024-06-15,3710
transactions,2024-06-16,2580
transactions,2024-06-17,4618
transactions,2024-06-18,5338
transactions,2024-06-19,4841
transactions,2024-06-20,5065
transactions,2024-06-21,3978
transactions,2024-06-22,3331
transactions,2024-06-23,2849
transactions,2024-06-24,4037
transactions,2024-06-25,4510
transactions,2024-06-26,4524
transactions,2024-06-27,4336
transactions,2024-06-28,4537
transactions,2024-06-29,3251
transactions,2024-06-30,2875
transactions,2024-07-01,3468
transactions,2024-07-02,4241
transactions,2024-07-03,4967
transactions,2024-07-04,5256
transactions,2024-07-05,5319
transactions,2024-07-06,3630
transactions,2024-07-07,2819
transactions,2024-07-08,3893
transactions,2024-07-09,4244
transactions,2024-07-10,4383
transactions,2024-07-11,4974
transactions,2024-07-12,5332
transactions,2024-07-13,3008
transactions,2024-07-14,2977
transactions,2024-07-15,4058
transactions,2024-07-16,4018
transactions,2024-07-17,3862
transactions,2024-07-18,4832
transactions,2024-07-19,4829
transactions,2024-07-20,2936
transactions,2024-07-21,3001
transactions,2024-07-22,4523
transactions,2024-07-23,4901
transactions,2024-07-24,5081
transactions,2024-07-25,4257
transactions,2024-07-26,4670
transactions,2024-07-27,2899
transactions,2024-07-28,2189
transactions,2024-07-29,4000
transactions,2024-07-30,5101
transactions,2024-07-31,5104
transactions,2024-08-01,3984
transactions,2024-08-02,3717
transactions,2024-08-03,3220
transactions,2024-08-04,2501
transactions,2024-08-05,3445
transactions,2024-08-06,4132
transactions,2024-08-07,4112
transactions,2024-08-08,4095
transactions,2024-08-09,4128
transactions,2024-08-10,3400
transactions,2024-08-11,3041
transactions,2024-08-12,4111
transactions,2024-08-13,5124
transactions,2024-08-14,5322
transactions,2024-08-15,5062
transactions,2024-08-16,4564
transactions,2024-08-17,2817
transactions,2024-08-18,2819
transactions,2024-08-19,3884
transactions,2024-08-20,4316
transactions,2024-08-21,4083
transactions,2024-08-22,4277
transactions,2024-08-23,4094
transactions,2024-08-24,3051
transactions,2024-08-25,2955
transactions,2024-08-26,4371
transactions,2024-08-27,5266
transactions,2024-08-28,4184
transactions,2024-08-29,4491
transactions,2024-08-30,5094
transactions,2024-08-31,3104
transactions,2024-09-01,2883
transactions,2024-09-02,4102
transactions,2024-09-03,4558
transactions,2024-09-04,5219
transactions,2024-09-05,4056
transactions,2024-09-06,3835
transactions,2024-09-07,2898
transactions,2024-09-08,2349
transactions,2024-09-09,4504
transactions,2024-09-10,4573
transactions,2024-09-11,4071
transactions,2024-09-12,5097
transactions,2024-09-13,4285
transactions,2024-09-14,2673
transactions,2024-09-15,2306
transactions,2024-09-16,4227
transactions,2024-09-17,4573
transactions,2024-09-18,4643
transactions,2024-09-19,4045
transactions,2024-09-20,4358
transactions,2024-09-21,3403
transactions,2024-09-22,2993
transactions,2024-09-23,4740
transactions,2024-09-24,4591
transactions,2024-09-25,4400
transactions,2024-09-26,4003
transactions,2024-09-27,3851
transactions,2024-09-28,3319
transactions,2024-09-29,3060
transactions,2024-09-30,3910
transactions,2024-10-01,3977
transactions,2024-10-02,4355
transactions,2024-10-03,4601
transactions,2024-10-04,4895
transactions,2024-10-05,3614
transactions,2024-10-06,2941
transactions,2024-10-07,3956
transactions,2024-10-08,4567
transactions,2024-10-09,5087
transactions,2024-10-10,5159
transactions,2024-10-11,4191
transactions,2024-10-12,3048
transactions,2024-10-13,2463
transactions,2024-10-14,4252
transactions,2024-10-15,5252
transactions,2024-10-16,4115
transactions,2024-10-17,4401
transactions,2024-10-18,4047
transactions,2024-10-19,3066
transactions,2024-10-20,2834
transactions,2024-10-21,4810
transactions,2024-10-22,4100
transactions,2024-10-23,4729
transactions,2024-10-24,5217
transactions,2024-10-25,5240
transactions,2024-10-26,3146
transactions,2024-10-27,2447
transactions,2024-10-28,3708
transactions,2024-10-29,4048
transactions,2024-10-30,4296
transactions,2024-10-31,4931
transactions,2024-11-01,4397
transactions,2024-11-02,3117
transactions,2024-11-03,2878
transactions,2024-11-04,4323
transactions,2024-11-05,4799
transactions,2024-11-06,5005
transactions,2024-11-07,5209
transactions,2024-11-08,4421
transactions,2024-11-09,2922
transactions,2024-11-10,2525
transactions,2024-11-11,4550
transactions,2024-11-12,5397
transactions,2024-11-13,4593
transactions,2024-11-14,4240
transactions,2024-11-15,4330
transactions,2024-11-16,3381
transactions,2024-11-17,2770
transactions,2024-11-18,3526
transactions,2024-11-19,4866
transactions,2024-11-20,4436
transactions,2024-11-21,4343
transactions,2024-11-22,4683
transactions,2024-11-23,2845
transactions,2024-11-24,2693
transactions,2024-11-25,3423
transactions,2024-11-26,4361
transactions,2024-11-27,4555
transactions,2024-11-28,4890
transactions,2024-11-29,4953
transactions,2024-11-30,3050
transactions,2024-12-01,2335
transactions,2024-12-02,4372
transactions,2024-12-03,4340
transactions,2024-12-04,4248
transactions,2024-12-05,4389
transactions,2024-12-06,4644
transactions,2024-12-07,3242
transactions,2024-12-08,2753
transactions,2024-12-09,3943
transactions,2024-12-10,4456
transactions,2024-12-11,4657
transactions,2024-12-12,5275
transactions,2024-12-13,4627
transactions,2024-12-14,3063
transactions,2024-12-15,2401
transactions,2024-12-16,3426
transactions,2024-12-17,4822
transactions,2024-12-18,5242
transactions,2024-12-19,4428
transactions,2024-12-20,3905
transactions,2024-12-21,2988
transactions,2024-12-22,3076
transactions,2024-12-23,4580
transactions,2024-12-24,3973
transactions,2024-12-25,3765
transactions,2024-12-26,3891
transactions,2024-12-27,4473
transactions,2024-12-28,3564
transactions,2024-12-29,2581
transactions,2024-12-30,4334
transactions,2024-12-31,4968
transactions,2025-01-01,4154
transactions,2025-01-02,3721
transactions,2025-01-03,4282
transactions,2025-01-04,3329
transactions,2025-01-05,2947
transactions,2025-01-06,3846
transactions,2025-01-07,4042
transactions,2025-01-08,4345
transactions,2025-01-09,3897
transactions,2025-01-10,4763
transactions,2025-01-11,3250
transactions,2025-01-12,2905
transactions,2025-01-13,4433
transactions,2025-01-14,4602
transactions,2025-01-15,3931
transactions,2025-01-16,4629
transactions,2025-01-17,4600
transactions,2025-01-18,3196
transactions,2025-01-19,2415
transactions,2025-01-20,3531
transactions,2025-01-21,3821
transactions,2025-01-22,4378
transactions,2025-01-23,4058
transactions,2025-01-24,5129
transactions,2025-01-25,3449
transactions,2025-01-26,2913
transactions,2025-01-27,3507
transactions,2025-01-28,4661
transactions,2025-01-29,4226
transactions,2025-01-30,4602
transactions,2025-01-31,4618
transactions,2025-02-01,3178
transactions,2025-02-02,2752
transactions,2025-02-03,3522
transactions,2025-02-04,4511
transactions,2025-02-05,3942
transactions,2025-02-06,4279
transactions,2025-02-07,3894
transactions,2025-02-08,3136
transactions,2025-02-09,2795
transactions,2025-02-10,3496
transactions,2025-02-11,4679
transactions,2025-02-12,4741
transactions,2025-02-13,5129
transactions,2025-02-14,4507
transactions,2025-02-15,3020
transactions,2025-02-16,2370
transactions,2025-02-17,4296
transactions,2025-02-18,4437
transactions,2025-02-19,4338
transactions,2025-02-20,4655
transactions,2025-02-21,4553
transactions,2025-02-22,3115
transactions,2025-02-23,3067
transactions,2025-02-24,3859
transactions,2025-02-25,4554
transactions,2025-02-26,4099
transactions,2025-02-27,4356
transactions,2025-02-28,5185
transactions,2025-03-01,3340
transactions,2025-03-02,2564
transactions,2025-03-03,3471
transactions,2025-03-04,4409
transactions,2025-03-05,4668
transactions,2025-03-06,4809
transactions,2025-03-07,4078
transactions,2025-03-08,2621
transactions,2025-03-09,2892
transactions,2025-03-10,3715
transactions,2025-03-11,4637
transactions,2025-03-12,5041
transactions,2025-03-13,5106
transactions,2025-03-14,5242
transactions,2025-03-15,3873
transactions,2025-03-16,2699
transactions,2025-03-17,3820
transactions,2025-03-18,3898
transactions,2025-03-19,4747
transactions,2025-03-20,4819
transactions,2025-03-21,4406
transactions,2025-03-22,2992
transactions,2025-03-23,2772
transactions,2025-03-24,4193
transactions,2025-03-25,5051
transactions,2025-03-26,4747
transactions,2025-03-27,4461
transactions,2025-03-28,4629
transactions,2025-03-29,3546
transactions,2025-03-30,2905
transactions,2025-03-31,3565
transactions,2025-04-01,4226
transactions,2025-04-02,4201
transactions,2025-04-03,4580
transactions,2025-04-04,4364
transactions,2025-04-05,3058
transactions,2025-04-06,3040
transactions,2025-04-07,3623
transactions,2025-04-08,4939
transactions,2025-04-09,5201
transactions,2025-04-10,5004
transactions,2025-04-11,4674
transactions,2025-04-12,2965
transactions,2025-04-13,2603
transactions,2025-04-14,4117
transactions,2025-04-15,4564
transactions,2025-04-16,4268
transactions,2025-04-17,4286
transactions,2025-04-18,4114
transactions,2025-04-19,3307
transactions,2025-04-20,2570
transactions,2025-04-21,3885
transactions,2025-04-22,4253
transactions,2025-04-23,4236
transactions,2025-04-24,4001
transactions,2025-04-25,4071
transactions,2025-04-26,3289
transactions,2025-04-27,3076
transactions,2025-04-28,4426
transactions,2025-04-29,5231
transactions,2025-04-30,4572
transactions,2025-05-01,4884
transactions,2025-05-02,5396
transactions,2025-05-03,3398
transactions,2025-05-04,2691
transactions,2025-05-05,3999
transactions,2025-05-06,4739
transactions,2025-05-07,4864
transactions,2025-05-08,4196
transactions,2025-05-09,4495
transactions,2025-05-10,2954
transactions,2025-05-11,2433
transactions,2025-05-12,4655
transactions,2025-05-13,4994
transactions,2025-05-14,5131
transactions,2025-05-15,4476
transactions,2025-05-16,4246
transactions,2025-05-17,3482
transactions,2025-05-18,2942
transactions,2025-05-19,4685
transactions,2025-05-20,4807
transactions,2025-05-21,4323
transactions,2025-05-22,4009
transactions,2025-05-23,4037
transactions,2025-05-24,3170
transactions,2025-05-25,3188
transactions,2025-05-26,3570
transactions,2025-05-27,4291
transactions,2025-05-28,4760
transactions,2025-05-29,4996
transactions,2025-05-30,4113
transactions,2025-05-31,3073
transactions,2025-06-01,2432
transactions,2025-06-02,4585
transactions,2025-06-03,4484
transactions,2025-06-04,4269
transactions,2025-06-05,4886
transactions,2025-06-06,4645
transactions,2025-06-07,2722
transactions,2025-06-08,2311
transactions,2025-06-09,3400
transactions,2025-06-10,4003
transactions,2025-06-11,4837
transactions,2025-06-12,4891
transactions,2025-06-13,4106
transactions,2025-06-14,2966
transactions,2025-06-15,2979
transactions,2025-06-16,4696
transactions,2025-06-17,4669
transactions,2025-06-18,4725
transactions,2025-06-19,4400
transactions,2025-06-20,4488
transactions,2025-06-21,2930
transactions,2025-06-22,2806
transactions,2025-06-23,3639
transactions,2025-06-24,5042
transactions,2025-06-25,4982
transactions,2025-06-26,4402
transactions,2025-06-27,4782
transactions,2025-06-28,3316
transactions,2025-06-29,2806
transactions,2025-06-30,3589
transactions,2025-07-01,4809
transactions,2025-07-02,4797
transactions,2025-07-03,5056
transactions,2025-07-04,4433
transactions,2025-07-05,2786
transactions,2025-07-06,2209
transactions,2025-07-07,3945
transactions,2025-07-08,4962
transactions,2025-07-09,5150
transactions,2025-07-10,4146
transactions,2025-07-11,4472
transactions,2025-07-12,3267
transactions,2025-07-13,2820
transactions,2025-07-14,3826
transactions,2025-07-15,4151
transactions,2025-07-16,5077
transactions,2025-07-17,4601
transactions,2025-07-18,4262
transactions,2025-07-19,2979
transactions,2025-07-20,2824
transactions,2025-07-21,4733
transactions,2025-07-22,4626
transactions,2025-07-23,4564
transactions,2025-07-24,3944
transactions,2025-07-25,4637
transactions,2025-07-26,3643
transactions,2025-07-27,2620
transactions,2025-07-28,4599
transactions,2025-07-29,4931
transactions,2025-07-30,4214
transactions,2025-07-31,3799
transactions,2025-08-01,4513
transactions,2025-08-02,2876
transactions,2025-08-03,2529
transactions,2025-08-04,3991
transactions,2025-08-05,4385
transactions,2025-08-06,4844
transactions,2025-08-07,4534
transactions,2025-08-08,4947
transactions,2025-08-09,2922
transactions,2025-08-10,3019
transactions,2025-08-11,4021
transactions,2025-08-12,3979
transactions,2025-08-13,5064
transactions,2025-08-14,4175
transactions,2025-08-15,4687
transactions,2025-08-16,3088
transactions,2025-08-17,2910
transactions,2025-08-18,3920
transactions,2025-08-19,4281
transactions,2025-08-20,4728
transactions,2025-08-21,5245
transactions,2025-08-22,4682
transactions,2025-08-23,3334
transactions,2025-08-24,3018
transactions,2025-08-25,4852
transactions,2025-08-26,5437
transactions,2025-08-27,4566
transactions,2025-08-28,4761
transactions,2025-08-29,4873
transactions,2025-08-30,3011
transactions,2025-08-31,2847
transactions,2025-09-01,4126
transactions,2025-09-02,4095
transactions,2025-09-03,4254
transactions,2025-09-04,4076
transactions,2025-09-05,4082
transactions,2025-09-06,3182
transactions,2025-09-07,2399
transactions,2025-09-08,3950
transactions,2025-09-09,4861
transactions,2025-09-10,4077
transactions,2025-09-11,4714
transactions,2025-09-12,5273
transactions,2025-09-13,3726
transactions,2025-09-14,3253
transactions,2025-09-15,3882
transactions,2025-09-16,4304
transactions,2025-09-17,4042
transactions,2025-09-18,3891
transactions,2025-09-19,4203
transactions,2025-09-20,2935
transactions,2025-09-21,2555
transactions,2025-09-22,3842
transactions,2025-09-23,3930
transactions,2025-09-24,4670
transactions,2025-09-25,4410
transactions,2025-09-26,5000
transactions,2025-09-27,3139
transactions,2025-09-28,2716
transactions,2025-09-29,4595
transactions,2025-09-30,4381
transactions,2025-10-01,4386
transactions,2025-10-02,4239
transactions,2025-10-03,4934
transactions,2025-10-04,3712
transactions,2025-10-05,3087
transactions,2025-10-06,4430
transactions,2025-10-07,4307
transactions,2025-10-08,3915
transactions,2025-10-09,4187
transactions,2025-10-10,4331
transactions,2025-10-11,3488
transactions,2025-10-12,3016
transactions,2025-10-13,3560
transactions,2025-10-14,4045
transactions,2025-10-15,4823
transactions,2025-10-16,4451
transactions,2025-10-17,5116
transactions,2025-10-18,3299
transactions,2025-10-19,2965
transactions,2025-10-20,4342
transactions,2025-10-21,4383
transactions,2025-10-22,4777
transactions,2025-10-23,3949
transactions,2025-10-24,5046
transactions,2025-10-25,3622
transactions,2025-10-26,3222
transactions,2025-10-27,4673
transactions,2025-10-28,4623
transactions,2025-10-29,4767
transactions,2025-10-30,5344
transactions,2025-10-31,4229
transactions,2025-11-01,3039
transactions,2025-11-02,2905
transactions,2025-11-03,3545
transactions,2025-11-04,4741
transactions,2025-11-05,5293
transactions,2025-11-06,5263
transactions,2025-11-07,4575
transactions,2025-11-08,3211
transactions,2025-11-09,2681
transactions,2025-11-10,3419
transactions,2025-11-11,4196
transactions,2025-11-12,4175
transactions,2025-11-13,5144
transactions,2025-11-14,4601
transactions,2025-11-15,3280
transactions,2025-11-16,2558
transactions,2025-11-17,3974
transactions,2025-11-18,4176
transactions,2025-11-19,4385
transactions,2025-11-20,4544
transactions,2025-11-21,4746
transactions,2025-11-22,3663
transactions,2025-11-23,2942
transactions,2025-11-24,3967
transactions,2025-11-25,4534
transactions,2025-11-26,4836
transactions,2025-11-27,5200
transactions,2025-11-28,5036
transactions,2025-11-29,3637
transactions,2025-11-30,2509
transactions,2025-12-01,3704
transactions,2025-12-02,4231
transactions,2025-12-03,4121
transactions,2025-12-04,4423
transactions,2025-12-05,3980
transactions,2025-12-06,2944
transactions,2025-12-07,2466
transactions,2025-12-08,3377
transactions,2025-12-09,4031
transactions,2025-12-10,4384
transactions,2025-12-11,4002
transactions,2025-12-12,4737
transactions,2025-12-13,3014
transactions,2025-12-14,2618
transactions,2025-12-15,4418
transactions,2025-12-16,5134
transactions,2025-12-17,5185
transactions,2025-12-18,4339
transactions,2025-12-19,3890
transactions,2025-12-20,3316
transactions,2025-12-21,2575
transactions,2025-12-22,3586
transactions,2025-12-23,5013
transactions,2025-12-24,4662
transactions,2025-12-25,4721
transactions,2025-12-26,4709
transactions,2025-12-27,2847
transactions,2025-12-28,2278
transactions,2025-12-29,4432
transactions,2025-12-30,5062
transactions,2025-12-31,4183
transactions,2026-01-01,4512
transactions,2026-01-02,3963
transactions,2026-01-03,3222
transactions,2026-01-04,2763
transactions,2026-01-05,3482
transactions,2026-01-06,4829
transactions,2026-01-07,4271
transactions,2026-01-08,4255
transactions,2026-01-09,4592
transactions,2026-01-10,3124
transactions,2026-01-11,2300
transactions,2026-01-12,4004
transactions,2026-01-13,5118
transactions,2026-01-14,5105
transactions,2026-01-15,4795
transactions,2026-01-16,5098
transactions,2026-01-17,3571
transactions,2026-01-18,2494
transactions,2026-01-19,3670
transactions,2026-01-20,4499
transactions,2026-01-21,3917
transactions,2026-01-22,4371
transactions,2026-01-23,4031
transactions,2026-01-24,3016
transactions,2026-01-25,2812
transactions,2026-01-26,4153
transactions,2026-01-27,4139
transactions,2026-01-28,3896
transactions,2026-01-29,4283
transactions,2026-01-30,4812
transactions,2026-01-31,2865
transactions,2026-02-01,2505
transactions,2026-02-02,4420
transactions,2026-02-03,4756
transactions,2026-02-04,4283
transactions,2026-02-05,4823
transactions,2026-02-06,4591
transactions,2026-02-07,3053
transactions,2026-02-08,2388
transactions,2026-02-09,4569
transactions,2026-02-10,5006
transactions,2026-02-11,5346
transactions,2026-02-12,4800
transactions,2026-02-13,4899
transactions,2026-02-14,3237
transactions,2026-02-15,2753
transactions,2026-02-16,4555
transactions,2026-02-17,4988
transactions,2026-02-18,4546
transactions,2026-02-19,4988
transactions,2026-02-20,5003
transactions,2026-02-21,3606
transactions,2026-02-22,2802
transactions,2026-02-23,3713
transactions,2026-02-24,4127
transactions,2026-02-25,4374
transactions,2026-02-26,3931
transactions,2026-02-27,3740
transactions,2026-02-28,3296
transactions,2026-03-01,2742
transactions,2026-03-02,4097
transactions,2026-03-03,4257
transactions,2026-03-04,5027
transactions,2026-03-05,4894
transactions,2026-03-06,4658
transactions,2026-03-07,3467
transactions,2026-03-08,2878
transactions,2026-03-09,3477
transactions,2026-03-10,4077
transactions,2026-03-11,4832
transactions,2026-03-12,4225
transactions,2026-03-13,4788
transactions,2026-03-14,2966
transactions,2026-03-15,2702
transactions,2026-03-16,3541
transactions,2026-03-17,4555
transactions,2026-03-18,5131
transactions,2026-03-19,4898
transactions,2026-03-20,4498
transactions,2026-03-21,3136
transactions,2026-03-22,2648
transactions,2026-03-23,3466
transactions,2026-03-24,4198
transactions,2026-03-25,4428
transactions,2026-03-26,5106
transactions,2026-03-27,5477
transactions,2026-03-28,3047
transactions,2026-03-29,2717
transactions,2026-03-30,3564
transactions,2026-03-31,4418
transactions,2026-04-01,4959
transactions,2026-04-02,4283
transactions,2026-04-03,4468
transactions,2026-04-04,3221
transactions,2026-04-05,2846
transactions,2026-04-06,4776
transactions,2026-04-07,4589
transactions,2026-04-08,4685
transactions,2026-04-09,4832
transactions,2026-04-10,5097
transactions,2026-04-11,3302
transactions,2026-04-12,2439
transactions,2026-04-13,4425
transactions,2026-04-14,5437
transactions,2026-04-15,4691
transactions,2026-04-16,3952
transactions,2026-04-17,4777
transactions,2026-04-18,3602
transactions,2026-04-19,3200
transactions,2026-04-20,4698
transactions,2026-04-21,4460
transactions,2026-04-22,4075
transactions,2026-04-23,4596
transactions,2026-04-24,5145
transactions,2026-04-25,3593
transactions,2026-04-26,2657
transactions,2026-04-27,3478
transactions,2026-04-28,4914
transactions,2026-04-29,4453
transactions,2026-04-30,4842
transactions,2026-05-01,4145
transactions,2026-05-02,2776
transactions,2026-05-03,2280
transactions,2026-05-04,4484
transactions,2026-05-05,5158
transactions,2026-05-06,4475
transactions,2026-05-07,4186
transactions,2026-05-08,4561
transactions,2026-05-09,3115
transactions,2026-05-10,2805
transactions,2026-05-11,4811
transactions,2026-05-12,4541
transactions,2026-05-13,4878
transactions,2026-05-14,4585
transactions,2026-05-15,4931
transactions,2026-05-16,3314
transactions,2026-05-17,2643
transactions,2026-05-18,3460
transactions,2026-05-19,4986
transactions,2026-05-20,5181
transactions,2026-05-21,4891
transactions,2026-05-22,5172
transactions,2026-05-23,3275
transactions,2026-05-24,3119
transactions,2026-05-25,4476
transactions,2026-05-26,4688
transactions,2026-05-27,5244
transactions,2026-05-28,4592
transactions,2026-05-29,4563
transactions,2026-05-30,3162
transactions,2026-05-31,3062
transactions,2026-06-01,3717
transactions,2026-06-02,4654
transactions,2026-06-03,5167
transactions,2026-06-04,4334
transactions,2026-06-05,4026
transactions,2026-06-06,2959
transactions,2026-06-07,2439
transactions,2026-06-08,4453
transactions,2026-06-09,4269
transactions,2026-06-10,4956
transactions,2026-06-11,4579
transactions,2026-06-12,3978
transactions,2026-06-13,3362
transactions,2026-06-14,3167
transactions,2026-06-15,4054
transactions,2026-06-16,4766
transactions,2026-06-17,5244
transactions,2026-06-18,1352
digital_events,2023-06-17,14057
digital_events,2023-06-18,9574
digital_events,2023-06-19,9541
digital_events,2023-06-20,12462
digital_events,2023-06-21,16389
digital_events,2023-06-22,17402
digital_events,2023-06-23,14662
digital_events,2023-06-24,10380
digital_events,2023-06-25,10024
digital_events,2023-06-26,11708
digital_events,2023-06-27,12213
digital_events,2023-06-28,16039
digital_events,2023-06-29,14272
digital_events,2023-06-30,19131
digital_events,2023-07-01,19091
digital_events,2023-07-02,9173
digital_events,2023-07-03,8489
digital_events,2023-07-04,11132
digital_events,2023-07-05,11993
digital_events,2023-07-06,16611
digital_events,2023-07-07,14756
digital_events,2023-07-08,8466
digital_events,2023-07-09,17452
digital_events,2023-07-10,22369
digital_events,2023-07-11,28786
digital_events,2023-07-12,19306
digital_events,2023-07-13,24592
digital_events,2023-07-14,26815
digital_events,2023-07-15,21049
digital_events,2023-07-16,20543
digital_events,2023-07-17,21156
digital_events,2023-07-18,27045
digital_events,2023-07-19,19773
digital_events,2023-07-20,12757
digital_events,2023-07-21,12397
digital_events,2023-07-22,8810
digital_events,2023-07-23,14912
digital_events,2023-07-24,23972
digital_events,2023-07-25,13595
digital_events,2023-07-26,16286
digital_events,2023-07-27,15050
digital_events,2023-07-28,14979
digital_events,2023-07-29,13654
digital_events,2023-07-30,8974
digital_events,2023-07-31,13520
digital_events,2023-08-01,26847
digital_events,2023-08-02,18825
digital_events,2023-08-03,13972
digital_events,2023-08-04,11754
digital_events,2023-08-05,7971
digital_events,2023-08-06,7418
digital_events,2023-08-07,11923
digital_events,2023-08-08,9945
digital_events,2023-08-09,10022
digital_events,2023-08-10,14086
digital_events,2023-08-11,25037
digital_events,2023-08-12,23371
digital_events,2023-08-13,10117
digital_events,2023-08-14,8339
digital_events,2023-08-15,18030
digital_events,2023-08-16,12231
digital_events,2023-08-17,19078
digital_events,2023-08-18,22782
digital_events,2023-08-19,14010
digital_events,2023-08-20,16938
digital_events,2023-08-21,12148
digital_events,2023-08-22,14309
digital_events,2023-08-23,9735
digital_events,2023-08-24,12874
digital_events,2023-08-25,14346
digital_events,2023-08-26,10420
digital_events,2023-08-27,7594
digital_events,2023-08-28,9761
digital_events,2023-08-29,12978
digital_events,2023-08-30,20553
digital_events,2023-08-31,14943
digital_events,2023-09-01,18467
digital_events,2023-09-02,15612
digital_events,2023-09-03,9143
digital_events,2023-09-04,13355
digital_events,2023-09-05,11473
digital_events,2023-09-06,20014
digital_events,2023-09-07,15618
digital_events,2023-09-08,20317
digital_events,2023-09-09,17338
digital_events,2023-09-10,9460
digital_events,2023-09-11,9017
digital_events,2023-09-12,15877
digital_events,2023-09-13,16989
digital_events,2023-09-14,15471
digital_events,2023-09-15,16644
digital_events,2023-09-16,15020
digital_events,2023-09-17,8533
digital_events,2023-09-18,10881
digital_events,2023-09-19,14388
digital_events,2023-09-20,14034
digital_events,2023-09-21,16554
digital_events,2023-09-22,23836
digital_events,2023-09-23,20180
digital_events,2023-09-24,16503
digital_events,2023-09-25,10746
digital_events,2023-09-26,15786
digital_events,2023-09-27,17956
digital_events,2023-09-28,14820
digital_events,2023-09-29,10360
digital_events,2023-09-30,9046
digital_events,2023-10-01,8839
digital_events,2023-10-02,22148
digital_events,2023-10-03,17537
digital_events,2023-10-04,13624
digital_events,2023-10-05,23675
digital_events,2023-10-06,20742
digital_events,2023-10-07,10105
digital_events,2023-10-08,11400
digital_events,2023-10-09,12595
digital_events,2023-10-10,13354
digital_events,2023-10-11,9863
digital_events,2023-10-12,16012
digital_events,2023-10-13,11751
digital_events,2023-10-14,9245
digital_events,2023-10-15,6723
digital_events,2023-10-16,11171
digital_events,2023-10-17,13002
digital_events,2023-10-18,20550
digital_events,2023-10-19,24922
digital_events,2023-10-20,16222
digital_events,2023-10-21,9142
digital_events,2023-10-22,15911
digital_events,2023-10-23,19162
digital_events,2023-10-24,12584
digital_events,2023-10-25,12615
digital_events,2023-10-26,25979
digital_events,2023-10-27,30765
digital_events,2023-10-28,19719
digital_events,2023-10-29,8774
digital_events,2023-10-30,9173
digital_events,2023-10-31,25104
digital_events,2023-11-01,24671
digital_events,2023-11-02,21780
digital_events,2023-11-03,14476
digital_events,2023-11-04,10090
digital_events,2023-11-05,7990
digital_events,2023-11-06,16374
digital_events,2023-11-07,13557
digital_events,2023-11-08,11454
digital_events,2023-11-09,9956
digital_events,2023-11-10,15245
digital_events,2023-11-11,9956
digital_events,2023-11-12,7623
digital_events,2023-11-13,12438
digital_events,2023-11-14,15902
digital_events,2023-11-15,12944
digital_events,2023-11-16,12388
digital_events,2023-11-17,12496
digital_events,2023-11-18,8335
digital_events,2023-11-19,7222
digital_events,2023-11-20,9469
digital_events,2023-11-21,20643
digital_events,2023-11-22,15367
digital_events,2023-11-23,18623
digital_events,2023-11-24,12253
digital_events,2023-11-25,11882
digital_events,2023-11-26,10777
digital_events,2023-11-27,19784
digital_events,2023-11-28,15586
digital_events,2023-11-29,17467
digital_events,2023-11-30,24395
digital_events,2023-12-01,12909
digital_events,2023-12-02,13012
digital_events,2023-12-03,12214
digital_events,2023-12-04,16450
digital_events,2023-12-05,13412
digital_events,2023-12-06,12223
digital_events,2023-12-07,14354
digital_events,2023-12-08,21635
digital_events,2023-12-09,13771
digital_events,2023-12-10,9582
digital_events,2023-12-11,9247
digital_events,2023-12-12,11317
digital_events,2023-12-13,11928
digital_events,2023-12-14,11020
digital_events,2023-12-15,20769
digital_events,2023-12-16,15502
digital_events,2023-12-17,8079
digital_events,2023-12-18,11910
digital_events,2023-12-19,10224
digital_events,2023-12-20,16621
digital_events,2023-12-21,15942
digital_events,2023-12-22,23078
digital_events,2023-12-23,11007
digital_events,2023-12-24,7095
digital_events,2023-12-25,15081
digital_events,2023-12-26,14025
digital_events,2023-12-27,18690
digital_events,2023-12-28,26909
digital_events,2023-12-29,14287
digital_events,2023-12-30,9724
digital_events,2023-12-31,7996
digital_events,2024-01-01,15450
digital_events,2024-01-02,21962
digital_events,2024-01-03,19365
digital_events,2024-01-04,15500
digital_events,2024-01-05,12450
digital_events,2024-01-06,10621
digital_events,2024-01-07,9877
digital_events,2024-01-08,15162
digital_events,2024-01-09,13492
digital_events,2024-01-10,23096
digital_events,2024-01-11,17930
digital_events,2024-01-12,14212
digital_events,2024-01-13,10523
digital_events,2024-01-14,16140
digital_events,2024-01-15,10631
digital_events,2024-01-16,25076
digital_events,2024-01-17,15448
digital_events,2024-01-18,20620
digital_events,2024-01-19,18698
digital_events,2024-01-20,15847
digital_events,2024-01-21,8397
digital_events,2024-01-22,13803
digital_events,2024-01-23,13992
digital_events,2024-01-24,20122
digital_events,2024-01-25,17995
digital_events,2024-01-26,21456
digital_events,2024-01-27,19653
digital_events,2024-01-28,9752
digital_events,2024-01-29,20922
digital_events,2024-01-30,18004
digital_events,2024-01-31,10365
digital_events,2024-02-01,9001
digital_events,2024-02-02,9789
digital_events,2024-02-03,7418
digital_events,2024-02-04,9848
digital_events,2024-02-05,11145
digital_events,2024-02-06,25426
digital_events,2024-02-07,18035
digital_events,2024-02-08,12311
digital_events,2024-02-09,9971
digital_events,2024-02-10,8219
digital_events,2024-02-11,15597
digital_events,2024-02-12,19332
digital_events,2024-02-13,12724
digital_events,2024-02-14,10456
digital_events,2024-02-15,12966
digital_events,2024-02-16,20009
digital_events,2024-02-17,16468
digital_events,2024-02-18,9622
digital_events,2024-02-19,8910
digital_events,2024-02-20,14049
digital_events,2024-02-21,12609
digital_events,2024-02-22,15213
digital_events,2024-02-23,10861
digital_events,2024-02-24,7306
digital_events,2024-02-25,8583
digital_events,2024-02-26,8961
digital_events,2024-02-27,16082
digital_events,2024-02-28,16640
digital_events,2024-02-29,13656
digital_events,2024-03-01,17631
digital_events,2024-03-02,14887
digital_events,2024-03-03,12041
digital_events,2024-03-04,12504
digital_events,2024-03-05,8811
digital_events,2024-03-06,14431
digital_events,2024-03-07,17019
digital_events,2024-03-08,15917
digital_events,2024-03-09,11681
digital_events,2024-03-10,7203
digital_events,2024-03-11,10063
digital_events,2024-03-12,15629
digital_events,2024-03-13,13817
digital_events,2024-03-14,17315
digital_events,2024-03-15,12373
digital_events,2024-03-16,16704
digital_events,2024-03-17,9940
digital_events,2024-03-18,14647
digital_events,2024-03-19,16402
digital_events,2024-03-20,12979
digital_events,2024-03-21,10388
digital_events,2024-03-22,18855
digital_events,2024-03-23,13981
digital_events,2024-03-24,7845
digital_events,2024-03-25,12804
digital_events,2024-03-26,12946
digital_events,2024-03-27,11555
digital_events,2024-03-28,18828
digital_events,2024-03-29,11338
digital_events,2024-03-30,13909
digital_events,2024-03-31,17706
digital_events,2024-04-01,18642
digital_events,2024-04-02,18576
digital_events,2024-04-03,11990
digital_events,2024-04-04,10516
digital_events,2024-04-05,10791
digital_events,2024-04-06,7841
digital_events,2024-04-07,12934
digital_events,2024-04-08,10164
digital_events,2024-04-09,8982
digital_events,2024-04-10,10933
digital_events,2024-04-11,10874
digital_events,2024-04-12,10675
digital_events,2024-04-13,12429
digital_events,2024-04-14,18440
digital_events,2024-04-15,12878
digital_events,2024-04-16,17328
digital_events,2024-04-17,27330
digital_events,2024-04-18,18339
digital_events,2024-04-19,12718
digital_events,2024-04-20,10104
digital_events,2024-04-21,7979
digital_events,2024-04-22,7993
digital_events,2024-04-23,11495
digital_events,2024-04-24,11181
digital_events,2024-04-25,24560
digital_events,2024-04-26,15828
digital_events,2024-04-27,10342
digital_events,2024-04-28,10561
digital_events,2024-04-29,8954
digital_events,2024-04-30,11188
digital_events,2024-05-01,13121
digital_events,2024-05-02,12855
digital_events,2024-05-03,13553
digital_events,2024-05-04,11069
digital_events,2024-05-05,12068
digital_events,2024-05-06,19695
digital_events,2024-05-07,23585
digital_events,2024-05-08,13165
digital_events,2024-05-09,18608
digital_events,2024-05-10,13509
digital_events,2024-05-11,9182
digital_events,2024-05-12,10786
digital_events,2024-05-13,10387
digital_events,2024-05-14,14267
digital_events,2024-05-15,10750
digital_events,2024-05-16,20889
digital_events,2024-05-17,13861
digital_events,2024-05-18,13822
digital_events,2024-05-19,12094
digital_events,2024-05-20,14235
digital_events,2024-05-21,17851
digital_events,2024-05-22,15521
digital_events,2024-05-23,22215
digital_events,2024-05-24,17494
digital_events,2024-05-25,13114
digital_events,2024-05-26,12635
digital_events,2024-05-27,20249
digital_events,2024-05-28,19318
digital_events,2024-05-29,12523
digital_events,2024-05-30,14524
digital_events,2024-05-31,16273
digital_events,2024-06-01,14271
digital_events,2024-06-02,15077
digital_events,2024-06-03,13744
digital_events,2024-06-04,19660
digital_events,2024-06-05,18072
digital_events,2024-06-06,11129
digital_events,2024-06-07,23593
digital_events,2024-06-08,12182
digital_events,2024-06-09,6693
digital_events,2024-06-10,19007
digital_events,2024-06-11,22219
digital_events,2024-06-12,11471
digital_events,2024-06-13,9260
digital_events,2024-06-14,14580
digital_events,2024-06-15,13457
digital_events,2024-06-16,9244
digital_events,2024-06-17,10407
digital_events,2024-06-18,24515
digital_events,2024-06-19,15761
digital_events,2024-06-20,11076
digital_events,2024-06-21,9596
digital_events,2024-06-22,7977
digital_events,2024-06-23,11136
digital_events,2024-06-24,17423
digital_events,2024-06-25,20449
digital_events,2024-06-26,15039
digital_events,2024-06-27,10194
digital_events,2024-06-28,10440
digital_events,2024-06-29,13910
digital_events,2024-06-30,10049
digital_events,2024-07-01,8205
digital_events,2024-07-02,11098
digital_events,2024-07-03,19204
digital_events,2024-07-04,11594
digital_events,2024-07-05,16657
digital_events,2024-07-06,12551
digital_events,2024-07-07,8057
digital_events,2024-07-08,18974
digital_events,2024-07-09,16977
digital_events,2024-07-10,14690
digital_events,2024-07-11,20901
digital_events,2024-07-12,12962
digital_events,2024-07-13,14483
digital_events,2024-07-14,11829
digital_events,2024-07-15,13550
digital_events,2024-07-16,10586
digital_events,2024-07-17,11066
digital_events,2024-07-18,17670
digital_events,2024-07-19,28041
digital_events,2024-07-20,16118
digital_events,2024-07-21,13743
digital_events,2024-07-22,18602
digital_events,2024-07-23,18050
digital_events,2024-07-24,10395
digital_events,2024-07-25,15889
digital_events,2024-07-26,13085
digital_events,2024-07-27,8959
digital_events,2024-07-28,6960
digital_events,2024-07-29,11756
digital_events,2024-07-30,17626
digital_events,2024-07-31,13811
digital_events,2024-08-01,9571
digital_events,2024-08-02,9008
digital_events,2024-08-03,13131
digital_events,2024-08-04,16824
digital_events,2024-08-05,18161
digital_events,2024-08-06,21583
digital_events,2024-08-07,20827
digital_events,2024-08-08,16150
digital_events,2024-08-09,13754
digital_events,2024-08-10,8291
digital_events,2024-08-11,6043
digital_events,2024-08-12,7531
digital_events,2024-08-13,11619
digital_events,2024-08-14,13238
digital_events,2024-08-15,24887
digital_events,2024-08-16,14064
digital_events,2024-08-17,7601
digital_events,2024-08-18,7928
digital_events,2024-08-19,14128
digital_events,2024-08-20,10382
digital_events,2024-08-21,10082
digital_events,2024-08-22,14011
digital_events,2024-08-23,25340
digital_events,2024-08-24,13261
digital_events,2024-08-25,6031
digital_events,2024-08-26,7599
digital_events,2024-08-27,15436
digital_events,2024-08-28,20999
digital_events,2024-08-29,13945
digital_events,2024-08-30,19829
digital_events,2024-08-31,10075
digital_events,2024-09-01,5966
digital_events,2024-09-02,9226
digital_events,2024-09-03,8720
digital_events,2024-09-04,12205
digital_events,2024-09-05,13498
digital_events,2024-09-06,24600
digital_events,2024-09-07,19919
digital_events,2024-09-08,15313
digital_events,2024-09-09,17862
digital_events,2024-09-10,17411
digital_events,2024-09-11,21310
digital_events,2024-09-12,17221
digital_events,2024-09-13,12208
digital_events,2024-09-14,7287
digital_events,2024-09-15,7832
digital_events,2024-09-16,9264
digital_events,2024-09-17,15793
digital_events,2024-09-18,21790
digital_events,2024-09-19,14239
digital_events,2024-09-20,14347
digital_events,2024-09-21,10185
digital_events,2024-09-22,9367
digital_events,2024-09-23,16776
digital_events,2024-09-24,11726
digital_events,2024-09-25,10762
digital_events,2024-09-26,21414
digital_events,2024-09-27,20585
digital_events,2024-09-28,12400
digital_events,2024-09-29,6983
digital_events,2024-09-30,19668
digital_events,2024-10-01,14132
digital_events,2024-10-02,11184
digital_events,2024-10-03,11863
digital_events,2024-10-04,12099
digital_events,2024-10-05,7353
digital_events,2024-10-06,6711
digital_events,2024-10-07,12308
digital_events,2024-10-08,9586
digital_events,2024-10-09,18799
digital_events,2024-10-10,27957
digital_events,2024-10-11,18723
digital_events,2024-10-12,9930
digital_events,2024-10-13,14126
digital_events,2024-10-14,11635
digital_events,2024-10-15,15162
digital_events,2024-10-16,14383
digital_events,2024-10-17,20585
digital_events,2024-10-18,16193
digital_events,2024-10-19,10376
digital_events,2024-10-20,6863
digital_events,2024-10-21,9146
digital_events,2024-10-22,9843
digital_events,2024-10-23,18221
digital_events,2024-10-24,15619
digital_events,2024-10-25,11505
digital_events,2024-10-26,11486
digital_events,2024-10-27,11360
digital_events,2024-10-28,9786
digital_events,2024-10-29,16246
digital_events,2024-10-30,11060
digital_events,2024-10-31,14094
digital_events,2024-11-01,19549
digital_events,2024-11-02,12884
digital_events,2024-11-03,8354
digital_events,2024-11-04,8877
digital_events,2024-11-05,10029
digital_events,2024-11-06,11245
digital_events,2024-11-07,15011
digital_events,2024-11-08,12442
digital_events,2024-11-09,7882
digital_events,2024-11-10,7594
digital_events,2024-11-11,14042
digital_events,2024-11-12,14616
digital_events,2024-11-13,13211
digital_events,2024-11-14,19698
digital_events,2024-11-15,13438
digital_events,2024-11-16,14429
digital_events,2024-11-17,13570
digital_events,2024-11-18,13602
digital_events,2024-11-19,12109
digital_events,2024-11-20,22514
digital_events,2024-11-21,14802
digital_events,2024-11-22,11225
digital_events,2024-11-23,14412
digital_events,2024-11-24,8580
digital_events,2024-11-25,18129
digital_events,2024-11-26,13473
digital_events,2024-11-27,9792
digital_events,2024-11-28,11028
digital_events,2024-11-29,13210
digital_events,2024-11-30,8322
digital_events,2024-12-01,15262
digital_events,2024-12-02,14070
digital_events,2024-12-03,16721
digital_events,2024-12-04,19228
digital_events,2024-12-05,18085
digital_events,2024-12-06,13894
digital_events,2024-12-07,9171
digital_events,2024-12-08,8432
digital_events,2024-12-09,10503
digital_events,2024-12-10,18741
digital_events,2024-12-11,12642
digital_events,2024-12-12,15658
digital_events,2024-12-13,14722
digital_events,2024-12-14,8823
digital_events,2024-12-15,7215
digital_events,2024-12-16,9709
digital_events,2024-12-17,13221
digital_events,2024-12-18,13711
digital_events,2024-12-19,10489
digital_events,2024-12-20,12870
digital_events,2024-12-21,14346
digital_events,2024-12-22,15512
digital_events,2024-12-23,15288
digital_events,2024-12-24,15196
digital_events,2024-12-25,10783
digital_events,2024-12-26,11974
digital_events,2024-12-27,17755
digital_events,2024-12-28,10743
digital_events,2024-12-29,7682
digital_events,2024-12-30,8815
digital_events,2024-12-31,10451
digital_events,2025-01-01,12162
digital_events,2025-01-02,11387
digital_events,2025-01-03,15195
digital_events,2025-01-04,10977
digital_events,2025-01-05,10680
digital_events,2025-01-06,20429
digital_events,2025-01-07,11589
digital_events,2025-01-08,17785
digital_events,2025-01-09,20878
digital_events,2025-01-10,21428
digital_events,2025-01-11,17176
digital_events,2025-01-12,8492
digital_events,2025-01-13,17766
digital_events,2025-01-14,13850
digital_events,2025-01-15,16789
digital_events,2025-01-16,10813
digital_events,2025-01-17,12382
digital_events,2025-01-18,7576
digital_events,2025-01-19,8327
digital_events,2025-01-20,11210
digital_events,2025-01-21,11266
digital_events,2025-01-22,8444
digital_events,2025-01-23,18933
digital_events,2025-01-24,23056
digital_events,2025-01-25,15479
digital_events,2025-01-26,15254
digital_events,2025-01-27,16289
digital_events,2025-01-28,12534
digital_events,2025-01-29,12888
digital_events,2025-01-30,16404
digital_events,2025-01-31,16118
digital_events,2025-02-01,11169
digital_events,2025-02-02,10107
digital_events,2025-02-03,17401
digital_events,2025-02-04,18673
digital_events,2025-02-05,21067
digital_events,2025-02-06,21899
digital_events,2025-02-07,17978
digital_events,2025-02-08,10753
digital_events,2025-02-09,8264
digital_events,2025-02-10,9918
digital_events,2025-02-11,13062
digital_events,2025-02-12,12422
digital_events,2025-02-13,14354
digital_events,2025-02-14,11544
digital_events,2025-02-15,10843
digital_events,2025-02-16,8552
digital_events,2025-02-17,21320
digital_events,2025-02-18,14317
digital_events,2025-02-19,10618
digital_events,2025-02-20,16541
digital_events,2025-02-21,14213
digital_events,2025-02-22,8634
digital_events,2025-02-23,6359
digital_events,2025-02-24,22919
digital_events,2025-02-25,17035
digital_events,2025-02-26,9570
digital_events,2025-02-27,9664
digital_events,2025-02-28,23064
digital_events,2025-03-01,18826
digital_events,2025-03-02,15188
digital_events,2025-03-03,11911
digital_events,2025-03-04,14819
digital_events,2025-03-05,14713
digital_events,2025-03-06,17329
digital_events,2025-03-07,20926
digital_events,2025-03-08,12352
digital_events,2025-03-09,11381
digital_events,2025-03-10,19196
digital_events,2025-03-11,13021
digital_events,2025-03-12,13576
digital_events,2025-03-13,12171
digital_events,2025-03-14,19138
digital_events,2025-03-15,10870
digital_events,2025-03-16,6667
digital_events,2025-03-17,11859
digital_events,2025-03-18,11331
digital_events,2025-03-19,16311
digital_events,2025-03-20,15357
digital_events,2025-03-21,11816
digital_events,2025-03-22,7284
digital_events,2025-03-23,10684
digital_events,2025-03-24,19577
digital_events,2025-03-25,16354
digital_events,2025-03-26,13417
digital_events,2025-03-27,13748
digital_events,2025-03-28,9617
digital_events,2025-03-29,13149
digital_events,2025-03-30,14900
digital_events,2025-03-31,13102
digital_events,2025-04-01,11521
digital_events,2025-04-02,24186
digital_events,2025-04-03,15043
digital_events,2025-04-04,9240
digital_events,2025-04-05,7258
digital_events,2025-04-06,10335
digital_events,2025-04-07,9741
digital_events,2025-04-08,8741
digital_events,2025-04-09,17840
digital_events,2025-04-10,20808
digital_events,2025-04-11,13738
digital_events,2025-04-12,17058
digital_events,2025-04-13,10960
digital_events,2025-04-14,8690
digital_events,2025-04-15,9314
digital_events,2025-04-16,17395
digital_events,2025-04-17,25540
digital_events,2025-04-18,20779
digital_events,2025-04-19,15819
digital_events,2025-04-20,8127
digital_events,2025-04-21,8596
digital_events,2025-04-22,9083
digital_events,2025-04-23,14604
digital_events,2025-04-24,13371
digital_events,2025-04-25,10526
digital_events,2025-04-26,7225
digital_events,2025-04-27,6493
digital_events,2025-04-28,9958
digital_events,2025-04-29,14631
digital_events,2025-04-30,11085
digital_events,2025-05-01,23943
digital_events,2025-05-02,16726
digital_events,2025-05-03,12775
digital_events,2025-05-04,13420
digital_events,2025-05-05,12687
digital_events,2025-05-06,18730
digital_events,2025-05-07,13876
digital_events,2025-05-08,11364
digital_events,2025-05-09,10430
digital_events,2025-05-10,10336
digital_events,2025-05-11,12420
digital_events,2025-05-12,18151
digital_events,2025-05-13,15017
digital_events,2025-05-14,19457
digital_events,2025-05-15,16060
digital_events,2025-05-16,13961
digital_events,2025-05-17,10366
digital_events,2025-05-18,10730
digital_events,2025-05-19,24402
digital_events,2025-05-20,24210
digital_events,2025-05-21,26564
digital_events,2025-05-22,25664
digital_events,2025-05-23,15158
digital_events,2025-05-24,8478
digital_events,2025-05-25,8505
digital_events,2025-05-26,15580
digital_events,2025-05-27,19198
digital_events,2025-05-28,17302
digital_events,2025-05-29,15335
digital_events,2025-05-30,10473
digital_events,2025-05-31,6926
digital_events,2025-06-01,8514
digital_events,2025-06-02,10761
digital_events,2025-06-03,12052
digital_events,2025-06-04,20716
digital_events,2025-06-05,14363
digital_events,2025-06-06,12604
digital_events,2025-06-07,9014
digital_events,2025-06-08,10425
digital_events,2025-06-09,25133
digital_events,2025-06-10,15925
digital_events,2025-06-11,12316
digital_events,2025-06-12,10934
digital_events,2025-06-13,11755
digital_events,2025-06-14,13150
digital_events,2025-06-15,12158
digital_events,2025-06-16,11103
digital_events,2025-06-17,17899
digital_events,2025-06-18,18588
digital_events,2025-06-19,22578
digital_events,2025-06-20,26809
digital_events,2025-06-21,15299
digital_events,2025-06-22,10674
digital_events,2025-06-23,12353
digital_events,2025-06-24,11867
digital_events,2025-06-25,14655
digital_events,2025-06-26,13819
digital_events,2025-06-27,10415
digital_events,2025-06-28,12251
digital_events,2025-06-29,7674
digital_events,2025-06-30,9978
digital_events,2025-07-01,16300
digital_events,2025-07-02,21131
digital_events,2025-07-03,22662
digital_events,2025-07-04,15189
digital_events,2025-07-05,18762
digital_events,2025-07-06,10617
digital_events,2025-07-07,14461
digital_events,2025-07-08,14581
digital_events,2025-07-09,18345
digital_events,2025-07-10,17996
digital_events,2025-07-11,15171
digital_events,2025-07-12,9909
digital_events,2025-07-13,7406
digital_events,2025-07-14,11581
digital_events,2025-07-15,25667
digital_events,2025-07-16,18085
digital_events,2025-07-17,15193
digital_events,2025-07-18,10712
digital_events,2025-07-19,13774
digital_events,2025-07-20,15482
digital_events,2025-07-21,11028
digital_events,2025-07-22,10731
digital_events,2025-07-23,11311
digital_events,2025-07-24,20328
digital_events,2025-07-25,22060
digital_events,2025-07-26,11942
digital_events,2025-07-27,10784
digital_events,2025-07-28,12069
digital_events,2025-07-29,24812
digital_events,2025-07-30,13900
digital_events,2025-07-31,24450
digital_events,2025-08-01,25508
digital_events,2025-08-02,11257
digital_events,2025-08-03,8121
digital_events,2025-08-04,20826
digital_events,2025-08-05,12867
digital_events,2025-08-06,10674
digital_events,2025-08-07,11282
digital_events,2025-08-08,20652
digital_events,2025-08-09,12641
digital_events,2025-08-10,7290
digital_events,2025-08-11,9705
digital_events,2025-08-12,12299
digital_events,2025-08-13,12256
digital_events,2025-08-14,24142
digital_events,2025-08-15,13491
digital_events,2025-08-16,11003
digital_events,2025-08-17,8241
digital_events,2025-08-18,17568
digital_events,2025-08-19,16389
digital_events,2025-08-20,24042
digital_events,2025-08-21,28100
digital_events,2025-08-22,21796
digital_events,2025-08-23,12735
digital_events,2025-08-24,11646
digital_events,2025-08-25,15237
digital_events,2025-08-26,17398
digital_events,2025-08-27,12727
digital_events,2025-08-28,10343
digital_events,2025-08-29,11333
digital_events,2025-08-30,10787
digital_events,2025-08-31,8698
digital_events,2025-09-01,10648
digital_events,2025-09-02,10043
digital_events,2025-09-03,17454
digital_events,2025-09-04,23015
digital_events,2025-09-05,22850
digital_events,2025-09-06,15290
digital_events,2025-09-07,9734
digital_events,2025-09-08,24783
digital_events,2025-09-09,19046
digital_events,2025-09-10,20592
digital_events,2025-09-11,18779
digital_events,2025-09-12,14424
digital_events,2025-09-13,15126
digital_events,2025-09-14,13324
digital_events,2025-09-15,23427
digital_events,2025-09-16,22521
digital_events,2025-09-17,14940
digital_events,2025-09-18,12945
digital_events,2025-09-19,15206
digital_events,2025-09-20,10353
digital_events,2025-09-21,8959
digital_events,2025-09-22,8597
digital_events,2025-09-23,11172
digital_events,2025-09-24,10435
digital_events,2025-09-25,10995
digital_events,2025-09-26,11551
digital_events,2025-09-27,12047
digital_events,2025-09-28,7661
digital_events,2025-09-29,15692
digital_events,2025-09-30,14404
digital_events,2025-10-01,12343
digital_events,2025-10-02,18970
digital_events,2025-10-03,13928
digital_events,2025-10-04,7908
digital_events,2025-10-05,11643
digital_events,2025-10-06,10391
digital_events,2025-10-07,15626
digital_events,2025-10-08,12619
digital_events,2025-10-09,10250
digital_events,2025-10-10,11032
digital_events,2025-10-11,9319
digital_events,2025-10-12,7778
digital_events,2025-10-13,7876
digital_events,2025-10-14,13294
digital_events,2025-10-15,10112
digital_events,2025-10-16,15669
digital_events,2025-10-17,11820
digital_events,2025-10-18,9849
digital_events,2025-10-19,9663
digital_events,2025-10-20,10670
digital_events,2025-10-21,12926
digital_events,2025-10-22,13184
digital_events,2025-10-23,21850
digital_events,2025-10-24,16799
digital_events,2025-10-25,8227
digital_events,2025-10-26,6905
digital_events,2025-10-27,23049
digital_events,2025-10-28,19640
digital_events,2025-10-29,12473
digital_events,2025-10-30,19808
digital_events,2025-10-31,12492
digital_events,2025-11-01,12041
digital_events,2025-11-02,9809
digital_events,2025-11-03,10288
digital_events,2025-11-04,13420
digital_events,2025-11-05,11860
digital_events,2025-11-06,17328
digital_events,2025-11-07,14175
digital_events,2025-11-08,8445
digital_events,2025-11-09,13993
digital_events,2025-11-10,16909
digital_events,2025-11-11,13241
digital_events,2025-11-12,15233
digital_events,2025-11-13,26126
digital_events,2025-11-14,15181
digital_events,2025-11-15,7161
digital_events,2025-11-16,10231
digital_events,2025-11-17,10834
digital_events,2025-11-18,18791
digital_events,2025-11-19,16204
digital_events,2025-11-20,26666
digital_events,2025-11-21,30505
digital_events,2025-11-22,14699
digital_events,2025-11-23,10832
digital_events,2025-11-24,10110
digital_events,2025-11-25,11272
digital_events,2025-11-26,15579
digital_events,2025-11-27,12069
digital_events,2025-11-28,10290
digital_events,2025-11-29,8317
digital_events,2025-11-30,8040
digital_events,2025-12-01,8336
digital_events,2025-12-02,14370
digital_events,2025-12-03,11253
digital_events,2025-12-04,10691
digital_events,2025-12-05,19770
digital_events,2025-12-06,12678
digital_events,2025-12-07,8051
digital_events,2025-12-08,24862
digital_events,2025-12-09,14210
digital_events,2025-12-10,14709
digital_events,2025-12-11,27544
digital_events,2025-12-12,18750
digital_events,2025-12-13,8088
digital_events,2025-12-14,7832
digital_events,2025-12-15,24369
digital_events,2025-12-16,15721
digital_events,2025-12-17,12900
digital_events,2025-12-18,19485
digital_events,2025-12-19,14640
digital_events,2025-12-20,8830
digital_events,2025-12-21,9453
digital_events,2025-12-22,12769
digital_events,2025-12-23,12875
digital_events,2025-12-24,11840
digital_events,2025-12-25,19775
digital_events,2025-12-26,15249
digital_events,2025-12-27,8461
digital_events,2025-12-28,5918
digital_events,2025-12-29,10740
digital_events,2025-12-30,10351
digital_events,2025-12-31,9969
digital_events,2026-01-01,24013
digital_events,2026-01-02,19874
digital_events,2026-01-03,11327
digital_events,2026-01-04,11317
digital_events,2026-01-05,15944
digital_events,2026-01-06,18863
digital_events,2026-01-07,12221
digital_events,2026-01-08,13910
digital_events,2026-01-09,14192
digital_events,2026-01-10,16021
digital_events,2026-01-11,12415
digital_events,2026-01-12,24810
digital_events,2026-01-13,29024
digital_events,2026-01-14,15915
digital_events,2026-01-15,19881
digital_events,2026-01-16,14447
digital_events,2026-01-17,13201
digital_events,2026-01-18,7918
digital_events,2026-01-19,20586
digital_events,2026-01-20,25932
digital_events,2026-01-21,15647
digital_events,2026-01-22,9952
digital_events,2026-01-23,24626
digital_events,2026-01-24,13298
digital_events,2026-01-25,7060
digital_events,2026-01-26,16240
digital_events,2026-01-27,14971
digital_events,2026-01-28,17790
digital_events,2026-01-29,16695
digital_events,2026-01-30,25029
digital_events,2026-01-31,13095
digital_events,2026-02-01,11595
digital_events,2026-02-02,16039
digital_events,2026-02-03,20500
digital_events,2026-02-04,14985
digital_events,2026-02-05,13133
digital_events,2026-02-06,20625
digital_events,2026-02-07,11744
digital_events,2026-02-08,12881
digital_events,2026-02-09,12940
digital_events,2026-02-10,23823
digital_events,2026-02-11,27065
digital_events,2026-02-12,17056
digital_events,2026-02-13,13853
digital_events,2026-02-14,12743
digital_events,2026-02-15,11218
digital_events,2026-02-16,13862
digital_events,2026-02-17,11935
digital_events,2026-02-18,24645
digital_events,2026-02-19,20399
digital_events,2026-02-20,12912
digital_events,2026-02-21,8060
digital_events,2026-02-22,7909
digital_events,2026-02-23,8727
digital_events,2026-02-24,9614
digital_events,2026-02-25,12068
digital_events,2026-02-26,17006
digital_events,2026-02-27,16797
digital_events,2026-02-28,8265
digital_events,2026-03-01,9125
digital_events,2026-03-02,13123
digital_events,2026-03-03,14793
digital_events,2026-03-04,25641
digital_events,2026-03-05,23122
digital_events,2026-03-06,16857
digital_events,2026-03-07,8260
digital_events,2026-03-08,6501
digital_events,2026-03-09,19043
digital_events,2026-03-10,19635
digital_events,2026-03-11,22950
digital_events,2026-03-12,15435
digital_events,2026-03-13,13721
digital_events,2026-03-14,11320
digital_events,2026-03-15,19080
digital_events,2026-03-16,16242
digital_events,2026-03-17,14002
digital_events,2026-03-18,11820
digital_events,2026-03-19,9278
digital_events,2026-03-20,10246
digital_events,2026-03-21,13776
digital_events,2026-03-22,10596
digital_events,2026-03-23,12705
digital_events,2026-03-24,10082
digital_events,2026-03-25,10569
digital_events,2026-03-26,12106
digital_events,2026-03-27,13728
digital_events,2026-03-28,8629
digital_events,2026-03-29,8221
digital_events,2026-03-30,9354
digital_events,2026-03-31,19543
digital_events,2026-04-01,12893
digital_events,2026-04-02,15061
digital_events,2026-04-03,11337
digital_events,2026-04-04,7923
digital_events,2026-04-05,6464
digital_events,2026-04-06,15556
digital_events,2026-04-07,12489
digital_events,2026-04-08,19360
digital_events,2026-04-09,15231
digital_events,2026-04-10,20279
digital_events,2026-04-11,15764
digital_events,2026-04-12,10989
digital_events,2026-04-13,10437
digital_events,2026-04-14,24669
digital_events,2026-04-15,21192
digital_events,2026-04-16,16129
digital_events,2026-04-17,16453
digital_events,2026-04-18,14349
digital_events,2026-04-19,8752
digital_events,2026-04-20,13502
digital_events,2026-04-21,17090
digital_events,2026-04-22,15761
digital_events,2026-04-23,16874
digital_events,2026-04-24,15552
digital_events,2026-04-25,15978
digital_events,2026-04-26,11541
digital_events,2026-04-27,9449
digital_events,2026-04-28,11388
digital_events,2026-04-29,12423
digital_events,2026-04-30,12350
digital_events,2026-05-01,10835
digital_events,2026-05-02,17597
digital_events,2026-05-03,10908
digital_events,2026-05-04,10950
digital_events,2026-05-05,16014
digital_events,2026-05-06,27095
digital_events,2026-05-07,21223
digital_events,2026-05-08,15012
digital_events,2026-05-09,15125
digital_events,2026-05-10,9698
digital_events,2026-05-11,8613
digital_events,2026-05-12,11289
digital_events,2026-05-13,12876
digital_events,2026-05-14,12693
digital_events,2026-05-15,12465
digital_events,2026-05-16,15110
digital_events,2026-05-17,15320
digital_events,2026-05-18,22315
digital_events,2026-05-19,14981
digital_events,2026-05-20,10168
digital_events,2026-05-21,11452
digital_events,2026-05-22,13003
digital_events,2026-05-23,17643
digital_events,2026-05-24,9764
digital_events,2026-05-25,9910
digital_events,2026-05-26,13359
digital_events,2026-05-27,22555
digital_events,2026-05-28,14064
digital_events,2026-05-29,9108
digital_events,2026-05-30,7385
digital_events,2026-05-31,7733
digital_events,2026-06-01,9471
digital_events,2026-06-02,10371
digital_events,2026-06-03,17176
digital_events,2026-06-04,15356
digital_events,2026-06-05,12050
digital_events,2026-06-06,12649
digital_events,2026-06-07,11987
digital_events,2026-06-08,21048
digital_events,2026-06-09,13220
digital_events,2026-06-10,13897
digital_events,2026-06-11,25901
digital_events,2026-06-12,29616
digital_events,2026-06-13,11979
digital_events,2026-06-14,6389
digital_events,2026-06-15,17590
digital_events,2026-06-16,13607
digital_events,2026-06-17,9662
digital_events,2026-06-18,2060
call_center_interactions,2023-06-17,234
call_center_interactions,2023-06-18,391
call_center_interactions,2023-06-19,667
call_center_interactions,2023-06-20,775
call_center_interactions,2023-06-21,691
call_center_interactions,2023-06-22,646
call_center_interactions,2023-06-23,710
call_center_interactions,2023-06-24,570
call_center_interactions,2023-06-25,329
call_center_interactions,2023-06-26,619
call_center_interactions,2023-06-27,894
call_center_interactions,2023-06-28,852
call_center_interactions,2023-06-29,860
call_center_interactions,2023-06-30,774
call_center_interactions,2023-07-01,476
call_center_interactions,2023-07-02,371
call_center_interactions,2023-07-03,669
call_center_interactions,2023-07-04,816
call_center_interactions,2023-07-05,797
call_center_interactions,2023-07-06,823
call_center_interactions,2023-07-07,779
call_center_interactions,2023-07-08,520
call_center_interactions,2023-07-09,347
call_center_interactions,2023-07-10,597
call_center_interactions,2023-07-11,790
call_center_interactions,2023-07-12,727
call_center_interactions,2023-07-13,752
call_center_interactions,2023-07-14,818
call_center_interactions,2023-07-15,550
call_center_interactions,2023-07-16,381
call_center_interactions,2023-07-17,589
call_center_interactions,2023-07-18,816
call_center_interactions,2023-07-19,718
call_center_interactions,2023-07-20,711
call_center_interactions,2023-07-21,774
call_center_interactions,2023-07-22,509
call_center_interactions,2023-07-23,329
call_center_interactions,2023-07-24,505
call_center_interactions,2023-07-25,664
call_center_interactions,2023-07-26,812
call_center_interactions,2023-07-27,667
call_center_interactions,2023-07-28,656
call_center_interactions,2023-07-29,455
call_center_interactions,2023-07-30,350
call_center_interactions,2023-07-31,493
call_center_interactions,2023-08-01,767
call_center_interactions,2023-08-02,684
call_center_interactions,2023-08-03,788
call_center_interactions,2023-08-04,616
call_center_interactions,2023-08-05,514
call_center_interactions,2023-08-06,414
call_center_interactions,2023-08-07,588
call_center_interactions,2023-08-08,730
call_center_interactions,2023-08-09,676
call_center_interactions,2023-08-10,657
call_center_interactions,2023-08-11,745
call_center_interactions,2023-08-12,505
call_center_interactions,2023-08-13,325
call_center_interactions,2023-08-14,560
call_center_interactions,2023-08-15,740
call_center_interactions,2023-08-16,685
call_center_interactions,2023-08-17,757
call_center_interactions,2023-08-18,856
call_center_interactions,2023-08-19,479
call_center_interactions,2023-08-20,301
call_center_interactions,2023-08-21,607
call_center_interactions,2023-08-22,730
call_center_interactions,2023-08-23,751
call_center_interactions,2023-08-24,832
call_center_interactions,2023-08-25,702
call_center_interactions,2023-08-26,431
call_center_interactions,2023-08-27,358
call_center_interactions,2023-08-28,639
call_center_interactions,2023-08-29,775
call_center_interactions,2023-08-30,822
call_center_interactions,2023-08-31,695
call_center_interactions,2023-09-01,673
call_center_interactions,2023-09-02,440
call_center_interactions,2023-09-03,349
call_center_interactions,2023-09-04,528
call_center_interactions,2023-09-05,748
call_center_interactions,2023-09-06,838
call_center_interactions,2023-09-07,773
call_center_interactions,2023-09-08,750
call_center_interactions,2023-09-09,515
call_center_interactions,2023-09-10,341
call_center_interactions,2023-09-11,525
call_center_interactions,2023-09-12,683
call_center_interactions,2023-09-13,727
call_center_interactions,2023-09-14,640
call_center_interactions,2023-09-15,778
call_center_interactions,2023-09-16,528
call_center_interactions,2023-09-17,343
call_center_interactions,2023-09-18,545
call_center_interactions,2023-09-19,659
call_center_interactions,2023-09-20,735
call_center_interactions,2023-09-21,608
call_center_interactions,2023-09-22,775
call_center_interactions,2023-09-23,566
call_center_interactions,2023-09-24,360
call_center_interactions,2023-09-25,535
call_center_interactions,2023-09-26,653
call_center_interactions,2023-09-27,730
call_center_interactions,2023-09-28,760
call_center_interactions,2023-09-29,746
call_center_interactions,2023-09-30,498
call_center_interactions,2023-10-01,421
call_center_interactions,2023-10-02,702
call_center_interactions,2023-10-03,761
call_center_interactions,2023-10-04,672
call_center_interactions,2023-10-05,730
call_center_interactions,2023-10-06,677
call_center_interactions,2023-10-07,448
call_center_interactions,2023-10-08,385
call_center_interactions,2023-10-09,529
call_center_interactions,2023-10-10,584
call_center_interactions,2023-10-11,765
call_center_interactions,2023-10-12,733
call_center_interactions,2023-10-13,670
call_center_interactions,2023-10-14,464
call_center_interactions,2023-10-15,413
call_center_interactions,2023-10-16,606
call_center_interactions,2023-10-17,726
call_center_interactions,2023-10-18,741
call_center_interactions,2023-10-19,799
call_center_interactions,2023-10-20,744
call_center_interactions,2023-10-21,505
call_center_interactions,2023-10-22,343
call_center_interactions,2023-10-23,598
call_center_interactions,2023-10-24,820
call_center_interactions,2023-10-25,811
call_center_interactions,2023-10-26,690
call_center_interactions,2023-10-27,657
call_center_interactions,2023-10-28,506
call_center_interactions,2023-10-29,337
call_center_interactions,2023-10-30,661
call_center_interactions,2023-10-31,670
call_center_interactions,2023-11-01,694
call_center_interactions,2023-11-02,725
call_center_interactions,2023-11-03,699
call_center_interactions,2023-11-04,467
call_center_interactions,2023-11-05,331
call_center_interactions,2023-11-06,663
call_center_interactions,2023-11-07,800
call_center_interactions,2023-11-08,735
call_center_interactions,2023-11-09,630
call_center_interactions,2023-11-10,583
call_center_interactions,2023-11-11,444
call_center_interactions,2023-11-12,366
call_center_interactions,2023-11-13,521
call_center_interactions,2023-11-14,815
call_center_interactions,2023-11-15,815
call_center_interactions,2023-11-16,828
call_center_interactions,2023-11-17,697
call_center_interactions,2023-11-18,407
call_center_interactions,2023-11-19,321
call_center_interactions,2023-11-20,563
call_center_interactions,2023-11-21,720
call_center_interactions,2023-11-22,697
call_center_interactions,2023-11-23,747
call_center_interactions,2023-11-24,756
call_center_interactions,2023-11-25,567
call_center_interactions,2023-11-26,355
call_center_interactions,2023-11-27,664
call_center_interactions,2023-11-28,809
call_center_interactions,2023-11-29,682
call_center_interactions,2023-11-30,633
call_center_interactions,2023-12-01,742
call_center_interactions,2023-12-02,563
call_center_interactions,2023-12-03,391
call_center_interactions,2023-12-04,604
call_center_interactions,2023-12-05,666
call_center_interactions,2023-12-06,708
call_center_interactions,2023-12-07,687
call_center_interactions,2023-12-08,761
call_center_interactions,2023-12-09,482
call_center_interactions,2023-12-10,386
call_center_interactions,2023-12-11,544
call_center_interactions,2023-12-12,768
call_center_interactions,2023-12-13,822
call_center_interactions,2023-12-14,808
call_center_interactions,2023-12-15,704
call_center_interactions,2023-12-16,428
call_center_interactions,2023-12-17,388
call_center_interactions,2023-12-18,693
call_center_interactions,2023-12-19,797
call_center_interactions,2023-12-20,771
call_center_interactions,2023-12-21,726
call_center_interactions,2023-12-22,778
call_center_interactions,2023-12-23,507
call_center_interactions,2023-12-24,374
call_center_interactions,2023-12-25,539
call_center_interactions,2023-12-26,613
call_center_interactions,2023-12-27,640
call_center_interactions,2023-12-28,711
call_center_interactions,2023-12-29,641
call_center_interactions,2023-12-30,500
call_center_interactions,2023-12-31,399
call_center_interactions,2024-01-01,708
call_center_interactions,2024-01-02,667
call_center_interactions,2024-01-03,718
call_center_interactions,2024-01-04,644
call_center_interactions,2024-01-05,699
call_center_interactions,2024-01-06,462
call_center_interactions,2024-01-07,309
call_center_interactions,2024-01-08,578
call_center_interactions,2024-01-09,668
call_center_interactions,2024-01-10,639
call_center_interactions,2024-01-11,754
call_center_interactions,2024-01-12,691
call_center_interactions,2024-01-13,502
call_center_interactions,2024-01-14,385
call_center_interactions,2024-01-15,609
call_center_interactions,2024-01-16,833
call_center_interactions,2024-01-17,829
call_center_interactions,2024-01-18,771
call_center_interactions,2024-01-19,676
call_center_interactions,2024-01-20,423
call_center_interactions,2024-01-21,358
call_center_interactions,2024-01-22,634
call_center_interactions,2024-01-23,697
call_center_interactions,2024-01-24,600
call_center_interactions,2024-01-25,674
call_center_interactions,2024-01-26,683
call_center_interactions,2024-01-27,461
call_center_interactions,2024-01-28,387
call_center_interactions,2024-01-29,585
call_center_interactions,2024-01-30,641
call_center_interactions,2024-01-31,662
call_center_interactions,2024-02-01,594
call_center_interactions,2024-02-02,654
call_center_interactions,2024-02-03,465
call_center_interactions,2024-02-04,407
call_center_interactions,2024-02-05,719
call_center_interactions,2024-02-06,769
call_center_interactions,2024-02-07,810
call_center_interactions,2024-02-08,689
call_center_interactions,2024-02-09,771
call_center_interactions,2024-02-10,554
call_center_interactions,2024-02-11,367
call_center_interactions,2024-02-12,549
call_center_interactions,2024-02-13,671
call_center_interactions,2024-02-14,750
call_center_interactions,2024-02-15,784
call_center_interactions,2024-02-16,767
call_center_interactions,2024-02-17,536
call_center_interactions,2024-02-18,425
call_center_interactions,2024-02-19,708
call_center_interactions,2024-02-20,780
call_center_interactions,2024-02-21,719
call_center_interactions,2024-02-22,676
call_center_interactions,2024-02-23,665
call_center_interactions,2024-02-24,476
call_center_interactions,2024-02-25,358
call_center_interactions,2024-02-26,698
call_center_interactions,2024-02-27,808
call_center_interactions,2024-02-28,714
call_center_interactions,2024-02-29,591
call_center_interactions,2024-03-01,689
call_center_interactions,2024-03-02,456
call_center_interactions,2024-03-03,389
call_center_interactions,2024-03-04,578
call_center_interactions,2024-03-05,703
call_center_interactions,2024-03-06,731
call_center_interactions,2024-03-07,631
call_center_interactions,2024-03-08,749
call_center_interactions,2024-03-09,484
call_center_interactions,2024-03-10,348
call_center_interactions,2024-03-11,599
call_center_interactions,2024-03-12,721
call_center_interactions,2024-03-13,749
call_center_interactions,2024-03-14,646
call_center_interactions,2024-03-15,684
call_center_interactions,2024-03-16,448
call_center_interactions,2024-03-17,330
call_center_interactions,2024-03-18,647
call_center_interactions,2024-03-19,631
call_center_interactions,2024-03-20,624
call_center_interactions,2024-03-21,626
call_center_interactions,2024-03-22,679
call_center_interactions,2024-03-23,508
call_center_interactions,2024-03-24,413
call_center_interactions,2024-03-25,728
call_center_interactions,2024-03-26,806
call_center_interactions,2024-03-27,806
call_center_interactions,2024-03-28,855
call_center_interactions,2024-03-29,742
call_center_interactions,2024-03-30,519
call_center_interactions,2024-03-31,433
call_center_interactions,2024-04-01,710
call_center_interactions,2024-04-02,737
call_center_interactions,2024-04-03,808
call_center_interactions,2024-04-04,670
call_center_interactions,2024-04-05,804
call_center_interactions,2024-04-06,569
call_center_interactions,2024-04-07,376
call_center_interactions,2024-04-08,570
call_center_interactions,2024-04-09,737
call_center_interactions,2024-04-10,744
call_center_interactions,2024-04-11,851
call_center_interactions,2024-04-12,805
call_center_interactions,2024-04-13,476
call_center_interactions,2024-04-14,363
call_center_interactions,2024-04-15,675
call_center_interactions,2024-04-16,773
call_center_interactions,2024-04-17,713
call_center_interactions,2024-04-18,827
call_center_interactions,2024-04-19,775
call_center_interactions,2024-04-20,480
call_center_interactions,2024-04-21,398
call_center_interactions,2024-04-22,621
call_center_interactions,2024-04-23,730
call_center_interactions,2024-04-24,639
call_center_interactions,2024-04-25,711
call_center_interactions,2024-04-26,766
call_center_interactions,2024-04-27,511
call_center_interactions,2024-04-28,385
call_center_interactions,2024-04-29,685
call_center_interactions,2024-04-30,821
call_center_interactions,2024-05-01,708
call_center_interactions,2024-05-02,688
call_center_interactions,2024-05-03,770
call_center_interactions,2024-05-04,483
call_center_interactions,2024-05-05,329
call_center_interactions,2024-05-06,594
call_center_interactions,2024-05-07,649
call_center_interactions,2024-05-08,835
call_center_interactions,2024-05-09,732
call_center_interactions,2024-05-10,815
call_center_interactions,2024-05-11,539
call_center_interactions,2024-05-12,379
call_center_interactions,2024-05-13,513
call_center_interactions,2024-05-14,645
call_center_interactions,2024-05-15,591
call_center_interactions,2024-05-16,652
call_center_interactions,2024-05-17,626
call_center_interactions,2024-05-18,465
call_center_interactions,2024-05-19,348
call_center_interactions,2024-05-20,586
call_center_interactions,2024-05-21,710
call_center_interactions,2024-05-22,673
call_center_interactions,2024-05-23,658
call_center_interactions,2024-05-24,733
call_center_interactions,2024-05-25,513
call_center_interactions,2024-05-26,312
call_center_interactions,2024-05-27,571
call_center_interactions,2024-05-28,714
call_center_interactions,2024-05-29,738
call_center_interactions,2024-05-30,799
call_center_interactions,2024-05-31,787
call_center_interactions,2024-06-01,569
call_center_interactions,2024-06-02,363
call_center_interactions,2024-06-03,555
call_center_interactions,2024-06-04,717
call_center_interactions,2024-06-05,755
call_center_interactions,2024-06-06,737
call_center_interactions,2024-06-07,769
call_center_interactions,2024-06-08,480
call_center_interactions,2024-06-09,344
call_center_interactions,2024-06-10,550
call_center_interactions,2024-06-11,750
call_center_interactions,2024-06-12,773
call_center_interactions,2024-06-13,680
call_center_interactions,2024-06-14,649
call_center_interactions,2024-06-15,489
call_center_interactions,2024-06-16,342
call_center_interactions,2024-06-17,702
call_center_interactions,2024-06-18,710
call_center_interactions,2024-06-19,784
call_center_interactions,2024-06-20,746
call_center_interactions,2024-06-21,643
call_center_interactions,2024-06-22,496
call_center_interactions,2024-06-23,415
call_center_interactions,2024-06-24,628
call_center_interactions,2024-06-25,669
call_center_interactions,2024-06-26,746
call_center_interactions,2024-06-27,686
call_center_interactions,2024-06-28,724
call_center_interactions,2024-06-29,476
call_center_interactions,2024-06-30,308
call_center_interactions,2024-07-01,638
call_center_interactions,2024-07-02,860
call_center_interactions,2024-07-03,641
call_center_interactions,2024-07-04,714
call_center_interactions,2024-07-05,738
call_center_interactions,2024-07-06,515
call_center_interactions,2024-07-07,380
call_center_interactions,2024-07-08,505
call_center_interactions,2024-07-09,713
call_center_interactions,2024-07-10,732
call_center_interactions,2024-07-11,725
call_center_interactions,2024-07-12,680
call_center_interactions,2024-07-13,474
call_center_interactions,2024-07-14,377
call_center_interactions,2024-07-15,517
call_center_interactions,2024-07-16,609
call_center_interactions,2024-07-17,698
call_center_interactions,2024-07-18,715
call_center_interactions,2024-07-19,784
call_center_interactions,2024-07-20,490
call_center_interactions,2024-07-21,361
call_center_interactions,2024-07-22,670
call_center_interactions,2024-07-23,838
call_center_interactions,2024-07-24,652
call_center_interactions,2024-07-25,577
call_center_interactions,2024-07-26,814
call_center_interactions,2024-07-27,510
call_center_interactions,2024-07-28,404
call_center_interactions,2024-07-29,721
call_center_interactions,2024-07-30,777
call_center_interactions,2024-07-31,747
call_center_interactions,2024-08-01,822
call_center_interactions,2024-08-02,806
call_center_interactions,2024-08-03,526
call_center_interactions,2024-08-04,410
call_center_interactions,2024-08-05,565
call_center_interactions,2024-08-06,804
call_center_interactions,2024-08-07,774
call_center_interactions,2024-08-08,755
call_center_interactions,2024-08-09,717
call_center_interactions,2024-08-10,477
call_center_interactions,2024-08-11,395
call_center_interactions,2024-08-12,694
call_center_interactions,2024-08-13,740
call_center_interactions,2024-08-14,694
call_center_interactions,2024-08-15,713
call_center_interactions,2024-08-16,802
call_center_interactions,2024-08-17,445
call_center_interactions,2024-08-18,372
call_center_interactions,2024-08-19,572
call_center_interactions,2024-08-20,817
call_center_interactions,2024-08-21,800
call_center_interactions,2024-08-22,694
call_center_interactions,2024-08-23,810
call_center_interactions,2024-08-24,533
call_center_interactions,2024-08-25,347
call_center_interactions,2024-08-26,562
call_center_interactions,2024-08-27,614
call_center_interactions,2024-08-28,770
call_center_interactions,2024-08-29,747
call_center_interactions,2024-08-30,712
call_center_interactions,2024-08-31,427
call_center_interactions,2024-09-01,398
call_center_interactions,2024-09-02,637
call_center_interactions,2024-09-03,713
call_center_interactions,2024-09-04,599
call_center_interactions,2024-09-05,814
call_center_interactions,2024-09-06,863
call_center_interactions,2024-09-07,494
call_center_interactions,2024-09-08,405
call_center_interactions,2024-09-09,504
call_center_interactions,2024-09-10,786
call_center_interactions,2024-09-11,767
call_center_interactions,2024-09-12,774
call_center_interactions,2024-09-13,817
call_center_interactions,2024-09-14,518
call_center_interactions,2024-09-15,311
call_center_interactions,2024-09-16,527
call_center_interactions,2024-09-17,697
call_center_interactions,2024-09-18,794
call_center_interactions,2024-09-19,738
call_center_interactions,2024-09-20,786
call_center_interactions,2024-09-21,564
call_center_interactions,2024-09-22,331
call_center_interactions,2024-09-23,548
call_center_interactions,2024-09-24,751
call_center_interactions,2024-09-25,722
call_center_interactions,2024-09-26,686
call_center_interactions,2024-09-27,832
call_center_interactions,2024-09-28,500
call_center_interactions,2024-09-29,395
call_center_interactions,2024-09-30,569
call_center_interactions,2024-10-01,652
call_center_interactions,2024-10-02,730
call_center_interactions,2024-10-03,812
call_center_interactions,2024-10-04,825
call_center_interactions,2024-10-05,500
call_center_interactions,2024-10-06,369
call_center_interactions,2024-10-07,703
call_center_interactions,2024-10-08,750
call_center_interactions,2024-10-09,807
call_center_interactions,2024-10-10,779
call_center_interactions,2024-10-11,668
call_center_interactions,2024-10-12,486
call_center_interactions,2024-10-13,418
call_center_interactions,2024-10-14,569
call_center_interactions,2024-10-15,750
call_center_interactions,2024-10-16,771
call_center_interactions,2024-10-17,646
call_center_interactions,2024-10-18,759
call_center_interactions,2024-10-19,494
call_center_interactions,2024-10-20,338
call_center_interactions,2024-10-21,514
call_center_interactions,2024-10-22,713
call_center_interactions,2024-10-23,701
call_center_interactions,2024-10-24,599
call_center_interactions,2024-10-25,642
call_center_interactions,2024-10-26,468
call_center_interactions,2024-10-27,331
call_center_interactions,2024-10-28,584
call_center_interactions,2024-10-29,707
call_center_interactions,2024-10-30,779
call_center_interactions,2024-10-31,734
call_center_interactions,2024-11-01,657
call_center_interactions,2024-11-02,490
call_center_interactions,2024-11-03,361
call_center_interactions,2024-11-04,559
call_center_interactions,2024-11-05,721
call_center_interactions,2024-11-06,659
call_center_interactions,2024-11-07,708
call_center_interactions,2024-11-08,688
call_center_interactions,2024-11-09,474
call_center_interactions,2024-11-10,343
call_center_interactions,2024-11-11,620
call_center_interactions,2024-11-12,647
call_center_interactions,2024-11-13,626
call_center_interactions,2024-11-14,695
call_center_interactions,2024-11-15,674
call_center_interactions,2024-11-16,461
call_center_interactions,2024-11-17,441
call_center_interactions,2024-11-18,651
call_center_interactions,2024-11-19,766
call_center_interactions,2024-11-20,674
call_center_interactions,2024-11-21,631
call_center_interactions,2024-11-22,698
call_center_interactions,2024-11-23,497
call_center_interactions,2024-11-24,392
call_center_interactions,2024-11-25,596
call_center_interactions,2024-11-26,613
call_center_interactions,2024-11-27,668
call_center_interactions,2024-11-28,632
call_center_interactions,2024-11-29,622
call_center_interactions,2024-11-30,427
call_center_interactions,2024-12-01,345
call_center_interactions,2024-12-02,697
call_center_interactions,2024-12-03,851
call_center_interactions,2024-12-04,668
call_center_interactions,2024-12-05,708
call_center_interactions,2024-12-06,711
call_center_interactions,2024-12-07,545
call_center_interactions,2024-12-08,407
call_center_interactions,2024-12-09,649
call_center_interactions,2024-12-10,754
call_center_interactions,2024-12-11,717
call_center_interactions,2024-12-12,637
call_center_interactions,2024-12-13,762
call_center_interactions,2024-12-14,460
call_center_interactions,2024-12-15,361
call_center_interactions,2024-12-16,544
call_center_interactions,2024-12-17,616
call_center_interactions,2024-12-18,584
call_center_interactions,2024-12-19,740
call_center_interactions,2024-12-20,645
call_center_interactions,2024-12-21,486
call_center_interactions,2024-12-22,373
call_center_interactions,2024-12-23,680
call_center_interactions,2024-12-24,840
call_center_interactions,2024-12-25,716
call_center_interactions,2024-12-26,650
call_center_interactions,2024-12-27,750
call_center_interactions,2024-12-28,463
call_center_interactions,2024-12-29,330
call_center_interactions,2024-12-30,618
call_center_interactions,2024-12-31,685
call_center_interactions,2025-01-01,811
call_center_interactions,2025-01-02,870
call_center_interactions,2025-01-03,781
call_center_interactions,2025-01-04,423
call_center_interactions,2025-01-05,315
call_center_interactions,2025-01-06,533
call_center_interactions,2025-01-07,755
call_center_interactions,2025-01-08,720
call_center_interactions,2025-01-09,776
call_center_interactions,2025-01-10,820
call_center_interactions,2025-01-11,454
call_center_interactions,2025-01-12,349
call_center_interactions,2025-01-13,702
call_center_interactions,2025-01-14,700
call_center_interactions,2025-01-15,670
call_center_interactions,2025-01-16,660
call_center_interactions,2025-01-17,657
call_center_interactions,2025-01-18,436
call_center_interactions,2025-01-19,378
call_center_interactions,2025-01-20,609
call_center_interactions,2025-01-21,619
call_center_interactions,2025-01-22,600
call_center_interactions,2025-01-23,734
call_center_interactions,2025-01-24,640
call_center_interactions,2025-01-25,511
call_center_interactions,2025-01-26,379
call_center_interactions,2025-01-27,671
call_center_interactions,2025-01-28,678
call_center_interactions,2025-01-29,762
call_center_interactions,2025-01-30,796
call_center_interactions,2025-01-31,704
call_center_interactions,2025-02-01,427
call_center_interactions,2025-02-02,331
call_center_interactions,2025-02-03,652
call_center_interactions,2025-02-04,692
call_center_interactions,2025-02-05,648
call_center_interactions,2025-02-06,655
call_center_interactions,2025-02-07,721
call_center_interactions,2025-02-08,508
call_center_interactions,2025-02-09,362
call_center_interactions,2025-02-10,697
call_center_interactions,2025-02-11,834
call_center_interactions,2025-02-12,726
call_center_interactions,2025-02-13,674
call_center_interactions,2025-02-14,792
call_center_interactions,2025-02-15,483
call_center_interactions,2025-02-16,309
call_center_interactions,2025-02-17,672
call_center_interactions,2025-02-18,693
call_center_interactions,2025-02-19,665
call_center_interactions,2025-02-20,777
call_center_interactions,2025-02-21,745
call_center_interactions,2025-02-22,431
call_center_interactions,2025-02-23,312
call_center_interactions,2025-02-24,536
call_center_interactions,2025-02-25,663
call_center_interactions,2025-02-26,774
call_center_interactions,2025-02-27,689
call_center_interactions,2025-02-28,703
call_center_interactions,2025-03-01,533
call_center_interactions,2025-03-02,336
call_center_interactions,2025-03-03,568
call_center_interactions,2025-03-04,733
call_center_interactions,2025-03-05,845
call_center_interactions,2025-03-06,766
call_center_interactions,2025-03-07,700
call_center_interactions,2025-03-08,449
call_center_interactions,2025-03-09,376
call_center_interactions,2025-03-10,654
call_center_interactions,2025-03-11,796
call_center_interactions,2025-03-12,868
call_center_interactions,2025-03-13,850
call_center_interactions,2025-03-14,733
call_center_interactions,2025-03-15,483
call_center_interactions,2025-03-16,331
call_center_interactions,2025-03-17,596
call_center_interactions,2025-03-18,676
call_center_interactions,2025-03-19,708
call_center_interactions,2025-03-20,792
call_center_interactions,2025-03-21,725
call_center_interactions,2025-03-22,420
call_center_interactions,2025-03-23,378
call_center_interactions,2025-03-24,658
call_center_interactions,2025-03-25,784
call_center_interactions,2025-03-26,815
call_center_interactions,2025-03-27,832
call_center_interactions,2025-03-28,767
call_center_interactions,2025-03-29,421
call_center_interactions,2025-03-30,383
call_center_interactions,2025-03-31,547
call_center_interactions,2025-04-01,732
call_center_interactions,2025-04-02,780
call_center_interactions,2025-04-03,796
call_center_interactions,2025-04-04,720
call_center_interactions,2025-04-05,497
call_center_interactions,2025-04-06,371
call_center_interactions,2025-04-07,609
call_center_interactions,2025-04-08,757
call_center_interactions,2025-04-09,714
call_center_interactions,2025-04-10,774
call_center_interactions,2025-04-11,686
call_center_interactions,2025-04-12,383
call_center_interactions,2025-04-13,323
call_center_interactions,2025-04-14,688
call_center_interactions,2025-04-15,722
call_center_interactions,2025-04-16,757
call_center_interactions,2025-04-17,770
call_center_interactions,2025-04-18,681
call_center_interactions,2025-04-19,469
call_center_interactions,2025-04-20,367
call_center_interactions,2025-04-21,541
call_center_interactions,2025-04-22,802
call_center_interactions,2025-04-23,673
call_center_interactions,2025-04-24,718
call_center_interactions,2025-04-25,794
call_center_interactions,2025-04-26,541
call_center_interactions,2025-04-27,378
call_center_interactions,2025-04-28,642
call_center_interactions,2025-04-29,761
call_center_interactions,2025-04-30,714
call_center_interactions,2025-05-01,752
call_center_interactions,2025-05-02,785
call_center_interactions,2025-05-03,523
call_center_interactions,2025-05-04,331
call_center_interactions,2025-05-05,651
call_center_interactions,2025-05-06,689
call_center_interactions,2025-05-07,642
call_center_interactions,2025-05-08,562
call_center_interactions,2025-05-09,605
call_center_interactions,2025-05-10,460
call_center_interactions,2025-05-11,396
call_center_interactions,2025-05-12,713
call_center_interactions,2025-05-13,679
call_center_interactions,2025-05-14,712
call_center_interactions,2025-05-15,787
call_center_interactions,2025-05-16,814
call_center_interactions,2025-05-17,420
call_center_interactions,2025-05-18,311
call_center_interactions,2025-05-19,591
call_center_interactions,2025-05-20,692
call_center_interactions,2025-05-21,776
call_center_interactions,2025-05-22,825
call_center_interactions,2025-05-23,784
call_center_interactions,2025-05-24,563
call_center_interactions,2025-05-25,429
call_center_interactions,2025-05-26,646
call_center_interactions,2025-05-27,797
call_center_interactions,2025-05-28,774
call_center_interactions,2025-05-29,799
call_center_interactions,2025-05-30,749
call_center_interactions,2025-05-31,488
call_center_interactions,2025-06-01,405
call_center_interactions,2025-06-02,500
call_center_interactions,2025-06-03,614
call_center_interactions,2025-06-04,681
call_center_interactions,2025-06-05,664
call_center_interactions,2025-06-06,610
call_center_interactions,2025-06-07,470
call_center_interactions,2025-06-08,436
call_center_interactions,2025-06-09,538
call_center_interactions,2025-06-10,733
call_center_interactions,2025-06-11,770
call_center_interactions,2025-06-12,746
call_center_interactions,2025-06-13,717
call_center_interactions,2025-06-14,453
call_center_interactions,2025-06-15,314
call_center_interactions,2025-06-16,584
call_center_interactions,2025-06-17,652
call_center_interactions,2025-06-18,692
call_center_interactions,2025-06-19,765
call_center_interactions,2025-06-20,842
call_center_interactions,2025-06-21,502
call_center_interactions,2025-06-22,353
call_center_interactions,2025-06-23,644
call_center_interactions,2025-06-24,661
call_center_interactions,2025-06-25,786
call_center_interactions,2025-06-26,727
call_center_interactions,2025-06-27,805
call_center_interactions,2025-06-28,545
call_center_interactions,2025-06-29,383
call_center_interactions,2025-06-30,567
call_center_interactions,2025-07-01,712
call_center_interactions,2025-07-02,775
call_center_interactions,2025-07-03,695
call_center_interactions,2025-07-04,644
call_center_interactions,2025-07-05,396
call_center_interactions,2025-07-06,348
call_center_interactions,2025-07-07,672
call_center_interactions,2025-07-08,733
call_center_interactions,2025-07-09,678
call_center_interactions,2025-07-10,660
call_center_interactions,2025-07-11,736
call_center_interactions,2025-07-12,487
call_center_interactions,2025-07-13,400
call_center_interactions,2025-07-14,574
call_center_interactions,2025-07-15,748
call_center_interactions,2025-07-16,807
call_center_interactions,2025-07-17,751
call_center_interactions,2025-07-18,721
call_center_interactions,2025-07-19,477
call_center_interactions,2025-07-20,348
call_center_interactions,2025-07-21,583
call_center_interactions,2025-07-22,774
call_center_interactions,2025-07-23,807
call_center_interactions,2025-07-24,795
call_center_interactions,2025-07-25,802
call_center_interactions,2025-07-26,520
call_center_interactions,2025-07-27,388
call_center_interactions,2025-07-28,617
call_center_interactions,2025-07-29,769
call_center_interactions,2025-07-30,663
call_center_interactions,2025-07-31,636
call_center_interactions,2025-08-01,635
call_center_interactions,2025-08-02,503
call_center_interactions,2025-08-03,381
call_center_interactions,2025-08-04,529
call_center_interactions,2025-08-05,775
call_center_interactions,2025-08-06,864
call_center_interactions,2025-08-07,784
call_center_interactions,2025-08-08,690
call_center_interactions,2025-08-09,475
call_center_interactions,2025-08-10,364
call_center_interactions,2025-08-11,642
call_center_interactions,2025-08-12,734
call_center_interactions,2025-08-13,697
call_center_interactions,2025-08-14,628
call_center_interactions,2025-08-15,632
call_center_interactions,2025-08-16,513
call_center_interactions,2025-08-17,349
call_center_interactions,2025-08-18,653
call_center_interactions,2025-08-19,668
call_center_interactions,2025-08-20,764
call_center_interactions,2025-08-21,731
call_center_interactions,2025-08-22,810
call_center_interactions,2025-08-23,506
call_center_interactions,2025-08-24,299
call_center_interactions,2025-08-25,548
call_center_interactions,2025-08-26,816
call_center_interactions,2025-08-27,817
call_center_interactions,2025-08-28,803
call_center_interactions,2025-08-29,662
call_center_interactions,2025-08-30,430
call_center_interactions,2025-08-31,375
call_center_interactions,2025-09-01,671
call_center_interactions,2025-09-02,669
call_center_interactions,2025-09-03,726
call_center_interactions,2025-09-04,836
call_center_interactions,2025-09-05,710
call_center_interactions,2025-09-06,476
call_center_interactions,2025-09-07,322
call_center_interactions,2025-09-08,561
call_center_interactions,2025-09-09,784
call_center_interactions,2025-09-10,705
call_center_interactions,2025-09-11,677
call_center_interactions,2025-09-12,766
call_center_interactions,2025-09-13,479
call_center_interactions,2025-09-14,335
call_center_interactions,2025-09-15,517
call_center_interactions,2025-09-16,658
call_center_interactions,2025-09-17,790
call_center_interactions,2025-09-18,825
call_center_interactions,2025-09-19,706
call_center_interactions,2025-09-20,478
call_center_interactions,2025-09-21,421
call_center_interactions,2025-09-22,693
call_center_interactions,2025-09-23,850
call_center_interactions,2025-09-24,818
call_center_interactions,2025-09-25,787
call_center_interactions,2025-09-26,813
call_center_interactions,2025-09-27,522
call_center_interactions,2025-09-28,368
call_center_interactions,2025-09-29,677
call_center_interactions,2025-09-30,677
call_center_interactions,2025-10-01,599
call_center_interactions,2025-10-02,679
call_center_interactions,2025-10-03,756
call_center_interactions,2025-10-04,539
call_center_interactions,2025-10-05,419
call_center_interactions,2025-10-06,620
call_center_interactions,2025-10-07,764
call_center_interactions,2025-10-08,725
call_center_interactions,2025-10-09,638
call_center_interactions,2025-10-10,653
call_center_interactions,2025-10-11,454
call_center_interactions,2025-10-12,326
call_center_interactions,2025-10-13,686
call_center_interactions,2025-10-14,769
call_center_interactions,2025-10-15,843
call_center_interactions,2025-10-16,775
call_center_interactions,2025-10-17,773
call_center_interactions,2025-10-18,486
call_center_interactions,2025-10-19,343
call_center_interactions,2025-10-20,645
call_center_interactions,2025-10-21,777
call_center_interactions,2025-10-22,618
call_center_interactions,2025-10-23,712
call_center_interactions,2025-10-24,644
call_center_interactions,2025-10-25,418
call_center_interactions,2025-10-26,301
call_center_interactions,2025-10-27,542
call_center_interactions,2025-10-28,610
call_center_interactions,2025-10-29,630
call_center_interactions,2025-10-30,667
call_center_interactions,2025-10-31,621
call_center_interactions,2025-11-01,398
call_center_interactions,2025-11-02,306
call_center_interactions,2025-11-03,648
call_center_interactions,2025-11-04,800
call_center_interactions,2025-11-05,726
call_center_interactions,2025-11-06,781
call_center_interactions,2025-11-07,792
call_center_interactions,2025-11-08,587
call_center_interactions,2025-11-09,394
call_center_interactions,2025-11-10,549
call_center_interactions,2025-11-11,757
call_center_interactions,2025-11-12,720
call_center_interactions,2025-11-13,749
call_center_interactions,2025-11-14,680
call_center_interactions,2025-11-15,475
call_center_interactions,2025-11-16,294
call_center_interactions,2025-11-17,567
call_center_interactions,2025-11-18,829
call_center_interactions,2025-11-19,798
call_center_interactions,2025-11-20,831
call_center_interactions,2025-11-21,799
call_center_interactions,2025-11-22,476
call_center_interactions,2025-11-23,392
call_center_interactions,2025-11-24,716
call_center_interactions,2025-11-25,821
call_center_interactions,2025-11-26,830
call_center_interactions,2025-11-27,692
call_center_interactions,2025-11-28,696
call_center_interactions,2025-11-29,505
call_center_interactions,2025-11-30,399
call_center_interactions,2025-12-01,594
call_center_interactions,2025-12-02,737
call_center_interactions,2025-12-03,728
call_center_interactions,2025-12-04,671
call_center_interactions,2025-12-05,775
call_center_interactions,2025-12-06,468
call_center_interactions,2025-12-07,349
call_center_interactions,2025-12-08,637
call_center_interactions,2025-12-09,857
call_center_interactions,2025-12-10,758
call_center_interactions,2025-12-11,808
call_center_interactions,2025-12-12,700
call_center_interactions,2025-12-13,465
call_center_interactions,2025-12-14,353
call_center_interactions,2025-12-15,618
call_center_interactions,2025-12-16,745
call_center_interactions,2025-12-17,664
call_center_interactions,2025-12-18,709
call_center_interactions,2025-12-19,721
call_center_interactions,2025-12-20,475
call_center_interactions,2025-12-21,413
call_center_interactions,2025-12-22,631
call_center_interactions,2025-12-23,776
call_center_interactions,2025-12-24,705
call_center_interactions,2025-12-25,641
call_center_interactions,2025-12-26,691
call_center_interactions,2025-12-27,470
call_center_interactions,2025-12-28,351
call_center_interactions,2025-12-29,602
call_center_interactions,2025-12-30,691
call_center_interactions,2025-12-31,803
call_center_interactions,2026-01-01,805
call_center_interactions,2026-01-02,694
call_center_interactions,2026-01-03,511
call_center_interactions,2026-01-04,418
call_center_interactions,2026-01-05,549
call_center_interactions,2026-01-06,600
call_center_interactions,2026-01-07,695
call_center_interactions,2026-01-08,620
call_center_interactions,2026-01-09,679
call_center_interactions,2026-01-10,444
call_center_interactions,2026-01-11,347
call_center_interactions,2026-01-12,548
call_center_interactions,2026-01-13,581
call_center_interactions,2026-01-14,633
call_center_interactions,2026-01-15,781
call_center_interactions,2026-01-16,774
call_center_interactions,2026-01-17,483
call_center_interactions,2026-01-18,369
call_center_interactions,2026-01-19,678
call_center_interactions,2026-01-20,815
call_center_interactions,2026-01-21,745
call_center_interactions,2026-01-22,794
call_center_interactions,2026-01-23,682
call_center_interactions,2026-01-24,405
call_center_interactions,2026-01-25,322
call_center_interactions,2026-01-26,663
call_center_interactions,2026-01-27,793
call_center_interactions,2026-01-28,621
call_center_interactions,2026-01-29,611
call_center_interactions,2026-01-30,715
call_center_interactions,2026-01-31,456
call_center_interactions,2026-02-01,390
call_center_interactions,2026-02-02,558
call_center_interactions,2026-02-03,664
call_center_interactions,2026-02-04,628
call_center_interactions,2026-02-05,795
call_center_interactions,2026-02-06,828
call_center_interactions,2026-02-07,544
call_center_interactions,2026-02-08,379
call_center_interactions,2026-02-09,593
call_center_interactions,2026-02-10,707
call_center_interactions,2026-02-11,833
call_center_interactions,2026-02-12,675
call_center_interactions,2026-02-13,801
call_center_interactions,2026-02-14,569
call_center_interactions,2026-02-15,398
call_center_interactions,2026-02-16,549
call_center_interactions,2026-02-17,631
call_center_interactions,2026-02-18,586
call_center_interactions,2026-02-19,672
call_center_interactions,2026-02-20,651
call_center_interactions,2026-02-21,509
call_center_interactions,2026-02-22,376
call_center_interactions,2026-02-23,662
call_center_interactions,2026-02-24,808
call_center_interactions,2026-02-25,835
call_center_interactions,2026-02-26,750
call_center_interactions,2026-02-27,820
call_center_interactions,2026-02-28,565
call_center_interactions,2026-03-01,399
call_center_interactions,2026-03-02,702
call_center_interactions,2026-03-03,769
call_center_interactions,2026-03-04,829
call_center_interactions,2026-03-05,827
call_center_interactions,2026-03-06,714
call_center_interactions,2026-03-07,445
call_center_interactions,2026-03-08,373
call_center_interactions,2026-03-09,676
call_center_interactions,2026-03-10,632
call_center_interactions,2026-03-11,788
call_center_interactions,2026-03-12,873
call_center_interactions,2026-03-13,790
call_center_interactions,2026-03-14,531
call_center_interactions,2026-03-15,394
call_center_interactions,2026-03-16,695
call_center_interactions,2026-03-17,784
call_center_interactions,2026-03-18,804
call_center_interactions,2026-03-19,748
call_center_interactions,2026-03-20,805
call_center_interactions,2026-03-21,529
call_center_interactions,2026-03-22,390
call_center_interactions,2026-03-23,658
call_center_interactions,2026-03-24,748
call_center_interactions,2026-03-25,760
call_center_interactions,2026-03-26,791
call_center_interactions,2026-03-27,676
call_center_interactions,2026-03-28,465
call_center_interactions,2026-03-29,427
call_center_interactions,2026-03-30,664
call_center_interactions,2026-03-31,720
call_center_interactions,2026-04-01,722
call_center_interactions,2026-04-02,731
call_center_interactions,2026-04-03,674
call_center_interactions,2026-04-04,452
call_center_interactions,2026-04-05,396
call_center_interactions,2026-04-06,552
call_center_interactions,2026-04-07,696
call_center_interactions,2026-04-08,680
call_center_interactions,2026-04-09,613
call_center_interactions,2026-04-10,641
call_center_interactions,2026-04-11,489
call_center_interactions,2026-04-12,381
call_center_interactions,2026-04-13,690
call_center_interactions,2026-04-14,764
call_center_interactions,2026-04-15,684
call_center_interactions,2026-04-16,611
call_center_interactions,2026-04-17,673
call_center_interactions,2026-04-18,505
call_center_interactions,2026-04-19,336
call_center_interactions,2026-04-20,674
call_center_interactions,2026-04-21,674
call_center_interactions,2026-04-22,767
call_center_interactions,2026-04-23,727
call_center_interactions,2026-04-24,831
call_center_interactions,2026-04-25,538
call_center_interactions,2026-04-26,394
call_center_interactions,2026-04-27,609
call_center_interactions,2026-04-28,746
call_center_interactions,2026-04-29,809
call_center_interactions,2026-04-30,761
call_center_interactions,2026-05-01,646
call_center_interactions,2026-05-02,418
call_center_interactions,2026-05-03,411
call_center_interactions,2026-05-04,565
call_center_interactions,2026-05-05,753
call_center_interactions,2026-05-06,724
call_center_interactions,2026-05-07,634
call_center_interactions,2026-05-08,728
call_center_interactions,2026-05-09,495
call_center_interactions,2026-05-10,412
call_center_interactions,2026-05-11,603
call_center_interactions,2026-05-12,663
call_center_interactions,2026-05-13,673
call_center_interactions,2026-05-14,666
call_center_interactions,2026-05-15,756
call_center_interactions,2026-05-16,547
call_center_interactions,2026-05-17,397
call_center_interactions,2026-05-18,613
call_center_interactions,2026-05-19,612
call_center_interactions,2026-05-20,818
call_center_interactions,2026-05-21,702
call_center_interactions,2026-05-22,658
call_center_interactions,2026-05-23,500
call_center_interactions,2026-05-24,369
call_center_interactions,2026-05-25,745
call_center_interactions,2026-05-26,746
call_center_interactions,2026-05-27,716
call_center_interactions,2026-05-28,671
call_center_interactions,2026-05-29,699
call_center_interactions,2026-05-30,446
call_center_interactions,2026-05-31,388
call_center_interactions,2026-06-01,690
call_center_interactions,2026-06-02,782
call_center_interactions,2026-06-03,693
call_center_interactions,2026-06-04,675
call_center_interactions,2026-06-05,644
call_center_interactions,2026-06-06,464
call_center_interactions,2026-06-07,414
call_center_interactions,2026-06-08,694
call_center_interactions,2026-06-09,746
call_center_interactions,2026-06-10,735
call_center_interactions,2026-06-11,758
call_center_interactions,2026-06-12,689
call_center_interactions,2026-06-13,454
call_center_interactions,2026-06-14,352
call_center_interactions,2026-06-15,691
call_center_interactions,2026-06-16,816
call_center_interactions,2026-06-17,671
call_center_interactions,2026-06-18,175
call_transcripts,2023-06-17,88
call_transcripts,2023-06-18,111
call_transcripts,2023-06-19,192
call_transcripts,2023-06-20,200
call_transcripts,2023-06-21,162
call_transcripts,2023-06-22,154
call_transcripts,2023-06-23,191
call_transcripts,2023-06-24,84
call_transcripts,2023-06-25,77
call_transcripts,2023-06-26,215
call_transcripts,2023-06-27,212
call_transcripts,2023-06-28,192
call_transcripts,2023-06-29,209
call_transcripts,2023-06-30,192
call_transcripts,2023-07-01,87
call_transcripts,2023-07-02,92
call_transcripts,2023-07-03,202
call_transcripts,2023-07-04,208
call_transcripts,2023-07-05,190
call_transcripts,2023-07-06,210
call_transcripts,2023-07-07,200
call_transcripts,2023-07-08,100
call_transcripts,2023-07-09,88
call_transcripts,2023-07-10,205
call_transcripts,2023-07-11,210
call_transcripts,2023-07-12,163
call_transcripts,2023-07-13,206
call_transcripts,2023-07-14,237
call_transcripts,2023-07-15,95
call_transcripts,2023-07-16,91
call_transcripts,2023-07-17,182
call_transcripts,2023-07-18,213
call_transcripts,2023-07-19,152
call_transcripts,2023-07-20,184
call_transcripts,2023-07-21,186
call_transcripts,2023-07-22,101
call_transcripts,2023-07-23,81
call_transcripts,2023-07-24,149
call_transcripts,2023-07-25,176
call_transcripts,2023-07-26,201
call_transcripts,2023-07-27,139
call_transcripts,2023-07-28,170
call_transcripts,2023-07-29,78
call_transcripts,2023-07-30,88
call_transcripts,2023-07-31,146
call_transcripts,2023-08-01,205
call_transcripts,2023-08-02,151
call_transcripts,2023-08-03,204
call_transcripts,2023-08-04,162
call_transcripts,2023-08-05,112
call_transcripts,2023-08-06,112
call_transcripts,2023-08-07,167
call_transcripts,2023-08-08,208
call_transcripts,2023-08-09,150
call_transcripts,2023-08-10,156
call_transcripts,2023-08-11,219
call_transcripts,2023-08-12,79
call_transcripts,2023-08-13,86
call_transcripts,2023-08-14,193
call_transcripts,2023-08-15,197
call_transcripts,2023-08-16,153
call_transcripts,2023-08-17,196
call_transcripts,2023-08-18,205
call_transcripts,2023-08-19,89
call_transcripts,2023-08-20,82
call_transcripts,2023-08-21,196
call_transcripts,2023-08-22,183
call_transcripts,2023-08-23,199
call_transcripts,2023-08-24,204
call_transcripts,2023-08-25,141
call_transcripts,2023-08-26,76
call_transcripts,2023-08-27,99
call_transcripts,2023-08-28,170
call_transcripts,2023-08-29,195
call_transcripts,2023-08-30,204
call_transcripts,2023-08-31,160
call_transcripts,2023-09-01,179
call_transcripts,2023-09-02,76
call_transcripts,2023-09-03,80
call_transcripts,2023-09-04,156
call_transcripts,2023-09-05,215
call_transcripts,2023-09-06,221
call_transcripts,2023-09-07,189
call_transcripts,2023-09-08,185
call_transcripts,2023-09-09,86
call_transcripts,2023-09-10,79
call_transcripts,2023-09-11,161
call_transcripts,2023-09-12,168
call_transcripts,2023-09-13,163
call_transcripts,2023-09-14,168
call_transcripts,2023-09-15,223
call_transcripts,2023-09-16,67
call_transcripts,2023-09-17,70
call_transcripts,2023-09-18,172
call_transcripts,2023-09-19,195
call_transcripts,2023-09-20,165
call_transcripts,2023-09-21,162
call_transcripts,2023-09-22,230
call_transcripts,2023-09-23,109
call_transcripts,2023-09-24,88
call_transcripts,2023-09-25,167
call_transcripts,2023-09-26,160
call_transcripts,2023-09-27,180
call_transcripts,2023-09-28,156
call_transcripts,2023-09-29,201
call_transcripts,2023-09-30,86
call_transcripts,2023-10-01,102
call_transcripts,2023-10-02,209
call_transcripts,2023-10-03,189
call_transcripts,2023-10-04,154
call_transcripts,2023-10-05,199
call_transcripts,2023-10-06,151
call_transcripts,2023-10-07,84
call_transcripts,2023-10-08,102
call_transcripts,2023-10-09,159
call_transcripts,2023-10-10,148
call_transcripts,2023-10-11,196
call_transcripts,2023-10-12,177
call_transcripts,2023-10-13,155
call_transcripts,2023-10-14,80
call_transcripts,2023-10-15,106
call_transcripts,2023-10-16,172
call_transcripts,2023-10-17,185
call_transcripts,2023-10-18,171
call_transcripts,2023-10-19,224
call_transcripts,2023-10-20,186
call_transcripts,2023-10-21,81
call_transcripts,2023-10-22,87
call_transcripts,2023-10-23,197
call_transcripts,2023-10-24,201
call_transcripts,2023-10-25,182
call_transcripts,2023-10-26,168
call_transcripts,2023-10-27,188
call_transcripts,2023-10-28,82
call_transcripts,2023-10-29,99
call_transcripts,2023-10-30,204
call_transcripts,2023-10-31,143
call_transcripts,2023-11-01,190
call_transcripts,2023-11-02,164
call_transcripts,2023-11-03,200
call_transcripts,2023-11-04,80
call_transcripts,2023-11-05,88
call_transcripts,2023-11-06,201
call_transcripts,2023-11-07,181
call_transcripts,2023-11-08,183
call_transcripts,2023-11-09,149
call_transcripts,2023-11-10,140
call_transcripts,2023-11-11,93
call_transcripts,2023-11-12,83
call_transcripts,2023-11-13,150
call_transcripts,2023-11-14,194
call_transcripts,2023-11-15,202
call_transcripts,2023-11-16,222
call_transcripts,2023-11-17,144
call_transcripts,2023-11-18,82
call_transcripts,2023-11-19,79
call_transcripts,2023-11-20,171
call_transcripts,2023-11-21,215
call_transcripts,2023-11-22,161
call_transcripts,2023-11-23,178
call_transcripts,2023-11-24,193
call_transcripts,2023-11-25,119
call_transcripts,2023-11-26,76
call_transcripts,2023-11-27,191
call_transcripts,2023-11-28,225
call_transcripts,2023-11-29,146
call_transcripts,2023-11-30,155
call_transcripts,2023-12-01,181
call_transcripts,2023-12-02,94
call_transcripts,2023-12-03,93
call_transcripts,2023-12-04,178
call_transcripts,2023-12-05,140
call_transcripts,2023-12-06,199
call_transcripts,2023-12-07,177
call_transcripts,2023-12-08,200
call_transcripts,2023-12-09,76
call_transcripts,2023-12-10,104
call_transcripts,2023-12-11,145
call_transcripts,2023-12-12,205
call_transcripts,2023-12-13,201
call_transcripts,2023-12-14,212
call_transcripts,2023-12-15,138
call_transcripts,2023-12-16,92
call_transcripts,2023-12-17,110
call_transcripts,2023-12-18,227
call_transcripts,2023-12-19,188
call_transcripts,2023-12-20,203
call_transcripts,2023-12-21,165
call_transcripts,2023-12-22,218
call_transcripts,2023-12-23,97
call_transcripts,2023-12-24,104
call_transcripts,2023-12-25,147
call_transcripts,2023-12-26,172
call_transcripts,2023-12-27,160
call_transcripts,2023-12-28,166
call_transcripts,2023-12-29,150
call_transcripts,2023-12-30,109
call_transcripts,2023-12-31,107
call_transcripts,2024-01-01,215
call_transcripts,2024-01-02,144
call_transcripts,2024-01-03,185
call_transcripts,2024-01-04,151
call_transcripts,2024-01-05,179
call_transcripts,2024-01-06,77
call_transcripts,2024-01-07,76
call_transcripts,2024-01-08,178
call_transcripts,2024-01-09,157
call_transcripts,2024-01-10,132
call_transcripts,2024-01-11,195
call_transcripts,2024-01-12,173
call_transcripts,2024-01-13,113
call_transcripts,2024-01-14,100
call_transcripts,2024-01-15,169
call_transcripts,2024-01-16,227
call_transcripts,2024-01-17,211
call_transcripts,2024-01-18,190
call_transcripts,2024-01-19,153
call_transcripts,2024-01-20,83
call_transcripts,2024-01-21,105
call_transcripts,2024-01-22,206
call_transcripts,2024-01-23,160
call_transcripts,2024-01-24,157
call_transcripts,2024-01-25,160
call_transcripts,2024-01-26,168
call_transcripts,2024-01-27,82
call_transcripts,2024-01-28,114
call_transcripts,2024-01-29,170
call_transcripts,2024-01-30,160
call_transcripts,2024-01-31,156
call_transcripts,2024-02-01,145
call_transcripts,2024-02-02,150
call_transcripts,2024-02-03,84
call_transcripts,2024-02-04,98
call_transcripts,2024-02-05,221
call_transcripts,2024-02-06,181
call_transcripts,2024-02-07,193
call_transcripts,2024-02-08,178
call_transcripts,2024-02-09,197
call_transcripts,2024-02-10,99
call_transcripts,2024-02-11,84
call_transcripts,2024-02-12,189
call_transcripts,2024-02-13,144
call_transcripts,2024-02-14,207
call_transcripts,2024-02-15,216
call_transcripts,2024-02-16,183
call_transcripts,2024-02-17,96
call_transcripts,2024-02-18,93
call_transcripts,2024-02-19,236
call_transcripts,2024-02-20,193
call_transcripts,2024-02-21,165
call_transcripts,2024-02-22,155
call_transcripts,2024-02-23,177
call_transcripts,2024-02-24,83
call_transcripts,2024-02-25,78
call_transcripts,2024-02-26,216
call_transcripts,2024-02-27,195
call_transcripts,2024-02-28,164
call_transcripts,2024-02-29,147
call_transcripts,2024-03-01,196
call_transcripts,2024-03-02,83
call_transcripts,2024-03-03,105
call_transcripts,2024-03-04,168
call_transcripts,2024-03-05,190
call_transcripts,2024-03-06,162
call_transcripts,2024-03-07,165
call_transcripts,2024-03-08,188
call_transcripts,2024-03-09,79
call_transcripts,2024-03-10,77
call_transcripts,2024-03-11,193
call_transcripts,2024-03-12,175
call_transcripts,2024-03-13,171
call_transcripts,2024-03-14,183
call_transcripts,2024-03-15,166
call_transcripts,2024-03-16,77
call_transcripts,2024-03-17,89
call_transcripts,2024-03-18,188
call_transcripts,2024-03-19,148
call_transcripts,2024-03-20,155
call_transcripts,2024-03-21,150
call_transcripts,2024-03-22,186
call_transcripts,2024-03-23,81
call_transcripts,2024-03-24,122
call_transcripts,2024-03-25,217
call_transcripts,2024-03-26,202
call_transcripts,2024-03-27,229
call_transcripts,2024-03-28,207
call_transcripts,2024-03-29,192
call_transcripts,2024-03-30,96
call_transcripts,2024-03-31,100
call_transcripts,2024-04-01,226
call_transcripts,2024-04-02,196
call_transcripts,2024-04-03,195
call_transcripts,2024-04-04,152
call_transcripts,2024-04-05,220
call_transcripts,2024-04-06,100
call_transcripts,2024-04-07,93
call_transcripts,2024-04-08,158
call_transcripts,2024-04-09,205
call_transcripts,2024-04-10,192
call_transcripts,2024-04-11,224
call_transcripts,2024-04-12,207
call_transcripts,2024-04-13,97
call_transcripts,2024-04-14,104
call_transcripts,2024-04-15,218
call_transcripts,2024-04-16,174
call_transcripts,2024-04-17,177
call_transcripts,2024-04-18,192
call_transcripts,2024-04-19,165
call_transcripts,2024-04-20,82
call_transcripts,2024-04-21,99
call_transcripts,2024-04-22,167
call_transcripts,2024-04-23,190
call_transcripts,2024-04-24,163
call_transcripts,2024-04-25,185
call_transcripts,2024-04-26,189
call_transcripts,2024-04-27,89
call_transcripts,2024-04-28,96
call_transcripts,2024-04-29,199
call_transcripts,2024-04-30,199
call_transcripts,2024-05-01,158
call_transcripts,2024-05-02,165
call_transcripts,2024-05-03,198
call_transcripts,2024-05-04,72
call_transcripts,2024-05-05,88
call_transcripts,2024-05-06,169
call_transcripts,2024-05-07,179
call_transcripts,2024-05-08,220
call_transcripts,2024-05-09,170
call_transcripts,2024-05-10,213
call_transcripts,2024-05-11,89
call_transcripts,2024-05-12,92
call_transcripts,2024-05-13,146
call_transcripts,2024-05-14,146
call_transcripts,2024-05-15,154
call_transcripts,2024-05-16,154
call_transcripts,2024-05-17,150
call_transcripts,2024-05-18,99
call_transcripts,2024-05-19,79
call_transcripts,2024-05-20,205
call_transcripts,2024-05-21,168
call_transcripts,2024-05-22,170
call_transcripts,2024-05-23,155
call_transcripts,2024-05-24,208
call_transcripts,2024-05-25,82
call_transcripts,2024-05-26,78
call_transcripts,2024-05-27,178
call_transcripts,2024-05-28,177
call_transcripts,2024-05-29,180
call_transcripts,2024-05-30,171
call_transcripts,2024-05-31,207
call_transcripts,2024-06-01,119
call_transcripts,2024-06-02,101
call_transcripts,2024-06-03,162
call_transcripts,2024-06-04,175
call_transcripts,2024-06-05,195
call_transcripts,2024-06-06,197
call_transcripts,2024-06-07,192
call_transcripts,2024-06-08,66
call_transcripts,2024-06-09,93
call_transcripts,2024-06-10,175
call_transcripts,2024-06-11,189
call_transcripts,2024-06-12,209
call_transcripts,2024-06-13,162
call_transcripts,2024-06-14,139
call_transcripts,2024-06-15,86
call_transcripts,2024-06-16,90
call_transcripts,2024-06-17,210
call_transcripts,2024-06-18,194
call_transcripts,2024-06-19,235
call_transcripts,2024-06-20,180
call_transcripts,2024-06-21,155
call_transcripts,2024-06-22,120
call_transcripts,2024-06-23,93
call_transcripts,2024-06-24,186
call_transcripts,2024-06-25,154
call_transcripts,2024-06-26,203
call_transcripts,2024-06-27,175
call_transcripts,2024-06-28,184
call_transcripts,2024-06-29,81
call_transcripts,2024-06-30,71
call_transcripts,2024-07-01,203
call_transcripts,2024-07-02,197
call_transcripts,2024-07-03,155
call_transcripts,2024-07-04,198
call_transcripts,2024-07-05,190
call_transcripts,2024-07-06,93
call_transcripts,2024-07-07,97
call_transcripts,2024-07-08,155
call_transcripts,2024-07-09,215
call_transcripts,2024-07-10,195
call_transcripts,2024-07-11,154
call_transcripts,2024-07-12,168
call_transcripts,2024-07-13,91
call_transcripts,2024-07-14,90
call_transcripts,2024-07-15,164
call_transcripts,2024-07-16,170
call_transcripts,2024-07-17,219
call_transcripts,2024-07-18,165
call_transcripts,2024-07-19,205
call_transcripts,2024-07-20,68
call_transcripts,2024-07-21,88
call_transcripts,2024-07-22,219
call_transcripts,2024-07-23,218
call_transcripts,2024-07-24,143
call_transcripts,2024-07-25,171
call_transcripts,2024-07-26,213
call_transcripts,2024-07-27,83
call_transcripts,2024-07-28,104
call_transcripts,2024-07-29,220
call_transcripts,2024-07-30,197
call_transcripts,2024-07-31,185
call_transcripts,2024-08-01,198
call_transcripts,2024-08-02,184
call_transcripts,2024-08-03,101
call_transcripts,2024-08-04,102
call_transcripts,2024-08-05,178
call_transcripts,2024-08-06,199
call_transcripts,2024-08-07,170
call_transcripts,2024-08-08,213
call_transcripts,2024-08-09,165
call_transcripts,2024-08-10,96
call_transcripts,2024-08-11,108
call_transcripts,2024-08-12,207
call_transcripts,2024-08-13,140
call_transcripts,2024-08-14,187
call_transcripts,2024-08-15,179
call_transcripts,2024-08-16,199
call_transcripts,2024-08-17,71
call_transcripts,2024-08-18,109
call_transcripts,2024-08-19,155
call_transcripts,2024-08-20,212
call_transcripts,2024-08-21,202
call_transcripts,2024-08-22,178
call_transcripts,2024-08-23,214
call_transcripts,2024-08-24,90
call_transcripts,2024-08-25,83
call_transcripts,2024-08-26,154
call_transcripts,2024-08-27,132
call_transcripts,2024-08-28,217
call_transcripts,2024-08-29,175
call_transcripts,2024-08-30,171
call_transcripts,2024-08-31,83
call_transcripts,2024-09-01,100
call_transcripts,2024-09-02,193
call_transcripts,2024-09-03,135
call_transcripts,2024-09-04,158
call_transcripts,2024-09-05,198
call_transcripts,2024-09-06,208
call_transcripts,2024-09-07,97
call_transcripts,2024-09-08,105
call_transcripts,2024-09-09,143
call_transcripts,2024-09-10,222
call_transcripts,2024-09-11,199
call_transcripts,2024-09-12,190
call_transcripts,2024-09-13,217
call_transcripts,2024-09-14,87
call_transcripts,2024-09-15,73
call_transcripts,2024-09-16,164
call_transcripts,2024-09-17,193
call_transcripts,2024-09-18,208
call_transcripts,2024-09-19,150
call_transcripts,2024-09-20,234
call_transcripts,2024-09-21,98
call_transcripts,2024-09-22,82
call_transcripts,2024-09-23,170
call_transcripts,2024-09-24,220
call_transcripts,2024-09-25,159
call_transcripts,2024-09-26,184
call_transcripts,2024-09-27,193
call_transcripts,2024-09-28,94
call_transcripts,2024-09-29,89
call_transcripts,2024-09-30,174
call_transcripts,2024-10-01,157
call_transcripts,2024-10-02,173
call_transcripts,2024-10-03,217
call_transcripts,2024-10-04,217
call_transcripts,2024-10-05,88
call_transcripts,2024-10-06,102
call_transcripts,2024-10-07,199
call_transcripts,2024-10-08,186
call_transcripts,2024-10-09,210
call_transcripts,2024-10-10,191
call_transcripts,2024-10-11,135
call_transcripts,2024-10-12,105
call_transcripts,2024-10-13,101
call_transcripts,2024-10-14,152
call_transcripts,2024-10-15,206
call_transcripts,2024-10-16,189
call_transcripts,2024-10-17,134
call_transcripts,2024-10-18,197
call_transcripts,2024-10-19,91
call_transcripts,2024-10-20,94
call_transcripts,2024-10-21,145
call_transcripts,2024-10-22,197
call_transcripts,2024-10-23,168
call_transcripts,2024-10-24,158
call_transcripts,2024-10-25,164
call_transcripts,2024-10-26,113
call_transcripts,2024-10-27,66
call_transcripts,2024-10-28,165
call_transcripts,2024-10-29,160
call_transcripts,2024-10-30,205
call_transcripts,2024-10-31,170
call_transcripts,2024-11-01,175
call_transcripts,2024-11-02,77
call_transcripts,2024-11-03,104
call_transcripts,2024-11-04,155
call_transcripts,2024-11-05,192
call_transcripts,2024-11-06,121
call_transcripts,2024-11-07,204
call_transcripts,2024-11-08,148
call_transcripts,2024-11-09,103
call_transcripts,2024-11-10,75
call_transcripts,2024-11-11,182
call_transcripts,2024-11-12,154
call_transcripts,2024-11-13,149
call_transcripts,2024-11-14,158
call_transcripts,2024-11-15,163
call_transcripts,2024-11-16,104
call_transcripts,2024-11-17,106
call_transcripts,2024-11-18,199
call_transcripts,2024-11-19,212
call_transcripts,2024-11-20,152
call_transcripts,2024-11-21,150
call_transcripts,2024-11-22,167
call_transcripts,2024-11-23,97
call_transcripts,2024-11-24,114
call_transcripts,2024-11-25,167
call_transcripts,2024-11-26,169
call_transcripts,2024-11-27,169
call_transcripts,2024-11-28,161
call_transcripts,2024-11-29,135
call_transcripts,2024-11-30,82
call_transcripts,2024-12-01,84
call_transcripts,2024-12-02,228
call_transcripts,2024-12-03,216
call_transcripts,2024-12-04,135
call_transcripts,2024-12-05,185
call_transcripts,2024-12-06,172
call_transcripts,2024-12-07,108
call_transcripts,2024-12-08,121
call_transcripts,2024-12-09,181
call_transcripts,2024-12-10,217
call_transcripts,2024-12-11,174
call_transcripts,2024-12-12,174
call_transcripts,2024-12-13,182
call_transcripts,2024-12-14,74
call_transcripts,2024-12-15,100
call_transcripts,2024-12-16,149
call_transcripts,2024-12-17,153
call_transcripts,2024-12-18,154
call_transcripts,2024-12-19,197
call_transcripts,2024-12-20,154
call_transcripts,2024-12-21,97
call_transcripts,2024-12-22,85
call_transcripts,2024-12-23,217
call_transcripts,2024-12-24,239
call_transcripts,2024-12-25,165
call_transcripts,2024-12-26,180
call_transcripts,2024-12-27,187
call_transcripts,2024-12-28,74
call_transcripts,2024-12-29,87
call_transcripts,2024-12-30,166
call_transcripts,2024-12-31,169
call_transcripts,2025-01-01,234
call_transcripts,2025-01-02,223
call_transcripts,2025-01-03,173
call_transcripts,2025-01-04,69
call_transcripts,2025-01-05,71
call_transcripts,2025-01-06,154
call_transcripts,2025-01-07,229
call_transcripts,2025-01-08,156
call_transcripts,2025-01-09,213
call_transcripts,2025-01-10,197
call_transcripts,2025-01-11,92
call_transcripts,2025-01-12,83
call_transcripts,2025-01-13,218
call_transcripts,2025-01-14,150
call_transcripts,2025-01-15,154
call_transcripts,2025-01-16,182
call_transcripts,2025-01-17,158
call_transcripts,2025-01-18,94
call_transcripts,2025-01-19,91
call_transcripts,2025-01-20,172
call_transcripts,2025-01-21,132
call_transcripts,2025-01-22,160
call_transcripts,2025-01-23,211
call_transcripts,2025-01-24,146
call_transcripts,2025-01-25,106
call_transcripts,2025-01-26,92
call_transcripts,2025-01-27,215
call_transcripts,2025-01-28,166
call_transcripts,2025-01-29,181
call_transcripts,2025-01-30,208
call_transcripts,2025-01-31,173
call_transcripts,2025-02-01,80
call_transcripts,2025-02-02,96
call_transcripts,2025-02-03,199
call_transcripts,2025-02-04,158
call_transcripts,2025-02-05,178
call_transcripts,2025-02-06,172
call_transcripts,2025-02-07,160
call_transcripts,2025-02-08,112
call_transcripts,2025-02-09,88
call_transcripts,2025-02-10,213
call_transcripts,2025-02-11,198
call_transcripts,2025-02-12,167
call_transcripts,2025-02-13,169
call_transcripts,2025-02-14,193
call_transcripts,2025-02-15,82
call_transcripts,2025-02-16,70
call_transcripts,2025-02-17,206
call_transcripts,2025-02-18,161
call_transcripts,2025-02-19,160
call_transcripts,2025-02-20,174
call_transcripts,2025-02-21,161
call_transcripts,2025-02-22,83
call_transcripts,2025-02-23,74
call_transcripts,2025-02-24,167
call_transcripts,2025-02-25,176
call_transcripts,2025-02-26,167
call_transcripts,2025-02-27,173
call_transcripts,2025-02-28,179
call_transcripts,2025-03-01,93
call_transcripts,2025-03-02,77
call_transcripts,2025-03-03,166
call_transcripts,2025-03-04,207
call_transcripts,2025-03-05,218
call_transcripts,2025-03-06,199
call_transcripts,2025-03-07,155
call_transcripts,2025-03-08,94
call_transcripts,2025-03-09,84
call_transcripts,2025-03-10,170
call_transcripts,2025-03-11,192
call_transcripts,2025-03-12,210
call_transcripts,2025-03-13,220
call_transcripts,2025-03-14,179
call_transcripts,2025-03-15,113
call_transcripts,2025-03-16,66
call_transcripts,2025-03-17,193
call_transcripts,2025-03-18,162
call_transcripts,2025-03-19,177
call_transcripts,2025-03-20,229
call_transcripts,2025-03-21,145
call_transcripts,2025-03-22,76
call_transcripts,2025-03-23,97
call_transcripts,2025-03-24,190
call_transcripts,2025-03-25,228
call_transcripts,2025-03-26,177
call_transcripts,2025-03-27,204
call_transcripts,2025-03-28,174
call_transcripts,2025-03-29,76
call_transcripts,2025-03-30,100
call_transcripts,2025-03-31,172
call_transcripts,2025-04-01,199
call_transcripts,2025-04-02,191
call_transcripts,2025-04-03,224
call_transcripts,2025-04-04,134
call_transcripts,2025-04-05,85
call_transcripts,2025-04-06,107
call_transcripts,2025-04-07,176
call_transcripts,2025-04-08,220
call_transcripts,2025-04-09,143
call_transcripts,2025-04-10,207
call_transcripts,2025-04-11,152
call_transcripts,2025-04-12,82
call_transcripts,2025-04-13,70
call_transcripts,2025-04-14,194
call_transcripts,2025-04-15,161
call_transcripts,2025-04-16,194
call_transcripts,2025-04-17,162
call_transcripts,2025-04-18,154
call_transcripts,2025-04-19,112
call_transcripts,2025-04-20,75
call_transcripts,2025-04-21,165
call_transcripts,2025-04-22,214
call_transcripts,2025-04-23,158
call_transcripts,2025-04-24,217
call_transcripts,2025-04-25,204
call_transcripts,2025-04-26,92
call_transcripts,2025-04-27,94
call_transcripts,2025-04-28,202
call_transcripts,2025-04-29,166
call_transcripts,2025-04-30,181
call_transcripts,2025-05-01,190
call_transcripts,2025-05-02,175
call_transcripts,2025-05-03,84
call_transcripts,2025-05-04,65
call_transcripts,2025-05-05,215
call_transcripts,2025-05-06,171
call_transcripts,2025-05-07,162
call_transcripts,2025-05-08,149
call_transcripts,2025-05-09,171
call_transcripts,2025-05-10,83
call_transcripts,2025-05-11,103
call_transcripts,2025-05-12,199
call_transcripts,2025-05-13,172
call_transcripts,2025-05-14,177
call_transcripts,2025-05-15,228
call_transcripts,2025-05-16,167
call_transcripts,2025-05-17,72
call_transcripts,2025-05-18,76
call_transcripts,2025-05-19,172
call_transcripts,2025-05-20,170
call_transcripts,2025-05-21,190
call_transcripts,2025-05-22,208
call_transcripts,2025-05-23,199
call_transcripts,2025-05-24,111
call_transcripts,2025-05-25,115
call_transcripts,2025-05-26,206
call_transcripts,2025-05-27,208
call_transcripts,2025-05-28,183
call_transcripts,2025-05-29,180
call_transcripts,2025-05-30,165
call_transcripts,2025-05-31,99
call_transcripts,2025-06-01,91
call_transcripts,2025-06-02,177
call_transcripts,2025-06-03,160
call_transcripts,2025-06-04,156
call_transcripts,2025-06-05,173
call_transcripts,2025-06-06,168
call_transcripts,2025-06-07,96
call_transcripts,2025-06-08,102
call_transcripts,2025-06-09,148
call_transcripts,2025-06-10,218
call_transcripts,2025-06-11,180
call_transcripts,2025-06-12,190
call_transcripts,2025-06-13,204
call_transcripts,2025-06-14,73
call_transcripts,2025-06-15,68
call_transcripts,2025-06-16,171
call_transcripts,2025-06-17,145
call_transcripts,2025-06-18,191
call_transcripts,2025-06-19,220
call_transcripts,2025-06-20,228
call_transcripts,2025-06-21,75
call_transcripts,2025-06-22,83
call_transcripts,2025-06-23,200
call_transcripts,2025-06-24,156
call_transcripts,2025-06-25,201
call_transcripts,2025-06-26,168
call_transcripts,2025-06-27,210
call_transcripts,2025-06-28,90
call_transcripts,2025-06-29,84
call_transcripts,2025-06-30,155
call_transcripts,2025-07-01,179
call_transcripts,2025-07-02,194
call_transcripts,2025-07-03,162
call_transcripts,2025-07-04,169
call_transcripts,2025-07-05,79
call_transcripts,2025-07-06,84
call_transcripts,2025-07-07,212
call_transcripts,2025-07-08,156
call_transcripts,2025-07-09,190
call_transcripts,2025-07-10,161
call_transcripts,2025-07-11,208
call_transcripts,2025-07-12,81
call_transcripts,2025-07-13,102
call_transcripts,2025-07-14,157
call_transcripts,2025-07-15,210
call_transcripts,2025-07-16,220
call_transcripts,2025-07-17,184
call_transcripts,2025-07-18,178
call_transcripts,2025-07-19,81
call_transcripts,2025-07-20,83
call_transcripts,2025-07-21,155
call_transcripts,2025-07-22,218
call_transcripts,2025-07-23,189
call_transcripts,2025-07-24,212
call_transcripts,2025-07-25,217
call_transcripts,2025-07-26,106
call_transcripts,2025-07-27,97
call_transcripts,2025-07-28,168
call_transcripts,2025-07-29,193
call_transcripts,2025-07-30,156
call_transcripts,2025-07-31,164
call_transcripts,2025-08-01,158
call_transcripts,2025-08-02,111
call_transcripts,2025-08-03,90
call_transcripts,2025-08-04,158
call_transcripts,2025-08-05,211
call_transcripts,2025-08-06,219
call_transcripts,2025-08-07,188
call_transcripts,2025-08-08,162
call_transcripts,2025-08-09,98
call_transcripts,2025-08-10,97
call_transcripts,2025-08-11,183
call_transcripts,2025-08-12,177
call_transcripts,2025-08-13,156
call_transcripts,2025-08-14,145
call_transcripts,2025-08-15,179
call_transcripts,2025-08-16,96
call_transcripts,2025-08-17,80
call_transcripts,2025-08-18,202
call_transcripts,2025-08-19,137
call_transcripts,2025-08-20,202
call_transcripts,2025-08-21,192
call_transcripts,2025-08-22,217
call_transcripts,2025-08-23,80
call_transcripts,2025-08-24,82
call_transcripts,2025-08-25,169
call_transcripts,2025-08-26,222
call_transcripts,2025-08-27,212
call_transcripts,2025-08-28,185
call_transcripts,2025-08-29,166
call_transcripts,2025-08-30,77
call_transcripts,2025-08-31,88
call_transcripts,2025-09-01,172
call_transcripts,2025-09-02,167
call_transcripts,2025-09-03,192
call_transcripts,2025-09-04,186
call_transcripts,2025-09-05,184
call_transcripts,2025-09-06,86
call_transcripts,2025-09-07,74
call_transcripts,2025-09-08,159
call_transcripts,2025-09-09,205
call_transcripts,2025-09-10,168
call_transcripts,2025-09-11,180
call_transcripts,2025-09-12,163
call_transcripts,2025-09-13,87
call_transcripts,2025-09-14,86
call_transcripts,2025-09-15,145
call_transcripts,2025-09-16,174
call_transcripts,2025-09-17,213
call_transcripts,2025-09-18,200
call_transcripts,2025-09-19,181
call_transcripts,2025-09-20,88
call_transcripts,2025-09-21,94
call_transcripts,2025-09-22,207
call_transcripts,2025-09-23,207
call_transcripts,2025-09-24,201
call_transcripts,2025-09-25,214
call_transcripts,2025-09-26,192
call_transcripts,2025-09-27,92
call_transcripts,2025-09-28,76
call_transcripts,2025-09-29,210
call_transcripts,2025-09-30,142
call_transcripts,2025-10-01,117
call_transcripts,2025-10-02,194
call_transcripts,2025-10-03,190
call_transcripts,2025-10-04,96
call_transcripts,2025-10-05,112
call_transcripts,2025-10-06,212
call_transcripts,2025-10-07,183
call_transcripts,2025-10-08,183
call_transcripts,2025-10-09,145
call_transcripts,2025-10-10,185
call_transcripts,2025-10-11,89
call_transcripts,2025-10-12,81
call_transcripts,2025-10-13,224
call_transcripts,2025-10-14,170
call_transcripts,2025-10-15,204
call_transcripts,2025-10-16,214
call_transcripts,2025-10-17,168
call_transcripts,2025-10-18,97
call_transcripts,2025-10-19,86
call_transcripts,2025-10-20,208
call_transcripts,2025-10-21,168
call_transcripts,2025-10-22,155
call_transcripts,2025-10-23,190
call_transcripts,2025-10-24,166
call_transcripts,2025-10-25,72
call_transcripts,2025-10-26,66
call_transcripts,2025-10-27,152
call_transcripts,2025-10-28,129
call_transcripts,2025-10-29,165
call_transcripts,2025-10-30,175
call_transcripts,2025-10-31,150
call_transcripts,2025-11-01,80
call_transcripts,2025-11-02,71
call_transcripts,2025-11-03,195
call_transcripts,2025-11-04,175
call_transcripts,2025-11-05,171
call_transcripts,2025-11-06,183
call_transcripts,2025-11-07,193
call_transcripts,2025-11-08,98
call_transcripts,2025-11-09,87
call_transcripts,2025-11-10,148
call_transcripts,2025-11-11,206
call_transcripts,2025-11-12,176
call_transcripts,2025-11-13,212
call_transcripts,2025-11-14,167
call_transcripts,2025-11-15,76
call_transcripts,2025-11-16,67
call_transcripts,2025-11-17,185
call_transcripts,2025-11-18,224
call_transcripts,2025-11-19,205
call_transcripts,2025-11-20,186
call_transcripts,2025-11-21,214
call_transcripts,2025-11-22,92
call_transcripts,2025-11-23,92
call_transcripts,2025-11-24,208
call_transcripts,2025-11-25,195
call_transcripts,2025-11-26,229
call_transcripts,2025-11-27,160
call_transcripts,2025-11-28,168
call_transcripts,2025-11-29,97
call_transcripts,2025-11-30,94
call_transcripts,2025-12-01,169
call_transcripts,2025-12-02,209
call_transcripts,2025-12-03,140
call_transcripts,2025-12-04,192
call_transcripts,2025-12-05,186
call_transcripts,2025-12-06,87
call_transcripts,2025-12-07,75
call_transcripts,2025-12-08,193
call_transcripts,2025-12-09,210
call_transcripts,2025-12-10,193
call_transcripts,2025-12-11,201
call_transcripts,2025-12-12,178
call_transcripts,2025-12-13,94
call_transcripts,2025-12-14,84
call_transcripts,2025-12-15,175
call_transcripts,2025-12-16,206
call_transcripts,2025-12-17,147
call_transcripts,2025-12-18,203
call_transcripts,2025-12-19,174
call_transcripts,2025-12-20,95
call_transcripts,2025-12-21,96
call_transcripts,2025-12-22,182
call_transcripts,2025-12-23,227
call_transcripts,2025-12-24,166
call_transcripts,2025-12-25,152
call_transcripts,2025-12-26,196
call_transcripts,2025-12-27,78
call_transcripts,2025-12-28,92
call_transcripts,2025-12-29,187
call_transcripts,2025-12-30,171
call_transcripts,2025-12-31,224
call_transcripts,2026-01-01,200
call_transcripts,2026-01-02,137
call_transcripts,2026-01-03,105
call_transcripts,2026-01-04,101
call_transcripts,2026-01-05,145
call_transcripts,2026-01-06,157
call_transcripts,2026-01-07,178
call_transcripts,2026-01-08,155
call_transcripts,2026-01-09,160
call_transcripts,2026-01-10,73
call_transcripts,2026-01-11,72
call_transcripts,2026-01-12,165
call_transcripts,2026-01-13,145
call_transcripts,2026-01-14,168
call_transcripts,2026-01-15,217
call_transcripts,2026-01-16,178
call_transcripts,2026-01-17,94
call_transcripts,2026-01-18,82
call_transcripts,2026-01-19,205
call_transcripts,2026-01-20,198
call_transcripts,2026-01-21,189
call_transcripts,2026-01-22,218
call_transcripts,2026-01-23,166
call_transcripts,2026-01-24,80
call_transcripts,2026-01-25,71
call_transcripts,2026-01-26,216
call_transcripts,2026-01-27,183
call_transcripts,2026-01-28,143
call_transcripts,2026-01-29,162
call_transcripts,2026-01-30,196
call_transcripts,2026-01-31,79
call_transcripts,2026-02-01,100
call_transcripts,2026-02-02,165
call_transcripts,2026-02-03,182
call_transcripts,2026-02-04,135
call_transcripts,2026-02-05,209
call_transcripts,2026-02-06,193
call_transcripts,2026-02-07,107
call_transcripts,2026-02-08,99
call_transcripts,2026-02-09,163
call_transcripts,2026-02-10,186
call_transcripts,2026-02-11,214
call_transcripts,2026-02-12,149
call_transcripts,2026-02-13,208
call_transcripts,2026-02-14,98
call_transcripts,2026-02-15,90
call_transcripts,2026-02-16,158
call_transcripts,2026-02-17,152
call_transcripts,2026-02-18,169
call_transcripts,2026-02-19,166
call_transcripts,2026-02-20,163
call_transcripts,2026-02-21,107
call_transcripts,2026-02-22,89
call_transcripts,2026-02-23,204
call_transcripts,2026-02-24,215
call_transcripts,2026-02-25,230
call_transcripts,2026-02-26,205
call_transcripts,2026-02-27,228
call_transcripts,2026-02-28,95
call_transcripts,2026-03-01,108
call_transcripts,2026-03-02,213
call_transcripts,2026-03-03,183
call_transcripts,2026-03-04,227
call_transcripts,2026-03-05,217
call_transcripts,2026-03-06,178
call_transcripts,2026-03-07,83
call_transcripts,2026-03-08,122
call_transcripts,2026-03-09,194
call_transcripts,2026-03-10,152
call_transcripts,2026-03-11,230
call_transcripts,2026-03-12,236
call_transcripts,2026-03-13,201
call_transcripts,2026-03-14,93
call_transcripts,2026-03-15,98
call_transcripts,2026-03-16,213
call_transcripts,2026-03-17,187
call_transcripts,2026-03-18,186
call_transcripts,2026-03-19,178
call_transcripts,2026-03-20,207
call_transcripts,2026-03-21,88
call_transcripts,2026-03-22,94
call_transcripts,2026-03-23,205
call_transcripts,2026-03-24,180
call_transcripts,2026-03-25,208
call_transcripts,2026-03-26,203
call_transcripts,2026-03-27,145
call_transcripts,2026-03-28,104
call_transcripts,2026-03-29,106
call_transcripts,2026-03-30,207
call_transcripts,2026-03-31,195
call_transcripts,2026-04-01,180
call_transcripts,2026-04-02,206
call_transcripts,2026-04-03,135
call_transcripts,2026-04-04,99
call_transcripts,2026-04-05,98
call_transcripts,2026-04-06,128
call_transcripts,2026-04-07,207
call_transcripts,2026-04-08,158
call_transcripts,2026-04-09,168
call_transcripts,2026-04-10,183
call_transcripts,2026-04-11,110
call_transcripts,2026-04-12,82
call_transcripts,2026-04-13,191
call_transcripts,2026-04-14,205
call_transcripts,2026-04-15,167
call_transcripts,2026-04-16,141
call_transcripts,2026-04-17,178
call_transcripts,2026-04-18,114
call_transcripts,2026-04-19,67
call_transcripts,2026-04-20,218
call_transcripts,2026-04-21,145
call_transcripts,2026-04-22,213
call_transcripts,2026-04-23,186
call_transcripts,2026-04-24,196
call_transcripts,2026-04-25,99
call_transcripts,2026-04-26,103
call_transcripts,2026-04-27,191
call_transcripts,2026-04-28,188
call_transcripts,2026-04-29,201
call_transcripts,2026-04-30,183
call_transcripts,2026-05-01,153
call_transcripts,2026-05-02,101
call_transcripts,2026-05-03,93
call_transcripts,2026-05-04,176
call_transcripts,2026-05-05,213
call_transcripts,2026-05-06,170
call_transcripts,2026-05-07,154
call_transcripts,2026-05-08,214
call_transcripts,2026-05-09,101
call_transcripts,2026-05-10,98
call_transcripts,2026-05-11,167
call_transcripts,2026-05-12,174
call_transcripts,2026-05-13,178
call_transcripts,2026-05-14,160
call_transcripts,2026-05-15,199
call_transcripts,2026-05-16,91
call_transcripts,2026-05-17,102
call_transcripts,2026-05-18,141
call_transcripts,2026-05-19,165
call_transcripts,2026-05-20,202
call_transcripts,2026-05-21,165
call_transcripts,2026-05-22,159
call_transcripts,2026-05-23,89
call_transcripts,2026-05-24,96
call_transcripts,2026-05-25,197
call_transcripts,2026-05-26,181
call_transcripts,2026-05-27,209
call_transcripts,2026-05-28,156
call_transcripts,2026-05-29,188
call_transcripts,2026-05-30,81
call_transcripts,2026-05-31,97
call_transcripts,2026-06-01,222
call_transcripts,2026-06-02,180
call_transcripts,2026-06-03,148
call_transcripts,2026-06-04,163
call_transcripts,2026-06-05,150
call_transcripts,2026-06-06,104
call_transcripts,2026-06-07,95
call_transcripts,2026-06-08,229
call_transcripts,2026-06-09,160
call_transcripts,2026-06-10,204
call_transcripts,2026-06-11,200
call_transcripts,2026-06-12,167
call_transcripts,2026-06-13,96
call_transcripts,2026-06-14,83
call_transcripts,2026-06-15,229
call_transcripts,2026-06-16,203
call_transcripts,2026-06-17,151
complaints,2023-06-17,23
complaints,2023-06-18,43
complaints,2023-06-19,51
complaints,2023-06-20,72
complaints,2023-06-21,69
complaints,2023-06-22,72
complaints,2023-06-23,63
complaints,2023-06-24,33
complaints,2023-06-25,36
complaints,2023-06-26,51
complaints,2023-06-27,59
complaints,2023-06-28,73
complaints,2023-06-29,75
complaints,2023-06-30,76
complaints,2023-07-01,56
complaints,2023-07-02,38
complaints,2023-07-03,51
complaints,2023-07-04,67
complaints,2023-07-05,80
complaints,2023-07-06,68
complaints,2023-07-07,74
complaints,2023-07-08,42
complaints,2023-07-09,40
complaints,2023-07-10,48
complaints,2023-07-11,73
complaints,2023-07-12,71
complaints,2023-07-13,76
complaints,2023-07-14,69
complaints,2023-07-15,46
complaints,2023-07-16,33
complaints,2023-07-17,54
complaints,2023-07-18,76
complaints,2023-07-19,64
complaints,2023-07-20,84
complaints,2023-07-21,74
complaints,2023-07-22,58
complaints,2023-07-23,38
complaints,2023-07-24,50
complaints,2023-07-25,78
complaints,2023-07-26,76
complaints,2023-07-27,79
complaints,2023-07-28,69
complaints,2023-07-29,60
complaints,2023-07-30,26
complaints,2023-07-31,65
complaints,2023-08-01,72
complaints,2023-08-02,71
complaints,2023-08-03,61
complaints,2023-08-04,83
complaints,2023-08-05,41
complaints,2023-08-06,35
complaints,2023-08-07,51
complaints,2023-08-08,65
complaints,2023-08-09,86
complaints,2023-08-10,84
complaints,2023-08-11,76
complaints,2023-08-12,59
complaints,2023-08-13,36
complaints,2023-08-14,60
complaints,2023-08-15,67
complaints,2023-08-16,82
complaints,2023-08-17,65
complaints,2023-08-18,57
complaints,2023-08-19,45
complaints,2023-08-20,36
complaints,2023-08-21,52
complaints,2023-08-22,64
complaints,2023-08-23,80
complaints,2023-08-24,52
complaints,2023-08-25,80
complaints,2023-08-26,53
complaints,2023-08-27,37
complaints,2023-08-28,54
complaints,2023-08-29,81
complaints,2023-08-30,63
complaints,2023-08-31,67
complaints,2023-09-01,53
complaints,2023-09-02,40
complaints,2023-09-03,46
complaints,2023-09-04,53
complaints,2023-09-05,78
complaints,2023-09-06,64
complaints,2023-09-07,69
complaints,2023-09-08,60
complaints,2023-09-09,48
complaints,2023-09-10,37
complaints,2023-09-11,52
complaints,2023-09-12,83
complaints,2023-09-13,64
complaints,2023-09-14,70
complaints,2023-09-15,62
complaints,2023-09-16,59
complaints,2023-09-17,35
complaints,2023-09-18,66
complaints,2023-09-19,68
complaints,2023-09-20,79
complaints,2023-09-21,70
complaints,2023-09-22,84
complaints,2023-09-23,45
complaints,2023-09-24,39
complaints,2023-09-25,55
complaints,2023-09-26,61
complaints,2023-09-27,72
complaints,2023-09-28,73
complaints,2023-09-29,69
complaints,2023-09-30,57
complaints,2023-10-01,36
complaints,2023-10-02,56
complaints,2023-10-03,63
complaints,2023-10-04,68
complaints,2023-10-05,65
complaints,2023-10-06,68
complaints,2023-10-07,46
complaints,2023-10-08,37
complaints,2023-10-09,65
complaints,2023-10-10,84
complaints,2023-10-11,68
complaints,2023-10-12,75
complaints,2023-10-13,72
complaints,2023-10-14,48
complaints,2023-10-15,35
complaints,2023-10-16,54
complaints,2023-10-17,78
complaints,2023-10-18,72
complaints,2023-10-19,59
complaints,2023-10-20,76
complaints,2023-10-21,55
complaints,2023-10-22,36
complaints,2023-10-23,57
complaints,2023-10-24,60
complaints,2023-10-25,72
complaints,2023-10-26,81
complaints,2023-10-27,65
complaints,2023-10-28,40
complaints,2023-10-29,32
complaints,2023-10-30,63
complaints,2023-10-31,86
complaints,2023-11-01,59
complaints,2023-11-02,78
complaints,2023-11-03,64
complaints,2023-11-04,59
complaints,2023-11-05,28
complaints,2023-11-06,56
complaints,2023-11-07,67
complaints,2023-11-08,68
complaints,2023-11-09,73
complaints,2023-11-10,76
complaints,2023-11-11,42
complaints,2023-11-12,32
complaints,2023-11-13,63
complaints,2023-11-14,72
complaints,2023-11-15,67
complaints,2023-11-16,54
complaints,2023-11-17,79
complaints,2023-11-18,46
complaints,2023-11-19,32
complaints,2023-11-20,67
complaints,2023-11-21,73
complaints,2023-11-22,61
complaints,2023-11-23,85
complaints,2023-11-24,75
complaints,2023-11-25,48
complaints,2023-11-26,28
complaints,2023-11-27,61
complaints,2023-11-28,74
complaints,2023-11-29,76
complaints,2023-11-30,72
complaints,2023-12-01,69
complaints,2023-12-02,44
complaints,2023-12-03,39
complaints,2023-12-04,46
complaints,2023-12-05,86
complaints,2023-12-06,68
complaints,2023-12-07,59
complaints,2023-12-08,81
complaints,2023-12-09,55
complaints,2023-12-10,37
complaints,2023-12-11,70
complaints,2023-12-12,81
complaints,2023-12-13,82
complaints,2023-12-14,70
complaints,2023-12-15,88
complaints,2023-12-16,41
complaints,2023-12-17,39
complaints,2023-12-18,64
complaints,2023-12-19,77
complaints,2023-12-20,86
complaints,2023-12-21,72
complaints,2023-12-22,77
complaints,2023-12-23,58
complaints,2023-12-24,31
complaints,2023-12-25,70
complaints,2023-12-26,69
complaints,2023-12-27,78
complaints,2023-12-28,69
complaints,2023-12-29,69
complaints,2023-12-30,52
complaints,2023-12-31,27
complaints,2024-01-01,58
complaints,2024-01-02,66
complaints,2024-01-03,68
complaints,2024-01-04,53
complaints,2024-01-05,70
complaints,2024-01-06,50
complaints,2024-01-07,36
complaints,2024-01-08,65
complaints,2024-01-09,70
complaints,2024-01-10,83
complaints,2024-01-11,85
complaints,2024-01-12,60
complaints,2024-01-13,56
complaints,2024-01-14,33
complaints,2024-01-15,52
complaints,2024-01-16,83
complaints,2024-01-17,62
complaints,2024-01-18,54
complaints,2024-01-19,62
complaints,2024-01-20,44
complaints,2024-01-21,33
complaints,2024-01-22,68
complaints,2024-01-23,72
complaints,2024-01-24,75
complaints,2024-01-25,87
complaints,2024-01-26,63
complaints,2024-01-27,48
complaints,2024-01-28,37
complaints,2024-01-29,52
complaints,2024-01-30,65
complaints,2024-01-31,77
complaints,2024-02-01,78
complaints,2024-02-02,76
complaints,2024-02-03,32
complaints,2024-02-04,44
complaints,2024-02-05,64
complaints,2024-02-06,70
complaints,2024-02-07,70
complaints,2024-02-08,65
complaints,2024-02-09,63
complaints,2024-02-10,54
complaints,2024-02-11,29
complaints,2024-02-12,52
complaints,2024-02-13,73
complaints,2024-02-14,70
complaints,2024-02-15,67
complaints,2024-02-16,59
complaints,2024-02-17,53
complaints,2024-02-18,40
complaints,2024-02-19,51
complaints,2024-02-20,66
complaints,2024-02-21,74
complaints,2024-02-22,73
complaints,2024-02-23,56
complaints,2024-02-24,45
complaints,2024-02-25,34
complaints,2024-02-26,64
complaints,2024-02-27,71
complaints,2024-02-28,72
complaints,2024-02-29,61
complaints,2024-03-01,81
complaints,2024-03-02,47
complaints,2024-03-03,43
complaints,2024-03-04,56
complaints,2024-03-05,74
complaints,2024-03-06,70
complaints,2024-03-07,89
complaints,2024-03-08,64
complaints,2024-03-09,40
complaints,2024-03-10,42
complaints,2024-03-11,71
complaints,2024-03-12,81
complaints,2024-03-13,72
complaints,2024-03-14,75
complaints,2024-03-15,67
complaints,2024-03-16,51
complaints,2024-03-17,39
complaints,2024-03-18,43
complaints,2024-03-19,80
complaints,2024-03-20,69
complaints,2024-03-21,73
complaints,2024-03-22,77
complaints,2024-03-23,51
complaints,2024-03-24,32
complaints,2024-03-25,56
complaints,2024-03-26,66
complaints,2024-03-27,81
complaints,2024-03-28,73
complaints,2024-03-29,82
complaints,2024-03-30,46
complaints,2024-03-31,34
complaints,2024-04-01,60
complaints,2024-04-02,70
complaints,2024-04-03,82
complaints,2024-04-04,75
complaints,2024-04-05,84
complaints,2024-04-06,53
complaints,2024-04-07,31
complaints,2024-04-08,73
complaints,2024-04-09,67
complaints,2024-04-10,80
complaints,2024-04-11,74
complaints,2024-04-12,77
complaints,2024-04-13,48
complaints,2024-04-14,31
complaints,2024-04-15,59
complaints,2024-04-16,63
complaints,2024-04-17,68
complaints,2024-04-18,68
complaints,2024-04-19,77
complaints,2024-04-20,38
complaints,2024-04-21,36
complaints,2024-04-22,54
complaints,2024-04-23,65
complaints,2024-04-24,72
complaints,2024-04-25,82
complaints,2024-04-26,69
complaints,2024-04-27,49
complaints,2024-04-28,39
complaints,2024-04-29,58
complaints,2024-04-30,65
complaints,2024-05-01,62
complaints,2024-05-02,64
complaints,2024-05-03,65
complaints,2024-05-04,45
complaints,2024-05-05,27
complaints,2024-05-06,54
complaints,2024-05-07,68
complaints,2024-05-08,61
complaints,2024-05-09,75
complaints,2024-05-10,70
complaints,2024-05-11,54
complaints,2024-05-12,42
complaints,2024-05-13,63
complaints,2024-05-14,80
complaints,2024-05-15,61
complaints,2024-05-16,66
complaints,2024-05-17,70
complaints,2024-05-18,51
complaints,2024-05-19,33
complaints,2024-05-20,49
complaints,2024-05-21,58
complaints,2024-05-22,63
complaints,2024-05-23,77
complaints,2024-05-24,73
complaints,2024-05-25,38
complaints,2024-05-26,39
complaints,2024-05-27,46
complaints,2024-05-28,67
complaints,2024-05-29,64
complaints,2024-05-30,68
complaints,2024-05-31,69
complaints,2024-06-01,46
complaints,2024-06-02,40
complaints,2024-06-03,56
complaints,2024-06-04,82
complaints,2024-06-05,62
complaints,2024-06-06,73
complaints,2024-06-07,74
complaints,2024-06-08,45
complaints,2024-06-09,36
complaints,2024-06-10,64
complaints,2024-06-11,75
complaints,2024-06-12,62
complaints,2024-06-13,74
complaints,2024-06-14,81
complaints,2024-06-15,60
complaints,2024-06-16,37
complaints,2024-06-17,54
complaints,2024-06-18,64
complaints,2024-06-19,63
complaints,2024-06-20,63
complaints,2024-06-21,83
complaints,2024-06-22,46
complaints,2024-06-23,42
complaints,2024-06-24,58
complaints,2024-06-25,76
complaints,2024-06-26,71
complaints,2024-06-27,66
complaints,2024-06-28,83
complaints,2024-06-29,53
complaints,2024-06-30,44
complaints,2024-07-01,69
complaints,2024-07-02,76
complaints,2024-07-03,72
complaints,2024-07-04,63
complaints,2024-07-05,81
complaints,2024-07-06,47
complaints,2024-07-07,37
complaints,2024-07-08,59
complaints,2024-07-09,63
complaints,2024-07-10,65
complaints,2024-07-11,83
complaints,2024-07-12,65
complaints,2024-07-13,36
complaints,2024-07-14,36
complaints,2024-07-15,66
complaints,2024-07-16,69
complaints,2024-07-17,73
complaints,2024-07-18,74
complaints,2024-07-19,68
complaints,2024-07-20,39
complaints,2024-07-21,33
complaints,2024-07-22,58
complaints,2024-07-23,77
complaints,2024-07-24,63
complaints,2024-07-25,68
complaints,2024-07-26,74
complaints,2024-07-27,38
complaints,2024-07-28,49
complaints,2024-07-29,53
complaints,2024-07-30,78
complaints,2024-07-31,69
complaints,2024-08-01,71
complaints,2024-08-02,75
complaints,2024-08-03,50
complaints,2024-08-04,45
complaints,2024-08-05,61
complaints,2024-08-06,55
complaints,2024-08-07,67
complaints,2024-08-08,86
complaints,2024-08-09,71
complaints,2024-08-10,51
complaints,2024-08-11,42
complaints,2024-08-12,51
complaints,2024-08-13,74
complaints,2024-08-14,75
complaints,2024-08-15,59
complaints,2024-08-16,62
complaints,2024-08-17,49
complaints,2024-08-18,41
complaints,2024-08-19,67
complaints,2024-08-20,71
complaints,2024-08-21,59
complaints,2024-08-22,78
complaints,2024-08-23,64
complaints,2024-08-24,45
complaints,2024-08-25,36
complaints,2024-08-26,55
complaints,2024-08-27,64
complaints,2024-08-28,77
complaints,2024-08-29,71
complaints,2024-08-30,75
complaints,2024-08-31,40
complaints,2024-09-01,34
complaints,2024-09-02,59
complaints,2024-09-03,77
complaints,2024-09-04,61
complaints,2024-09-05,81
complaints,2024-09-06,66
complaints,2024-09-07,45
complaints,2024-09-08,34
complaints,2024-09-09,69
complaints,2024-09-10,78
complaints,2024-09-11,88
complaints,2024-09-12,66
complaints,2024-09-13,64
complaints,2024-09-14,49
complaints,2024-09-15,37
complaints,2024-09-16,58
complaints,2024-09-17,58
complaints,2024-09-18,89
complaints,2024-09-19,72
complaints,2024-09-20,69
complaints,2024-09-21,54
complaints,2024-09-22,37
complaints,2024-09-23,64
complaints,2024-09-24,71
complaints,2024-09-25,67
complaints,2024-09-26,81
complaints,2024-09-27,79
complaints,2024-09-28,47
complaints,2024-09-29,33
complaints,2024-09-30,48
complaints,2024-10-01,66
complaints,2024-10-02,82
complaints,2024-10-03,80
complaints,2024-10-04,72
complaints,2024-10-05,48
complaints,2024-10-06,34
complaints,2024-10-07,49
complaints,2024-10-08,64
complaints,2024-10-09,67
complaints,2024-10-10,75
complaints,2024-10-11,81
complaints,2024-10-12,38
complaints,2024-10-13,37
complaints,2024-10-14,52
complaints,2024-10-15,63
complaints,2024-10-16,69
complaints,2024-10-17,77
complaints,2024-10-18,77
complaints,2024-10-19,50
complaints,2024-10-20,35
complaints,2024-10-21,47
complaints,2024-10-22,66
complaints,2024-10-23,64
complaints,2024-10-24,56
complaints,2024-10-25,69
complaints,2024-10-26,60
complaints,2024-10-27,35
complaints,2024-10-28,55
complaints,2024-10-29,78
complaints,2024-10-30,70
complaints,2024-10-31,67
complaints,2024-11-01,74
complaints,2024-11-02,43
complaints,2024-11-03,40
complaints,2024-11-04,51
complaints,2024-11-05,61
complaints,2024-11-06,76
complaints,2024-11-07,80
complaints,2024-11-08,61
complaints,2024-11-09,48
complaints,2024-11-10,33
complaints,2024-11-11,69
complaints,2024-11-12,72
complaints,2024-11-13,78
complaints,2024-11-14,55
complaints,2024-11-15,72
complaints,2024-11-16,53
complaints,2024-11-17,43
complaints,2024-11-18,62
complaints,2024-11-19,73
complaints,2024-11-20,78
complaints,2024-11-21,78
complaints,2024-11-22,75
complaints,2024-11-23,55
complaints,2024-11-24,38
complaints,2024-11-25,62
complaints,2024-11-26,89
complaints,2024-11-27,58
complaints,2024-11-28,71
complaints,2024-11-29,79
complaints,2024-11-30,51
complaints,2024-12-01,39
complaints,2024-12-02,57
complaints,2024-12-03,76
complaints,2024-12-04,61
complaints,2024-12-05,79
complaints,2024-12-06,67
complaints,2024-12-07,40
complaints,2024-12-08,38
complaints,2024-12-09,55
complaints,2024-12-10,69
complaints,2024-12-11,61
complaints,2024-12-12,70
complaints,2024-12-13,70
complaints,2024-12-14,48
complaints,2024-12-15,41
complaints,2024-12-16,58
complaints,2024-12-17,64
complaints,2024-12-18,67
complaints,2024-12-19,84
complaints,2024-12-20,56
complaints,2024-12-21,36
complaints,2024-12-22,35
complaints,2024-12-23,56
complaints,2024-12-24,79
complaints,2024-12-25,83
complaints,2024-12-26,84
complaints,2024-12-27,69
complaints,2024-12-28,42
complaints,2024-12-29,35
complaints,2024-12-30,74
complaints,2024-12-31,81
complaints,2025-01-01,77
complaints,2025-01-02,77
complaints,2025-01-03,85
complaints,2025-01-04,44
complaints,2025-01-05,34
complaints,2025-01-06,49
complaints,2025-01-07,72
complaints,2025-01-08,85
complaints,2025-01-09,68
complaints,2025-01-10,82
complaints,2025-01-11,48
complaints,2025-01-12,45
complaints,2025-01-13,56
complaints,2025-01-14,70
complaints,2025-01-15,61
complaints,2025-01-16,74
complaints,2025-01-17,69
complaints,2025-01-18,53
complaints,2025-01-19,37
complaints,2025-01-20,53
complaints,2025-01-21,73
complaints,2025-01-22,68
complaints,2025-01-23,67
complaints,2025-01-24,80
complaints,2025-01-25,54
complaints,2025-01-26,40
complaints,2025-01-27,56
complaints,2025-01-28,82
complaints,2025-01-29,83
complaints,2025-01-30,81
complaints,2025-01-31,78
complaints,2025-02-01,43
complaints,2025-02-02,38
complaints,2025-02-03,55
complaints,2025-02-04,74
complaints,2025-02-05,81
complaints,2025-02-06,64
complaints,2025-02-07,63
complaints,2025-02-08,45
complaints,2025-02-09,46
complaints,2025-02-10,57
complaints,2025-02-11,95
complaints,2025-02-12,67
complaints,2025-02-13,79
complaints,2025-02-14,76
complaints,2025-02-15,46
complaints,2025-02-16,39
complaints,2025-02-17,71
complaints,2025-02-18,62
complaints,2025-02-19,67
complaints,2025-02-20,82
complaints,2025-02-21,67
complaints,2025-02-22,46
complaints,2025-02-23,30
complaints,2025-02-24,64
complaints,2025-02-25,84
complaints,2025-02-26,70
complaints,2025-02-27,70
complaints,2025-02-28,59
complaints,2025-03-01,56
complaints,2025-03-02,30
complaints,2025-03-03,57
complaints,2025-03-04,69
complaints,2025-03-05,81
complaints,2025-03-06,65
complaints,2025-03-07,75
complaints,2025-03-08,45
complaints,2025-03-09,37
complaints,2025-03-10,48
complaints,2025-03-11,68
complaints,2025-03-12,58
complaints,2025-03-13,72
complaints,2025-03-14,68
complaints,2025-03-15,61
complaints,2025-03-16,37
complaints,2025-03-17,54
complaints,2025-03-18,65
complaints,2025-03-19,74
complaints,2025-03-20,64
complaints,2025-03-21,68
complaints,2025-03-22,45
complaints,2025-03-23,39
complaints,2025-03-24,48
complaints,2025-03-25,65
complaints,2025-03-26,71
complaints,2025-03-27,54
complaints,2025-03-28,65
complaints,2025-03-29,42
complaints,2025-03-30,34
complaints,2025-03-31,57
complaints,2025-04-01,79
complaints,2025-04-02,59
complaints,2025-04-03,74
complaints,2025-04-04,71
complaints,2025-04-05,43
complaints,2025-04-06,34
complaints,2025-04-07,53
complaints,2025-04-08,76
complaints,2025-04-09,61
complaints,2025-04-10,73
complaints,2025-04-11,59
complaints,2025-04-12,45
complaints,2025-04-13,36
complaints,2025-04-14,65
complaints,2025-04-15,78
complaints,2025-04-16,56
complaints,2025-04-17,67
complaints,2025-04-18,76
complaints,2025-04-19,62
complaints,2025-04-20,35
complaints,2025-04-21,62
complaints,2025-04-22,66
complaints,2025-04-23,63
complaints,2025-04-24,50
complaints,2025-04-25,70
complaints,2025-04-26,41
complaints,2025-04-27,34
complaints,2025-04-28,61
complaints,2025-04-29,67
complaints,2025-04-30,71
complaints,2025-05-01,73
complaints,2025-05-02,64
complaints,2025-05-03,50
complaints,2025-05-04,24
complaints,2025-05-05,65
complaints,2025-05-06,58
complaints,2025-05-07,72
complaints,2025-05-08,65
complaints,2025-05-09,61
complaints,2025-05-10,47
complaints,2025-05-11,43
complaints,2025-05-12,54
complaints,2025-05-13,61
complaints,2025-05-14,68
complaints,2025-05-15,84
complaints,2025-05-16,71
complaints,2025-05-17,51
complaints,2025-05-18,41
complaints,2025-05-19,55
complaints,2025-05-20,76
complaints,2025-05-21,58
complaints,2025-05-22,78
complaints,2025-05-23,77
complaints,2025-05-24,56
complaints,2025-05-25,37
complaints,2025-05-26,48
complaints,2025-05-27,75
complaints,2025-05-28,90
complaints,2025-05-29,73
complaints,2025-05-30,66
complaints,2025-05-31,43
complaints,2025-06-01,48
complaints,2025-06-02,52
complaints,2025-06-03,68
complaints,2025-06-04,69
complaints,2025-06-05,71
complaints,2025-06-06,68
complaints,2025-06-07,47
complaints,2025-06-08,43
complaints,2025-06-09,64
complaints,2025-06-10,80
complaints,2025-06-11,61
complaints,2025-06-12,72
complaints,2025-06-13,71
complaints,2025-06-14,45
complaints,2025-06-15,37
complaints,2025-06-16,62
complaints,2025-06-17,66
complaints,2025-06-18,81
complaints,2025-06-19,59
complaints,2025-06-20,72
complaints,2025-06-21,45
complaints,2025-06-22,41
complaints,2025-06-23,60
complaints,2025-06-24,64
complaints,2025-06-25,56
complaints,2025-06-26,78
complaints,2025-06-27,87
complaints,2025-06-28,50
complaints,2025-06-29,33
complaints,2025-06-30,68
complaints,2025-07-01,77
complaints,2025-07-02,79
complaints,2025-07-03,59
complaints,2025-07-04,75
complaints,2025-07-05,57
complaints,2025-07-06,34
complaints,2025-07-07,51
complaints,2025-07-08,61
complaints,2025-07-09,82
complaints,2025-07-10,74
complaints,2025-07-11,77
complaints,2025-07-12,47
complaints,2025-07-13,36
complaints,2025-07-14,52
complaints,2025-07-15,88
complaints,2025-07-16,91
complaints,2025-07-17,87
complaints,2025-07-18,75
complaints,2025-07-19,53
complaints,2025-07-20,32
complaints,2025-07-21,56
complaints,2025-07-22,65
complaints,2025-07-23,72
complaints,2025-07-24,62
complaints,2025-07-25,77
complaints,2025-07-26,48
complaints,2025-07-27,37
complaints,2025-07-28,65
complaints,2025-07-29,69
complaints,2025-07-30,62
complaints,2025-07-31,73
complaints,2025-08-01,73
complaints,2025-08-02,43
complaints,2025-08-03,40
complaints,2025-08-04,63
complaints,2025-08-05,69
complaints,2025-08-06,65
complaints,2025-08-07,67
complaints,2025-08-08,78
complaints,2025-08-09,52
complaints,2025-08-10,41
complaints,2025-08-11,59
complaints,2025-08-12,79
complaints,2025-08-13,62
complaints,2025-08-14,72
complaints,2025-08-15,77
complaints,2025-08-16,51
complaints,2025-08-17,38
complaints,2025-08-18,48
complaints,2025-08-19,71
complaints,2025-08-20,72
complaints,2025-08-21,77
complaints,2025-08-22,68
complaints,2025-08-23,41
complaints,2025-08-24,35
complaints,2025-08-25,67
complaints,2025-08-26,73
complaints,2025-08-27,77
complaints,2025-08-28,61
complaints,2025-08-29,92
complaints,2025-08-30,53
complaints,2025-08-31,42
complaints,2025-09-01,55
complaints,2025-09-02,66
complaints,2025-09-03,59
complaints,2025-09-04,77
complaints,2025-09-05,64
complaints,2025-09-06,43
complaints,2025-09-07,36
complaints,2025-09-08,62
complaints,2025-09-09,56
complaints,2025-09-10,82
complaints,2025-09-11,85
complaints,2025-09-12,55
complaints,2025-09-13,50
complaints,2025-09-14,30
complaints,2025-09-15,63
complaints,2025-09-16,52
complaints,2025-09-17,72
complaints,2025-09-18,64
complaints,2025-09-19,63
complaints,2025-09-20,54
complaints,2025-09-21,38
complaints,2025-09-22,44
complaints,2025-09-23,53
complaints,2025-09-24,77
complaints,2025-09-25,60
complaints,2025-09-26,78
complaints,2025-09-27,50
complaints,2025-09-28,39
complaints,2025-09-29,67
complaints,2025-09-30,71
complaints,2025-10-01,77
complaints,2025-10-02,66
complaints,2025-10-03,70
complaints,2025-10-04,49
complaints,2025-10-05,37
complaints,2025-10-06,63
complaints,2025-10-07,89
complaints,2025-10-08,75
complaints,2025-10-09,73
complaints,2025-10-10,70
complaints,2025-10-11,58
complaints,2025-10-12,32
complaints,2025-10-13,44
complaints,2025-10-14,73
complaints,2025-10-15,71
complaints,2025-10-16,76
complaints,2025-10-17,81
complaints,2025-10-18,38
complaints,2025-10-19,40
complaints,2025-10-20,61
complaints,2025-10-21,89
complaints,2025-10-22,66
complaints,2025-10-23,84
complaints,2025-10-24,62
complaints,2025-10-25,47
complaints,2025-10-26,35
complaints,2025-10-27,57
complaints,2025-10-28,69
complaints,2025-10-29,73
complaints,2025-10-30,73
complaints,2025-10-31,74
complaints,2025-11-01,57
complaints,2025-11-02,33
complaints,2025-11-03,56
complaints,2025-11-04,80
complaints,2025-11-05,83
complaints,2025-11-06,75
complaints,2025-11-07,73
complaints,2025-11-08,43
complaints,2025-11-09,39
complaints,2025-11-10,58
complaints,2025-11-11,70
complaints,2025-11-12,74
complaints,2025-11-13,62
complaints,2025-11-14,78
complaints,2025-11-15,54
complaints,2025-11-16,36
complaints,2025-11-17,63
complaints,2025-11-18,90
complaints,2025-11-19,72
complaints,2025-11-20,63
complaints,2025-11-21,61
complaints,2025-11-22,48
complaints,2025-11-23,26
complaints,2025-11-24,53
complaints,2025-11-25,69
complaints,2025-11-26,82
complaints,2025-11-27,62
complaints,2025-11-28,72
complaints,2025-11-29,42
complaints,2025-11-30,32
complaints,2025-12-01,60
complaints,2025-12-02,74
complaints,2025-12-03,79
complaints,2025-12-04,60
complaints,2025-12-05,70
complaints,2025-12-06,47
complaints,2025-12-07,39
complaints,2025-12-08,61
complaints,2025-12-09,50
complaints,2025-12-10,68
complaints,2025-12-11,65
complaints,2025-12-12,76
complaints,2025-12-13,50
complaints,2025-12-14,42
complaints,2025-12-15,47
complaints,2025-12-16,90
complaints,2025-12-17,67
complaints,2025-12-18,88
complaints,2025-12-19,75
complaints,2025-12-20,48
complaints,2025-12-21,35
complaints,2025-12-22,59
complaints,2025-12-23,86
complaints,2025-12-24,63
complaints,2025-12-25,69
complaints,2025-12-26,63
complaints,2025-12-27,49
complaints,2025-12-28,33
complaints,2025-12-29,53
complaints,2025-12-30,78
complaints,2025-12-31,84
complaints,2026-01-01,65
complaints,2026-01-02,72
complaints,2026-01-03,51
complaints,2026-01-04,37
complaints,2026-01-05,66
complaints,2026-01-06,81
complaints,2026-01-07,72
complaints,2026-01-08,70
complaints,2026-01-09,71
complaints,2026-01-10,47
complaints,2026-01-11,43
complaints,2026-01-12,49
complaints,2026-01-13,64
complaints,2026-01-14,74
complaints,2026-01-15,65
complaints,2026-01-16,82
complaints,2026-01-17,49
complaints,2026-01-18,32
complaints,2026-01-19,55
complaints,2026-01-20,88
complaints,2026-01-21,83
complaints,2026-01-22,71
complaints,2026-01-23,59
complaints,2026-01-24,51
complaints,2026-01-25,28
complaints,2026-01-26,71
complaints,2026-01-27,80
complaints,2026-01-28,81
complaints,2026-01-29,68
complaints,2026-01-30,65
complaints,2026-01-31,49
complaints,2026-02-01,37
complaints,2026-02-02,61
complaints,2026-02-03,64
complaints,2026-02-04,83
complaints,2026-02-05,69
complaints,2026-02-06,64
complaints,2026-02-07,50
complaints,2026-02-08,37
complaints,2026-02-09,59
complaints,2026-02-10,62
complaints,2026-02-11,74
complaints,2026-02-12,82
complaints,2026-02-13,76
complaints,2026-02-14,52
complaints,2026-02-15,37
complaints,2026-02-16,56
complaints,2026-02-17,70
complaints,2026-02-18,56
complaints,2026-02-19,66
complaints,2026-02-20,84
complaints,2026-02-21,43
complaints,2026-02-22,33
complaints,2026-02-23,50
complaints,2026-02-24,60
complaints,2026-02-25,87
complaints,2026-02-26,77
complaints,2026-02-27,73
complaints,2026-02-28,44
complaints,2026-03-01,34
complaints,2026-03-02,53
complaints,2026-03-03,75
complaints,2026-03-04,81
complaints,2026-03-05,73
complaints,2026-03-06,66
complaints,2026-03-07,52
complaints,2026-03-08,38
complaints,2026-03-09,70
complaints,2026-03-10,75
complaints,2026-03-11,72
complaints,2026-03-12,74
complaints,2026-03-13,54
complaints,2026-03-14,59
complaints,2026-03-15,42
complaints,2026-03-16,67
complaints,2026-03-17,71
complaints,2026-03-18,64
complaints,2026-03-19,72
complaints,2026-03-20,89
complaints,2026-03-21,48
complaints,2026-03-22,35
complaints,2026-03-23,64
complaints,2026-03-24,75
complaints,2026-03-25,69
complaints,2026-03-26,76
complaints,2026-03-27,82
complaints,2026-03-28,53
complaints,2026-03-29,35
complaints,2026-03-30,61
complaints,2026-03-31,83
complaints,2026-04-01,72
complaints,2026-04-02,66
complaints,2026-04-03,71
complaints,2026-04-04,52
complaints,2026-04-05,41
complaints,2026-04-06,62
complaints,2026-04-07,82
complaints,2026-04-08,76
complaints,2026-04-09,59
complaints,2026-04-10,71
complaints,2026-04-11,46
complaints,2026-04-12,32
complaints,2026-04-13,64
complaints,2026-04-14,65
complaints,2026-04-15,67
complaints,2026-04-16,76
complaints,2026-04-17,73
complaints,2026-04-18,48
complaints,2026-04-19,47
complaints,2026-04-20,66
complaints,2026-04-21,66
complaints,2026-04-22,59
complaints,2026-04-23,78
complaints,2026-04-24,64
complaints,2026-04-25,47
complaints,2026-04-26,43
complaints,2026-04-27,58
complaints,2026-04-28,74
complaints,2026-04-29,68
complaints,2026-04-30,70
complaints,2026-05-01,55
complaints,2026-05-02,50
complaints,2026-05-03,42
complaints,2026-05-04,62
complaints,2026-05-05,67
complaints,2026-05-06,61
complaints,2026-05-07,73
complaints,2026-05-08,90
complaints,2026-05-09,45
complaints,2026-05-10,36
complaints,2026-05-11,48
complaints,2026-05-12,66
complaints,2026-05-13,77
complaints,2026-05-14,55
complaints,2026-05-15,67
complaints,2026-05-16,48
complaints,2026-05-17,37
complaints,2026-05-18,54
complaints,2026-05-19,82
complaints,2026-05-20,76
complaints,2026-05-21,67
complaints,2026-05-22,66
complaints,2026-05-23,48
complaints,2026-05-24,31
complaints,2026-05-25,53
complaints,2026-05-26,62
complaints,2026-05-27,82
complaints,2026-05-28,65
complaints,2026-05-29,80
complaints,2026-05-30,44
complaints,2026-05-31,36
complaints,2026-06-01,56
complaints,2026-06-02,65
complaints,2026-06-03,74
complaints,2026-06-04,86
complaints,2026-06-05,75
complaints,2026-06-06,42
complaints,2026-06-07,32
complaints,2026-06-08,53
complaints,2026-06-09,56
complaints,2026-06-10,58
complaints,2026-06-11,84
complaints,2026-06-12,84
complaints,2026-06-13,34
complaints,2026-06-14,41
complaints,2026-06-15,45
complaints,2026-06-16,71
complaints,2026-06-17,79
complaints,2026-06-18,29
satisfaction_surveys,2023-06-17,29
satisfaction_surveys,2023-06-18,102
satisfaction_surveys,2023-06-19,146
satisfaction_surveys,2023-06-20,251
satisfaction_surveys,2023-06-21,220
satisfaction_surveys,2023-06-22,209
satisfaction_surveys,2023-06-23,210
satisfaction_surveys,2023-06-24,212
satisfaction_surveys,2023-06-25,133
satisfaction_surveys,2023-06-26,119
satisfaction_surveys,2023-06-27,257
satisfaction_surveys,2023-06-28,258
satisfaction_surveys,2023-06-29,277
satisfaction_surveys,2023-06-30,243
satisfaction_surveys,2023-07-01,222
satisfaction_surveys,2023-07-02,110
satisfaction_surveys,2023-07-03,149
satisfaction_surveys,2023-07-04,244
satisfaction_surveys,2023-07-05,244
satisfaction_surveys,2023-07-06,239
satisfaction_surveys,2023-07-07,263
satisfaction_surveys,2023-07-08,218
satisfaction_surveys,2023-07-09,117
satisfaction_surveys,2023-07-10,126
satisfaction_surveys,2023-07-11,224
satisfaction_surveys,2023-07-12,266
satisfaction_surveys,2023-07-13,209
satisfaction_surveys,2023-07-14,254
satisfaction_surveys,2023-07-15,227
satisfaction_surveys,2023-07-16,127
satisfaction_surveys,2023-07-17,124
satisfaction_surveys,2023-07-18,236
satisfaction_surveys,2023-07-19,247
satisfaction_surveys,2023-07-20,206
satisfaction_surveys,2023-07-21,219
satisfaction_surveys,2023-07-22,232
satisfaction_surveys,2023-07-23,111
satisfaction_surveys,2023-07-24,122
satisfaction_surveys,2023-07-25,181
satisfaction_surveys,2023-07-26,226
satisfaction_surveys,2023-07-27,256
satisfaction_surveys,2023-07-28,188
satisfaction_surveys,2023-07-29,182
satisfaction_surveys,2023-07-30,117
satisfaction_surveys,2023-07-31,121
satisfaction_surveys,2023-08-01,198
satisfaction_surveys,2023-08-02,244
satisfaction_surveys,2023-08-03,209
satisfaction_surveys,2023-08-04,234
satisfaction_surveys,2023-08-05,173
satisfaction_surveys,2023-08-06,133
satisfaction_surveys,2023-08-07,152
satisfaction_surveys,2023-08-08,189
satisfaction_surveys,2023-08-09,240
satisfaction_surveys,2023-08-10,209
satisfaction_surveys,2023-08-11,217
satisfaction_surveys,2023-08-12,202
satisfaction_surveys,2023-08-13,117
satisfaction_surveys,2023-08-14,121
satisfaction_surveys,2023-08-15,214
satisfaction_surveys,2023-08-16,239
satisfaction_surveys,2023-08-17,206
satisfaction_surveys,2023-08-18,254
satisfaction_surveys,2023-08-19,230
satisfaction_surveys,2023-08-20,105
satisfaction_surveys,2023-08-21,123
satisfaction_surveys,2023-08-22,220
satisfaction_surveys,2023-08-23,222
satisfaction_surveys,2023-08-24,245
satisfaction_surveys,2023-08-25,251
satisfaction_surveys,2023-08-26,183
satisfaction_surveys,2023-08-27,119
satisfaction_surveys,2023-08-28,130
satisfaction_surveys,2023-08-29,254
satisfaction_surveys,2023-08-30,225
satisfaction_surveys,2023-08-31,223
satisfaction_surveys,2023-09-01,230
satisfaction_surveys,2023-09-02,195
satisfaction_surveys,2023-09-03,92
satisfaction_surveys,2023-09-04,136
satisfaction_surveys,2023-09-05,191
satisfaction_surveys,2023-09-06,255
satisfaction_surveys,2023-09-07,258
satisfaction_surveys,2023-09-08,228
satisfaction_surveys,2023-09-09,211
satisfaction_surveys,2023-09-10,125
satisfaction_surveys,2023-09-11,125
satisfaction_surveys,2023-09-12,186
satisfaction_surveys,2023-09-13,237
satisfaction_surveys,2023-09-14,197
satisfaction_surveys,2023-09-15,207
satisfaction_surveys,2023-09-16,231
satisfaction_surveys,2023-09-17,117
satisfaction_surveys,2023-09-18,127
satisfaction_surveys,2023-09-19,199
satisfaction_surveys,2023-09-20,217
satisfaction_surveys,2023-09-21,213
satisfaction_surveys,2023-09-22,208
satisfaction_surveys,2023-09-23,230
satisfaction_surveys,2023-09-24,132
satisfaction_surveys,2023-09-25,117
satisfaction_surveys,2023-09-26,207
satisfaction_surveys,2023-09-27,199
satisfaction_surveys,2023-09-28,251
satisfaction_surveys,2023-09-29,221
satisfaction_surveys,2023-09-30,210
satisfaction_surveys,2023-10-01,121
satisfaction_surveys,2023-10-02,156
satisfaction_surveys,2023-10-03,263
satisfaction_surveys,2023-10-04,212
satisfaction_surveys,2023-10-05,218
satisfaction_surveys,2023-10-06,210
satisfaction_surveys,2023-10-07,194
satisfaction_surveys,2023-10-08,109
satisfaction_surveys,2023-10-09,140
satisfaction_surveys,2023-10-10,190
satisfaction_surveys,2023-10-11,186
satisfaction_surveys,2023-10-12,247
satisfaction_surveys,2023-10-13,217
satisfaction_surveys,2023-10-14,183
satisfaction_surveys,2023-10-15,115
satisfaction_surveys,2023-10-16,158
satisfaction_surveys,2023-10-17,216
satisfaction_surveys,2023-10-18,234
satisfaction_surveys,2023-10-19,246
satisfaction_surveys,2023-10-20,226
satisfaction_surveys,2023-10-21,206
satisfaction_surveys,2023-10-22,112
satisfaction_surveys,2023-10-23,152
satisfaction_surveys,2023-10-24,224
satisfaction_surveys,2023-10-25,258
satisfaction_surveys,2023-10-26,229
satisfaction_surveys,2023-10-27,193
satisfaction_surveys,2023-10-28,214
satisfaction_surveys,2023-10-29,105
satisfaction_surveys,2023-10-30,157
satisfaction_surveys,2023-10-31,213
satisfaction_surveys,2023-11-01,193
satisfaction_surveys,2023-11-02,238
satisfaction_surveys,2023-11-03,210
satisfaction_surveys,2023-11-04,196
satisfaction_surveys,2023-11-05,117
satisfaction_surveys,2023-11-06,131
satisfaction_surveys,2023-11-07,241
satisfaction_surveys,2023-11-08,247
satisfaction_surveys,2023-11-09,211
satisfaction_surveys,2023-11-10,190
satisfaction_surveys,2023-11-11,176
satisfaction_surveys,2023-11-12,108
satisfaction_surveys,2023-11-13,125
satisfaction_surveys,2023-11-14,204
satisfaction_surveys,2023-11-15,262
satisfaction_surveys,2023-11-16,249
satisfaction_surveys,2023-11-17,261
satisfaction_surveys,2023-11-18,174
satisfaction_surveys,2023-11-19,94
satisfaction_surveys,2023-11-20,135
satisfaction_surveys,2023-11-21,200
satisfaction_surveys,2023-11-22,227
satisfaction_surveys,2023-11-23,221
satisfaction_surveys,2023-11-24,221
satisfaction_surveys,2023-11-25,230
satisfaction_surveys,2023-11-26,135
satisfaction_surveys,2023-11-27,136
satisfaction_surveys,2023-11-28,236
satisfaction_surveys,2023-11-29,248
satisfaction_surveys,2023-11-30,189
satisfaction_surveys,2023-12-01,212
satisfaction_surveys,2023-12-02,225
satisfaction_surveys,2023-12-03,126
satisfaction_surveys,2023-12-04,147
satisfaction_surveys,2023-12-05,220
satisfaction_surveys,2023-12-06,196
satisfaction_surveys,2023-12-07,220
satisfaction_surveys,2023-12-08,224
satisfaction_surveys,2023-12-09,215
satisfaction_surveys,2023-12-10,110
satisfaction_surveys,2023-12-11,133
satisfaction_surveys,2023-12-12,215
satisfaction_surveys,2023-12-13,251
satisfaction_surveys,2023-12-14,238
satisfaction_surveys,2023-12-15,260
satisfaction_surveys,2023-12-16,175
satisfaction_surveys,2023-12-17,118
satisfaction_surveys,2023-12-18,138
satisfaction_surveys,2023-12-19,265
satisfaction_surveys,2023-12-20,218
satisfaction_surveys,2023-12-21,260
satisfaction_surveys,2023-12-22,215
satisfaction_surveys,2023-12-23,224
satisfaction_surveys,2023-12-24,122
satisfaction_surveys,2023-12-25,139
satisfaction_surveys,2023-12-26,183
satisfaction_surveys,2023-12-27,192
satisfaction_surveys,2023-12-28,207
satisfaction_surveys,2023-12-29,216
satisfaction_surveys,2023-12-30,176
satisfaction_surveys,2023-12-31,136
satisfaction_surveys,2024-01-01,142
satisfaction_surveys,2024-01-02,253
satisfaction_surveys,2024-01-03,195
satisfaction_surveys,2024-01-04,221
satisfaction_surveys,2024-01-05,204
satisfaction_surveys,2024-01-06,188
satisfaction_surveys,2024-01-07,125
satisfaction_surveys,2024-01-08,119
satisfaction_surveys,2024-01-09,197
satisfaction_surveys,2024-01-10,220
satisfaction_surveys,2024-01-11,196
satisfaction_surveys,2024-01-12,227
satisfaction_surveys,2024-01-13,197
satisfaction_surveys,2024-01-14,140
satisfaction_surveys,2024-01-15,133
satisfaction_surveys,2024-01-16,233
satisfaction_surveys,2024-01-17,258
satisfaction_surveys,2024-01-18,242
satisfaction_surveys,2024-01-19,232
satisfaction_surveys,2024-01-20,169
satisfaction_surveys,2024-01-21,118
satisfaction_surveys,2024-01-22,150
satisfaction_surveys,2024-01-23,217
satisfaction_surveys,2024-01-24,193
satisfaction_surveys,2024-01-25,193
satisfaction_surveys,2024-01-26,229
satisfaction_surveys,2024-01-27,174
satisfaction_surveys,2024-01-28,121
satisfaction_surveys,2024-01-29,147
satisfaction_surveys,2024-01-30,209
satisfaction_surveys,2024-01-31,198
satisfaction_surveys,2024-02-01,197
satisfaction_surveys,2024-02-02,189
satisfaction_surveys,2024-02-03,187
satisfaction_surveys,2024-02-04,120
satisfaction_surveys,2024-02-05,155
satisfaction_surveys,2024-02-06,257
satisfaction_surveys,2024-02-07,225
satisfaction_surveys,2024-02-08,248
satisfaction_surveys,2024-02-09,231
satisfaction_surveys,2024-02-10,207
satisfaction_surveys,2024-02-11,139
satisfaction_surveys,2024-02-12,111
satisfaction_surveys,2024-02-13,209
satisfaction_surveys,2024-02-14,219
satisfaction_surveys,2024-02-15,227
satisfaction_surveys,2024-02-16,258
satisfaction_surveys,2024-02-17,216
satisfaction_surveys,2024-02-18,137
satisfaction_surveys,2024-02-19,163
satisfaction_surveys,2024-02-20,231
satisfaction_surveys,2024-02-21,239
satisfaction_surveys,2024-02-22,205
satisfaction_surveys,2024-02-23,210
satisfaction_surveys,2024-02-24,207
satisfaction_surveys,2024-02-25,109
satisfaction_surveys,2024-02-26,143
satisfaction_surveys,2024-02-27,262
satisfaction_surveys,2024-02-28,226
satisfaction_surveys,2024-02-29,218
satisfaction_surveys,2024-03-01,180
satisfaction_surveys,2024-03-02,193
satisfaction_surveys,2024-03-03,121
satisfaction_surveys,2024-03-04,141
satisfaction_surveys,2024-03-05,203
satisfaction_surveys,2024-03-06,240
satisfaction_surveys,2024-03-07,197
satisfaction_surveys,2024-03-08,211
satisfaction_surveys,2024-03-09,208
satisfaction_surveys,2024-03-10,116
satisfaction_surveys,2024-03-11,131
satisfaction_surveys,2024-03-12,214
satisfaction_surveys,2024-03-13,236
satisfaction_surveys,2024-03-14,221
satisfaction_surveys,2024-03-15,207
satisfaction_surveys,2024-03-16,182
satisfaction_surveys,2024-03-17,100
satisfaction_surveys,2024-03-18,138
satisfaction_surveys,2024-03-19,214
satisfaction_surveys,2024-03-20,192
satisfaction_surveys,2024-03-21,210
satisfaction_surveys,2024-03-22,179
satisfaction_surveys,2024-03-23,211
satisfaction_surveys,2024-03-24,124
satisfaction_surveys,2024-03-25,170
satisfaction_surveys,2024-03-26,255
satisfaction_surveys,2024-03-27,243
satisfaction_surveys,2024-03-28,267
satisfaction_surveys,2024-03-29,232
satisfaction_surveys,2024-03-30,216
satisfaction_surveys,2024-03-31,148
satisfaction_surveys,2024-04-01,149
satisfaction_surveys,2024-04-02,234
satisfaction_surveys,2024-04-03,247
satisfaction_surveys,2024-04-04,233
satisfaction_surveys,2024-04-05,219
satisfaction_surveys,2024-04-06,222
satisfaction_surveys,2024-04-07,143
satisfaction_surveys,2024-04-08,129
satisfaction_surveys,2024-04-09,199
satisfaction_surveys,2024-04-10,244
satisfaction_surveys,2024-04-11,258
satisfaction_surveys,2024-04-12,251
satisfaction_surveys,2024-04-13,217
satisfaction_surveys,2024-04-14,103
satisfaction_surveys,2024-04-15,134
satisfaction_surveys,2024-04-16,255
satisfaction_surveys,2024-04-17,241
satisfaction_surveys,2024-04-18,229
satisfaction_surveys,2024-04-19,251
satisfaction_surveys,2024-04-20,199
satisfaction_surveys,2024-04-21,123
satisfaction_surveys,2024-04-22,156
satisfaction_surveys,2024-04-23,217
satisfaction_surveys,2024-04-24,206
satisfaction_surveys,2024-04-25,226
satisfaction_surveys,2024-04-26,222
satisfaction_surveys,2024-04-27,209
satisfaction_surveys,2024-04-28,120
satisfaction_surveys,2024-04-29,153
satisfaction_surveys,2024-04-30,251
satisfaction_surveys,2024-05-01,246
satisfaction_surveys,2024-05-02,202
satisfaction_surveys,2024-05-03,223
satisfaction_surveys,2024-05-04,222
satisfaction_surveys,2024-05-05,107
satisfaction_surveys,2024-05-06,123
satisfaction_surveys,2024-05-07,214
satisfaction_surveys,2024-05-08,230
satisfaction_surveys,2024-05-09,249
satisfaction_surveys,2024-05-10,224
satisfaction_surveys,2024-05-11,240
satisfaction_surveys,2024-05-12,120
satisfaction_surveys,2024-05-13,128
satisfaction_surveys,2024-05-14,192
satisfaction_surveys,2024-05-15,193
satisfaction_surveys,2024-05-16,178
satisfaction_surveys,2024-05-17,214
satisfaction_surveys,2024-05-18,170
satisfaction_surveys,2024-05-19,128
satisfaction_surveys,2024-05-20,120
satisfaction_surveys,2024-05-21,237
satisfaction_surveys,2024-05-22,203
satisfaction_surveys,2024-05-23,193
satisfaction_surveys,2024-05-24,218
satisfaction_surveys,2024-05-25,223
satisfaction_surveys,2024-05-26,99
satisfaction_surveys,2024-05-27,121
satisfaction_surveys,2024-05-28,200
satisfaction_surveys,2024-05-29,224
satisfaction_surveys,2024-05-30,246
satisfaction_surveys,2024-05-31,241
satisfaction_surveys,2024-06-01,247
satisfaction_surveys,2024-06-02,127
satisfaction_surveys,2024-06-03,132
satisfaction_surveys,2024-06-04,198
satisfaction_surveys,2024-06-05,232
satisfaction_surveys,2024-06-06,224
satisfaction_surveys,2024-06-07,238
satisfaction_surveys,2024-06-08,221
satisfaction_surveys,2024-06-09,101
satisfaction_surveys,2024-06-10,141
satisfaction_surveys,2024-06-11,209
satisfaction_surveys,2024-06-12,221
satisfaction_surveys,2024-06-13,238
satisfaction_surveys,2024-06-14,197
satisfaction_surveys,2024-06-15,188
satisfaction_surveys,2024-06-16,121
satisfaction_surveys,2024-06-17,148
satisfaction_surveys,2024-06-18,247
satisfaction_surveys,2024-06-19,211
satisfaction_surveys,2024-06-20,242
satisfaction_surveys,2024-06-21,234
satisfaction_surveys,2024-06-22,166
satisfaction_surveys,2024-06-23,142
satisfaction_surveys,2024-06-24,155
satisfaction_surveys,2024-06-25,215
satisfaction_surveys,2024-06-26,203
satisfaction_surveys,2024-06-27,229
satisfaction_surveys,2024-06-28,217
satisfaction_surveys,2024-06-29,194
satisfaction_surveys,2024-06-30,116
satisfaction_surveys,2024-07-01,130
satisfaction_surveys,2024-07-02,259
satisfaction_surveys,2024-07-03,223
satisfaction_surveys,2024-07-04,206
satisfaction_surveys,2024-07-05,231
satisfaction_surveys,2024-07-06,203
satisfaction_surveys,2024-07-07,125
satisfaction_surveys,2024-07-08,128
satisfaction_surveys,2024-07-09,190
satisfaction_surveys,2024-07-10,235
satisfaction_surveys,2024-07-11,224
satisfaction_surveys,2024-07-12,214
satisfaction_surveys,2024-07-13,180
satisfaction_surveys,2024-07-14,136
satisfaction_surveys,2024-07-15,139
satisfaction_surveys,2024-07-16,169
satisfaction_surveys,2024-07-17,199
satisfaction_surveys,2024-07-18,218
satisfaction_surveys,2024-07-19,237
satisfaction_surveys,2024-07-20,216
satisfaction_surveys,2024-07-21,116
satisfaction_surveys,2024-07-22,135
satisfaction_surveys,2024-07-23,264
satisfaction_surveys,2024-07-24,245
satisfaction_surveys,2024-07-25,172
satisfaction_surveys,2024-07-26,197
satisfaction_surveys,2024-07-27,241
satisfaction_surveys,2024-07-28,115
satisfaction_surveys,2024-07-29,159
satisfaction_surveys,2024-07-30,238
satisfaction_surveys,2024-07-31,244
satisfaction_surveys,2024-08-01,256
satisfaction_surveys,2024-08-02,249
satisfaction_surveys,2024-08-03,214
satisfaction_surveys,2024-08-04,135
satisfaction_surveys,2024-08-05,140
satisfaction_surveys,2024-08-06,216
satisfaction_surveys,2024-08-07,254
satisfaction_surveys,2024-08-08,234
satisfaction_surveys,2024-08-09,246
satisfaction_surveys,2024-08-10,187
satisfaction_surveys,2024-08-11,129
satisfaction_surveys,2024-08-12,142
satisfaction_surveys,2024-08-13,240
satisfaction_surveys,2024-08-14,216
satisfaction_surveys,2024-08-15,230
satisfaction_surveys,2024-08-16,227
satisfaction_surveys,2024-08-17,214
satisfaction_surveys,2024-08-18,111
satisfaction_surveys,2024-08-19,137
satisfaction_surveys,2024-08-20,216
satisfaction_surveys,2024-08-21,276
satisfaction_surveys,2024-08-22,216
satisfaction_surveys,2024-08-23,230
satisfaction_surveys,2024-08-24,233
satisfaction_surveys,2024-08-25,113
satisfaction_surveys,2024-08-26,121
satisfaction_surveys,2024-08-27,217
satisfaction_surveys,2024-08-28,184
satisfaction_surveys,2024-08-29,261
satisfaction_surveys,2024-08-30,227
satisfaction_surveys,2024-08-31,174
satisfaction_surveys,2024-09-01,119
satisfaction_surveys,2024-09-02,139
satisfaction_surveys,2024-09-03,220
satisfaction_surveys,2024-09-04,220
satisfaction_surveys,2024-09-05,208
satisfaction_surveys,2024-09-06,257
satisfaction_surveys,2024-09-07,227
satisfaction_surveys,2024-09-08,124
satisfaction_surveys,2024-09-09,143
satisfaction_surveys,2024-09-10,186
satisfaction_surveys,2024-09-11,254
satisfaction_surveys,2024-09-12,242
satisfaction_surveys,2024-09-13,253
satisfaction_surveys,2024-09-14,220
satisfaction_surveys,2024-09-15,116
satisfaction_surveys,2024-09-16,116
satisfaction_surveys,2024-09-17,184
satisfaction_surveys,2024-09-18,250
satisfaction_surveys,2024-09-19,230
satisfaction_surveys,2024-09-20,229
satisfaction_surveys,2024-09-21,236
satisfaction_surveys,2024-09-22,124
satisfaction_surveys,2024-09-23,112
satisfaction_surveys,2024-09-24,221
satisfaction_surveys,2024-09-25,240
satisfaction_surveys,2024-09-26,193
satisfaction_surveys,2024-09-27,249
satisfaction_surveys,2024-09-28,219
satisfaction_surveys,2024-09-29,133
satisfaction_surveys,2024-09-30,120
satisfaction_surveys,2024-10-01,215
satisfaction_surveys,2024-10-02,207
satisfaction_surveys,2024-10-03,238
satisfaction_surveys,2024-10-04,247
satisfaction_surveys,2024-10-05,222
satisfaction_surveys,2024-10-06,140
satisfaction_surveys,2024-10-07,142
satisfaction_surveys,2024-10-08,225
satisfaction_surveys,2024-10-09,265
satisfaction_surveys,2024-10-10,227
satisfaction_surveys,2024-10-11,237
satisfaction_surveys,2024-10-12,188
satisfaction_surveys,2024-10-13,122
satisfaction_surveys,2024-10-14,151
satisfaction_surveys,2024-10-15,204
satisfaction_surveys,2024-10-16,244
satisfaction_surveys,2024-10-17,222
satisfaction_surveys,2024-10-18,199
satisfaction_surveys,2024-10-19,223
satisfaction_surveys,2024-10-20,114
satisfaction_surveys,2024-10-21,125
satisfaction_surveys,2024-10-22,197
satisfaction_surveys,2024-10-23,227
satisfaction_surveys,2024-10-24,186
satisfaction_surveys,2024-10-25,206
satisfaction_surveys,2024-10-26,186
satisfaction_surveys,2024-10-27,116
satisfaction_surveys,2024-10-28,124
satisfaction_surveys,2024-10-29,219
satisfaction_surveys,2024-10-30,222
satisfaction_surveys,2024-10-31,244
satisfaction_surveys,2024-11-01,196
satisfaction_surveys,2024-11-02,195
satisfaction_surveys,2024-11-03,122
satisfaction_surveys,2024-11-04,146
satisfaction_surveys,2024-11-05,184
satisfaction_surveys,2024-11-06,234
satisfaction_surveys,2024-11-07,195
satisfaction_surveys,2024-11-08,213
satisfaction_surveys,2024-11-09,204
satisfaction_surveys,2024-11-10,118
satisfaction_surveys,2024-11-11,141
satisfaction_surveys,2024-11-12,219
satisfaction_surveys,2024-11-13,178
satisfaction_surveys,2024-11-14,191
satisfaction_surveys,2024-11-15,233
satisfaction_surveys,2024-11-16,184
satisfaction_surveys,2024-11-17,125
satisfaction_surveys,2024-11-18,144
satisfaction_surveys,2024-11-19,227
satisfaction_surveys,2024-11-20,246
satisfaction_surveys,2024-11-21,209
satisfaction_surveys,2024-11-22,181
satisfaction_surveys,2024-11-23,212
satisfaction_surveys,2024-11-24,130
satisfaction_surveys,2024-11-25,145
satisfaction_surveys,2024-11-26,203
satisfaction_surveys,2024-11-27,185
satisfaction_surveys,2024-11-28,205
satisfaction_surveys,2024-11-29,201
satisfaction_surveys,2024-11-30,168
satisfaction_surveys,2024-12-01,110
satisfaction_surveys,2024-12-02,150
satisfaction_surveys,2024-12-03,245
satisfaction_surveys,2024-12-04,248
satisfaction_surveys,2024-12-05,202
satisfaction_surveys,2024-12-06,210
satisfaction_surveys,2024-12-07,223
satisfaction_surveys,2024-12-08,138
satisfaction_surveys,2024-12-09,160
satisfaction_surveys,2024-12-10,216
satisfaction_surveys,2024-12-11,229
satisfaction_surveys,2024-12-12,211
satisfaction_surveys,2024-12-13,214
satisfaction_surveys,2024-12-14,216
satisfaction_surveys,2024-12-15,101
satisfaction_surveys,2024-12-16,126
satisfaction_surveys,2024-12-17,203
satisfaction_surveys,2024-12-18,182
satisfaction_surveys,2024-12-19,188
satisfaction_surveys,2024-12-20,233
satisfaction_surveys,2024-12-21,180
satisfaction_surveys,2024-12-22,129
satisfaction_surveys,2024-12-23,149
satisfaction_surveys,2024-12-24,253
satisfaction_surveys,2024-12-25,250
satisfaction_surveys,2024-12-26,199
satisfaction_surveys,2024-12-27,217
satisfaction_surveys,2024-12-28,192
satisfaction_surveys,2024-12-29,120
satisfaction_surveys,2024-12-30,140
satisfaction_surveys,2024-12-31,215
satisfaction_surveys,2025-01-01,220
satisfaction_surveys,2025-01-02,263
satisfaction_surveys,2025-01-03,265
satisfaction_surveys,2025-01-04,190
satisfaction_surveys,2025-01-05,106
satisfaction_surveys,2025-01-06,110
satisfaction_surveys,2025-01-07,205
satisfaction_surveys,2025-01-08,260
satisfaction_surveys,2025-01-09,206
satisfaction_surveys,2025-01-10,246
satisfaction_surveys,2025-01-11,220
satisfaction_surveys,2025-01-12,114
satisfaction_surveys,2025-01-13,131
satisfaction_surveys,2025-01-14,254
satisfaction_surveys,2025-01-15,203
satisfaction_surveys,2025-01-16,197
satisfaction_surveys,2025-01-17,206
satisfaction_surveys,2025-01-18,177
satisfaction_surveys,2025-01-19,131
satisfaction_surveys,2025-01-20,144
satisfaction_surveys,2025-01-21,208
satisfaction_surveys,2025-01-22,180
satisfaction_surveys,2025-01-23,178
satisfaction_surveys,2025-01-24,245
satisfaction_surveys,2025-01-25,173
satisfaction_surveys,2025-01-26,136
satisfaction_surveys,2025-01-27,142
satisfaction_surveys,2025-01-28,231
satisfaction_surveys,2025-01-29,216
satisfaction_surveys,2025-01-30,235
satisfaction_surveys,2025-01-31,243
satisfaction_surveys,2025-02-01,189
satisfaction_surveys,2025-02-02,104
satisfaction_surveys,2025-02-03,124
satisfaction_surveys,2025-02-04,239
satisfaction_surveys,2025-02-05,212
satisfaction_surveys,2025-02-06,200
satisfaction_surveys,2025-02-07,203
satisfaction_surveys,2025-02-08,199
satisfaction_surveys,2025-02-09,132
satisfaction_surveys,2025-02-10,138
satisfaction_surveys,2025-02-11,254
satisfaction_surveys,2025-02-12,258
satisfaction_surveys,2025-02-13,217
satisfaction_surveys,2025-02-14,215
satisfaction_surveys,2025-02-15,226
satisfaction_surveys,2025-02-16,94
satisfaction_surveys,2025-02-17,149
satisfaction_surveys,2025-02-18,223
satisfaction_surveys,2025-02-19,200
satisfaction_surveys,2025-02-20,247
satisfaction_surveys,2025-02-21,220
satisfaction_surveys,2025-02-22,185
satisfaction_surveys,2025-02-23,105
satisfaction_surveys,2025-02-24,115
satisfaction_surveys,2025-02-25,211
satisfaction_surveys,2025-02-26,217
satisfaction_surveys,2025-02-27,226
satisfaction_surveys,2025-02-28,215
satisfaction_surveys,2025-03-01,213
satisfaction_surveys,2025-03-02,132
satisfaction_surveys,2025-03-03,112
satisfaction_surveys,2025-03-04,208
satisfaction_surveys,2025-03-05,232
satisfaction_surveys,2025-03-06,270
satisfaction_surveys,2025-03-07,228
satisfaction_surveys,2025-03-08,186
satisfaction_surveys,2025-03-09,118
satisfaction_surveys,2025-03-10,135
satisfaction_surveys,2025-03-11,260
satisfaction_surveys,2025-03-12,248
satisfaction_surveys,2025-03-13,266
satisfaction_surveys,2025-03-14,250
satisfaction_surveys,2025-03-15,193
satisfaction_surveys,2025-03-16,120
satisfaction_surveys,2025-03-17,126
satisfaction_surveys,2025-03-18,207
satisfaction_surveys,2025-03-19,226
satisfaction_surveys,2025-03-20,222
satisfaction_surveys,2025-03-21,236
satisfaction_surveys,2025-03-22,193
satisfaction_surveys,2025-03-23,108
satisfaction_surveys,2025-03-24,160
satisfaction_surveys,2025-03-25,229
satisfaction_surveys,2025-03-26,246
satisfaction_surveys,2025-03-27,258
satisfaction_surveys,2025-03-28,246
satisfaction_surveys,2025-03-29,198
satisfaction_surveys,2025-03-30,97
satisfaction_surveys,2025-03-31,164
satisfaction_surveys,2025-04-01,196
satisfaction_surveys,2025-04-02,227
satisfaction_surveys,2025-04-03,237
satisfaction_surveys,2025-04-04,251
satisfaction_surveys,2025-04-05,189
satisfaction_surveys,2025-04-06,127
satisfaction_surveys,2025-04-07,138
satisfaction_surveys,2025-04-08,235
satisfaction_surveys,2025-04-09,229
satisfaction_surveys,2025-04-10,216
satisfaction_surveys,2025-04-11,235
satisfaction_surveys,2025-04-12,179
satisfaction_surveys,2025-04-13,93
satisfaction_surveys,2025-04-14,136
satisfaction_surveys,2025-04-15,238
satisfaction_surveys,2025-04-16,225
satisfaction_surveys,2025-04-17,244
satisfaction_surveys,2025-04-18,232
satisfaction_surveys,2025-04-19,180
satisfaction_surveys,2025-04-20,121
satisfaction_surveys,2025-04-21,123
satisfaction_surveys,2025-04-22,210
satisfaction_surveys,2025-04-23,252
satisfaction_surveys,2025-04-24,202
satisfaction_surveys,2025-04-25,236
satisfaction_surveys,2025-04-26,219
satisfaction_surveys,2025-04-27,141
satisfaction_surveys,2025-04-28,133
satisfaction_surveys,2025-04-29,242
satisfaction_surveys,2025-04-30,214
satisfaction_surveys,2025-05-01,228
satisfaction_surveys,2025-05-02,243
satisfaction_surveys,2025-05-03,222
satisfaction_surveys,2025-05-04,129
satisfaction_surveys,2025-05-05,124
satisfaction_surveys,2025-05-06,227
satisfaction_surveys,2025-05-07,198
satisfaction_surveys,2025-05-08,182
satisfaction_surveys,2025-05-09,183
satisfaction_surveys,2025-05-10,187
satisfaction_surveys,2025-05-11,115
satisfaction_surveys,2025-05-12,152
satisfaction_surveys,2025-05-13,239
satisfaction_surveys,2025-05-14,218
satisfaction_surveys,2025-05-15,240
satisfaction_surveys,2025-05-16,236
satisfaction_surveys,2025-05-17,208
satisfaction_surveys,2025-05-18,95
satisfaction_surveys,2025-05-19,128
satisfaction_surveys,2025-05-20,210
satisfaction_surveys,2025-05-21,216
satisfaction_surveys,2025-05-22,267
satisfaction_surveys,2025-05-23,255
satisfaction_surveys,2025-05-24,213
satisfaction_surveys,2025-05-25,140
satisfaction_surveys,2025-05-26,155
satisfaction_surveys,2025-05-27,230
satisfaction_surveys,2025-05-28,255
satisfaction_surveys,2025-05-29,241
satisfaction_surveys,2025-05-30,243
satisfaction_surveys,2025-05-31,189
satisfaction_surveys,2025-06-01,146
satisfaction_surveys,2025-06-02,120
satisfaction_surveys,2025-06-03,183
satisfaction_surveys,2025-06-04,203
satisfaction_surveys,2025-06-05,195
satisfaction_surveys,2025-06-06,206
satisfaction_surveys,2025-06-07,176
satisfaction_surveys,2025-06-08,126
satisfaction_surveys,2025-06-09,144
satisfaction_surveys,2025-06-10,195
satisfaction_surveys,2025-06-11,239
satisfaction_surveys,2025-06-12,241
satisfaction_surveys,2025-06-13,236
satisfaction_surveys,2025-06-14,189
satisfaction_surveys,2025-06-15,113
satisfaction_surveys,2025-06-16,117
satisfaction_surveys,2025-06-17,206
satisfaction_surveys,2025-06-18,206
satisfaction_surveys,2025-06-19,234
satisfaction_surveys,2025-06-20,234
satisfaction_surveys,2025-06-21,240
satisfaction_surveys,2025-06-22,103
satisfaction_surveys,2025-06-23,161
satisfaction_surveys,2025-06-24,204
satisfaction_surveys,2025-06-25,223
satisfaction_surveys,2025-06-26,233
satisfaction_surveys,2025-06-27,222
satisfaction_surveys,2025-06-28,251
satisfaction_surveys,2025-06-29,126
satisfaction_surveys,2025-06-30,122
satisfaction_surveys,2025-07-01,222
satisfaction_surveys,2025-07-02,205
satisfaction_surveys,2025-07-03,245
satisfaction_surveys,2025-07-04,218
satisfaction_surveys,2025-07-05,165
satisfaction_surveys,2025-07-06,101
satisfaction_surveys,2025-07-07,141
satisfaction_surveys,2025-07-08,243
satisfaction_surveys,2025-07-09,200
satisfaction_surveys,2025-07-10,226
satisfaction_surveys,2025-07-11,195
satisfaction_surveys,2025-07-12,211
satisfaction_surveys,2025-07-13,134
satisfaction_surveys,2025-07-14,140
satisfaction_surveys,2025-07-15,209
satisfaction_surveys,2025-07-16,244
satisfaction_surveys,2025-07-17,267
satisfaction_surveys,2025-07-18,215
satisfaction_surveys,2025-07-19,182
satisfaction_surveys,2025-07-20,127
satisfaction_surveys,2025-07-21,122
satisfaction_surveys,2025-07-22,226
satisfaction_surveys,2025-07-23,251
satisfaction_surveys,2025-07-24,240
satisfaction_surveys,2025-07-25,258
satisfaction_surveys,2025-07-26,220
satisfaction_surveys,2025-07-27,121
satisfaction_surveys,2025-07-28,140
satisfaction_surveys,2025-07-29,231
satisfaction_surveys,2025-07-30,229
satisfaction_surveys,2025-07-31,200
satisfaction_surveys,2025-08-01,183
satisfaction_surveys,2025-08-02,188
satisfaction_surveys,2025-08-03,136
satisfaction_surveys,2025-08-04,132
satisfaction_surveys,2025-08-05,200
satisfaction_surveys,2025-08-06,278
satisfaction_surveys,2025-08-07,228
satisfaction_surveys,2025-08-08,241
satisfaction_surveys,2025-08-09,186
satisfaction_surveys,2025-08-10,126
satisfaction_surveys,2025-08-11,144
satisfaction_surveys,2025-08-12,235
satisfaction_surveys,2025-08-13,214
satisfaction_surveys,2025-08-14,188
satisfaction_surveys,2025-08-15,196
satisfaction_surveys,2025-08-16,193
satisfaction_surveys,2025-08-17,128
satisfaction_surveys,2025-08-18,131
satisfaction_surveys,2025-08-19,237
satisfaction_surveys,2025-08-20,205
satisfaction_surveys,2025-08-21,235
satisfaction_surveys,2025-08-22,229
satisfaction_surveys,2025-08-23,249
satisfaction_surveys,2025-08-24,101
satisfaction_surveys,2025-08-25,116
satisfaction_surveys,2025-08-26,235
satisfaction_surveys,2025-08-27,249
satisfaction_surveys,2025-08-28,257
satisfaction_surveys,2025-08-29,225
satisfaction_surveys,2025-08-30,175
satisfaction_surveys,2025-08-31,107
satisfaction_surveys,2025-09-01,147
satisfaction_surveys,2025-09-02,231
satisfaction_surveys,2025-09-03,208
satisfaction_surveys,2025-09-04,233
satisfaction_surveys,2025-09-05,247
satisfaction_surveys,2025-09-06,207
satisfaction_surveys,2025-09-07,103
satisfaction_surveys,2025-09-08,114
satisfaction_surveys,2025-09-09,233
satisfaction_surveys,2025-09-10,239
satisfaction_surveys,2025-09-11,202
satisfaction_surveys,2025-09-12,233
satisfaction_surveys,2025-09-13,206
satisfaction_surveys,2025-09-14,104
satisfaction_surveys,2025-09-15,127
satisfaction_surveys,2025-09-16,172
satisfaction_surveys,2025-09-17,229
satisfaction_surveys,2025-09-18,268
satisfaction_surveys,2025-09-19,241
satisfaction_surveys,2025-09-20,182
satisfaction_surveys,2025-09-21,138
satisfaction_surveys,2025-09-22,149
satisfaction_surveys,2025-09-23,257
satisfaction_surveys,2025-09-24,251
satisfaction_surveys,2025-09-25,251
satisfaction_surveys,2025-09-26,244
satisfaction_surveys,2025-09-27,232
satisfaction_surveys,2025-09-28,126
satisfaction_surveys,2025-09-29,148
satisfaction_surveys,2025-09-30,227
satisfaction_surveys,2025-10-01,199
satisfaction_surveys,2025-10-02,179
satisfaction_surveys,2025-10-03,231
satisfaction_surveys,2025-10-04,225
satisfaction_surveys,2025-10-05,121
satisfaction_surveys,2025-10-06,153
satisfaction_surveys,2025-10-07,238
satisfaction_surveys,2025-10-08,232
satisfaction_surveys,2025-10-09,203
satisfaction_surveys,2025-10-10,186
satisfaction_surveys,2025-10-11,196
satisfaction_surveys,2025-10-12,113
satisfaction_surveys,2025-10-13,140
satisfaction_surveys,2025-10-14,237
satisfaction_surveys,2025-10-15,236
satisfaction_surveys,2025-10-16,262
satisfaction_surveys,2025-10-17,239
satisfaction_surveys,2025-10-18,222
satisfaction_surveys,2025-10-19,99
satisfaction_surveys,2025-10-20,142
satisfaction_surveys,2025-10-21,246
satisfaction_surveys,2025-10-22,211
satisfaction_surveys,2025-10-23,200
satisfaction_surveys,2025-10-24,221
satisfaction_surveys,2025-10-25,161
satisfaction_surveys,2025-10-26,109
satisfaction_surveys,2025-10-27,114
satisfaction_surveys,2025-10-28,185
satisfaction_surveys,2025-10-29,198
satisfaction_surveys,2025-10-30,198
satisfaction_surveys,2025-10-31,218
satisfaction_surveys,2025-11-01,151
satisfaction_surveys,2025-11-02,105
satisfaction_surveys,2025-11-03,120
satisfaction_surveys,2025-11-04,264
satisfaction_surveys,2025-11-05,213
satisfaction_surveys,2025-11-06,247
satisfaction_surveys,2025-11-07,224
satisfaction_surveys,2025-11-08,247
satisfaction_surveys,2025-11-09,131
satisfaction_surveys,2025-11-10,138
satisfaction_surveys,2025-11-11,202
satisfaction_surveys,2025-11-12,251
satisfaction_surveys,2025-11-13,213
satisfaction_surveys,2025-11-14,218
satisfaction_surveys,2025-11-15,201
satisfaction_surveys,2025-11-16,102
satisfaction_surveys,2025-11-17,118
satisfaction_surveys,2025-11-18,230
satisfaction_surveys,2025-11-19,250
satisfaction_surveys,2025-11-20,259
satisfaction_surveys,2025-11-21,241
satisfaction_surveys,2025-11-22,227
satisfaction_surveys,2025-11-23,116
satisfaction_surveys,2025-11-24,151
satisfaction_surveys,2025-11-25,261
satisfaction_surveys,2025-11-26,238
satisfaction_surveys,2025-11-27,244
satisfaction_surveys,2025-11-28,223
satisfaction_surveys,2025-11-29,190
satisfaction_surveys,2025-11-30,131
satisfaction_surveys,2025-12-01,147
satisfaction_surveys,2025-12-02,207
satisfaction_surveys,2025-12-03,243
satisfaction_surveys,2025-12-04,200
satisfaction_surveys,2025-12-05,218
satisfaction_surveys,2025-12-06,226
satisfaction_surveys,2025-12-07,111
satisfaction_surveys,2025-12-08,148
satisfaction_surveys,2025-12-09,235
satisfaction_surveys,2025-12-10,248
satisfaction_surveys,2025-12-11,255
satisfaction_surveys,2025-12-12,232
satisfaction_surveys,2025-12-13,180
satisfaction_surveys,2025-12-14,123
satisfaction_surveys,2025-12-15,129
satisfaction_surveys,2025-12-16,220
satisfaction_surveys,2025-12-17,233
satisfaction_surveys,2025-12-18,187
satisfaction_surveys,2025-12-19,251
satisfaction_surveys,2025-12-20,202
satisfaction_surveys,2025-12-21,109
satisfaction_surveys,2025-12-22,151
satisfaction_surveys,2025-12-23,234
satisfaction_surveys,2025-12-24,234
satisfaction_surveys,2025-12-25,219
satisfaction_surveys,2025-12-26,181
satisfaction_surveys,2025-12-27,211
satisfaction_surveys,2025-12-28,109
satisfaction_surveys,2025-12-29,139
satisfaction_surveys,2025-12-30,203
satisfaction_surveys,2025-12-31,243
satisfaction_surveys,2026-01-01,224
satisfaction_surveys,2026-01-02,259
satisfaction_surveys,2026-01-03,192
satisfaction_surveys,2026-01-04,128
satisfaction_surveys,2026-01-05,144
satisfaction_surveys,2026-01-06,185
satisfaction_surveys,2026-01-07,187
satisfaction_surveys,2026-01-08,221
satisfaction_surveys,2026-01-09,204
satisfaction_surveys,2026-01-10,181
satisfaction_surveys,2026-01-11,118
satisfaction_surveys,2026-01-12,118
satisfaction_surveys,2026-01-13,194
satisfaction_surveys,2026-01-14,182
satisfaction_surveys,2026-01-15,208
satisfaction_surveys,2026-01-16,267
satisfaction_surveys,2026-01-17,195
satisfaction_surveys,2026-01-18,126
satisfaction_surveys,2026-01-19,130
satisfaction_surveys,2026-01-20,251
satisfaction_surveys,2026-01-21,255
satisfaction_surveys,2026-01-22,221
satisfaction_surveys,2026-01-23,249
satisfaction_surveys,2026-01-24,166
satisfaction_surveys,2026-01-25,102
satisfaction_surveys,2026-01-26,132
satisfaction_surveys,2026-01-27,254
satisfaction_surveys,2026-01-28,217
satisfaction_surveys,2026-01-29,178
satisfaction_surveys,2026-01-30,208
satisfaction_surveys,2026-01-31,206
satisfaction_surveys,2026-02-01,104
satisfaction_surveys,2026-02-02,137
satisfaction_surveys,2026-02-03,206
satisfaction_surveys,2026-02-04,220
satisfaction_surveys,2026-02-05,183
satisfaction_surveys,2026-02-06,274
satisfaction_surveys,2026-02-07,220
satisfaction_surveys,2026-02-08,137
satisfaction_surveys,2026-02-09,140
satisfaction_surveys,2026-02-10,210
satisfaction_surveys,2026-02-11,219
satisfaction_surveys,2026-02-12,254
satisfaction_surveys,2026-02-13,197
satisfaction_surveys,2026-02-14,258
satisfaction_surveys,2026-02-15,135
satisfaction_surveys,2026-02-16,135
satisfaction_surveys,2026-02-17,194
satisfaction_surveys,2026-02-18,188
satisfaction_surveys,2026-02-19,199
satisfaction_surveys,2026-02-20,190
satisfaction_surveys,2026-02-21,198
satisfaction_surveys,2026-02-22,128
satisfaction_surveys,2026-02-23,147
satisfaction_surveys,2026-02-24,247
satisfaction_surveys,2026-02-25,246
satisfaction_surveys,2026-02-26,250
satisfaction_surveys,2026-02-27,242
satisfaction_surveys,2026-02-28,232
satisfaction_surveys,2026-03-01,141
satisfaction_surveys,2026-03-02,161
satisfaction_surveys,2026-03-03,234
satisfaction_surveys,2026-03-04,232
satisfaction_surveys,2026-03-05,274
satisfaction_surveys,2026-03-06,243
satisfaction_surveys,2026-03-07,187
satisfaction_surveys,2026-03-08,106
satisfaction_surveys,2026-03-09,155
satisfaction_surveys,2026-03-10,208
satisfaction_surveys,2026-03-11,214
satisfaction_surveys,2026-03-12,269
satisfaction_surveys,2026-03-13,261
satisfaction_surveys,2026-03-14,220
satisfaction_surveys,2026-03-15,136
satisfaction_surveys,2026-03-16,137
satisfaction_surveys,2026-03-17,254
satisfaction_surveys,2026-03-18,241
satisfaction_surveys,2026-03-19,240
satisfaction_surveys,2026-03-20,232
satisfaction_surveys,2026-03-21,241
satisfaction_surveys,2026-03-22,112
satisfaction_surveys,2026-03-23,155
satisfaction_surveys,2026-03-24,241
satisfaction_surveys,2026-03-25,225
satisfaction_surveys,2026-03-26,239
satisfaction_surveys,2026-03-27,241
satisfaction_surveys,2026-03-28,182
satisfaction_surveys,2026-03-29,114
satisfaction_surveys,2026-03-30,167
satisfaction_surveys,2026-03-31,233
satisfaction_surveys,2026-04-01,220
satisfaction_surveys,2026-04-02,217
satisfaction_surveys,2026-04-03,231
satisfaction_surveys,2026-04-04,168
satisfaction_surveys,2026-04-05,127
satisfaction_surveys,2026-04-06,147
satisfaction_surveys,2026-04-07,184
satisfaction_surveys,2026-04-08,221
satisfaction_surveys,2026-04-09,197
satisfaction_surveys,2026-04-10,189
satisfaction_surveys,2026-04-11,202
satisfaction_surveys,2026-04-12,126
satisfaction_surveys,2026-04-13,145
satisfaction_surveys,2026-04-14,248
satisfaction_surveys,2026-04-15,226
satisfaction_surveys,2026-04-16,192
satisfaction_surveys,2026-04-17,185
satisfaction_surveys,2026-04-18,203
satisfaction_surveys,2026-04-19,133
satisfaction_surveys,2026-04-20,129
satisfaction_surveys,2026-04-21,229
satisfaction_surveys,2026-04-22,215
satisfaction_surveys,2026-04-23,245
satisfaction_surveys,2026-04-24,232
satisfaction_surveys,2026-04-25,232
satisfaction_surveys,2026-04-26,131
satisfaction_surveys,2026-04-27,143
satisfaction_surveys,2026-04-28,213
satisfaction_surveys,2026-04-29,232
satisfaction_surveys,2026-04-30,261
satisfaction_surveys,2026-05-01,225
satisfaction_surveys,2026-05-02,160
satisfaction_surveys,2026-05-03,117
satisfaction_surveys,2026-05-04,139
satisfaction_surveys,2026-05-05,222
satisfaction_surveys,2026-05-06,247
satisfaction_surveys,2026-05-07,203
satisfaction_surveys,2026-05-08,201
satisfaction_surveys,2026-05-09,206
satisfaction_surveys,2026-05-10,122
satisfaction_surveys,2026-05-11,148
satisfaction_surveys,2026-05-12,202
satisfaction_surveys,2026-05-13,203
satisfaction_surveys,2026-05-14,223
satisfaction_surveys,2026-05-15,203
satisfaction_surveys,2026-05-16,233
satisfaction_surveys,2026-05-17,136
satisfaction_surveys,2026-05-18,141
satisfaction_surveys,2026-05-19,209
satisfaction_surveys,2026-05-20,199
satisfaction_surveys,2026-05-21,264
satisfaction_surveys,2026-05-22,193
satisfaction_surveys,2026-05-23,186
satisfaction_surveys,2026-05-24,129
satisfaction_surveys,2026-05-25,160
satisfaction_surveys,2026-05-26,239
satisfaction_surveys,2026-05-27,237
satisfaction_surveys,2026-05-28,222
satisfaction_surveys,2026-05-29,195
satisfaction_surveys,2026-05-30,198
satisfaction_surveys,2026-05-31,116
satisfaction_surveys,2026-06-01,152
satisfaction_surveys,2026-06-02,241
satisfaction_surveys,2026-06-03,241
satisfaction_surveys,2026-06-04,195
satisfaction_surveys,2026-06-05,215
satisfaction_surveys,2026-06-06,175
satisfaction_surveys,2026-06-07,126
satisfaction_surveys,2026-06-08,144
satisfaction_surveys,2026-06-09,251
satisfaction_surveys,2026-06-10,237
satisfaction_surveys,2026-06-11,212
satisfaction_surveys,2026-06-12,245
satisfaction_surveys,2026-06-13,167
satisfaction_surveys,2026-06-14,128
satisfaction_surveys,2026-06-15,141
satisfaction_surveys,2026-06-16,257
satisfaction_surveys,2026-06-17,236
satisfaction_surveys,2026-06-18,143
satisfaction_surveys,2026-06-19,10
campaign_sends,2023-07-01,898
campaign_sends,2023-07-02,1176
campaign_sends,2023-07-03,1466
campaign_sends,2023-07-04,2046
campaign_sends,2023-07-05,1769
campaign_sends,2023-07-06,1563
campaign_sends,2023-07-07,1614
campaign_sends,2023-07-08,1392
campaign_sends,2023-07-09,1108
campaign_sends,2023-07-10,1579
campaign_sends,2023-07-11,1941
campaign_sends,2023-07-12,1887
campaign_sends,2023-07-13,1841
campaign_sends,2023-07-14,2053
campaign_sends,2023-07-15,1266
campaign_sends,2023-07-16,1074
campaign_sends,2023-07-17,1790
campaign_sends,2023-07-18,1960
campaign_sends,2023-07-19,1611
campaign_sends,2023-07-20,1639
campaign_sends,2023-07-21,1650
campaign_sends,2023-07-22,1147
campaign_sends,2023-07-23,972
campaign_sends,2023-07-24,1552
campaign_sends,2023-07-25,1516
campaign_sends,2023-07-26,1606
campaign_sends,2023-07-27,1746
campaign_sends,2023-07-28,1726
campaign_sends,2023-07-29,1318
campaign_sends,2023-07-30,1065
campaign_sends,2023-07-31,1399
campaign_sends,2023-08-01,1800
campaign_sends,2023-08-02,2093
campaign_sends,2023-08-03,1931
campaign_sends,2023-08-04,1847
campaign_sends,2023-08-05,1208
campaign_sends,2023-08-06,975
campaign_sends,2023-08-07,1579
campaign_sends,2023-08-08,2046
campaign_sends,2023-08-09,1973
campaign_sends,2023-08-10,1737
campaign_sends,2023-08-11,1888
campaign_sends,2023-08-12,1401
campaign_sends,2023-08-13,964
campaign_sends,2023-08-14,1659
campaign_sends,2023-08-15,1735
campaign_sends,2023-08-16,1593
campaign_sends,2023-08-17,1905
campaign_sends,2023-08-18,2108
campaign_sends,2023-08-19,1385
campaign_sends,2023-08-20,1174
campaign_sends,2023-08-21,1496
campaign_sends,2023-08-22,1922
campaign_sends,2023-08-23,1835
campaign_sends,2023-08-24,2003
campaign_sends,2023-08-25,1699
campaign_sends,2023-08-26,1350
campaign_sends,2023-08-27,1256
campaign_sends,2023-08-28,1564
campaign_sends,2023-08-29,1857
campaign_sends,2023-08-30,2095
campaign_sends,2023-08-31,1966
campaign_sends,2023-09-01,2069
campaign_sends,2023-09-02,1421
campaign_sends,2023-09-03,989
campaign_sends,2023-09-04,1358
campaign_sends,2023-09-05,1600
campaign_sends,2023-09-06,1656
campaign_sends,2023-09-07,1726
campaign_sends,2023-09-08,1833
campaign_sends,2023-09-09,1145
campaign_sends,2023-09-10,1041
campaign_sends,2023-09-11,1615
campaign_sends,2023-09-12,1599
campaign_sends,2023-09-13,1631
campaign_sends,2023-09-14,1679
campaign_sends,2023-09-15,1747
campaign_sends,2023-09-16,1318
campaign_sends,2023-09-17,1223
campaign_sends,2023-09-18,1424
campaign_sends,2023-09-19,1556
campaign_sends,2023-09-20,2026
campaign_sends,2023-09-21,2136
campaign_sends,2023-09-22,1704
campaign_sends,2023-09-23,1292
campaign_sends,2023-09-24,1056
campaign_sends,2023-09-25,1407
campaign_sends,2023-09-26,1616
campaign_sends,2023-09-27,1828
campaign_sends,2023-09-28,1653
campaign_sends,2023-09-29,1904
campaign_sends,2023-09-30,1247
campaign_sends,2023-10-01,976
campaign_sends,2023-10-02,1389
campaign_sends,2023-10-03,1823
campaign_sends,2023-10-04,2115
campaign_sends,2023-10-05,2070
campaign_sends,2023-10-06,1738
campaign_sends,2023-10-07,1315
campaign_sends,2023-10-08,1293
campaign_sends,2023-10-09,1625
campaign_sends,2023-10-10,1574
campaign_sends,2023-10-11,1893
campaign_sends,2023-10-12,1628
campaign_sends,2023-10-13,1877
campaign_sends,2023-10-14,1452
campaign_sends,2023-10-15,1268
campaign_sends,2023-10-16,1437
campaign_sends,2023-10-17,1600
campaign_sends,2023-10-18,2048
campaign_sends,2023-10-19,1925
campaign_sends,2023-10-20,1970
campaign_sends,2023-10-21,1285
campaign_sends,2023-10-22,981
campaign_sends,2023-10-23,1599
campaign_sends,2023-10-24,1729
campaign_sends,2023-10-25,1882
campaign_sends,2023-10-26,1889
campaign_sends,2023-10-27,1847
campaign_sends,2023-10-28,1384
campaign_sends,2023-10-29,1040
campaign_sends,2023-10-30,1466
campaign_sends,2023-10-31,1540
campaign_sends,2023-11-01,1895
campaign_sends,2023-11-02,1864
campaign_sends,2023-11-03,1955
campaign_sends,2023-11-04,1366
campaign_sends,2023-11-05,1268
campaign_sends,2023-11-06,1556
campaign_sends,2023-11-07,1709
campaign_sends,2023-11-08,1588
campaign_sends,2023-11-09,1610
campaign_sends,2023-11-10,2048
campaign_sends,2023-11-11,1256
campaign_sends,2023-11-12,1166
campaign_sends,2023-11-13,1568
campaign_sends,2023-11-14,1748
campaign_sends,2023-11-15,1798
campaign_sends,2023-11-16,1694
campaign_sends,2023-11-17,1772
campaign_sends,2023-11-18,1413
campaign_sends,2023-11-19,1268
campaign_sends,2023-11-20,1781
campaign_sends,2023-11-21,1815
campaign_sends,2023-11-22,2038
campaign_sends,2023-11-23,1707
campaign_sends,2023-11-24,1678
campaign_sends,2023-11-25,1157
campaign_sends,2023-11-26,1239
campaign_sends,2023-11-27,1685
campaign_sends,2023-11-28,1988
campaign_sends,2023-11-29,1646
campaign_sends,2023-11-30,1740
campaign_sends,2023-12-01,2104
campaign_sends,2023-12-02,1427
campaign_sends,2023-12-03,1181
campaign_sends,2023-12-04,1455
campaign_sends,2023-12-05,1684
campaign_sends,2023-12-06,1989
campaign_sends,2023-12-07,2072
campaign_sends,2023-12-08,2065
campaign_sends,2023-12-09,1457
campaign_sends,2023-12-10,1109
campaign_sends,2023-12-11,1556
campaign_sends,2023-12-12,2040
campaign_sends,2023-12-13,1743
campaign_sends,2023-12-14,1538
campaign_sends,2023-12-15,1472
campaign_sends,2023-12-16,1107
campaign_sends,2023-12-17,1142
campaign_sends,2023-12-18,1791
campaign_sends,2023-12-19,1871
campaign_sends,2023-12-20,1710
campaign_sends,2023-12-21,1989
campaign_sends,2023-12-22,1809
campaign_sends,2023-12-23,1079
campaign_sends,2023-12-24,1032
campaign_sends,2023-12-25,1660
campaign_sends,2023-12-26,1869
campaign_sends,2023-12-27,1806
campaign_sends,2023-12-28,2107
campaign_sends,2023-12-29,1849
campaign_sends,2023-12-30,1413
campaign_sends,2023-12-31,1324
campaign_sends,2024-01-01,1476
campaign_sends,2024-01-02,1947
campaign_sends,2024-01-03,1895
campaign_sends,2024-01-04,1975
campaign_sends,2024-01-05,1974
campaign_sends,2024-01-06,1377
campaign_sends,2024-01-07,1205
campaign_sends,2024-01-08,1353
campaign_sends,2024-01-09,1823
campaign_sends,2024-01-10,1840
campaign_sends,2024-01-11,2053
campaign_sends,2024-01-12,1780
campaign_sends,2024-01-13,1170
campaign_sends,2024-01-14,971
campaign_sends,2024-01-15,1454
campaign_sends,2024-01-16,1931
campaign_sends,2024-01-17,1664
campaign_sends,2024-01-18,1959
campaign_sends,2024-01-19,2114
campaign_sends,2024-01-20,1324
campaign_sends,2024-01-21,991
campaign_sends,2024-01-22,1817
campaign_sends,2024-01-23,1998
campaign_sends,2024-01-24,2024
campaign_sends,2024-01-25,1828
campaign_sends,2024-01-26,1814
campaign_sends,2024-01-27,1116
campaign_sends,2024-01-28,899
campaign_sends,2024-01-29,1576
campaign_sends,2024-01-30,1661
campaign_sends,2024-01-31,1804
campaign_sends,2024-02-01,1898
campaign_sends,2024-02-02,2029
campaign_sends,2024-02-03,1278
campaign_sends,2024-02-04,996
campaign_sends,2024-02-05,1544
campaign_sends,2024-02-06,1990
campaign_sends,2024-02-07,1678
campaign_sends,2024-02-08,2005
campaign_sends,2024-02-09,2068
campaign_sends,2024-02-10,1215
campaign_sends,2024-02-11,1166
campaign_sends,2024-02-12,1897
campaign_sends,2024-02-13,1711
campaign_sends,2024-02-14,1711
campaign_sends,2024-02-15,2149
campaign_sends,2024-02-16,1895
campaign_sends,2024-02-17,1162
campaign_sends,2024-02-18,1142
campaign_sends,2024-02-19,1494
campaign_sends,2024-02-20,1882
campaign_sends,2024-02-21,1913
campaign_sends,2024-02-22,1919
campaign_sends,2024-02-23,1854
campaign_sends,2024-02-24,1198
campaign_sends,2024-02-25,929
campaign_sends,2024-02-26,1535
campaign_sends,2024-02-27,1549
campaign_sends,2024-02-28,1894
campaign_sends,2024-02-29,1962
campaign_sends,2024-03-01,1925
campaign_sends,2024-03-02,1361
campaign_sends,2024-03-03,971
campaign_sends,2024-03-04,1722
campaign_sends,2024-03-05,2039
campaign_sends,2024-03-06,1631
campaign_sends,2024-03-07,1782
campaign_sends,2024-03-08,2024
campaign_sends,2024-03-09,1380
campaign_sends,2024-03-10,1144
campaign_sends,2024-03-11,1688
campaign_sends,2024-03-12,1727
campaign_sends,2024-03-13,1821
campaign_sends,2024-03-14,1767
campaign_sends,2024-03-15,1712
campaign_sends,2024-03-16,1284
campaign_sends,2024-03-17,1008
campaign_sends,2024-03-18,1618
campaign_sends,2024-03-19,1723
campaign_sends,2024-03-20,1580
campaign_sends,2024-03-21,1863
campaign_sends,2024-03-22,1581
campaign_sends,2024-03-23,1075
campaign_sends,2024-03-24,1125
campaign_sends,2024-03-25,1669
campaign_sends,2024-03-26,1668
campaign_sends,2024-03-27,1722
campaign_sends,2024-03-28,1697
campaign_sends,2024-03-29,1712
campaign_sends,2024-03-30,1220
campaign_sends,2024-03-31,997
campaign_sends,2024-04-01,1705
campaign_sends,2024-04-02,1946
campaign_sends,2024-04-03,2152
campaign_sends,2024-04-04,1882
campaign_sends,2024-04-05,1928
campaign_sends,2024-04-06,1179
campaign_sends,2024-04-07,1192
campaign_sends,2024-04-08,1501
campaign_sends,2024-04-09,1497
campaign_sends,2024-04-10,1862
campaign_sends,2024-04-11,1921
campaign_sends,2024-04-12,2081
campaign_sends,2024-04-13,1488
campaign_sends,2024-04-14,1178
campaign_sends,2024-04-15,1431
campaign_sends,2024-04-16,1813
campaign_sends,2024-04-17,1737
campaign_sends,2024-04-18,1741
campaign_sends,2024-04-19,1585
campaign_sends,2024-04-20,1319
campaign_sends,2024-04-21,1269
campaign_sends,2024-04-22,1783
campaign_sends,2024-04-23,1864
campaign_sends,2024-04-24,1918
campaign_sends,2024-04-25,1777
campaign_sends,2024-04-26,1663
campaign_sends,2024-04-27,1165
campaign_sends,2024-04-28,1196
campaign_sends,2024-04-29,1826
campaign_sends,2024-04-30,1760
campaign_sends,2024-05-01,1889
campaign_sends,2024-05-02,1816
campaign_sends,2024-05-03,1740
campaign_sends,2024-05-04,1131
campaign_sends,2024-05-05,985
campaign_sends,2024-05-06,1737
campaign_sends,2024-05-07,1871
campaign_sends,2024-05-08,2075
campaign_sends,2024-05-09,1857
campaign_sends,2024-05-10,1913
campaign_sends,2024-05-11,1397
campaign_sends,2024-05-12,1269
campaign_sends,2024-05-13,1823
campaign_sends,2024-05-14,1915
campaign_sends,2024-05-15,1918
campaign_sends,2024-05-16,1755
campaign_sends,2024-05-17,1864
campaign_sends,2024-05-18,1176
campaign_sends,2024-05-19,944
campaign_sends,2024-05-20,1693
campaign_sends,2024-05-21,1738
campaign_sends,2024-05-22,2002
campaign_sends,2024-05-23,1935
campaign_sends,2024-05-24,2041
campaign_sends,2024-05-25,1196
campaign_sends,2024-05-26,1049
campaign_sends,2024-05-27,1887
campaign_sends,2024-05-28,1627
campaign_sends,2024-05-29,1576
campaign_sends,2024-05-30,2002
campaign_sends,2024-05-31,1810
campaign_sends,2024-06-01,1152
campaign_sends,2024-06-02,1171
campaign_sends,2024-06-03,1564
campaign_sends,2024-06-04,1961
campaign_sends,2024-06-05,1837
campaign_sends,2024-06-06,1780
campaign_sends,2024-06-07,1889
campaign_sends,2024-06-08,1416
campaign_sends,2024-06-09,1048
campaign_sends,2024-06-10,1299
campaign_sends,2024-06-11,1712
campaign_sends,2024-06-12,1926
campaign_sends,2024-06-13,1742
campaign_sends,2024-06-14,1749
campaign_sends,2024-06-15,1095
campaign_sends,2024-06-16,1076
campaign_sends,2024-06-17,1544
campaign_sends,2024-06-18,1534
campaign_sends,2024-06-19,1659
campaign_sends,2024-06-20,1773
campaign_sends,2024-06-21,1910
campaign_sends,2024-06-22,1162
campaign_sends,2024-06-23,1024
campaign_sends,2024-06-24,1483
campaign_sends,2024-06-25,2029
campaign_sends,2024-06-26,2157
campaign_sends,2024-06-27,1810
campaign_sends,2024-06-28,1844
campaign_sends,2024-06-29,1455
campaign_sends,2024-06-30,1178
campaign_sends,2024-07-01,1796
campaign_sends,2024-07-02,1973
campaign_sends,2024-07-03,1800
campaign_sends,2024-07-04,1927
campaign_sends,2024-07-05,2079
campaign_sends,2024-07-06,1415
campaign_sends,2024-07-07,1114
campaign_sends,2024-07-08,1848
campaign_sends,2024-07-09,1918
campaign_sends,2024-07-10,2069
campaign_sends,2024-07-11,2118
campaign_sends,2024-07-12,2191
campaign_sends,2024-07-13,1295
campaign_sends,2024-07-14,1029
campaign_sends,2024-07-15,1443
campaign_sends,2024-07-16,1953
campaign_sends,2024-07-17,1915
campaign_sends,2024-07-18,1664
campaign_sends,2024-07-19,1774
campaign_sends,2024-07-20,1446
campaign_sends,2024-07-21,1239
campaign_sends,2024-07-22,1479
campaign_sends,2024-07-23,1871
campaign_sends,2024-07-24,1804
campaign_sends,2024-07-25,1790
campaign_sends,2024-07-26,1656
campaign_sends,2024-07-27,1201
campaign_sends,2024-07-28,1103
campaign_sends,2024-07-29,1734
campaign_sends,2024-07-30,2066
campaign_sends,2024-07-31,1762
campaign_sends,2024-08-01,1623
campaign_sends,2024-08-02,1563
campaign_sends,2024-08-03,1084
campaign_sends,2024-08-04,915
campaign_sends,2024-08-05,1415
campaign_sends,2024-08-06,1891
campaign_sends,2024-08-07,1695
campaign_sends,2024-08-08,1872
campaign_sends,2024-08-09,1642
campaign_sends,2024-08-10,1259
campaign_sends,2024-08-11,1064
campaign_sends,2024-08-12,1442
campaign_sends,2024-08-13,1580
campaign_sends,2024-08-14,1927
campaign_sends,2024-08-15,2131
campaign_sends,2024-08-16,1739
campaign_sends,2024-08-17,1162
campaign_sends,2024-08-18,1156
campaign_sends,2024-08-19,1911
campaign_sends,2024-08-20,1919
campaign_sends,2024-08-21,1658
campaign_sends,2024-08-22,1644
campaign_sends,2024-08-23,1881
campaign_sends,2024-08-24,1154
campaign_sends,2024-08-25,1067
campaign_sends,2024-08-26,1490
campaign_sends,2024-08-27,1899
campaign_sends,2024-08-28,2084
campaign_sends,2024-08-29,1993
campaign_sends,2024-08-30,1744
campaign_sends,2024-08-31,1192
campaign_sends,2024-09-01,1014
campaign_sends,2024-09-02,1801
campaign_sends,2024-09-03,1676
campaign_sends,2024-09-04,1646
campaign_sends,2024-09-05,1625
campaign_sends,2024-09-06,1932
campaign_sends,2024-09-07,1244
campaign_sends,2024-09-08,1181
campaign_sends,2024-09-09,1931
campaign_sends,2024-09-10,1979
campaign_sends,2024-09-11,1847
campaign_sends,2024-09-12,1763
campaign_sends,2024-09-13,1839
campaign_sends,2024-09-14,1119
campaign_sends,2024-09-15,1131
campaign_sends,2024-09-16,1777
campaign_sends,2024-09-17,1671
campaign_sends,2024-09-18,1839
campaign_sends,2024-09-19,1978
campaign_sends,2024-09-20,1670
campaign_sends,2024-09-21,1191
campaign_sends,2024-09-22,1195
campaign_sends,2024-09-23,1541
campaign_sends,2024-09-24,1727
campaign_sends,2024-09-25,1709
campaign_sends,2024-09-26,1781
campaign_sends,2024-09-27,1728
campaign_sends,2024-09-28,1340
campaign_sends,2024-09-29,1062
campaign_sends,2024-09-30,1416
campaign_sends,2024-10-01,1616
campaign_sends,2024-10-02,1851
campaign_sends,2024-10-03,1692
campaign_sends,2024-10-04,1652
campaign_sends,2024-10-05,1225
campaign_sends,2024-10-06,968
campaign_sends,2024-10-07,1345
campaign_sends,2024-10-08,1583
campaign_sends,2024-10-09,1909
campaign_sends,2024-10-10,2143
campaign_sends,2024-10-11,1844
campaign_sends,2024-10-12,1113
campaign_sends,2024-10-13,1116
campaign_sends,2024-10-14,1494
campaign_sends,2024-10-15,1601
campaign_sends,2024-10-16,1712
campaign_sends,2024-10-17,1798
campaign_sends,2024-10-18,1944
campaign_sends,2024-10-19,1467
campaign_sends,2024-10-20,1224
campaign_sends,2024-10-21,1793
campaign_sends,2024-10-22,1770
campaign_sends,2024-10-23,1596
campaign_sends,2024-10-24,1779
campaign_sends,2024-10-25,1959
campaign_sends,2024-10-26,1393
campaign_sends,2024-10-27,1226
campaign_sends,2024-10-28,1758
campaign_sends,2024-10-29,2016
campaign_sends,2024-10-30,2007
campaign_sends,2024-10-31,1635
campaign_sends,2024-11-01,1879
campaign_sends,2024-11-02,1196
campaign_sends,2024-11-03,1112
campaign_sends,2024-11-04,1566
campaign_sends,2024-11-05,1733
campaign_sends,2024-11-06,2013
campaign_sends,2024-11-07,1700
campaign_sends,2024-11-08,1897
campaign_sends,2024-11-09,1479
campaign_sends,2024-11-10,1211
campaign_sends,2024-11-11,1763
campaign_sends,2024-11-12,1783
campaign_sends,2024-11-13,1935
campaign_sends,2024-11-14,2044
campaign_sends,2024-11-15,1906
campaign_sends,2024-11-16,1145
campaign_sends,2024-11-17,913
campaign_sends,2024-11-18,1710
campaign_sends,2024-11-19,2044
campaign_sends,2024-11-20,1837
campaign_sends,2024-11-21,1740
campaign_sends,2024-11-22,1539
campaign_sends,2024-11-23,1127
campaign_sends,2024-11-24,1126
campaign_sends,2024-11-25,1450
campaign_sends,2024-11-26,1549
campaign_sends,2024-11-27,1720
campaign_sends,2024-11-28,1697
campaign_sends,2024-11-29,1764
campaign_sends,2024-11-30,1395
campaign_sends,2024-12-01,1181
campaign_sends,2024-12-02,1911
campaign_sends,2024-12-03,2080
campaign_sends,2024-12-04,1700
campaign_sends,2024-12-05,1880
campaign_sends,2024-12-06,1873
campaign_sends,2024-12-07,1348
campaign_sends,2024-12-08,1025
campaign_sends,2024-12-09,1857
campaign_sends,2024-12-10,1776
campaign_sends,2024-12-11,1944
campaign_sends,2024-12-12,1990
campaign_sends,2024-12-13,1708
campaign_sends,2024-12-14,1212
campaign_sends,2024-12-15,1038
campaign_sends,2024-12-16,1742
campaign_sends,2024-12-17,1895
campaign_sends,2024-12-18,1743
campaign_sends,2024-12-19,1638
campaign_sends,2024-12-20,1776
campaign_sends,2024-12-21,1206
campaign_sends,2024-12-22,940
campaign_sends,2024-12-23,1822
campaign_sends,2024-12-24,1848
campaign_sends,2024-12-25,1620
campaign_sends,2024-12-26,1712
campaign_sends,2024-12-27,1657
campaign_sends,2024-12-28,1227
campaign_sends,2024-12-29,1140
campaign_sends,2024-12-30,1485
campaign_sends,2024-12-31,1555
campaign_sends,2025-01-01,1728
campaign_sends,2025-01-02,1658
campaign_sends,2025-01-03,1783
campaign_sends,2025-01-04,1368
campaign_sends,2025-01-05,1049
campaign_sends,2025-01-06,1691
campaign_sends,2025-01-07,1708
campaign_sends,2025-01-08,1792
campaign_sends,2025-01-09,1685
campaign_sends,2025-01-10,1672
campaign_sends,2025-01-11,1396
campaign_sends,2025-01-12,1206
campaign_sends,2025-01-13,1807
campaign_sends,2025-01-14,1979
campaign_sends,2025-01-15,1770
campaign_sends,2025-01-16,1762
campaign_sends,2025-01-17,1721
campaign_sends,2025-01-18,1181
campaign_sends,2025-01-19,1243
campaign_sends,2025-01-20,1659
campaign_sends,2025-01-21,1605
campaign_sends,2025-01-22,1743
campaign_sends,2025-01-23,1949
campaign_sends,2025-01-24,2037
campaign_sends,2025-01-25,1215
campaign_sends,2025-01-26,877
campaign_sends,2025-01-27,1809
campaign_sends,2025-01-28,2082
campaign_sends,2025-01-29,1816
campaign_sends,2025-01-30,1844
campaign_sends,2025-01-31,1790
campaign_sends,2025-02-01,1128
campaign_sends,2025-02-02,909
campaign_sends,2025-02-03,1632
campaign_sends,2025-02-04,1804
campaign_sends,2025-02-05,1813
campaign_sends,2025-02-06,1761
campaign_sends,2025-02-07,1809
campaign_sends,2025-02-08,1374
campaign_sends,2025-02-09,1161
campaign_sends,2025-02-10,1831
campaign_sends,2025-02-11,1862
campaign_sends,2025-02-12,1591
campaign_sends,2025-02-13,1478
campaign_sends,2025-02-14,1874
campaign_sends,2025-02-15,1286
campaign_sends,2025-02-16,1186
campaign_sends,2025-02-17,1559
campaign_sends,2025-02-18,1676
campaign_sends,2025-02-19,2081
campaign_sends,2025-02-20,1732
campaign_sends,2025-02-21,1964
campaign_sends,2025-02-22,1405
campaign_sends,2025-02-23,1232
campaign_sends,2025-02-24,1820
campaign_sends,2025-02-25,1653
campaign_sends,2025-02-26,1546
campaign_sends,2025-02-27,1773
campaign_sends,2025-02-28,1620
campaign_sends,2025-03-01,1194
campaign_sends,2025-03-02,1218
campaign_sends,2025-03-03,1858
campaign_sends,2025-03-04,1856
campaign_sends,2025-03-05,2023
campaign_sends,2025-03-06,2139
campaign_sends,2025-03-07,1664
campaign_sends,2025-03-08,1062
campaign_sends,2025-03-09,1192
campaign_sends,2025-03-10,1580
campaign_sends,2025-03-11,1679
campaign_sends,2025-03-12,1955
campaign_sends,2025-03-13,2132
campaign_sends,2025-03-14,1666
campaign_sends,2025-03-15,1165
campaign_sends,2025-03-16,1149
campaign_sends,2025-03-17,1477
campaign_sends,2025-03-18,1796
campaign_sends,2025-03-19,2081
campaign_sends,2025-03-20,1707
campaign_sends,2025-03-21,1645
campaign_sends,2025-03-22,1301
campaign_sends,2025-03-23,1049
campaign_sends,2025-03-24,1795
campaign_sends,2025-03-25,1974
campaign_sends,2025-03-26,1605
campaign_sends,2025-03-27,1660
campaign_sends,2025-03-28,1561
campaign_sends,2025-03-29,1299
campaign_sends,2025-03-30,1271
campaign_sends,2025-03-31,1518
campaign_sends,2025-04-01,1681
campaign_sends,2025-04-02,1800
campaign_sends,2025-04-03,1743
campaign_sends,2025-04-04,1811
campaign_sends,2025-04-05,1378
campaign_sends,2025-04-06,992
campaign_sends,2025-04-07,1775
campaign_sends,2025-04-08,1920
campaign_sends,2025-04-09,1937
campaign_sends,2025-04-10,2045
campaign_sends,2025-04-11,1649
campaign_sends,2025-04-12,1090
campaign_sends,2025-04-13,1009
campaign_sends,2025-04-14,1576
campaign_sends,2025-04-15,1745
campaign_sends,2025-04-16,1775
campaign_sends,2025-04-17,1957
campaign_sends,2025-04-18,1680
campaign_sends,2025-04-19,1055
campaign_sends,2025-04-20,1077
campaign_sends,2025-04-21,1638
campaign_sends,2025-04-22,2105
campaign_sends,2025-04-23,1913
campaign_sends,2025-04-24,1999
campaign_sends,2025-04-25,2055
campaign_sends,2025-04-26,1338
campaign_sends,2025-04-27,1140
campaign_sends,2025-04-28,1438
campaign_sends,2025-04-29,2004
campaign_sends,2025-04-30,1717
campaign_sends,2025-05-01,1605
campaign_sends,2025-05-02,1741
campaign_sends,2025-05-03,1124
campaign_sends,2025-05-04,1002
campaign_sends,2025-05-05,1643
campaign_sends,2025-05-06,1688
campaign_sends,2025-05-07,1749
campaign_sends,2025-05-08,1773
campaign_sends,2025-05-09,1619
campaign_sends,2025-05-10,1219
campaign_sends,2025-05-11,1236
campaign_sends,2025-05-12,1606
campaign_sends,2025-05-13,2017
campaign_sends,2025-05-14,2011
campaign_sends,2025-05-15,1632
campaign_sends,2025-05-16,1561
campaign_sends,2025-05-17,1088
campaign_sends,2025-05-18,953
campaign_sends,2025-05-19,1833
campaign_sends,2025-05-20,1933
campaign_sends,2025-05-21,1861
campaign_sends,2025-05-22,2002
campaign_sends,2025-05-23,1681
campaign_sends,2025-05-24,1278
campaign_sends,2025-05-25,1207
campaign_sends,2025-05-26,1435
campaign_sends,2025-05-27,1505
campaign_sends,2025-05-28,1975
campaign_sends,2025-05-29,1769
campaign_sends,2025-05-30,1995
campaign_sends,2025-05-31,1177
campaign_sends,2025-06-01,1109
campaign_sends,2025-06-02,1810
campaign_sends,2025-06-03,2056
campaign_sends,2025-06-04,2107
campaign_sends,2025-06-05,2086
campaign_sends,2025-06-06,1773
campaign_sends,2025-06-07,1284
campaign_sends,2025-06-08,944
campaign_sends,2025-06-09,1841
campaign_sends,2025-06-10,1670
campaign_sends,2025-06-11,1537
campaign_sends,2025-06-12,1754
campaign_sends,2025-06-13,1776
campaign_sends,2025-06-14,1233
campaign_sends,2025-06-15,1027
campaign_sends,2025-06-16,1342
campaign_sends,2025-06-17,1725
campaign_sends,2025-06-18,1763
campaign_sends,2025-06-19,1760
campaign_sends,2025-06-20,1988
campaign_sends,2025-06-21,1174
campaign_sends,2025-06-22,955
campaign_sends,2025-06-23,1804
campaign_sends,2025-06-24,1955
campaign_sends,2025-06-25,1941
campaign_sends,2025-06-26,1661
campaign_sends,2025-06-27,1612
campaign_sends,2025-06-28,1322
campaign_sends,2025-06-29,1224
campaign_sends,2025-06-30,1691
campaign_sends,2025-07-01,1811
campaign_sends,2025-07-02,1978
campaign_sends,2025-07-03,1719
campaign_sends,2025-07-04,1983
campaign_sends,2025-07-05,1278
campaign_sends,2025-07-06,918
campaign_sends,2025-07-07,1536
campaign_sends,2025-07-08,2121
campaign_sends,2025-07-09,1701
campaign_sends,2025-07-10,1628
campaign_sends,2025-07-11,1687
campaign_sends,2025-07-12,1230
campaign_sends,2025-07-13,1080
campaign_sends,2025-07-14,1647
campaign_sends,2025-07-15,1967
campaign_sends,2025-07-16,1890
campaign_sends,2025-07-17,1810
campaign_sends,2025-07-18,2076
campaign_sends,2025-07-19,1289
campaign_sends,2025-07-20,1162
campaign_sends,2025-07-21,1416
campaign_sends,2025-07-22,1525
campaign_sends,2025-07-23,1694
campaign_sends,2025-07-24,1582
campaign_sends,2025-07-25,1519
campaign_sends,2025-07-26,1318
campaign_sends,2025-07-27,1019
campaign_sends,2025-07-28,1565
campaign_sends,2025-07-29,1835
campaign_sends,2025-07-30,2023
campaign_sends,2025-07-31,2177
campaign_sends,2025-08-01,1800
campaign_sends,2025-08-02,1093
campaign_sends,2025-08-03,1201
campaign_sends,2025-08-04,1707
campaign_sends,2025-08-05,2037
campaign_sends,2025-08-06,1764
campaign_sends,2025-08-07,1978
campaign_sends,2025-08-08,1827
campaign_sends,2025-08-09,1231
campaign_sends,2025-08-10,1119
campaign_sends,2025-08-11,1919
campaign_sends,2025-08-12,1789
campaign_sends,2025-08-13,1864
campaign_sends,2025-08-14,1620
campaign_sends,2025-08-15,1726
campaign_sends,2025-08-16,1253
campaign_sends,2025-08-17,958
campaign_sends,2025-08-18,1664
campaign_sends,2025-08-19,1622
campaign_sends,2025-08-20,1990
campaign_sends,2025-08-21,2010
campaign_sends,2025-08-22,1932
campaign_sends,2025-08-23,1345
campaign_sends,2025-08-24,1213
campaign_sends,2025-08-25,1658
campaign_sends,2025-08-26,1600
campaign_sends,2025-08-27,1882
campaign_sends,2025-08-28,1973
campaign_sends,2025-08-29,1860
campaign_sends,2025-08-30,1204
campaign_sends,2025-08-31,1067
campaign_sends,2025-09-01,1856
campaign_sends,2025-09-02,2007
campaign_sends,2025-09-03,1608
campaign_sends,2025-09-04,1645
campaign_sends,2025-09-05,1651
campaign_sends,2025-09-06,1218
campaign_sends,2025-09-07,1161
campaign_sends,2025-09-08,1643
campaign_sends,2025-09-09,1824
campaign_sends,2025-09-10,2002
campaign_sends,2025-09-11,2091
campaign_sends,2025-09-12,1787
campaign_sends,2025-09-13,1159
campaign_sends,2025-09-14,1196
campaign_sends,2025-09-15,1458
campaign_sends,2025-09-16,1849
campaign_sends,2025-09-17,1917
campaign_sends,2025-09-18,1706
campaign_sends,2025-09-19,1575
campaign_sends,2025-09-20,1111
campaign_sends,2025-09-21,1209
campaign_sends,2025-09-22,1499
campaign_sends,2025-09-23,1739
campaign_sends,2025-09-24,1935
campaign_sends,2025-09-25,1665
campaign_sends,2025-09-26,1608
campaign_sends,2025-09-27,1390
campaign_sends,2025-09-28,1115
campaign_sends,2025-09-29,1783
campaign_sends,2025-09-30,1668
campaign_sends,2025-10-01,1639
campaign_sends,2025-10-02,1874
campaign_sends,2025-10-03,1567
campaign_sends,2025-10-04,1350
campaign_sends,2025-10-05,1146
campaign_sends,2025-10-06,1872
campaign_sends,2025-10-07,1859
campaign_sends,2025-10-08,1848
campaign_sends,2025-10-09,1674
campaign_sends,2025-10-10,1968
campaign_sends,2025-10-11,1242
campaign_sends,2025-10-12,1070
campaign_sends,2025-10-13,1412
campaign_sends,2025-10-14,1792
campaign_sends,2025-10-15,1750
campaign_sends,2025-10-16,1737
campaign_sends,2025-10-17,1828
campaign_sends,2025-10-18,1235
campaign_sends,2025-10-19,1019
campaign_sends,2025-10-20,1525
campaign_sends,2025-10-21,1758
campaign_sends,2025-10-22,1744
campaign_sends,2025-10-23,1984
campaign_sends,2025-10-24,1915
campaign_sends,2025-10-25,1152
campaign_sends,2025-10-26,1050
campaign_sends,2025-10-27,1848
campaign_sends,2025-10-28,1986
campaign_sends,2025-10-29,2041
campaign_sends,2025-10-30,1832
campaign_sends,2025-10-31,1644
campaign_sends,2025-11-01,1234
campaign_sends,2025-11-02,927
campaign_sends,2025-11-03,1739
campaign_sends,2025-11-04,1812
campaign_sends,2025-11-05,1659
campaign_sends,2025-11-06,1767
campaign_sends,2025-11-07,1994
campaign_sends,2025-11-08,1200
campaign_sends,2025-11-09,896
campaign_sends,2025-11-10,1766
campaign_sends,2025-11-11,2007
campaign_sends,2025-11-12,1883
campaign_sends,2025-11-13,1916
campaign_sends,2025-11-14,1889
campaign_sends,2025-11-15,1458
campaign_sends,2025-11-16,1105
campaign_sends,2025-11-17,1647
campaign_sends,2025-11-18,1811
campaign_sends,2025-11-19,1816
campaign_sends,2025-11-20,1724
campaign_sends,2025-11-21,1992
campaign_sends,2025-11-22,1229
campaign_sends,2025-11-23,951
campaign_sends,2025-11-24,1488
campaign_sends,2025-11-25,1880
campaign_sends,2025-11-26,2071
campaign_sends,2025-11-27,2041
campaign_sends,2025-11-28,2017
campaign_sends,2025-11-29,1262
campaign_sends,2025-11-30,1210
campaign_sends,2025-12-01,1833
campaign_sends,2025-12-02,2040
campaign_sends,2025-12-03,1752
campaign_sends,2025-12-04,2024
campaign_sends,2025-12-05,2051
campaign_sends,2025-12-06,1259
campaign_sends,2025-12-07,1084
campaign_sends,2025-12-08,1599
campaign_sends,2025-12-09,1575
campaign_sends,2025-12-10,1500
campaign_sends,2025-12-11,1888
campaign_sends,2025-12-12,2032
campaign_sends,2025-12-13,1261
campaign_sends,2025-12-14,1111
campaign_sends,2025-12-15,1447
campaign_sends,2025-12-16,1620
campaign_sends,2025-12-17,1610
campaign_sends,2025-12-18,2008
campaign_sends,2025-12-19,2138
campaign_sends,2025-12-20,1169
campaign_sends,2025-12-21,991
campaign_sends,2025-12-22,1473
campaign_sends,2025-12-23,1538
campaign_sends,2025-12-24,1764
campaign_sends,2025-12-25,1877
campaign_sends,2025-12-26,1747
campaign_sends,2025-12-27,1320
campaign_sends,2025-12-28,1153
campaign_sends,2025-12-29,1834
campaign_sends,2025-12-30,2098
campaign_sends,2025-12-31,1874
campaign_sends,2026-01-01,2053
campaign_sends,2026-01-02,2201
campaign_sends,2026-01-03,1232
campaign_sends,2026-01-04,1021
campaign_sends,2026-01-05,1423
campaign_sends,2026-01-06,1818
campaign_sends,2026-01-07,2086
campaign_sends,2026-01-08,2049
campaign_sends,2026-01-09,2012
campaign_sends,2026-01-10,1220
campaign_sends,2026-01-11,1014
campaign_sends,2026-01-12,1755
campaign_sends,2026-01-13,1645
campaign_sends,2026-01-14,1556
campaign_sends,2026-01-15,1858
campaign_sends,2026-01-16,1648
campaign_sends,2026-01-17,1300
campaign_sends,2026-01-18,955
campaign_sends,2026-01-19,1464
campaign_sends,2026-01-20,1818
campaign_sends,2026-01-21,1901
campaign_sends,2026-01-22,1858
campaign_sends,2026-01-23,1929
campaign_sends,2026-01-24,1247
campaign_sends,2026-01-25,1057
campaign_sends,2026-01-26,1697
campaign_sends,2026-01-27,1715
campaign_sends,2026-01-28,1784
campaign_sends,2026-01-29,1932
campaign_sends,2026-01-30,2117
campaign_sends,2026-01-31,1257
campaign_sends,2026-02-01,904
campaign_sends,2026-02-02,1781
campaign_sends,2026-02-03,2041
campaign_sends,2026-02-04,2068
campaign_sends,2026-02-05,1685
campaign_sends,2026-02-06,1910
campaign_sends,2026-02-07,1264
campaign_sends,2026-02-08,1167
campaign_sends,2026-02-09,1816
campaign_sends,2026-02-10,2110
campaign_sends,2026-02-11,1635
campaign_sends,2026-02-12,1631
campaign_sends,2026-02-13,1750
campaign_sends,2026-02-14,1258
campaign_sends,2026-02-15,1002
campaign_sends,2026-02-16,1707
campaign_sends,2026-02-17,1771
campaign_sends,2026-02-18,1896
campaign_sends,2026-02-19,1646
campaign_sends,2026-02-20,1737
campaign_sends,2026-02-21,1353
campaign_sends,2026-02-22,1159
campaign_sends,2026-02-23,1479
campaign_sends,2026-02-24,1743
campaign_sends,2026-02-25,1612
campaign_sends,2026-02-26,1679
campaign_sends,2026-02-27,1523
campaign_sends,2026-02-28,1297
campaign_sends,2026-03-01,978
campaign_sends,2026-03-02,1833
campaign_sends,2026-03-03,1687
campaign_sends,2026-03-04,1571
campaign_sends,2026-03-05,1966
campaign_sends,2026-03-06,2090
campaign_sends,2026-03-07,1344
campaign_sends,2026-03-08,1194
campaign_sends,2026-03-09,1976
campaign_sends,2026-03-10,2103
campaign_sends,2026-03-11,1687
campaign_sends,2026-03-12,1776
campaign_sends,2026-03-13,1781
campaign_sends,2026-03-14,1128
campaign_sends,2026-03-15,1079
campaign_sends,2026-03-16,1560
campaign_sends,2026-03-17,1798
campaign_sends,2026-03-18,2049
campaign_sends,2026-03-19,1694
campaign_sends,2026-03-20,1652
campaign_sends,2026-03-21,1096
campaign_sends,2026-03-22,1039
campaign_sends,2026-03-23,1867
campaign_sends,2026-03-24,1701
campaign_sends,2026-03-25,1836
campaign_sends,2026-03-26,1935
campaign_sends,2026-03-27,1802
campaign_sends,2026-03-28,1183
campaign_sends,2026-03-29,1197
campaign_sends,2026-03-30,1503
campaign_sends,2026-03-31,1627
campaign_sends,2026-04-01,1928
campaign_sends,2026-04-02,1940
campaign_sends,2026-04-03,1959
campaign_sends,2026-04-04,1183
campaign_sends,2026-04-05,1181
campaign_sends,2026-04-06,1538
campaign_sends,2026-04-07,1810
campaign_sends,2026-04-08,2014
campaign_sends,2026-04-09,2016
campaign_sends,2026-04-10,2076
campaign_sends,2026-04-11,1418
campaign_sends,2026-04-12,1185
campaign_sends,2026-04-13,1563
campaign_sends,2026-04-14,1569
campaign_sends,2026-04-15,1624
campaign_sends,2026-04-16,1789
campaign_sends,2026-04-17,1652
campaign_sends,2026-04-18,1293
campaign_sends,2026-04-19,1216
campaign_sends,2026-04-20,1952
campaign_sends,2026-04-21,2036
campaign_sends,2026-04-22,2015
campaign_sends,2026-04-23,1841
campaign_sends,2026-04-24,1657
campaign_sends,2026-04-25,1182
campaign_sends,2026-04-26,1015
campaign_sends,2026-04-27,1850
campaign_sends,2026-04-28,1886
campaign_sends,2026-04-29,1857
campaign_sends,2026-04-30,1791
campaign_sends,2026-05-01,1730
campaign_sends,2026-05-02,1381
campaign_sends,2026-05-03,1185
campaign_sends,2026-05-04,1734
campaign_sends,2026-05-05,1789
campaign_sends,2026-05-06,1906
campaign_sends,2026-05-07,2063
campaign_sends,2026-05-08,2145
campaign_sends,2026-05-09,1291
campaign_sends,2026-05-10,1086
campaign_sends,2026-05-11,1711
campaign_sends,2026-05-12,2061
campaign_sends,2026-05-13,1944
campaign_sends,2026-05-14,1876
campaign_sends,2026-05-15,1659
campaign_sends,2026-05-16,1294
campaign_sends,2026-05-17,1192
campaign_sends,2026-05-18,1377
campaign_sends,2026-05-19,1716
campaign_sends,2026-05-20,1737
campaign_sends,2026-05-21,2036
campaign_sends,2026-05-22,1666
campaign_sends,2026-05-23,1113
campaign_sends,2026-05-24,1113
campaign_sends,2026-05-25,1439
campaign_sends,2026-05-26,1899
campaign_sends,2026-05-27,1824
campaign_sends,2026-05-28,1550
campaign_sends,2026-05-29,1991
campaign_sends,2026-05-30,1263
campaign_sends,2026-05-31,1043
campaign_sends,2026-06-01,1495
campaign_sends,2026-06-02,1577
campaign_sends,2026-06-03,1618
campaign_sends,2026-06-04,1915
campaign_sends,2026-06-05,1904
campaign_sends,2026-06-06,1312
campaign_sends,2026-06-07,986
campaign_sends,2026-06-08,1444
campaign_sends,2026-06-09,1844
campaign_sends,2026-06-10,1903
campaign_sends,2026-06-11,2020
campaign_sends,2026-06-12,1648
campaign_sends,2026-06-13,1153
campaign_sends,2026-06-14,1175
campaign_sends,2026-06-15,1732
campaign_sends,2026-06-16,1823
campaign_sends,2026-06-17,1915
campaign_sends,2026-06-18,512
