variable,category,survey_type,responses,median_score,mean_score
contact_reason,Comercial,CES,1760,3.0,2.6664772727272728
contact_reason,Transaccional,NPS,22341,6.0,5.740700953404056
contact_reason,Queja,CES,3693,2.0,2.4348767939344707
contact_reason,Técnico,CES,3161,3.0,2.699145839924075
contact_reason,Transaccional,CES,7354,3.0,2.9129725319553983
contact_reason,Queja,NPS,10821,4.0,4.325385823861011
contact_reason,Comercial,NPS,5144,5.0,4.9517884914463455
contact_reason,Producto,NPS,13997,6.0,5.6867900264342355
contact_reason,Técnico,NPS,9448,5.0,5.144157493649449
contact_reason,Retención,CES,640,3.0,2.6203125
contact_reason,Producto,CES,4627,3.0,2.9122541603630863
contact_reason,Retención,NPS,1917,5.0,4.772561293688054
contact_reason,Queja,CSAT,21843,2.0,2.4340978803277937
contact_reason,Producto,CSAT,27942,3.0,2.8954620284875814
contact_reason,Técnico,CSAT,19193,3.0,2.695201375501485
contact_reason,Transaccional,CSAT,44837,3.0,2.9130628721814573
contact_reason,Retención,CSAT,3798,3.0,2.60637177461822
contact_reason,Comercial,CSAT,10243,3.0,2.6592795079566534
channel,WhatsApp,CES,720,3.0,2.8097222222222222
channel,Phone,NPS,54151,6.0,5.307233476759432
channel,Phone,CES,18021,3.0,2.7668275900338495
channel,Email,CES,875,3.0,2.7702857142857145
channel,Web Chat,CSAT,4246,3.0,2.7703721149317
channel,WhatsApp,NPS,2134,5.0,5.28116213683224
channel,Email,NPS,2488,6.0,5.319935691318328
channel,App,CSAT,4911,3.0,2.769089798411729
channel,Web,CSAT,648,3.0,2.7762345679012346
channel,Phone,CSAT,108736,3.0,2.7648892731018244
channel,App,CES,797,3.0,2.739021329987453
channel,Web Chat,CES,702,3.0,2.804843304843305
channel,Web,CES,120,3.0,2.7583333333333333
channel,Email,CSAT,5059,3.0,2.7732753508598535
channel,WhatsApp,CSAT,4256,3.0,2.7535244360902253
channel,App,NPS,2494,6.0,5.351643945469126
channel,Web Chat,NPS,2090,6.0,5.266507177033493
channel,Web,NPS,311,6.0,5.231511254019293
agent_id,AGT-HHZLM4XXDJ,CSAT,119,3.0,2.7983193277310923
agent_id,AGT-BT05WAA543,CSAT,122,3.0,2.80327868852459
agent_id,AGT-JJY1EX95CQ,CES,16,3.0,2.75
agent_id,AGT-I0RSC4IGXZ,CSAT,130,3.0,2.7153846153846155
agent_id,AGT-4IHMG1WJMD,CSAT,120,3.0,2.8
agent_id,AGT-56XIRH3EBF,CES,19,3.0,2.9473684210526314
agent_id,AGT-N766EWP73G,CES,16,3.0,2.5625
agent_id,AGT-QBRHZZCSAA,NPS,73,5.0,5.082191780821918
agent_id,AGT-V96WLTZ7C2,CSAT,121,3.0,2.768595041322314
agent_id,AGT-E9ZVJ2OXIN,NPS,65,6.0,5.430769230769231
agent_id,AGT-WX8WOK9XOA,CES,20,3.0,2.8
agent_id,AGT-R9OEJVZ74S,CSAT,122,3.0,2.7704918032786887
agent_id,AGT-1KKA6IK8D9,NPS,40,5.0,5.3
agent_id,AGT-LZE1XD1GMT,CSAT,96,3.0,2.8020833333333335
agent_id,AGT-06AWFQDRXK,CSAT,109,3.0,2.8623853211009176
agent_id,AGT-MCGNTSXO28,CSAT,110,3.0,2.727272727272727
agent_id,AGT-RL5EQ6KNBS,CSAT,119,3.0,2.80672268907563
agent_id,AGT-F7WFZ9B08B,NPS,58,6.0,5.431034482758621
agent_id,AGT-L3EZA710VC,CSAT,128,3.0,2.859375
agent_id,AGT-8TUK3OR0F6,NPS,58,6.0,5.379310344827586
agent_id,AGT-RZ4O8DO2E0,CSAT,111,3.0,2.7117117117117115
agent_id,AGT-P71DS5U8E5,NPS,38,6.0,5.394736842105263
agent_id,AGT-WRGIA5DDCB,CSAT,132,3.0,2.765151515151515
agent_id,AGT-N6YFW1455B,CSAT,117,3.0,2.8034188034188032
agent_id,AGT-MHI1U65RWO,NPS,56,6.0,5.482142857142857
agent_id,AGT-KTWAJKP7QW,CSAT,115,3.0,2.773913043478261
agent_id,AGT-GDP9DDIZFP,CSAT,131,3.0,2.8091603053435112
agent_id,AGT-1017M8ALDP,CES,21,3.0,2.8095238095238093
agent_id,AGT-A603XNUYMP,NPS,66,6.0,5.424242424242424
agent_id,AGT-FIE8TXT3PM,CSAT,128,3.0,2.875
agent_id,AGT-4YRVLDYBJS,NPS,58,5.0,4.913793103448276
agent_id,AGT-KUIILLCOPA,CSAT,120,3.0,2.7666666666666666
agent_id,AGT-EXQ8KX7MBM,CSAT,133,3.0,2.8496240601503757
agent_id,AGT-30WK4O4H1B,CSAT,117,3.0,2.6666666666666665
agent_id,AGT-N2UN9U0TIY,NPS,61,5.0,5.163934426229508
agent_id,AGT-RUOSBHQ9OT,CES,17,3.0,3.0
agent_id,AGT-XODIBGCD8U,CSAT,116,3.0,2.7844827586206895
agent_id,AGT-U2B4DX2JUH,NPS,61,5.0,4.934426229508197
agent_id,AGT-BV7L3GQC9A,CSAT,117,3.0,2.8803418803418803
agent_id,AGT-C8D3C4WFVG,CSAT,107,3.0,2.635514018691589
agent_id,AGT-R4ODXQMRF5,NPS,54,5.5,4.962962962962963
agent_id,AGT-DYB0RQQGNC,CSAT,120,3.0,2.7333333333333334
agent_id,AGT-CQBSB9AUGV,NPS,59,5.0,5.406779661016949
agent_id,AGT-01T1LJ1M61,NPS,61,5.0,5.065573770491803
agent_id,AGT-VAGLG3O4LB,CSAT,116,3.0,2.7672413793103448
agent_id,AGT-XKNA4UGMBW,CSAT,112,3.0,2.875
agent_id,AGT-GRCMX8W1NF,CES,23,3.0,2.9565217391304346
agent_id,AGT-Z5RWNRU08X,CSAT,102,3.0,2.735294117647059
agent_id,AGT-5JI29B48WM,CSAT,106,3.0,2.7641509433962264
agent_id,AGT-P6O3UZFIER,CSAT,124,3.0,2.7661290322580645
agent_id,AGT-W18EQQEXSG,CSAT,115,3.0,2.8434782608695652
agent_id,AGT-WHFAP66CQ9,CSAT,127,3.0,2.779527559055118
agent_id,AGT-0HU6VYEZG9,CSAT,108,3.0,2.7777777777777777
agent_id,AGT-JZD6GWJBLQ,CES,18,3.0,3.0
agent_id,AGT-O53IQ398ZA,CES,18,3.0,2.5555555555555554
agent_id,AGT-6RVQHDLYE5,CSAT,116,3.0,2.7155172413793105
agent_id,AGT-M261ILATNY,CSAT,121,3.0,2.768595041322314
agent_id,AGT-ATT07XYOTE,CES,22,3.0,2.6363636363636362
agent_id,AGT-5RHY2PG248,CSAT,116,3.0,2.810344827586207
agent_id,AGT-IZHTXLTYWZ,CES,17,2.0,2.5294117647058822
agent_id,AGT-1QOK2G45HI,CES,24,3.0,2.75
agent_id,AGT-P3D79O30AU,CES,18,3.0,2.6666666666666665
agent_id,AGT-3B0N077NAM,NPS,58,6.0,5.327586206896552
agent_id,AGT-5DKACXORKL,CSAT,111,3.0,2.81981981981982
agent_id,AGT-459G86OLPM,CES,16,3.0,2.625
agent_id,AGT-SBUNV1M04D,CSAT,114,3.0,2.7982456140350878
agent_id,AGT-NL92YNJI55,CSAT,114,3.0,2.736842105263158
agent_id,AGT-1PCJWOWJBX,CSAT,106,3.0,2.7264150943396226
agent_id,AGT-GE3FND5X2T,NPS,60,6.0,5.5
agent_id,AGT-2L5LSHTVB9,CSAT,117,3.0,2.769230769230769
agent_id,AGT-BUE4IHI1P1,NPS,52,5.0,5.0576923076923075
agent_id,AGT-7PA84MWEHW,CSAT,131,3.0,2.7022900763358777
agent_id,AGT-4YVIQ8ZZDX,CSAT,100,3.0,2.74
agent_id,AGT-J1ZNN0OFDJ,CSAT,121,3.0,2.677685950413223
agent_id,AGT-WTHHY9FLGT,CSAT,118,3.0,2.805084745762712
agent_id,AGT-2D9REX8DAW,CSAT,110,3.0,2.7454545454545456
agent_id,AGT-P7UOO1A7J0,CSAT,117,3.0,2.6923076923076925
agent_id,AGT-GRCMX8W1NF,NPS,65,5.0,5.230769230769231
agent_id,AGT-9YCCQT0BUU,CSAT,108,3.0,2.787037037037037
agent_id,AGT-YRRA4HF4J8,NPS,54,5.5,5.111111111111111
agent_id,AGT-1YCIZJAO9N,CSAT,119,3.0,2.7983193277310923
agent_id,AGT-B69BF4590M,CES,19,3.0,2.789473684210526
agent_id,AGT-36I8H8V3IO,CSAT,105,3.0,2.723809523809524
agent_id,AGT-FRAJBL87DS,NPS,63,6.0,5.5396825396825395
agent_id,AGT-S448G59QZX,CES,22,3.0,2.8636363636363638
agent_id,AGT-G4VQ2XMN69,CSAT,117,3.0,2.717948717948718
agent_id,AGT-0SUICKNSHN,CSAT,132,3.0,2.6818181818181817
agent_id,AGT-VA28738OUD,NPS,69,5.0,5.188405797101449
agent_id,AGT-FY0JTX0WX4,CSAT,123,3.0,2.6260162601626016
agent_id,AGT-T3NMEHRX3F,NPS,70,5.0,5.0
agent_id,AGT-QZ4OVGMGCA,NPS,56,6.0,5.535714285714286
agent_id,AGT-1HFUQGD4SI,CSAT,129,3.0,2.7286821705426356
agent_id,AGT-9A52G9KAKH,CSAT,117,3.0,2.7264957264957266
agent_id,AGT-9EQZR2XZVH,CSAT,110,3.0,2.8454545454545452
agent_id,AGT-FXUY55EOMM,CES,26,3.0,2.8076923076923075
agent_id,AGT-3CWPWNJ1YQ,NPS,57,5.0,5.12280701754386
agent_id,AGT-9OUCPLC2FI,NPS,54,6.0,5.425925925925926
agent_id,AGT-8S2BFYRBVR,CSAT,121,3.0,2.727272727272727
agent_id,AGT-FGELL8RONZ,NPS,68,6.0,5.3088235294117645
agent_id,AGT-QMHTY08PP0,CSAT,119,3.0,2.7394957983193278
agent_id,AGT-UKNCM0RXY5,CSAT,118,3.0,2.7203389830508473
agent_id,AGT-LHW2K7HV3X,NPS,59,6.0,5.559322033898305
agent_id,AGT-96DP5PKDGS,NPS,55,6.0,5.636363636363637
agent_id,AGT-RM928J5EOG,CSAT,120,3.0,2.75
agent_id,AGT-1LZC3FE0Y5,CSAT,119,3.0,2.8151260504201683
agent_id,AGT-LTK3BMH5BL,CSAT,108,3.0,2.814814814814815
agent_id,AGT-JPATDOZLSQ,CSAT,105,3.0,2.8
agent_id,AGT-B4BYFBWKP0,NPS,66,6.0,5.46969696969697
agent_id,AGT-U0ICPNUDA8,CSAT,135,3.0,2.6222222222222222
agent_id,AGT-OE5G4M0EK0,CSAT,118,3.0,2.7966101694915255
agent_id,AGT-TDSG1W6IY6,CSAT,114,3.0,2.9035087719298245
agent_id,AGT-NR3TFO3HEW,CSAT,105,3.0,2.7142857142857144
agent_id,AGT-FHXSFLATOK,CES,26,3.0,2.923076923076923
agent_id,AGT-ELV4R7G13O,CSAT,124,3.0,2.7419354838709675
agent_id,AGT-DFZZM87N1N,CES,14,2.0,2.357142857142857
agent_id,AGT-GRF6UL86F3,NPS,63,6.0,5.619047619047619
agent_id,AGT-MV9CYF5934,CSAT,117,3.0,2.717948717948718
agent_id,AGT-E7AAXG6SU3,CSAT,115,3.0,2.8260869565217392
agent_id,AGT-Y8C36091GU,NPS,62,6.0,5.403225806451613
agent_id,AGT-YVWKQHAJE2,CSAT,98,3.0,2.7244897959183674
agent_id,AGT-U51WZ1NTS8,CSAT,105,3.0,2.5904761904761906
agent_id,AGT-BE8UFS60OG,CSAT,142,3.0,2.8028169014084505
agent_id,AGT-S6T0KJTHIL,CES,25,3.0,2.84
agent_id,AGT-RFSAWCKQ3R,CSAT,116,3.0,2.689655172413793
agent_id,AGT-MOMHH0J0J9,CSAT,113,3.0,2.84070796460177
agent_id,AGT-2VV2VCM1M0,CSAT,110,3.0,2.609090909090909
agent_id,AGT-NQ6WIG9OWH,CSAT,129,3.0,2.744186046511628
agent_id,AGT-Z8JR0B77VI,CSAT,117,3.0,2.8547008547008548
agent_id,AGT-XGAUAW8BI8,CES,20,3.0,2.65
agent_id,AGT-ECV5AJ8IMB,CSAT,123,3.0,2.8292682926829267
agent_id,AGT-N0G051WG35,CSAT,124,3.0,2.7903225806451615
agent_id,AGT-MSVN62RUC2,NPS,53,5.0,5.113207547169812
agent_id,AGT-07DM6KZ1Y8,CSAT,113,3.0,2.8230088495575223
agent_id,AGT-DWXSXT9OP1,CSAT,112,3.0,2.7767857142857144
agent_id,AGT-24LFEK8QEC,CES,24,3.0,2.9166666666666665
agent_id,AGT-C0S7V2IHHG,CSAT,114,3.0,2.9210526315789473
agent_id,AGT-7QOULFMSTS,CSAT,106,3.0,2.858490566037736
agent_id,AGT-UK3JBLHXC6,CSAT,96,3.0,2.7708333333333335
agent_id,AGT-A5DDBTLNU6,CSAT,125,3.0,2.72
agent_id,AGT-SU7O45SBQF,NPS,63,6.0,5.507936507936508
agent_id,AGT-5FYIMNGMBG,NPS,59,6.0,5.288135593220339
agent_id,AGT-0FULA5JB42,CSAT,93,3.0,2.6989247311827955
agent_id,AGT-OHDGRCT0SL,CSAT,122,3.0,2.8114754098360657
agent_id,AGT-AV2TPW9VGR,CSAT,108,3.0,2.759259259259259
agent_id,AGT-87FD5U93RA,NPS,50,6.0,5.76
agent_id,AGT-KJ8EIV7HG0,NPS,59,6.0,5.3559322033898304
agent_id,AGT-CRXE24TEPA,NPS,65,6.0,5.430769230769231
agent_id,AGT-EDV4G21PUV,CSAT,109,3.0,2.8256880733944953
agent_id,AGT-DTKGR8AYST,CSAT,121,3.0,2.768595041322314
agent_id,AGT-P8AKH6CJ9L,NPS,56,5.0,5.053571428571429
agent_id,AGT-O5RS2730K1,CSAT,123,3.0,2.8536585365853657
agent_id,AGT-3LD55SM258,CSAT,145,3.0,2.7517241379310344
agent_id,AGT-L4OQ0ZUN5H,CSAT,111,3.0,2.720720720720721
agent_id,AGT-KFKEME1XFX,NPS,59,5.0,5.135593220338983
agent_id,AGT-CG3PF9BZHZ,CSAT,120,3.0,2.8333333333333335
agent_id,AGT-SYVTKOYKRR,CSAT,130,3.0,2.830769230769231
agent_id,AGT-OJD399EZD8,CSAT,124,3.0,2.7661290322580645
agent_id,AGT-A0349DE11K,CSAT,112,3.0,2.705357142857143
agent_id,AGT-KNAQ0H42S9,CSAT,132,3.0,2.7196969696969697
agent_id,AGT-AN9S4PD9YK,CES,17,3.0,2.764705882352941
agent_id,AGT-OJC9BV7RWY,NPS,60,5.0,5.366666666666666
agent_id,AGT-AD4M9HXT2A,CSAT,110,3.0,2.7545454545454544
agent_id,AGT-PMTS32C7KD,CSAT,123,3.0,2.7560975609756095
agent_id,AGT-MZOYQF5IHG,CSAT,97,3.0,2.670103092783505
agent_id,AGT-FLVQCF7XLG,CES,15,3.0,3.0
agent_id,AGT-V39THPGBQ7,CSAT,125,3.0,2.656
agent_id,AGT-A8JC05Z7T5,NPS,63,5.0,5.174603174603175
agent_id,AGT-JMA3MRKNWE,NPS,58,6.0,5.4655172413793105
agent_id,AGT-4BMBYKYFDX,CSAT,103,3.0,2.7766990291262137
agent_id,AGT-C4NMNPC23W,NPS,56,6.0,5.678571428571429
agent_id,AGT-EUE2HDH3QQ,NPS,51,6.0,5.7254901960784315
agent_id,AGT-PC5ULV8S9U,CSAT,113,3.0,2.7876106194690267
agent_id,AGT-6TVY644961,CSAT,115,3.0,2.8086956521739133
agent_id,AGT-OVOS9HYAAX,CSAT,123,3.0,2.8292682926829267
agent_id,AGT-QZGRW0TABQ,CSAT,116,3.0,2.7844827586206895
agent_id,AGT-ZRQW0ATSEE,CES,15,3.0,2.7333333333333334
agent_id,AGT-PKWCHKMDDW,CSAT,112,3.0,2.642857142857143
agent_id,AGT-MAN3CDDLKC,CES,18,3.0,2.611111111111111
agent_id,AGT-R3A802XCY2,CSAT,125,3.0,2.744
agent_id,AGT-R34ROKZW06,NPS,60,6.0,5.583333333333333
agent_id,AGT-Z32DMC1N4A,CES,22,3.0,2.8636363636363638
agent_id,AGT-YHIM4ZODIK,NPS,57,5.0,5.175438596491228
agent_id,AGT-A05F2N434U,CSAT,116,3.0,2.7327586206896552
agent_id,AGT-8OAKZ8LMXA,CSAT,105,3.0,2.723809523809524
agent_id,AGT-LBX5GY01OV,NPS,58,5.0,5.206896551724138
agent_id,AGT-ROT1G7EATP,CSAT,104,3.0,2.6826923076923075
agent_id,AGT-T6G3XMAHRJ,CSAT,141,3.0,2.773049645390071
agent_id,AGT-06FWQGSE0P,NPS,75,6.0,5.453333333333333
agent_id,AGT-F19RDFACNQ,CSAT,103,3.0,2.796116504854369
agent_id,AGT-YF9RO3EJZU,NPS,60,5.0,4.983333333333333
agent_id,AGT-9GUU6STJO8,CSAT,132,3.0,2.734848484848485
agent_id,AGT-YLWHHOSM0W,CSAT,110,3.0,2.6545454545454548
agent_id,AGT-BEKYT6UXHH,CSAT,119,3.0,2.6638655462184873
agent_id,AGT-AG11M1NVUG,CSAT,119,3.0,2.630252100840336
agent_id,AGT-785O4C5VDM,NPS,60,6.0,5.466666666666667
agent_id,AGT-4XB5JSV7Y6,CSAT,147,3.0,2.8435374149659864
agent_id,AGT-FDD67YH842,NPS,59,5.0,5.169491525423729
agent_id,AGT-FJRKLZU2YC,CSAT,118,3.0,2.7457627118644066
agent_id,AGT-29JHQCW7PX,CES,28,3.0,2.7857142857142856
agent_id,AGT-BUS9PDJC54,CES,15,3.0,2.933333333333333
agent_id,AGT-30XROFW4ZA,CSAT,119,3.0,2.722689075630252
agent_id,AGT-09L5Z8WQAS,CSAT,142,3.0,2.880281690140845
agent_id,AGT-O41ZQQO47Y,CSAT,106,3.0,2.7452830188679247
agent_id,AGT-E1HYYKT3NN,NPS,54,6.0,5.592592592592593
agent_id,AGT-U6IOVO18F3,NPS,53,5.0,5.150943396226415
agent_id,AGT-9W02U9H2GZ,CSAT,121,3.0,2.727272727272727
agent_id,AGT-PLECNMT71Z,CES,27,3.0,2.814814814814815
agent_id,AGT-6L3BLQM63U,NPS,61,6.0,5.327868852459017
agent_id,AGT-SHC2ZWX53S,CSAT,116,3.0,2.689655172413793
agent_id,AGT-DFZZM87N1N,NPS,54,5.0,5.203703703703703
agent_id,AGT-61TCM0PLR7,NPS,76,6.0,5.5
agent_id,AGT-J05KMZT48E,CSAT,116,3.0,2.7413793103448274
agent_id,AGT-71H194GLL8,CSAT,108,3.0,2.814814814814815
agent_id,AGT-7B0HRLOX7N,CSAT,108,3.0,2.787037037037037
agent_id,AGT-B6KQJ1GE8L,CSAT,114,3.0,2.675438596491228
agent_id,AGT-PE3Z64L6KA,NPS,53,5.0,5.113207547169812
agent_id,AGT-PTWKYK487N,CSAT,129,3.0,2.7829457364341086
agent_id,AGT-JZD6GWJBLQ,NPS,61,5.0,5.180327868852459
agent_id,AGT-CZXFOSPZWG,NPS,61,6.0,5.836065573770492
agent_id,AGT-FA8XFVJ1ZU,CSAT,104,3.0,2.6923076923076925
agent_id,AGT-3BOF66WDWZ,CSAT,103,3.0,2.854368932038835
agent_id,AGT-03D30TX4R9,CSAT,103,3.0,2.9029126213592233
agent_id,AGT-A2SCD6YQWM,CSAT,118,3.0,2.7542372881355934
agent_id,AGT-RE07DENY5A,CSAT,105,3.0,2.638095238095238
agent_id,AGT-4BISGJA4OM,CSAT,119,3.0,2.697478991596639
agent_id,AGT-YTNF7NSA1L,CSAT,121,3.0,2.834710743801653
agent_id,AGT-NQ72Y207T6,CSAT,104,3.0,2.701923076923077
agent_id,AGT-H4EMIUP105,CSAT,128,3.0,2.796875
agent_id,AGT-G5GWLCT1OU,CES,23,3.0,2.652173913043478
agent_id,AGT-ZGEFMIKG5G,CSAT,107,3.0,2.6261682242990654
agent_id,AGT-Y8O10JEBE3,CSAT,109,3.0,2.706422018348624
agent_id,AGT-K79FA75TT6,CSAT,106,3.0,2.650943396226415
agent_id,AGT-V879G2OOFG,CSAT,108,3.0,2.7685185185185186
agent_id,AGT-ESK10JFPQQ,CSAT,120,3.0,2.7666666666666666
agent_id,AGT-CEKT3DRJ9B,CSAT,112,3.0,2.7767857142857144
agent_id,AGT-X4R33GB4CR,CES,13,3.0,2.923076923076923
agent_id,AGT-QXW4A78RH3,CSAT,116,3.0,2.6724137931034484
agent_id,AGT-KV4EE4USMU,CSAT,127,3.0,2.748031496062992
agent_id,AGT-Q4TY30BOYE,NPS,61,5.0,5.180327868852459
agent_id,AGT-9K4W87HK9Z,CSAT,105,3.0,2.8380952380952382
agent_id,AGT-1C2ZX2X1ER,NPS,52,6.0,5.615384615384615
agent_id,AGT-PFD0CBGK7V,NPS,59,6.0,5.186440677966102
agent_id,AGT-K2ZF1JO9HT,CSAT,126,3.0,2.6904761904761907
agent_id,AGT-OJOELLJS8I,NPS,65,6.0,5.230769230769231
agent_id,AGT-Z1J3VFKRTZ,CSAT,126,3.0,2.7222222222222223
agent_id,AGT-O8KA4K5V2R,CSAT,114,3.0,2.745614035087719
agent_id,AGT-H1P9MYTVXZ,CSAT,146,3.0,2.732876712328767
agent_id,AGT-7STCFNILU3,NPS,77,5.0,5.181818181818182
agent_id,AGT-UPO580RUGH,CSAT,119,3.0,2.823529411764706
agent_id,AGT-XVCQFDZIIN,CSAT,104,3.0,2.701923076923077
agent_id,AGT-ZJEV0XGD00,NPS,64,5.0,5.25
agent_id,AGT-QW7EGGQH00,NPS,66,6.0,5.333333333333333
agent_id,AGT-ZF4Q739XEZ,CSAT,100,3.0,2.76
agent_id,AGT-YIGWTTH6CK,CSAT,111,3.0,2.72972972972973
agent_id,AGT-0DEAGE60M6,CES,12,3.0,2.75
agent_id,AGT-8JD6LDRA82,CSAT,118,3.0,2.788135593220339
agent_id,AGT-7XS8GUBKR1,CSAT,98,3.0,2.6530612244897958
agent_id,AGT-03BKII7RPZ,CSAT,134,3.0,2.828358208955224
agent_id,AGT-IT36OMS326,CES,18,3.0,2.6666666666666665
agent_id,AGT-5JKM5LSJJK,CSAT,132,3.0,2.757575757575758
agent_id,AGT-FDLM1Q1ROE,CSAT,117,3.0,2.769230769230769
agent_id,AGT-CEPAD7FLHM,CSAT,108,3.0,2.7314814814814814
agent_id,AGT-W4NDMPHQU7,CSAT,132,3.0,2.787878787878788
agent_id,AGT-78UF97BVDP,CSAT,147,3.0,2.673469387755102
agent_id,AGT-ZRQW0ATSEE,NPS,63,5.0,5.2063492063492065
agent_id,AGT-QXV7HN47JJ,CSAT,91,3.0,2.791208791208791
agent_id,AGT-LY2T10AXT8,CES,22,2.0,2.5
agent_id,AGT-FA9EKIAVXG,CSAT,127,3.0,2.8818897637795278
agent_id,AGT-3F5II193NQ,CSAT,116,3.0,2.836206896551724
agent_id,AGT-0XMA3F473C,NPS,56,6.0,5.5
agent_id,AGT-YMCBMMLJCD,CES,24,3.0,2.625
agent_id,AGT-AAM9ILQP8J,NPS,55,6.0,5.454545454545454
agent_id,AGT-PTQZV7ISVY,CSAT,99,3.0,2.8686868686868685
agent_id,AGT-X775H4RLEY,CSAT,114,3.0,2.763157894736842
agent_id,AGT-JF8XQ7A6D7,NPS,55,6.0,5.581818181818182
agent_id,AGT-TLFYB8CQW4,CSAT,130,3.0,2.7384615384615385
agent_id,AGT-MV1S3NK1UZ,NPS,50,5.0,5.18
agent_id,AGT-BAQUFS4AR7,CSAT,119,3.0,2.7058823529411766
agent_id,AGT-UJBX94QGQH,CES,21,3.0,2.5238095238095237
agent_id,AGT-R6BH0F3DT7,CSAT,127,3.0,2.7401574803149606
agent_id,AGT-3YUKYZO91R,CSAT,125,3.0,2.816
agent_id,AGT-TEJ4IKS7JJ,CES,22,3.0,2.909090909090909
agent_id,AGT-OUFV7MHOLX,CES,21,3.0,2.761904761904762
agent_id,AGT-YDBZL5HKAZ,CSAT,93,3.0,2.6666666666666665
agent_id,AGT-OI77O05LDK,NPS,56,5.0,5.035714285714286
agent_id,AGT-VH85MHQK8R,NPS,47,5.0,5.191489361702128
agent_id,AGT-C7L9UKCI6Z,CSAT,120,3.0,2.6666666666666665
agent_id,AGT-Q1CPMXVTZC,CSAT,104,3.0,2.7788461538461537
agent_id,AGT-35OZPMG5XY,CSAT,124,3.0,2.7419354838709675
agent_id,AGT-6UU2ZTXHKF,NPS,59,5.0,5.288135593220339
agent_id,AGT-UF8UI4UA1B,CSAT,109,3.0,2.81651376146789
agent_id,AGT-3MU2T4LM27,NPS,56,6.0,5.517857142857143
agent_id,AGT-SA46XLUYJF,NPS,60,6.0,5.7
agent_id,AGT-XGAUAW8BI8,NPS,60,6.0,5.366666666666666
agent_id,AGT-C6RUPPZPMR,NPS,61,5.0,5.131147540983607
agent_id,AGT-73NR19JUP5,NPS,69,6.0,5.3478260869565215
agent_id,AGT-TSMQUDNLVQ,CSAT,112,3.0,2.7410714285714284
agent_id,AGT-RLIC03EY4X,CSAT,115,3.0,2.765217391304348
agent_id,AGT-29XBDSVSVM,NPS,74,6.0,5.648648648648648
agent_id,AGT-7DXQDW91FT,CSAT,127,3.0,2.8503937007874014
agent_id,AGT-OR7DN8OOL8,NPS,63,5.0,4.984126984126984
agent_id,AGT-IA36860J9Z,NPS,54,6.0,5.388888888888889
agent_id,AGT-MNK9T02WF4,CES,26,3.0,2.769230769230769
agent_id,AGT-3DLG9UKU56,CSAT,116,3.0,2.7586206896551726
agent_id,AGT-L84W3K4FHJ,CSAT,117,3.0,2.8632478632478633
agent_id,AGT-EDKK9VOD7F,NPS,59,5.0,5.203389830508475
agent_id,AGT-ZQ5QQ96EUM,CSAT,112,3.0,2.669642857142857
agent_id,AGT-3F64L1CQON,CES,23,3.0,2.739130434782609
agent_id,AGT-INOBA0VR4Q,CSAT,121,3.0,2.7024793388429753
agent_id,AGT-ZVUQVJGIOG,CSAT,110,3.0,2.7181818181818183
agent_id,AGT-P6MGML9D12,CSAT,131,3.0,2.854961832061069
agent_id,AGT-F0YXXAXRAU,NPS,44,5.0,5.045454545454546
agent_id,AGT-FGAVR5FA7R,CES,21,3.0,2.9047619047619047
agent_id,AGT-3XZPJ3T8CP,CSAT,122,3.0,2.6885245901639343
agent_id,AGT-NFMDK0WJ3N,NPS,55,5.0,5.2
agent_id,AGT-YXM23BG3PR,CSAT,126,3.0,2.7222222222222223
agent_id,AGT-WKXZRWYSSN,NPS,55,6.0,5.2727272727272725
agent_id,AGT-8OU6MJW3QV,CES,18,3.0,2.8333333333333335
agent_id,AGT-5QGYHBW01W,NPS,53,6.0,5.509433962264151
agent_id,AGT-EC4OBWIIR0,CSAT,109,3.0,2.743119266055046
agent_id,AGT-IN5R647MZH,CSAT,127,3.0,2.7716535433070866
agent_id,AGT-G18BLCU91K,NPS,57,5.0,5.157894736842105
agent_id,AGT-Y9S7A0UC7Q,CSAT,120,3.0,2.65
agent_id,AGT-XAD4RO1CPF,NPS,61,6.0,5.311475409836065
agent_id,AGT-Z77UHM1UV3,CSAT,115,3.0,2.608695652173913
agent_id,AGT-3XH8D0QLBH,CSAT,107,3.0,2.7476635514018692
agent_id,AGT-EI5HV76G6F,CES,16,3.0,2.6875
agent_id,AGT-IRQJXHNJ9D,CSAT,140,3.0,2.8285714285714287
agent_id,AGT-4Q1DSUDT97,CSAT,116,3.0,2.8275862068965516
agent_id,AGT-ANQRQONI3V,CSAT,129,3.0,2.6589147286821704
agent_id,AGT-NB6AG6PT24,CSAT,118,3.0,2.788135593220339
agent_id,AGT-CM5H6DR5TS,NPS,60,6.0,5.266666666666667
agent_id,AGT-VTWBPCIYQU,NPS,58,5.0,5.482758620689655
agent_id,AGT-R5961LOEMU,CSAT,158,3.0,2.7974683544303796
agent_id,AGT-IOAGLENSDV,CSAT,101,3.0,2.8316831683168315
agent_id,AGT-995PFQJVX6,CSAT,103,3.0,2.7766990291262137
agent_id,AGT-W2NEJNXW3S,CSAT,123,3.0,2.869918699186992
agent_id,AGT-P76IVQDP9K,CES,24,3.0,2.7083333333333335
agent_id,AGT-Y3KZLUV3T3,NPS,64,5.0,5.265625
agent_id,AGT-3QQOA60CO9,NPS,61,6.0,5.557377049180328
agent_id,AGT-Z32DMC1N4A,NPS,61,6.0,5.278688524590164
agent_id,AGT-AY5LPIBFMB,CES,23,3.0,2.9130434782608696
agent_id,AGT-NANM3Y8BT5,NPS,46,6.0,5.543478260869565
agent_id,AGT-K5E9XE6DZU,CSAT,105,3.0,2.742857142857143
agent_id,AGT-QTX61K7PE2,NPS,47,6.0,5.191489361702128
agent_id,AGT-61TCM0PLR7,CES,15,3.0,2.933333333333333
agent_id,AGT-R03JWT0EJ6,NPS,86,6.0,5.383720930232558
agent_id,AGT-9WKZ1BVX91,CSAT,115,3.0,2.739130434782609
agent_id,AGT-PK5PH38NS1,CSAT,108,3.0,2.7685185185185186
agent_id,AGT-4ZD726MTT0,NPS,64,5.5,5.40625
agent_id,AGT-HXJTIF9ZMH,CSAT,109,3.0,2.761467889908257
agent_id,AGT-Y8FJ2RWP4X,CSAT,126,3.0,2.753968253968254
agent_id,AGT-QIJA0QZRU0,NPS,66,6.0,5.590909090909091
agent_id,AGT-1DX9VKAHY8,CSAT,126,3.0,2.8412698412698414
agent_id,AGT-VJO068ZKEB,CES,20,3.0,2.95
agent_id,AGT-7SUVBV3ET6,CES,25,3.0,2.72
agent_id,AGT-LBM4G3WHV5,NPS,59,6.0,5.203389830508475
agent_id,AGT-G70AXC3MAP,CSAT,121,3.0,2.743801652892562
agent_id,AGT-YWKYXYRNJG,NPS,58,6.0,5.672413793103448
agent_id,AGT-5FZN0GITJ6,CSAT,122,3.0,2.8688524590163933
agent_id,AGT-GQXD9Y0S4T,CSAT,104,3.0,2.7211538461538463
agent_id,AGT-0WS31AIHF0,CES,13,3.0,3.0
agent_id,AGT-A32ZNV9PWA,NPS,54,5.5,5.2592592592592595
agent_id,AGT-ZGQ4FYLRK2,CSAT,114,3.0,2.7017543859649122
agent_id,AGT-87FD5U93RA,CES,20,3.0,2.7
agent_id,AGT-R0C8IKREWX,CSAT,120,3.0,2.716666666666667
agent_id,AGT-VBNZ1407P0,NPS,57,5.0,5.298245614035087
agent_id,AGT-FKCTSOFRV8,CES,22,3.0,2.5454545454545454
agent_id,AGT-D2H1LNA4JK,NPS,51,5.0,5.196078431372549
agent_id,AGT-HVHI1T24CL,NPS,56,6.0,5.625
agent_id,AGT-ZM1ICRUZC0,NPS,55,6.0,5.290909090909091
agent_id,AGT-3Z0BAXO1P6,CSAT,117,3.0,2.7094017094017095
agent_id,AGT-P76IVQDP9K,NPS,60,6.0,5.633333333333334
agent_id,AGT-I080XG5YVQ,CSAT,128,3.0,2.828125
agent_id,AGT-HYDP944R1T,CSAT,100,3.0,2.8
agent_id,AGT-BTMN3HB2CB,CES,24,3.0,2.75
agent_id,AGT-0O9BVZZ68Z,NPS,65,6.0,5.3538461538461535
agent_id,AGT-HQP1WC8P45,NPS,62,6.0,5.274193548387097
agent_id,AGT-RVO9NVMTEP,CSAT,116,3.0,2.75
agent_id,AGT-9U9K7MKVAX,NPS,64,6.0,5.296875
agent_id,AGT-8FD0HKHTXZ,CSAT,136,3.0,2.7794117647058822
agent_id,AGT-4V4YDGZZ5H,NPS,47,5.0,5.170212765957447
agent_id,AGT-1G6T32CON1,NPS,54,5.5,5.2407407407407405
agent_id,AGT-P7RT23V6BG,CSAT,129,3.0,2.806201550387597
agent_id,AGT-6W0S2ZOF2U,CSAT,115,3.0,2.7043478260869565
agent_id,AGT-VH85MHQK8R,CES,18,3.0,2.888888888888889
agent_id,AGT-DELTRDO2X7,CSAT,105,3.0,2.6952380952380954
agent_id,AGT-9M45XHR1BB,NPS,58,6.0,5.413793103448276
agent_id,AGT-82LH3XCRLZ,CSAT,121,3.0,2.925619834710744
agent_id,AGT-61QIQHSI3I,CSAT,117,3.0,2.786324786324786
agent_id,AGT-PRRCOBG991,CSAT,105,3.0,2.704761904761905
agent_id,AGT-5PP7O7ZE96,CES,28,3.0,2.75
agent_id,AGT-IX2KM1T4I7,NPS,68,5.0,5.088235294117647
agent_id,AGT-9WEMMV5AD9,NPS,57,5.0,5.105263157894737
agent_id,AGT-LDEF25BE86,CES,20,3.0,2.75
agent_id,AGT-0QS3PWRJNI,CSAT,125,3.0,2.68
agent_id,AGT-XVTFWL1STE,CSAT,117,3.0,2.7094017094017095
agent_id,AGT-OLO1I269KS,CES,19,3.0,2.5789473684210527
agent_id,AGT-HX94J4BGWF,CSAT,123,3.0,2.83739837398374
agent_id,AGT-265NTQ02ZF,CSAT,119,3.0,2.7563025210084033
agent_id,AGT-VHAI3QYV8U,CSAT,130,3.0,2.6923076923076925
agent_id,AGT-DBGB5MKK8K,CSAT,113,3.0,2.7964601769911503
agent_id,AGT-R1TFEUGKSY,CSAT,120,3.0,2.7333333333333334
agent_id,AGT-DFWMTQOSYP,CSAT,121,3.0,2.8016528925619837
agent_id,AGT-RA3DSUKQ7L,CSAT,113,3.0,2.734513274336283
agent_id,AGT-Y27TPT34U4,CSAT,133,3.0,2.8045112781954886
agent_id,AGT-SJLH5LUL0F,CSAT,117,3.0,2.8290598290598292
agent_id,AGT-48C3QHNTB7,CSAT,112,3.0,2.875
agent_id,AGT-6NK9TIEVN9,NPS,69,6.0,5.3478260869565215
agent_id,AGT-3EYJYCLMVE,CSAT,108,3.0,2.7314814814814814
agent_id,AGT-9G892RO3CJ,CSAT,147,3.0,2.707482993197279
agent_id,AGT-VTQJ9SJZEV,NPS,51,6.0,5.196078431372549
agent_id,AGT-ZAL4032JRP,CES,18,3.0,2.5
agent_id,AGT-T0RCZNZEMA,CSAT,110,3.0,2.7818181818181817
agent_id,AGT-FU9KBINBYD,CES,16,3.0,2.9375
agent_id,AGT-QJDRG08QEG,CSAT,119,3.0,2.7058823529411766
agent_id,AGT-RRHWC3C1WE,NPS,63,6.0,5.4603174603174605
agent_id,AGT-VCZ9ZY2MDS,CSAT,123,3.0,2.6910569105691056
agent_id,AGT-92W11NU8ER,NPS,57,6.0,5.4035087719298245
agent_id,AGT-HAN56V24NZ,NPS,52,5.5,5.4423076923076925
agent_id,AGT-J639PQ85HC,CSAT,115,3.0,2.8869565217391306
agent_id,AGT-8GZ4DPZ9DX,CSAT,128,3.0,2.75
agent_id,AGT-VM8IH2LFKP,CSAT,114,3.0,2.789473684210526
agent_id,AGT-OUFV7MHOLX,NPS,51,5.0,5.235294117647059
agent_id,AGT-9W2W01V6JD,NPS,53,6.0,5.226415094339623
agent_id,AGT-7HUT4X997D,CSAT,124,3.0,2.7580645161290325
agent_id,AGT-QS0490AK15,NPS,61,5.0,5.098360655737705
agent_id,AGT-HEH0YAS7ZQ,NPS,57,6.0,5.456140350877193
agent_id,AGT-78M53XONMR,CSAT,127,3.0,2.7874015748031495
agent_id,AGT-AQSH0YRHNO,CSAT,135,3.0,2.8
agent_id,AGT-9PZ6W3LDGU,NPS,44,6.0,5.363636363636363
agent_id,AGT-UU8LD3H21R,NPS,51,5.0,5.019607843137255
agent_id,AGT-F8WMTYQSZS,CES,28,3.0,2.75
agent_id,AGT-X4VHNHC9EF,NPS,53,6.0,5.490566037735849
agent_id,AGT-VJR3NWJ0XO,NPS,65,5.0,5.276923076923077
agent_id,AGT-IQ6LUGCFV9,CSAT,136,3.0,2.6911764705882355
agent_id,AGT-X49CRHRG9G,CSAT,128,3.0,2.703125
agent_id,AGT-2NVH86ET7M,NPS,55,5.0,5.218181818181818
agent_id,AGT-1999NR0BNU,CSAT,118,3.0,2.669491525423729
agent_id,AGT-04JD8RS9U4,CSAT,110,3.0,2.7454545454545456
agent_id,AGT-NRP3DGI0C2,NPS,59,6.0,5.1525423728813555
agent_id,AGT-MAN3CDDLKC,NPS,57,6.0,5.105263157894737
agent_id,AGT-S1A5VZL0SM,CSAT,125,3.0,2.784
agent_id,AGT-5DZNKOUR81,NPS,59,5.0,5.254237288135593
agent_id,AGT-NZ064ZDOTC,CSAT,123,3.0,2.821138211382114
agent_id,AGT-MOP8GEKGPL,CSAT,113,3.0,2.725663716814159
agent_id,AGT-KE2SZIG08B,CES,20,3.0,2.85
agent_id,AGT-DBEGJGWYVE,NPS,60,6.0,5.333333333333333
agent_id,AGT-CEXEFAB9WX,CSAT,118,3.0,2.6610169491525424
agent_id,AGT-EUWMU9A5O8,CSAT,124,3.0,2.806451612903226
agent_id,AGT-XUBJTI8AW5,CSAT,117,3.0,2.8974358974358974
agent_id,AGT-YXSFAWZ23E,CSAT,129,3.0,2.798449612403101
agent_id,AGT-UKN1ENEVJZ,CSAT,118,3.0,2.73728813559322
agent_id,AGT-C2WNAD4Y8J,NPS,63,6.0,5.349206349206349
agent_id,AGT-1K3OXCN0Y0,CSAT,120,3.0,2.8
agent_id,AGT-RQYFERL0UI,CSAT,116,3.0,2.6982758620689653
agent_id,AGT-6L3BLQM63U,CES,17,3.0,2.5294117647058822
agent_id,AGT-2GSO6ODA8L,NPS,55,5.0,5.236363636363636
agent_id,AGT-Z1LLS9S26G,CES,15,3.0,2.933333333333333
agent_id,AGT-GL138CSY0G,CSAT,129,3.0,2.7131782945736433
agent_id,AGT-RZPZ4QXWMO,NPS,53,5.0,5.339622641509434
agent_id,AGT-LLYOVI82UI,CSAT,126,3.0,2.7222222222222223
agent_id,AGT-BRSQ4J226H,NPS,58,5.0,5.241379310344827
agent_id,AGT-2H7OTPEC6D,CSAT,125,3.0,2.704
agent_id,AGT-3BWKH19I03,CSAT,127,3.0,2.716535433070866
agent_id,AGT-0HSFPWDJF1,CSAT,117,3.0,2.8034188034188032
agent_id,AGT-E2RO5C71O7,NPS,70,5.0,5.428571428571429
agent_id,AGT-9YREQYSI5H,CSAT,112,3.0,2.669642857142857
agent_id,AGT-WRFG8F6YNC,CES,19,3.0,2.789473684210526
agent_id,AGT-DBEGJGWYVE,CES,18,3.0,2.611111111111111
agent_id,AGT-XQJHLJ5CHC,NPS,52,6.0,5.326923076923077
agent_id,AGT-YKT9RW2X8X,CSAT,121,3.0,2.768595041322314
agent_id,AGT-TGN0MJ28ZI,NPS,63,6.0,5.4603174603174605
agent_id,AGT-T74I7TF58R,CSAT,111,3.0,2.7117117117117115
agent_id,AGT-VJYS33BX5A,CES,15,3.0,2.6
agent_id,AGT-KE99505Y43,CSAT,121,3.0,2.8264462809917354
agent_id,AGT-7UKL3VB0OR,CSAT,119,3.0,2.7394957983193278
agent_id,AGT-MQJMFM7L5Y,NPS,52,6.0,5.576923076923077
agent_id,AGT-9C6BRHB25D,CSAT,138,3.0,2.8260869565217392
agent_id,AGT-QU8T3PNBH6,NPS,54,5.0,5.314814814814815
agent_id,AGT-M6VA6EL960,CSAT,131,3.0,2.7404580152671754
agent_id,AGT-14RK669CGW,CSAT,106,3.0,2.69811320754717
agent_id,AGT-3AHB2QOQ17,CSAT,119,3.0,2.8907563025210083
agent_id,AGT-703TCW9HY5,NPS,52,5.0,5.346153846153846
agent_id,AGT-S6T0KJTHIL,NPS,60,5.0,5.15
agent_id,AGT-VDMGGUDE0K,CSAT,109,3.0,2.7247706422018347
agent_id,AGT-TWN2VTJSI9,NPS,57,6.0,5.385964912280702
agent_id,AGT-P5P9SZOX29,CES,16,3.0,2.8125
agent_id,AGT-A7BR2H7CSS,NPS,63,6.0,5.26984126984127
agent_id,AGT-SXAAPU6PMW,CSAT,117,3.0,2.700854700854701
agent_id,AGT-6UU2ZTXHKF,CES,14,3.0,2.7857142857142856
agent_id,AGT-3JXWWT2USN,NPS,53,5.0,5.169811320754717
agent_id,AGT-E4S7AXSU3W,NPS,66,5.0,5.121212121212121
agent_id,AGT-F9WI50IQUB,CSAT,121,3.0,2.7851239669421486
agent_id,AGT-E8XE5LM9XO,CSAT,114,3.0,2.710526315789474
agent_id,AGT-GR7KN03J41,CSAT,127,3.0,2.748031496062992
agent_id,AGT-1HI8LTU9QQ,CSAT,136,3.0,2.8676470588235294
agent_id,AGT-LAGZ46ORVS,NPS,38,5.0,5.131578947368421
agent_id,AGT-KITIHYNJSA,NPS,59,5.0,5.322033898305085
agent_id,AGT-V6HEZNUZJC,CSAT,127,3.0,2.826771653543307
agent_id,AGT-9YYG4EPQAP,CSAT,122,3.0,2.819672131147541
agent_id,AGT-93R1FEUZ8C,NPS,53,6.0,5.264150943396227
agent_id,AGT-O53IQ398ZA,NPS,57,5.0,5.052631578947368
agent_id,AGT-ABM94FMVNF,NPS,56,6.0,5.339285714285714
agent_id,AGT-POEX2CJEPP,CES,21,3.0,2.9523809523809526
agent_id,AGT-EBM3J7XZ6E,CSAT,127,3.0,2.748031496062992
agent_id,AGT-G9OO88HUR6,NPS,54,5.0,5.092592592592593
agent_id,AGT-L2GBNN6LWM,NPS,38,5.0,5.473684210526316
agent_id,AGT-VPGMWBYXFI,CSAT,118,3.0,2.73728813559322
agent_id,AGT-UO6O5BGYNF,CSAT,131,3.0,2.7938931297709924
agent_id,AGT-BBKR0X1EN5,CSAT,120,3.0,2.9
agent_id,AGT-Y0QWOVC870,NPS,63,6.0,5.158730158730159
agent_id,AGT-K11V6ZB5VS,NPS,56,5.0,5.053571428571429
agent_id,AGT-W5MIABMIYE,NPS,69,6.0,5.550724637681159
agent_id,AGT-ABUH5G23QO,CSAT,112,3.0,2.8125
agent_id,AGT-UP5VRYXEPO,CSAT,118,3.0,2.7966101694915255
agent_id,AGT-HSNO92AITC,NPS,51,6.0,5.509803921568627
agent_id,AGT-24XX6P3FO7,CSAT,99,3.0,2.6565656565656566
agent_id,AGT-5YUGOKFA7V,CES,12,3.0,2.5
agent_id,AGT-3VX5GJAF2I,NPS,57,5.0,5.052631578947368
agent_id,AGT-BQWKT3AVFQ,CSAT,101,3.0,2.6831683168316833
agent_id,AGT-ATT07XYOTE,NPS,70,5.0,5.085714285714285
agent_id,AGT-J6HJ50RRFC,NPS,55,6.0,5.4
agent_id,AGT-JNY9R22CQM,CSAT,112,3.0,2.7589285714285716
agent_id,AGT-ENDMSY169K,CES,20,3.0,2.9
agent_id,AGT-7YEN4DGX91,CSAT,128,3.0,2.7734375
agent_id,AGT-6R937GMSL6,CSAT,133,3.0,2.6390977443609023
agent_id,AGT-613L388D8L,NPS,59,5.0,5.0508474576271185
agent_id,AGT-D9FNMWPKPJ,CSAT,116,3.0,2.7327586206896552
agent_id,AGT-IAQDBO398N,CSAT,124,3.0,2.75
agent_id,AGT-4WZQ2M1A4U,CSAT,112,3.0,2.6339285714285716
agent_id,AGT-S2ST06ZN2V,CSAT,111,3.0,2.8828828828828827
agent_id,AGT-RUOSBHQ9OT,NPS,61,5.0,4.967213114754099
agent_id,AGT-T82UMP9J0W,NPS,58,5.0,5.206896551724138
agent_id,AGT-KL8LWJNEC8,NPS,57,6.0,5.473684210526316
agent_id,AGT-WRFG8F6YNC,NPS,54,6.0,5.388888888888889
agent_id,AGT-5UL7ZJRT6U,NPS,58,6.0,5.310344827586207
agent_id,AGT-VSNRM7IQIT,NPS,57,5.0,5.333333333333333
agent_id,AGT-F46PV6WU87,CSAT,142,3.0,2.8380281690140845
agent_id,AGT-60O1TBJA6T,CSAT,108,3.0,2.712962962962963
agent_id,AGT-FU9KBINBYD,NPS,68,6.0,5.544117647058823
agent_id,AGT-WI5ZDHCEPB,NPS,58,5.0,5.344827586206897
agent_id,AGT-IW5KO2V0J3,CSAT,143,3.0,2.7902097902097904
agent_id,AGT-BGQP8SBV4K,CSAT,112,3.0,2.8482142857142856
agent_id,AGT-5A7COUI9W1,CES,17,3.0,2.764705882352941
agent_id,AGT-S4C0O1TFL0,NPS,65,6.0,5.246153846153846
agent_id,AGT-2MHKH3YW3K,CES,22,3.0,2.727272727272727
agent_id,AGT-QYLO3MENQW,CSAT,149,3.0,2.785234899328859
agent_id,AGT-PL88YJFM3Q,CSAT,104,3.0,2.6923076923076925
agent_id,AGT-34TVYJH4ZG,CES,23,3.0,2.6956521739130435
agent_id,AGT-QI5O1LEA1K,CES,16,2.0,2.4375
agent_id,AGT-PFD0CBGK7V,CES,26,3.0,2.576923076923077
agent_id,AGT-JCGMOK8NDI,CSAT,112,3.0,2.8035714285714284
agent_id,AGT-N0753JMGIT,CSAT,122,3.0,2.7540983606557377
agent_id,AGT-DXV1N3YM9Q,CES,23,3.0,2.739130434782609
agent_id,AGT-1ASM7PTCSR,NPS,61,5.0,5.213114754098361
agent_id,AGT-S2G1OMBABG,NPS,63,5.0,5.015873015873016
agent_id,AGT-67FCNFADT1,CSAT,136,3.0,2.7205882352941178
agent_id,AGT-KMZE7JK6KH,NPS,49,6.0,5.591836734693878
agent_id,AGT-PIKPFEQPIH,NPS,50,6.0,5.44
agent_id,AGT-X9QPDHK7C4,CSAT,135,3.0,2.7333333333333334
agent_id,AGT-PSARAEWNDG,CSAT,117,3.0,2.8034188034188032
agent_id,AGT-DD88NRIADN,CSAT,130,3.0,2.753846153846154
agent_id,AGT-KWSHPLRIGG,NPS,57,5.0,5.350877192982456
agent_id,AGT-2QA9OU6KPZ,CES,13,3.0,2.6153846153846154
agent_id,AGT-6OQPU4LB3G,CSAT,120,3.0,2.725
agent_id,AGT-MTF6I5TODX,CSAT,120,3.0,2.7583333333333333
agent_id,AGT-HSAKSDDKYK,CSAT,116,3.0,2.7758620689655173
agent_id,AGT-8DUEBHWDZS,NPS,52,6.0,5.5
agent_id,AGT-VF04ZPV9BW,CSAT,139,3.0,2.805755395683453
agent_id,AGT-0BNYKOVLMJ,NPS,56,5.5,5.071428571428571
agent_id,AGT-TKG71FXFEZ,CSAT,114,3.0,2.7017543859649122
agent_id,AGT-83LR6Q5GXW,CSAT,121,3.0,2.84297520661157
agent_id,AGT-0NK91BEH8F,NPS,57,5.0,5.0
agent_id,AGT-DTAYXVOKPJ,NPS,45,6.0,5.711111111111111
agent_id,AGT-UCOAAM33Z5,CSAT,115,3.0,2.8
agent_id,AGT-GT2O5MFVMB,CSAT,135,3.0,2.77037037037037
agent_id,AGT-CJHWID6B7W,NPS,61,5.0,5.0
agent_id,AGT-3WS5S93Z8Y,CSAT,111,3.0,2.720720720720721
agent_id,AGT-J65U3Y7UPF,CSAT,116,3.0,2.8017241379310347
agent_id,AGT-0UA5E2DG3G,CSAT,104,3.0,2.8846153846153846
agent_id,AGT-CWR8ILK22F,CSAT,137,3.0,2.7883211678832116
agent_id,AGT-2GCBYGGPO4,NPS,39,6.0,5.333333333333333
agent_id,AGT-JCQPNEURE8,CSAT,129,3.0,2.8449612403100777
agent_id,AGT-ECPPYMNG3G,CSAT,95,3.0,2.768421052631579
agent_id,AGT-6KXS33Z4GI,NPS,61,5.0,5.262295081967213
agent_id,AGT-GR5JJJRL3O,CSAT,119,3.0,2.7394957983193278
agent_id,AGT-B0WCQUOFHF,CSAT,111,3.0,2.6666666666666665
agent_id,AGT-ABK5SY60XE,CSAT,121,3.0,2.6859504132231407
agent_id,AGT-VPRRBWIF1D,CSAT,108,3.0,2.6944444444444446
agent_id,AGT-UU8LD3H21R,CES,17,3.0,3.0588235294117645
agent_id,AGT-BIJKQ265S8,NPS,61,6.0,5.278688524590164
agent_id,AGT-O0IO8DF56E,NPS,68,5.0,5.220588235294118
agent_id,AGT-I1ZHCVFEX1,CSAT,114,3.0,2.6578947368421053
agent_id,AGT-FQEW7VBTN5,CES,20,3.0,2.65
agent_id,AGT-BEAXRRXLFP,CES,20,3.0,2.65
agent_id,AGT-H0PC3KO7SM,CES,11,3.0,2.6363636363636362
agent_id,AGT-OK1RZJN2O9,NPS,64,6.0,5.59375
agent_id,AGT-4O6EXPVV7F,CSAT,116,3.0,2.7672413793103448
agent_id,AGT-K0O13JDQ01,CES,25,3.0,2.92
agent_id,AGT-BA5KT5UAR7,CSAT,94,3.0,2.75531914893617
agent_id,AGT-P0R6W0FYK1,CES,21,3.0,2.7142857142857144
agent_id,AGT-LTX82QBP86,CES,24,3.0,2.5833333333333335
agent_id,AGT-1YXVT0O4G0,NPS,58,6.0,5.396551724137931
agent_id,AGT-UOZ8AQRBQL,CSAT,106,3.0,2.5943396226415096
agent_id,AGT-K2XLL46WK8,CSAT,113,3.0,2.814159292035398
agent_id,AGT-LBM4G3WHV5,CES,17,3.0,2.7058823529411766
agent_id,AGT-HHYX8OE9JF,CSAT,103,3.0,2.6893203883495147
agent_id,AGT-YC6FFRDEGK,CES,22,3.0,2.772727272727273
agent_id,AGT-C8ND0CQOMI,CSAT,118,3.0,2.805084745762712
agent_id,AGT-ZG4P6VMP0M,NPS,64,6.0,5.3125
agent_id,AGT-QV4LVAPTDM,NPS,40,6.0,5.45
agent_id,AGT-7CQYEF4L7J,CSAT,125,3.0,2.688
agent_id,AGT-VEXQ0NMZLH,CSAT,116,3.0,2.7327586206896552
agent_id,AGT-GF86DSKF59,NPS,51,5.0,5.03921568627451
agent_id,AGT-VNPM17YQ4J,CSAT,120,3.0,2.783333333333333
agent_id,AGT-RL5TXXUWF5,NPS,63,5.0,5.174603174603175
agent_id,AGT-PEDK01MCRV,CSAT,111,3.0,2.6216216216216215
agent_id,AGT-7RNBB5W4CT,NPS,77,6.0,5.51948051948052
agent_id,AGT-YMZKRGSJNL,CES,16,3.0,2.9375
agent_id,AGT-45G96QSKR6,NPS,67,6.0,5.447761194029851
agent_id,AGT-PDS7BE8A8L,CES,20,3.0,2.7
agent_id,AGT-Q0FNFY8G5L,CSAT,120,3.0,2.691666666666667
agent_id,AGT-1QBYEZ82IZ,CSAT,130,3.0,2.7
agent_id,AGT-FNW1UWSWIS,CSAT,105,3.0,2.8
agent_id,AGT-C1BYBSUMTP,NPS,69,6.0,5.115942028985507
agent_id,AGT-19AY9LXE9C,CSAT,104,3.0,2.7115384615384617
agent_id,AGT-7XMY5AHEK5,CSAT,123,3.0,2.7235772357723578
agent_id,AGT-592VGF7W61,CSAT,134,3.0,2.8059701492537314
agent_id,AGT-EKGNQCKBSX,NPS,67,6.0,5.253731343283582
agent_id,AGT-TSSIHYMD02,NPS,55,5.0,5.036363636363636
agent_id,AGT-IQ63VCBVSU,CSAT,117,3.0,2.7777777777777777
agent_id,AGT-PNYK14IYR3,CSAT,108,3.0,2.9814814814814814
agent_id,AGT-OK1RZJN2O9,CES,21,3.0,2.4761904761904763
agent_id,AGT-HKU44IP108,CES,15,2.0,2.466666666666667
agent_id,AGT-MG70CMDJPJ,CSAT,100,3.0,2.82
agent_id,AGT-6VICGVK5AY,NPS,58,6.0,5.344827586206897
agent_id,AGT-8QYBQ76ZD2,NPS,74,5.0,5.202702702702703
agent_id,AGT-5U01K5M1K2,NPS,56,5.5,5.357142857142857
agent_id,AGT-NANM3Y8BT5,CES,24,3.0,2.7083333333333335
agent_id,AGT-ILZ3O4HNJ7,CSAT,119,3.0,2.680672268907563
agent_id,AGT-JI4AFYODD7,CSAT,94,3.0,2.7127659574468086
agent_id,AGT-Z417DGG0UF,CES,14,3.0,2.5714285714285716
agent_id,AGT-3HALJKERVV,CES,16,3.0,2.9375
agent_id,AGT-43DO0TIZK2,CSAT,109,3.0,2.7247706422018347
agent_id,AGT-34TVYJH4ZG,NPS,64,6.0,5.5
agent_id,AGT-FLVQCF7XLG,NPS,51,5.0,4.980392156862745
agent_id,AGT-73NR19JUP5,CES,21,3.0,2.619047619047619
agent_id,AGT-BRE55A738K,CSAT,111,3.0,2.828828828828829
agent_id,AGT-3F64L1CQON,NPS,50,6.0,5.48
agent_id,AGT-9OW6RQX6YE,CSAT,120,3.0,2.6416666666666666
agent_id,AGT-POXBE49GFN,CSAT,121,3.0,2.71900826446281
agent_id,AGT-DU4UVAV6TT,NPS,63,6.0,5.714285714285714
agent_id,AGT-VSNRM7IQIT,CES,25,3.0,2.88
agent_id,AGT-B6R45B7BNQ,CSAT,124,3.0,2.806451612903226
agent_id,AGT-VUMXHFDA63,NPS,62,6.0,5.403225806451613
agent_id,AGT-1ZSO508WOH,CSAT,112,3.0,2.75
agent_id,AGT-3VDTAI6D17,CSAT,102,3.0,2.656862745098039
agent_id,AGT-BJAC223K45,NPS,64,5.5,5.0625
agent_id,AGT-54VUKA8638,CSAT,116,3.0,2.853448275862069
agent_id,AGT-BNRGY5W9D6,CSAT,112,3.0,2.7142857142857144
agent_id,AGT-QW7EGGQH00,CES,21,3.0,2.380952380952381
agent_id,AGT-6OR4WMM8YS,NPS,47,6.0,5.191489361702128
agent_id,AGT-OU7FAUBSD0,CSAT,106,3.0,2.69811320754717
agent_id,AGT-PLUMVDKU8D,NPS,41,5.0,5.024390243902439
agent_id,AGT-1YXVT0O4G0,CES,19,3.0,2.789473684210526
agent_id,AGT-5TL2B7ELKV,CSAT,122,3.0,2.7540983606557377
agent_id,AGT-SRVYKVRU3O,CES,23,3.0,2.739130434782609
agent_id,AGT-HXRF7GKPTC,NPS,61,5.0,5.229508196721311
agent_id,AGT-I1VYP1D801,CES,17,3.0,2.764705882352941
agent_id,AGT-QFOUTLLR71,CSAT,121,3.0,2.8016528925619837
agent_id,AGT-W4AYW4BGI9,CSAT,109,3.0,2.8440366972477062
agent_id,AGT-WFVUMINGZI,NPS,59,6.0,5.440677966101695
agent_id,AGT-V5U9CYHX0U,CSAT,116,3.0,2.689655172413793
agent_id,AGT-MSVN62RUC2,CES,22,3.0,2.9545454545454546
agent_id,AGT-DJ2LBQOGP3,NPS,62,6.0,5.370967741935484
agent_id,AGT-SJB0SX5YBM,CSAT,126,3.0,2.746031746031746
agent_id,AGT-D823QIGFPO,CES,25,3.0,2.72
agent_id,AGT-E9GHB6WK02,CES,19,3.0,2.736842105263158
agent_id,AGT-VPHYTUW0MQ,NPS,53,5.0,5.09433962264151
agent_id,AGT-GEHE8V9YO8,CSAT,107,3.0,2.878504672897196
agent_id,AGT-ZVS0XWYET1,CSAT,125,3.0,2.728
agent_id,AGT-ODN9VO7OYD,NPS,74,5.5,5.391891891891892
agent_id,AGT-E3OHVF610Z,CSAT,115,3.0,2.8434782608695652
agent_id,AGT-ZG4P6VMP0M,CES,19,3.0,2.8947368421052633
agent_id,AGT-BH4XF8YM49,CSAT,108,3.0,2.75
agent_id,AGT-I7L57PB0WE,NPS,55,6.0,5.527272727272727
agent_id,AGT-Q97AQ8XCJF,NPS,56,6.0,5.5
agent_id,AGT-TRV7Z7UODY,CSAT,101,3.0,2.8415841584158414
agent_id,AGT-XN0ST1JQ9M,CSAT,118,3.0,2.76271186440678
agent_id,AGT-5PR2VCD9EJ,CES,24,3.0,2.7916666666666665
agent_id,AGT-DXV1N3YM9Q,NPS,72,5.0,5.291666666666667
agent_id,AGT-0965QQ774G,CSAT,123,3.0,2.772357723577236
agent_id,AGT-GMSZFOVA7S,NPS,70,6.0,5.257142857142857
agent_id,AGT-5CXS2WPVJF,NPS,44,5.0,4.4772727272727275
agent_id,AGT-Y5XAVCJL64,CSAT,122,3.0,2.737704918032787
agent_id,AGT-TNHZ3RSZAP,CSAT,131,3.0,2.7480916030534353
agent_id,AGT-P4V46JOBFM,CSAT,126,3.0,2.7777777777777777
agent_id,AGT-MGX0DXFXS8,NPS,64,6.0,5.21875
agent_id,AGT-QX2FUBC9H9,CES,25,3.0,2.8
agent_id,AGT-L9LMIGUHNZ,NPS,63,5.0,5.428571428571429
agent_id,AGT-YETUBFGAV5,CES,15,3.0,2.8
agent_id,AGT-VH6I6W0YCB,CES,19,3.0,2.8947368421052633
agent_id,AGT-QL32ARQUQL,NPS,60,5.0,5.25
agent_id,AGT-3QD3LV3C23,NPS,49,6.0,5.326530612244898
agent_id,AGT-5AXEH5GB0Q,NPS,53,6.0,5.2075471698113205
agent_id,AGT-H4A9IXOK25,NPS,63,5.0,5.158730158730159
agent_id,AGT-MKZIRVRLBZ,NPS,72,6.0,5.388888888888889
agent_id,AGT-7IZEUIYKAX,NPS,61,6.0,5.409836065573771
agent_id,AGT-AIZL8E8598,NPS,62,6.0,5.403225806451613
agent_id,AGT-UPPMVKAUI7,NPS,53,5.0,5.0
agent_id,AGT-B037R3NAN1,CSAT,131,3.0,2.7404580152671754
agent_id,AGT-JUB6V7KWTH,CSAT,105,3.0,2.742857142857143
agent_id,AGT-1AW37NRW7X,CSAT,124,3.0,2.75
agent_id,AGT-0SK7J9FAUM,CSAT,119,3.0,2.7563025210084033
agent_id,AGT-AUOTS7C4F3,CES,19,3.0,2.9473684210526314
agent_id,AGT-ZKZMQJ4VSL,CSAT,123,3.0,2.821138211382114
agent_id,AGT-4R60WIH6RO,CSAT,115,3.0,2.7130434782608694
agent_id,AGT-7RNBB5W4CT,CES,14,3.0,2.5714285714285716
agent_id,AGT-5PR2VCD9EJ,NPS,68,6.0,5.3088235294117645
agent_id,AGT-XWXZV5ZJKY,CES,25,3.0,3.0
agent_id,AGT-P5P9SZOX29,NPS,60,6.0,5.266666666666667
agent_id,AGT-MC2QXB1BML,CSAT,127,3.0,2.7716535433070866
agent_id,AGT-EYD17D0BT6,CSAT,116,3.0,2.7844827586206895
agent_id,AGT-666STA5YEK,CSAT,111,3.0,2.8018018018018016
agent_id,AGT-KLMNE0JCP7,CSAT,116,3.0,2.8448275862068964
agent_id,AGT-1NDHML17P0,CSAT,115,3.0,2.782608695652174
agent_id,AGT-NOB5KS50MS,NPS,58,5.0,5.137931034482759
agent_id,AGT-ZAYJ41JB3A,CSAT,112,3.0,2.767857142857143
agent_id,AGT-QFLBYTE30X,CSAT,120,3.0,2.85
agent_id,AGT-WMZQ3MHDUK,CSAT,117,3.0,2.6153846153846154
agent_id,AGT-PLECNMT71Z,NPS,63,5.0,5.063492063492063
agent_id,AGT-FKUWKRVKJI,CSAT,109,3.0,2.697247706422018
agent_id,AGT-LW5BLOM0FA,NPS,66,6.0,5.393939393939394
agent_id,AGT-0QJX3LETUS,CES,23,3.0,2.608695652173913
agent_id,AGT-2L5W5ELAS7,NPS,53,6.0,5.471698113207547
agent_id,AGT-V0731LP1QE,CSAT,121,3.0,2.6611570247933884
agent_id,AGT-CEA1C9BKKF,NPS,60,5.0,5.0
agent_id,AGT-74NXI0E4E6,CSAT,130,3.0,2.7846153846153845
agent_id,AGT-56XIRH3EBF,NPS,58,6.0,5.655172413793103
agent_id,AGT-AUPZRFB0OO,CES,29,3.0,2.793103448275862
agent_id,AGT-YTZ9ORZT0J,CSAT,96,3.0,2.7083333333333335
agent_id,AGT-NBQ65Y4VZ9,CSAT,127,3.0,2.606299212598425
agent_id,AGT-MQMVGK3ALG,CSAT,114,3.0,2.7017543859649122
agent_id,AGT-I0U7X8BN8X,CES,13,2.0,2.230769230769231
agent_id,AGT-ELSO6DC1OU,CSAT,114,3.0,2.710526315789474
agent_id,AGT-ERRAQZDJDY,CSAT,109,3.0,2.697247706422018
agent_id,AGT-N0HJHS1DBA,CSAT,116,3.0,2.7672413793103448
agent_id,AGT-B49GEGZZF1,NPS,61,6.0,5.360655737704918
agent_id,AGT-9Q63425XXI,NPS,55,6.0,5.418181818181818
agent_id,AGT-94TSJ4VNVT,CSAT,104,3.0,2.75
agent_id,AGT-4VD72FBSK4,CSAT,111,3.0,2.7927927927927927
agent_id,AGT-DIG702C4OF,CSAT,118,3.0,2.694915254237288
agent_id,AGT-23RRHYZ3YU,NPS,66,5.0,5.121212121212121
agent_id,AGT-JMIXZ2J7AY,NPS,55,6.0,5.2727272727272725
agent_id,AGT-ISFC80OYCB,NPS,63,6.0,5.587301587301587
agent_id,AGT-Y01RTJUOQJ,CSAT,110,3.0,2.8363636363636364
agent_id,AGT-V3V3K8X0W2,CSAT,113,3.0,2.769911504424779
agent_id,AGT-3QQOA60CO9,CES,22,3.0,2.5454545454545454
agent_id,AGT-R8G56XJJDR,NPS,57,6.0,5.350877192982456
agent_id,AGT-MSMPY4CS16,NPS,68,5.0,5.25
agent_id,AGT-3EE5S99BFU,CES,25,3.0,2.76
agent_id,AGT-EXKK12NKB9,CES,23,3.0,2.8260869565217392
agent_id,AGT-CPLJJNES58,CES,15,2.0,2.466666666666667
agent_id,AGT-IEP2JM9BI7,CSAT,112,3.0,2.830357142857143
agent_id,AGT-XXSVZV4OUZ,NPS,55,6.0,5.218181818181818
agent_id,AGT-MZEQR4UPDP,NPS,62,5.0,5.080645161290323
agent_id,AGT-NFSVCZ54H9,CSAT,128,3.0,2.78125
agent_id,AGT-I7AE42K1E3,CES,20,3.0,2.9
agent_id,AGT-9GJ09FFYE4,NPS,48,5.0,5.125
agent_id,AGT-KU6FVZPQSV,CSAT,107,3.0,2.869158878504673
agent_id,AGT-1S0K1D1M6I,CES,19,3.0,2.789473684210526
agent_id,AGT-I1VYP1D801,NPS,67,6.0,5.402985074626866
agent_id,AGT-RAIJ7RHMBA,NPS,57,6.0,5.12280701754386
agent_id,AGT-PLUMVDKU8D,CES,25,3.0,2.52
agent_id,AGT-98ZSNF8YWV,NPS,60,5.0,5.3
agent_id,AGT-9OUCPLC2FI,CES,14,3.0,2.857142857142857
agent_id,AGT-UUSZMROO8J,CSAT,128,3.0,2.703125
agent_id,AGT-Q4SXP4EG6L,CES,15,3.0,2.6
agent_id,AGT-G0U5QILT5N,CSAT,117,3.0,2.8034188034188032
agent_id,AGT-NN9QB41DVS,CSAT,106,3.0,2.7452830188679247
agent_id,AGT-70FM5VSQNA,CSAT,139,3.0,2.820143884892086
agent_id,AGT-9BGLWS9RWM,NPS,63,6.0,5.587301587301587
agent_id,AGT-XWXZV5ZJKY,NPS,63,6.0,5.476190476190476
agent_id,AGT-BNB4Q12JTS,CSAT,125,3.0,2.64
agent_id,AGT-YDPN2UV1D2,NPS,65,6.0,5.461538461538462
agent_id,AGT-DXPI435GIT,CSAT,141,3.0,2.8297872340425534
agent_id,AGT-5M8UV0UVSQ,CES,9,2.0,2.4444444444444446
agent_id,AGT-JMDX6MHRX7,NPS,62,5.0,5.225806451612903
agent_id,AGT-TT0NFU4K2U,NPS,56,6.0,5.446428571428571
agent_id,AGT-QZY9HF6XTZ,CSAT,107,3.0,2.691588785046729
agent_id,AGT-H4WPLB7OBS,CSAT,115,3.0,2.8
agent_id,AGT-ZAL4032JRP,NPS,58,5.0,4.948275862068965
agent_id,AGT-CPLJJNES58,NPS,65,5.0,5.230769230769231
agent_id,AGT-CYN53965R2,NPS,63,5.0,5.301587301587301
agent_id,AGT-ZZGWYHJ86X,NPS,60,5.0,5.016666666666667
agent_id,AGT-KCT0OUBWIE,NPS,55,6.0,5.509090909090909
agent_id,AGT-TO6C4N5ZBE,CSAT,134,3.0,2.798507462686567
agent_id,AGT-1MJ1VGXYXN,NPS,63,6.0,5.285714285714286
agent_id,AGT-DHXTM6VCSZ,CSAT,96,3.0,2.8229166666666665
agent_id,AGT-TUGUQ8RC2O,CES,23,3.0,2.652173913043478
agent_id,AGT-VCHYT34SD6,NPS,34,6.0,5.411764705882353
agent_id,AGT-MHI1U65RWO,CES,28,3.0,2.6785714285714284
agent_id,AGT-7STCFNILU3,CES,21,3.0,2.619047619047619
agent_id,AGT-9AKK72BHHW,NPS,70,5.5,5.071428571428571
agent_id,AGT-8431PDCJHS,CSAT,104,3.0,2.9038461538461537
agent_id,AGT-5VXKVZOWR5,NPS,58,6.0,5.741379310344827
agent_id,AGT-5YUGOKFA7V,NPS,52,6.0,5.403846153846154
agent_id,AGT-KU17P6Y4EJ,CSAT,125,3.0,2.688
agent_id,AGT-OLO1I269KS,NPS,60,5.0,4.816666666666666
agent_id,AGT-QIMNAGJGTW,CSAT,122,3.0,2.721311475409836
agent_id,AGT-3QK2IMDGCM,NPS,61,6.0,5.147540983606557
agent_id,AGT-3X1VSNELON,CSAT,110,3.0,2.809090909090909
agent_id,AGT-3OW146SSUR,NPS,77,6.0,5.207792207792208
agent_id,AGT-GPJJR1BEMS,NPS,51,6.0,5.549019607843137
agent_id,AGT-6ZZW9BKBOC,CSAT,104,3.0,2.8173076923076925
agent_id,AGT-FXUY55EOMM,NPS,51,6.0,5.215686274509804
agent_id,AGT-LHW2K7HV3X,CES,20,3.0,2.55
agent_id,AGT-326LXCPIBX,NPS,61,5.0,5.114754098360656
agent_id,AGT-QIJA0QZRU0,CES,20,3.0,3.0
agent_id,AGT-STFJ9VNIBA,CSAT,139,3.0,2.7338129496402876
agent_id,AGT-LWM9P4ETLV,NPS,60,6.0,5.583333333333333
agent_id,AGT-0BNYKOVLMJ,CES,18,3.0,3.0
agent_id,AGT-CZXFOSPZWG,CES,30,3.0,2.966666666666667
agent_id,AGT-EP3R0JXEXV,NPS,53,6.0,5.415094339622642
agent_id,AGT-XJKBDG6BI7,CSAT,123,3.0,2.7804878048780486
agent_id,AGT-0ZKRYC3TIP,CSAT,132,3.0,2.734848484848485
agent_id,AGT-2QA9OU6KPZ,NPS,58,6.0,5.396551724137931
agent_id,AGT-GX1XLRMUAS,CSAT,131,3.0,2.8244274809160306
agent_id,AGT-LY2T10AXT8,NPS,49,5.0,5.36734693877551
agent_id,AGT-0SFUB4MUFS,NPS,57,5.0,5.175438596491228
agent_id,AGT-GY37ZFJ5DC,CSAT,121,3.0,2.727272727272727
agent_id,AGT-3CCCN8NLW2,CSAT,137,3.0,2.8248175182481754
agent_id,AGT-ZCZWPFNLF1,CSAT,115,3.0,2.739130434782609
agent_id,AGT-6EUQGZ68XW,CSAT,118,3.0,2.7966101694915255
agent_id,AGT-42595PIZVY,CSAT,119,3.0,2.7563025210084033
agent_id,AGT-FL833OQDNH,NPS,71,5.0,5.140845070422535
agent_id,AGT-YZRQJS5X0J,NPS,68,5.0,5.161764705882353
agent_id,AGT-1FE9KA8SIW,CSAT,119,3.0,2.831932773109244
agent_id,AGT-Q4SXP4EG6L,NPS,56,5.0,5.017857142857143
agent_id,AGT-OH0WV42QJM,CSAT,117,3.0,2.735042735042735
agent_id,AGT-6RJU5Z1O8U,CSAT,106,3.0,2.547169811320755
agent_id,AGT-FMWA0M964M,NPS,50,6.0,5.32
agent_id,AGT-I0U7X8BN8X,NPS,50,6.0,5.58
agent_id,AGT-632VJ0ER29,NPS,56,5.0,5.285714285714286
agent_id,AGT-TNY667JLTI,CSAT,134,3.0,2.746268656716418
agent_id,AGT-5TDOITKK8V,CSAT,122,3.0,2.721311475409836
agent_id,AGT-LFX460UJ80,NPS,45,6.0,5.644444444444445
agent_id,AGT-SFTJNQ1CP3,CSAT,127,3.0,2.7007874015748032
agent_id,AGT-ERBZDOFKYX,CSAT,109,3.0,2.8073394495412844
agent_id,AGT-824XMWYTET,NPS,50,5.5,5.28
agent_id,AGT-AY5LPIBFMB,NPS,74,5.0,4.95945945945946
agent_id,AGT-AX80P6GQZV,NPS,59,5.0,5.322033898305085
agent_id,AGT-HA58VTBBFQ,NPS,60,5.0,5.116666666666666
agent_id,AGT-1ASM7PTCSR,CES,20,3.0,2.75
agent_id,AGT-JJY1EX95CQ,NPS,57,6.0,5.543859649122807
agent_id,AGT-E1HYYKT3NN,CES,9,3.0,2.6666666666666665
agent_id,AGT-OJOELLJS8I,CES,21,3.0,2.619047619047619
agent_id,AGT-0SFUB4MUFS,CES,29,3.0,3.1724137931034484
agent_id,AGT-J7A6SDZWYA,NPS,57,5.0,5.105263157894737
agent_id,AGT-I7AE42K1E3,NPS,50,5.0,5.28
agent_id,AGT-EI5HV76G6F,NPS,65,5.0,5.2
agent_id,AGT-5CPTBAUR6F,CSAT,125,3.0,2.784
agent_id,AGT-ZS742EP7U6,NPS,74,5.0,5.0675675675675675
agent_id,AGT-E76DUY8F1G,NPS,59,5.0,5.101694915254237
agent_id,AGT-OOEUK3E94D,CSAT,123,3.0,2.7235772357723578
agent_id,AGT-HEY1DFYU3O,CSAT,130,3.0,2.730769230769231
agent_id,AGT-0DEAGE60M6,NPS,71,6.0,5.577464788732394
agent_id,AGT-3SNWBE3W3Y,NPS,60,6.0,5.083333333333333
agent_id,AGT-JI2PI1E2KY,NPS,48,6.0,5.458333333333333
agent_id,AGT-KE2SZIG08B,NPS,70,5.0,5.128571428571429
agent_id,AGT-XQOSHBUDXI,CSAT,121,3.0,2.7520661157024793
agent_id,AGT-62OM5Q1Q05,CSAT,115,3.0,2.8173913043478263
agent_id,AGT-57TC8S3DE3,CSAT,106,3.0,2.7830188679245285
agent_id,AGT-PHF1BNC7Z2,NPS,50,5.5,5.04
agent_id,AGT-3D7OE6TIIB,NPS,64,6.0,5.421875
agent_id,AGT-3J626YP5SB,NPS,67,5.0,5.1940298507462686
agent_id,AGT-3SCBQBHAUJ,NPS,66,5.0,5.075757575757576
agent_id,AGT-CJHWID6B7W,CES,19,3.0,2.789473684210526
agent_id,AGT-XFS0SGZE95,CSAT,111,3.0,2.7837837837837838
agent_id,AGT-838PIT9Q4L,CSAT,112,3.0,2.7410714285714284
agent_id,AGT-H600EXWVP2,NPS,69,6.0,5.434782608695652
agent_id,AGT-AN9S4PD9YK,NPS,58,6.0,5.620689655172414
agent_id,AGT-QZ4OVGMGCA,CES,22,3.0,2.727272727272727
agent_id,AGT-VBNZ1407P0,CES,17,3.0,2.823529411764706
agent_id,AGT-64BBNY40AY,CSAT,105,3.0,2.8095238095238093
agent_id,AGT-904VY7KN6S,CSAT,120,3.0,2.716666666666667
agent_id,AGT-6Z6COALO6M,CSAT,120,3.0,2.7916666666666665
agent_id,AGT-FLSNDXOHFN,CES,22,2.0,2.5454545454545454
agent_id,AGT-VH6I6W0YCB,NPS,62,5.5,5.032258064516129
agent_id,AGT-Q5C8JMF7AE,NPS,47,5.0,5.085106382978723
agent_id,AGT-KJJSUXEQ6N,NPS,61,6.0,5.459016393442623
agent_id,AGT-ZLA03QJGS8,CSAT,125,3.0,2.744
agent_id,AGT-TSMBWDEGRX,NPS,56,5.5,5.285714285714286
agent_id,AGT-9FZV5Z7FAG,CES,16,3.0,3.0
agent_id,AGT-P3J2VF0O60,NPS,61,5.0,5.278688524590164
agent_id,AGT-3MU2T4LM27,CES,24,3.0,2.875
agent_id,AGT-S2RR13SI24,NPS,59,6.0,5.254237288135593
agent_id,AGT-HWATBOOPXF,NPS,55,6.0,5.163636363636364
agent_id,AGT-Q4ZVLPZQ5R,NPS,70,5.0,5.071428571428571
agent_id,AGT-OU23TB8G0R,CSAT,115,3.0,2.8434782608695652
agent_id,AGT-YD75PME3W5,NPS,58,5.0,5.241379310344827
agent_id,AGT-RQSUHLTDIN,CSAT,113,3.0,2.743362831858407
agent_id,AGT-E9GHB6WK02,NPS,42,6.0,5.595238095238095
agent_id,AGT-8QTE3U97HH,NPS,48,6.0,5.666666666666667
agent_id,AGT-N2UN9U0TIY,CES,23,3.0,3.0
agent_id,AGT-HHL6C35P9E,CES,11,3.0,2.5454545454545454
agent_id,AGT-IZHTXLTYWZ,NPS,61,6.0,5.508196721311475
agent_id,AGT-1S0K1D1M6I,NPS,60,5.0,5.183333333333334
agent_id,AGT-Z7U0LOAHW9,CES,24,2.0,2.4583333333333335
agent_id,AGT-GBHL3XZPKH,CSAT,114,3.0,2.745614035087719
agent_id,AGT-FLSNDXOHFN,NPS,53,5.0,4.886792452830188
agent_id,AGT-GSM38P7MQL,CSAT,102,3.0,2.735294117647059
agent_id,AGT-AQVUQI49EA,CSAT,105,3.0,2.7333333333333334
agent_id,AGT-Q7BZNFI48C,CSAT,108,3.0,2.8425925925925926
agent_id,AGT-UL2AKT2G17,NPS,58,6.0,5.517241379310345
agent_id,AGT-5VGRU9RH8F,NPS,56,5.0,5.071428571428571
agent_id,AGT-8E5KSD2KSS,CES,21,3.0,2.857142857142857
agent_id,AGT-HLGND96O59,CSAT,112,3.0,2.8660714285714284
agent_id,AGT-R03JWT0EJ6,CES,20,3.0,2.8
agent_id,AGT-PX17SVBBET,CSAT,121,3.0,2.743801652892562
agent_id,AGT-NZLT43UWA8,CSAT,127,3.0,2.7716535433070866
agent_id,AGT-VJYS33BX5A,NPS,56,5.0,5.125
agent_id,AGT-DVVBAZK0MM,NPS,51,6.0,5.607843137254902
agent_id,AGT-1B1LQT3IQC,NPS,44,6.0,5.295454545454546
agent_id,AGT-0YP9IMVFG1,NPS,59,6.0,5.627118644067797
agent_id,AGT-PI0J3ZNGEF,CSAT,143,3.0,2.7482517482517483
agent_id,AGT-WCPI68FFI5,CSAT,98,3.0,2.7346938775510203
agent_id,AGT-H0PC3KO7SM,NPS,46,6.0,5.1521739130434785
agent_id,AGT-46FCJ4R4BY,NPS,47,5.0,5.042553191489362
agent_id,AGT-ADGK54K2NI,NPS,66,6.0,5.454545454545454
agent_id,AGT-GF86DSKF59,CES,16,3.0,2.875
agent_id,AGT-QQATMOYOS3,NPS,47,5.0,5.170212765957447
agent_id,AGT-DJ2LBQOGP3,CES,13,3.0,2.769230769230769
agent_id,AGT-E0B7SL6ZCI,CSAT,125,3.0,2.8
agent_id,AGT-DDPUZDGTDB,NPS,53,5.0,5.018867924528302
agent_id,AGT-Y9F01ICSEJ,NPS,80,5.0,5.2
agent_id,AGT-ZZLDFFK5KX,NPS,72,6.0,5.402777777777778
agent_id,AGT-1U67SCVP90,CES,23,3.0,3.0
agent_id,AGT-RVAZ2ERIA8,CSAT,122,3.0,2.721311475409836
agent_id,AGT-AUPZRFB0OO,NPS,72,5.5,5.25
agent_id,AGT-RUM2D9N4DH,CSAT,141,3.0,2.6808510638297873
agent_id,AGT-7928OR6G55,CSAT,117,3.0,2.7435897435897436
agent_id,AGT-ENDMSY169K,NPS,64,5.0,5.234375
agent_id,AGT-XBRLAWNT6Y,CSAT,118,3.0,2.8220338983050848
agent_id,AGT-OK7P1BRWRO,CSAT,101,3.0,2.8415841584158414
agent_id,AGT-HVLXTQA5YL,CSAT,128,3.0,2.875
agent_id,AGT-1SD8N8Y4VV,CES,18,3.0,2.9444444444444446
agent_id,AGT-7NUDMBA6I3,NPS,63,5.0,5.285714285714286
agent_id,AGT-KFVMJV5MAS,CES,19,3.0,3.0
agent_id,AGT-LFX460UJ80,CES,23,3.0,2.6956521739130435
agent_id,AGT-UJBX94QGQH,NPS,63,5.0,5.349206349206349
agent_id,AGT-QV4LVAPTDM,CES,20,3.0,2.85
agent_id,AGT-Q8AGV9WXXS,CSAT,149,3.0,2.785234899328859
agent_id,AGT-SEDL4ENT0A,NPS,59,5.0,5.271186440677966
agent_id,AGT-OXGDKDP90E,CSAT,131,3.0,2.7786259541984735
agent_id,AGT-MV1S3NK1UZ,CES,22,3.0,2.909090909090909
agent_id,AGT-RJBNP1WTLR,NPS,58,5.5,5.379310344827586
agent_id,AGT-2BNDJNBFKF,CES,22,3.0,2.772727272727273
agent_id,AGT-4KDDHBIJVU,NPS,46,5.5,5.195652173913044
agent_id,AGT-P7EOOA2P5S,NPS,48,5.5,5.4375
agent_id,AGT-BOSIAA5J5O,CES,21,3.0,2.761904761904762
agent_id,AGT-YK02JUZBDO,CSAT,108,3.0,2.75
agent_id,AGT-9XS8S3F6F9,CSAT,123,3.0,2.83739837398374
agent_id,AGT-BQKJV90OIO,CSAT,114,3.0,2.8508771929824563
agent_id,AGT-2GCBYGGPO4,CES,21,3.0,2.619047619047619
agent_id,AGT-FK6MI05PO5,CSAT,115,3.0,2.6695652173913045
agent_id,AGT-5ANM4NA6WN,CSAT,132,3.0,2.7196969696969697
agent_id,AGT-3JXWWT2USN,CES,29,3.0,2.7586206896551726
agent_id,AGT-IT36OMS326,NPS,53,5.0,5.0
agent_id,AGT-LWI6FT9AYN,NPS,63,5.0,5.174603174603175
agent_id,AGT-0Q4Z4AE9P2,NPS,59,6.0,5.47457627118644
agent_id,AGT-WBG60TGKFE,NPS,69,5.0,5.086956521739131
agent_id,AGT-8NE8GSGUG4,NPS,51,6.0,5.529411764705882
agent_id,AGT-F8WMTYQSZS,NPS,61,5.0,5.311475409836065
agent_id,AGT-9GJ09FFYE4,CES,15,3.0,2.6666666666666665
agent_id,AGT-CL1ZPNLJ7U,NPS,71,5.0,5.28169014084507
agent_id,AGT-FGAVR5FA7R,NPS,69,5.0,5.159420289855072
agent_id,AGT-4V4YDGZZ5H,CES,20,3.0,2.8
agent_id,AGT-E2Y5OZOV43,CSAT,118,3.0,2.76271186440678
agent_id,AGT-D3TOZG1Q4X,NPS,64,6.0,5.34375
agent_id,AGT-Z6N2FYD0RW,CES,18,3.0,2.7222222222222223
agent_id,AGT-HGVZ3WILY5,CSAT,128,3.0,2.796875
agent_id,AGT-L9LMIGUHNZ,CES,21,3.0,2.8095238095238093
agent_id,AGT-799UGSN0G6,CSAT,97,3.0,2.7731958762886597
agent_id,AGT-FDYIW6O3N8,CSAT,134,3.0,2.701492537313433
agent_id,AGT-DVVBAZK0MM,CES,24,3.0,2.6666666666666665
agent_id,AGT-70NA7XO37Z,CES,24,3.0,2.7083333333333335
agent_id,AGT-EXKK12NKB9,NPS,56,5.0,5.178571428571429
agent_id,AGT-Z7U0LOAHW9,NPS,65,6.0,5.153846153846154
agent_id,AGT-5H5YZZE5FL,CSAT,123,3.0,2.772357723577236
agent_id,AGT-TV0QBXSVT9,CSAT,102,3.0,2.764705882352941
agent_id,AGT-I2PACZNZ4Y,CSAT,128,3.0,2.7578125
agent_id,AGT-8E5KSD2KSS,NPS,68,6.0,5.485294117647059
agent_id,AGT-G9OO88HUR6,CES,28,3.0,3.0357142857142856
agent_id,AGT-S448G59QZX,NPS,49,6.0,5.469387755102041
agent_id,AGT-YEHDH59WDI,CSAT,105,3.0,2.7904761904761903
agent_id,AGT-YMZKRGSJNL,NPS,66,6.0,5.4393939393939394
agent_id,AGT-WX8WOK9XOA,NPS,52,6.0,5.519230769230769
agent_id,AGT-YOH2XG6EXK,CSAT,103,3.0,2.7766990291262137
agent_id,AGT-MKZIRVRLBZ,CES,16,3.0,2.8125
agent_id,AGT-LDEF25BE86,NPS,46,6.0,5.782608695652174
agent_id,AGT-CVMX70X6Z4,NPS,63,6.0,5.301587301587301
agent_id,AGT-0WS31AIHF0,NPS,68,5.0,5.147058823529412
agent_id,AGT-NMPUM2684B,NPS,57,6.0,5.105263157894737
agent_id,AGT-G0XY2K72PJ,CES,13,2.0,2.4615384615384617
agent_id,AGT-2BNDJNBFKF,NPS,60,6.0,5.333333333333333
agent_id,AGT-BEAXRRXLFP,NPS,78,6.0,5.487179487179487
agent_id,AGT-9AKK72BHHW,CES,17,3.0,2.764705882352941
agent_id,AGT-3CWPWNJ1YQ,CES,21,3.0,2.761904761904762
agent_id,AGT-5RF05BZME0,CSAT,119,3.0,2.773109243697479
agent_id,AGT-PB69L1LNLH,CSAT,108,3.0,2.7962962962962963
agent_id,AGT-TXE9ZY1OJ4,CSAT,111,3.0,2.855855855855856
agent_id,AGT-M8CHINA9AC,NPS,54,6.0,5.555555555555555
agent_id,AGT-VIHAWCYHY3,NPS,55,5.0,5.418181818181818
agent_id,AGT-8KFHE6XRQ4,CSAT,85,3.0,2.8117647058823527
agent_id,AGT-N766EWP73G,NPS,69,6.0,5.217391304347826
agent_id,AGT-WZZ580SGIK,NPS,65,6.0,5.446153846153846
agent_id,AGT-23RRHYZ3YU,CES,17,3.0,2.9411764705882355
agent_id,AGT-RXRI3WGAQW,NPS,65,6.0,5.430769230769231
agent_id,AGT-12AFACXPXI,CSAT,117,3.0,2.6923076923076925
agent_id,AGT-SVZFVPVPBC,CES,18,3.0,2.9444444444444446
agent_id,AGT-824XMWYTET,CES,17,3.0,2.764705882352941
agent_id,AGT-2ZICSG59FS,NPS,63,5.0,4.968253968253968
agent_id,AGT-NVXKQOY9ML,CSAT,125,3.0,2.888
agent_id,AGT-RB7B1VQ0JL,NPS,57,6.0,5.543859649122807
agent_id,AGT-TRZMD8W6Y4,CSAT,139,3.0,2.8129496402877696
agent_id,AGT-QZBFN7LRWT,NPS,52,5.0,5.0
agent_id,AGT-ABM94FMVNF,CES,18,3.0,3.0
agent_id,AGT-HWATBOOPXF,CES,19,3.0,2.8947368421052633
agent_id,AGT-RRH6ONQMMX,CSAT,100,3.0,2.76
agent_id,AGT-R9SF4CABC3,CES,14,3.0,2.7857142857142856
agent_id,AGT-Z1EIQXWV82,CSAT,116,3.0,2.8448275862068964
agent_id,AGT-155PP3L6XE,CSAT,108,3.0,2.740740740740741
agent_id,AGT-2IRA439CDD,CSAT,111,3.0,2.6486486486486487
agent_id,AGT-GJ089YSJS0,CSAT,105,3.0,2.9047619047619047
agent_id,AGT-VFQGSL284E,NPS,57,5.0,5.052631578947368
agent_id,AGT-ZM1ICRUZC0,CES,23,3.0,2.9130434782608696
agent_id,AGT-T8LM02ABDZ,NPS,64,6.0,5.28125
agent_id,AGT-IZDFJFHSFH,CSAT,99,3.0,2.8484848484848486
agent_id,AGT-Q47B8JI9Y1,NPS,55,6.0,5.418181818181818
agent_id,AGT-4ZRJ45ERIZ,CSAT,102,3.0,2.764705882352941
agent_id,AGT-MV4RR3NAKS,NPS,64,5.0,5.1875
agent_id,AGT-64T08W0ODF,CSAT,124,3.0,2.75
agent_id,AGT-JMA3MRKNWE,CES,14,3.0,2.7142857142857144
agent_id,AGT-XX6WSQ2E5P,CES,27,3.0,2.888888888888889
agent_id,AGT-R9SF4CABC3,NPS,63,5.0,5.126984126984127
agent_id,AGT-5J9V220I1K,CSAT,103,3.0,2.825242718446602
agent_id,AGT-Z8YFQBMTYZ,CSAT,109,3.0,2.8440366972477062
agent_id,AGT-5ZON0CZXOE,CSAT,107,3.0,2.7009345794392523
agent_id,AGT-7XQCZE73IH,CSAT,131,3.0,2.7480916030534353
agent_id,AGT-BSQ85EHHBB,CSAT,101,3.0,2.792079207920792
agent_id,AGT-3VX5GJAF2I,CES,13,3.0,2.6923076923076925
agent_id,AGT-VNCMXKXLZE,NPS,64,6.0,5.359375
agent_id,AGT-QX2FUBC9H9,NPS,55,6.0,5.709090909090909
agent_id,AGT-4FZILKK4KX,CSAT,110,3.0,2.8363636363636364
agent_id,AGT-A8JC05Z7T5,CES,23,3.0,3.0
agent_id,AGT-4W61FITOXQ,CSAT,99,3.0,2.757575757575758
agent_id,AGT-Z1FRSK9T0T,CSAT,136,3.0,2.698529411764706
agent_id,AGT-6NAZTH7M7Q,CSAT,130,3.0,2.6307692307692307
agent_id,AGT-ZXNEUYV3UL,CSAT,127,3.0,2.8976377952755907
agent_id,AGT-ADNC57V4Y5,CES,28,3.0,2.6785714285714284
agent_id,AGT-BUE4IHI1P1,CES,19,3.0,2.9473684210526314
agent_id,AGT-MZEQR4UPDP,CES,22,3.0,2.590909090909091
agent_id,AGT-UV811V1O91,CSAT,119,3.0,2.907563025210084
agent_id,AGT-KCVV5R760L,CSAT,127,3.0,2.779527559055118
agent_id,AGT-VH1MSPB0E8,CES,22,3.0,2.909090909090909
agent_id,AGT-2GSO6ODA8L,CES,15,3.0,2.466666666666667
agent_id,AGT-DOUMKDE5OH,CSAT,149,3.0,2.771812080536913
agent_id,AGT-Z1EG2FBXSK,NPS,66,6.0,5.409090909090909
agent_id,AGT-BUS9PDJC54,NPS,72,6.0,5.680555555555555
agent_id,AGT-L2GBNN6LWM,CES,20,3.0,2.55
agent_id,AGT-WFVUMINGZI,CES,27,3.0,2.888888888888889
agent_id,AGT-MONXUP4C6Q,CSAT,120,3.0,2.8583333333333334
agent_id,AGT-JPMUUWJV12,CSAT,131,3.0,2.8702290076335877
agent_id,AGT-CEA1C9BKKF,CES,27,3.0,2.7037037037037037
agent_id,AGT-UX4C3E56W9,NPS,50,6.0,5.6
agent_id,AGT-8QTE3U97HH,CES,16,3.0,2.5
agent_id,AGT-E7F95ZYZZ5,NPS,66,6.0,5.151515151515151
agent_id,AGT-G5GWLCT1OU,NPS,71,5.0,5.253521126760563
agent_id,AGT-A1ZE8Q3U3C,CES,15,3.0,3.0
agent_id,AGT-M6MXQC9YHN,CES,21,3.0,2.857142857142857
agent_id,AGT-A603XNUYMP,CES,24,3.0,2.75
agent_id,AGT-KWSHPLRIGG,CES,15,3.0,2.8
agent_id,AGT-PW8EIJKP76,CES,21,3.0,2.7142857142857144
agent_id,AGT-T82UMP9J0W,CES,14,3.0,2.642857142857143
agent_id,AGT-HP4JLBB1JN,CES,15,3.0,2.933333333333333
agent_id,AGT-VFOW1SAD5J,NPS,58,6.0,5.224137931034483
agent_id,AGT-P6ZSI9FXVT,CSAT,135,3.0,2.7037037037037037
agent_id,AGT-95LE7E26SA,CSAT,137,3.0,2.781021897810219
agent_id,AGT-XPFEQBBG8N,CES,17,3.0,2.5294117647058822
agent_id,AGT-FMWA0M964M,CES,12,2.5,2.4166666666666665
agent_id,AGT-SVZFVPVPBC,NPS,49,5.0,4.816326530612245
agent_id,AGT-SRVYKVRU3O,NPS,60,6.0,5.466666666666667
agent_id,AGT-B49GEGZZF1,CES,22,3.0,2.909090909090909
agent_id,AGT-Y3KZLUV3T3,CES,14,3.0,2.857142857142857
agent_id,AGT-YF9RO3EJZU,CES,20,3.0,2.85
agent_id,AGT-NOB5KS50MS,CES,22,3.0,2.9545454545454546
agent_id,AGT-1SD8N8Y4VV,NPS,63,6.0,5.412698412698413
agent_id,AGT-8F824H7DN8,CSAT,110,3.0,2.772727272727273
agent_id,AGT-C2WNAD4Y8J,CES,23,3.0,2.5652173913043477
agent_id,AGT-39JT1HU5SP,NPS,64,5.0,5.140625
agent_id,AGT-YD75PME3W5,CES,21,3.0,3.0
agent_id,AGT-X4R33GB4CR,NPS,54,6.0,5.37037037037037
agent_id,AGT-6I9WLLYIKE,CES,18,3.0,3.0555555555555554
agent_id,AGT-A8I1YTWT37,NPS,64,6.0,5.515625
agent_id,AGT-G18BLCU91K,CES,19,3.0,3.1052631578947367
agent_id,AGT-2F6DCW7N6Q,CSAT,122,3.0,2.7868852459016393
agent_id,AGT-57JWQAKI57,NPS,66,5.0,5.242424242424242
agent_id,AGT-GDSRHZRHQ7,NPS,58,6.0,5.413793103448276
agent_id,AGT-S7G5N2BGQY,NPS,56,5.0,5.071428571428571
agent_id,AGT-96DP5PKDGS,CES,24,3.0,2.9166666666666665
agent_id,AGT-87J5AYCAB1,NPS,54,6.0,5.203703703703703
agent_id,AGT-7YHGZDPWRS,CES,18,3.0,2.7222222222222223
agent_id,AGT-8VKK9PHQ52,NPS,53,5.0,5.188679245283019
agent_id,AGT-VQEQ59AZXS,CSAT,134,3.0,2.7611940298507465
agent_id,AGT-HVHI1T24CL,CES,16,2.0,2.4375
agent_id,AGT-WKXZRWYSSN,CES,16,3.0,2.6875
agent_id,AGT-BHMTTUAA05,CSAT,116,3.0,2.7586206896551726
agent_id,AGT-H01EG2K29X,CES,21,3.0,2.9047619047619047
agent_id,AGT-CQBSB9AUGV,CES,13,3.0,2.8461538461538463
agent_id,AGT-EMSDKX98GM,CES,22,3.0,2.8181818181818183
agent_id,AGT-FKCTSOFRV8,NPS,58,5.0,5.258620689655173
agent_id,AGT-772KZJ3QLS,CES,19,3.0,3.0
agent_id,AGT-5PP7O7ZE96,NPS,60,6.0,5.533333333333333
agent_id,AGT-I91223U4EN,NPS,52,6.0,5.673076923076923
agent_id,AGT-SN6XXQN379,NPS,54,6.0,5.296296296296297
agent_id,AGT-326LXCPIBX,CES,24,3.0,2.6666666666666665
agent_id,AGT-96XY80WRZG,NPS,60,6.0,5.6
agent_id,AGT-UR0WYJS0T0,CSAT,131,3.0,2.7938931297709924
agent_id,AGT-RI0LZ2D6YJ,NPS,58,6.0,5.431034482758621
agent_id,AGT-AHADYYXJB4,NPS,55,6.0,5.381818181818182
agent_id,AGT-1283BYB67Y,CSAT,100,3.0,2.71
agent_id,AGT-TE0VSZWQTW,CSAT,114,3.0,2.7280701754385963
agent_id,AGT-OJ9N4FGYV9,CSAT,126,3.0,2.8253968253968256
agent_id,AGT-PW8EIJKP76,NPS,62,6.0,5.387096774193548
agent_id,AGT-Z6N2FYD0RW,NPS,60,5.0,4.916666666666667
agent_id,AGT-UX4C3E56W9,CES,17,3.0,2.588235294117647
agent_id,AGT-9BGLWS9RWM,CES,18,3.0,2.6666666666666665
agent_id,AGT-8K2B7GS404,CSAT,120,3.0,2.8
agent_id,AGT-AIZL8E8598,CES,16,2.5,2.5
agent_id,AGT-Z2ZCLZ4UQA,CSAT,105,3.0,2.7142857142857144
agent_id,AGT-HP4JLBB1JN,NPS,54,6.0,5.722222222222222
agent_id,AGT-I6R1T9IKUL,NPS,54,6.0,5.666666666666667
agent_id,AGT-9ES2CNB4EJ,NPS,46,6.0,5.478260869565218
agent_id,AGT-20ERALB37F,CES,20,3.0,2.9
agent_id,AGT-IB1X9BWBN2,NPS,59,6.0,5.389830508474576
agent_id,AGT-GJ9LKR80FA,CSAT,114,3.0,2.710526315789474
agent_id,AGT-4V9XEWH73V,CSAT,114,3.0,2.7017543859649122
agent_id,AGT-AJ8SSRN9XM,NPS,43,5.0,5.209302325581396
agent_id,AGT-XLUD39CV67,NPS,62,5.5,5.290322580645161
agent_id,AGT-JG7DEBTE1E,CES,27,3.0,3.0
agent_id,AGT-ZS742EP7U6,CES,28,3.0,2.642857142857143
agent_id,AGT-Y8VCCG4114,NPS,56,6.0,5.571428571428571
agent_id,AGT-MVYH7DKNEH,CSAT,135,3.0,2.688888888888889
agent_id,AGT-1U67SCVP90,NPS,49,6.0,5.469387755102041
agent_id,AGT-YWKYXYRNJG,CES,21,3.0,2.4761904761904763
agent_id,AGT-WBG60TGKFE,CES,21,3.0,2.7142857142857144
agent_id,AGT-ZVJM1G7IC2,CSAT,119,3.0,2.7983193277310923
agent_id,AGT-Q4TY30BOYE,CES,27,3.0,2.814814814814815
agent_id,AGT-P3D79O30AU,NPS,45,5.0,5.155555555555556
agent_id,AGT-7YHGZDPWRS,NPS,56,5.0,5.160714285714286
agent_id,AGT-VTQJ9SJZEV,CES,12,3.0,2.9166666666666665
agent_id,AGT-OST7AX31MF,CSAT,113,3.0,2.7964601769911503
agent_id,AGT-O8NXZF1HJ6,CSAT,118,3.0,2.847457627118644
agent_id,AGT-027UBQ07RA,NPS,54,6.0,5.314814814814815
agent_id,AGT-UX3Z61ZNLY,NPS,61,6.0,5.409836065573771
agent_id,AGT-W2DEB9GVSM,NPS,46,5.0,5.0
agent_id,AGT-QO0HKV2FTI,NPS,59,5.0,5.305084745762712
agent_id,AGT-8NM2UHJMKP,CSAT,115,3.0,2.7130434782608694
agent_id,AGT-V4FGNHLRXQ,NPS,54,5.5,5.351851851851852
agent_id,AGT-YDA73BIP0J,CSAT,99,3.0,2.595959595959596
agent_id,AGT-SN6XXQN379,CES,24,3.0,2.7916666666666665
agent_id,AGT-45G96QSKR6,CES,20,3.0,2.65
agent_id,AGT-IB1X9BWBN2,CES,16,3.0,2.5
agent_id,AGT-9M45XHR1BB,CES,25,3.0,2.76
agent_id,AGT-K4F3KPECPA,CSAT,116,3.0,2.7327586206896552
agent_id,AGT-6XP3TGQ4QT,NPS,57,6.0,5.4035087719298245
agent_id,AGT-VJO068ZKEB,NPS,58,5.0,5.086206896551724
agent_id,AGT-PHF1BNC7Z2,CES,13,3.0,2.8461538461538463
agent_id,AGT-QI5O1LEA1K,NPS,56,6.0,5.410714285714286
agent_id,AGT-2NVH86ET7M,CES,20,3.0,2.85
agent_id,AGT-A8I1YTWT37,CES,21,3.0,2.9047619047619047
agent_id,AGT-2TAGK048H3,CES,15,3.0,2.7333333333333334
agent_id,AGT-TJ0RZV4GUF,CSAT,114,3.0,2.710526315789474
agent_id,AGT-GPJJR1BEMS,CES,21,3.0,2.619047619047619
agent_id,AGT-BRSQ4J226H,CES,25,3.0,2.72
agent_id,AGT-20ERALB37F,NPS,64,5.0,5.3125
agent_id,AGT-1MJ1VGXYXN,CES,22,3.0,2.727272727272727
agent_id,AGT-FIFKWZ2CD9,CES,18,3.0,2.888888888888889
agent_id,AGT-1CPJD4QLU7,CSAT,98,3.0,2.673469387755102
agent_id,AGT-4ZD726MTT0,CES,24,3.0,2.6666666666666665
agent_id,AGT-TSSIHYMD02,CES,24,3.0,2.6666666666666665
agent_id,AGT-81HI9ENVQV,CSAT,115,3.0,2.8086956521739133
agent_id,AGT-56L27RI8NL,CSAT,109,3.0,2.779816513761468
agent_id,AGT-GDSRHZRHQ7,CES,17,3.0,2.8823529411764706
agent_id,AGT-AHADYYXJB4,CES,14,3.0,2.9285714285714284
agent_id,AGT-ADGK54K2NI,CES,24,3.0,2.625
agent_id,AGT-P8AKH6CJ9L,CES,13,3.0,2.923076923076923
agent_id,AGT-JSX5PQZSR1,NPS,63,6.0,5.428571428571429
agent_id,AGT-XXSVZV4OUZ,CES,21,3.0,2.5238095238095237
agent_id,AGT-9W2W01V6JD,CES,21,3.0,2.6666666666666665
agent_id,AGT-NO19RXC65N,CES,14,3.0,3.0
agent_id,AGT-PMBI3UJHU6,NPS,60,6.0,5.4
agent_id,AGT-5LCOF9SDDE,CES,21,3.0,2.8095238095238093
agent_id,AGT-VBPI4ZZ5XX,NPS,58,5.0,5.258620689655173
agent_id,AGT-LTX82QBP86,NPS,56,5.0,5.071428571428571
agent_id,AGT-Z1EG2FBXSK,CES,21,3.0,2.6666666666666665
agent_id,AGT-DF77TQ66S1,NPS,56,5.0,5.053571428571429
agent_id,AGT-W8EI0WIZH2,NPS,49,5.0,5.163265306122449
agent_id,AGT-EDKK9VOD7F,CES,17,3.0,2.5294117647058822
agent_id,AGT-E46F2FQTOO,NPS,62,6.0,5.274193548387097
agent_id,AGT-3BSCOF9JIO,NPS,63,6.0,5.301587301587301
agent_id,AGT-M8CHINA9AC,CES,18,3.0,2.5
agent_id,AGT-FQEW7VBTN5,NPS,70,6.0,5.571428571428571
agent_id,AGT-ISFC80OYCB,CES,21,3.0,2.8095238095238093
agent_id,AGT-Y4PTRJW4HG,NPS,55,6.0,5.2727272727272725
agent_id,AGT-CTUYD8XUXN,NPS,68,5.0,5.294117647058823
agent_id,AGT-W8EI0WIZH2,CES,15,2.0,2.3333333333333335
agent_id,AGT-RHJINE5TTG,CES,26,3.0,2.6923076923076925
agent_id,AGT-BOSIAA5J5O,NPS,54,5.0,5.444444444444445
agent_id,AGT-8NE8GSGUG4,CES,23,3.0,2.5217391304347827
agent_id,AGT-I627O1XJ7T,CES,16,3.0,2.875
agent_id,AGT-3KFF618LI2,NPS,60,6.0,5.516666666666667
agent_id,AGT-AUOTS7C4F3,NPS,63,5.0,5.222222222222222
agent_id,AGT-020055Q6ET,CSAT,113,3.0,2.690265486725664
agent_id,AGT-TUGUQ8RC2O,NPS,61,6.0,5.360655737704918
agent_id,AGT-RXRI3WGAQW,CES,14,3.0,2.9285714285714284
agent_id,AGT-QS0490AK15,CES,21,3.0,2.5238095238095237
agent_id,AGT-BTMN3HB2CB,NPS,64,6.0,5.46875
agent_id,AGT-F7WFZ9B08B,CES,16,3.0,2.8125
agent_id,AGT-YETUBFGAV5,NPS,54,6.0,5.388888888888889
agent_id,AGT-7ID1M83527,NPS,63,6.0,5.142857142857143
agent_id,AGT-A32ZNV9PWA,CES,28,3.0,3.0
agent_id,AGT-E4S7AXSU3W,CES,23,3.0,2.8260869565217392
agent_id,AGT-D823QIGFPO,NPS,56,6.0,5.589285714285714
agent_id,AGT-G0XY2K72PJ,NPS,43,6.0,5.232558139534884
agent_id,AGT-0YP9IMVFG1,CES,24,3.0,2.4583333333333335
agent_id,AGT-8TUK3OR0F6,CES,22,3.0,2.6363636363636362
agent_id,AGT-92W11NU8ER,CES,22,3.0,2.8181818181818183
agent_id,AGT-703TCW9HY5,CES,21,3.0,2.761904761904762
agent_id,AGT-1017M8ALDP,NPS,67,6.0,5.611940298507463
agent_id,AGT-U6IOVO18F3,CES,14,3.0,2.7857142857142856
agent_id,AGT-VT6AB8ZSIS,NPS,41,6.0,5.341463414634147
agent_id,AGT-9WIE6SB1MJ,CSAT,112,3.0,2.7142857142857144
agent_id,AGT-Z417DGG0UF,NPS,60,6.0,5.433333333333334
agent_id,AGT-F0YXXAXRAU,CES,18,3.0,3.0
agent_id,AGT-A7BR2H7CSS,CES,24,3.0,2.75
agent_id,AGT-75AK6CCKBJ,NPS,62,6.0,5.241935483870968
agent_id,AGT-1EML73X1U8,CSAT,121,3.0,2.7520661157024793
agent_id,AGT-O48SLVX738,NPS,55,5.0,4.909090909090909
agent_id,AGT-WJMHSLTJ60,NPS,61,6.0,5.311475409836065
agent_id,AGT-632VJ0ER29,CES,19,3.0,2.8947368421052633
agent_id,AGT-K0O13JDQ01,NPS,54,6.0,5.2407407407407405
agent_id,AGT-KJ8EIV7HG0,CES,13,3.0,2.8461538461538463
agent_id,AGT-G4ZXDWOS2S,CES,19,2.0,2.526315789473684
agent_id,AGT-EMSDKX98GM,NPS,56,5.0,5.553571428571429
agent_id,AGT-XX6WSQ2E5P,NPS,56,5.0,5.232142857142857
agent_id,AGT-7U616EYKJ3,CES,27,3.0,2.814814814814815
agent_id,AGT-HQP1WC8P45,CES,20,3.0,3.0
agent_id,AGT-0O9BVZZ68Z,CES,17,3.0,2.5294117647058822
agent_id,AGT-87J5AYCAB1,CES,18,3.0,2.7222222222222223
agent_id,AGT-BTCYXRD64J,NPS,74,6.0,5.405405405405405
agent_id,AGT-VTWBPCIYQU,CES,25,3.0,2.72
agent_id,AGT-R4ODXQMRF5,CES,20,3.0,2.75
agent_id,AGT-MNK9T02WF4,NPS,60,6.0,5.3
agent_id,AGT-RB7B1VQ0JL,CES,31,3.0,2.838709677419355
agent_id,AGT-H4UGWG3OUB,CES,16,3.0,2.75
agent_id,AGT-B69BF4590M,NPS,56,5.0,5.053571428571429
agent_id,AGT-R0HHTLH7NG,NPS,49,5.0,4.8979591836734695
agent_id,AGT-7U616EYKJ3,NPS,58,5.0,5.120689655172414
agent_id,AGT-5FYIMNGMBG,CES,23,3.0,2.782608695652174
agent_id,AGT-PRE6OQJV5N,NPS,62,5.0,4.919354838709677
agent_id,AGT-VRI9ZS84KO,CSAT,122,3.0,2.8278688524590163
agent_id,AGT-EKGNQCKBSX,CES,17,3.0,3.0
agent_id,AGT-LE0LUR1Y4Z,CSAT,112,3.0,2.7767857142857144
agent_id,AGT-M7MKWO7LMD,CES,12,2.0,2.3333333333333335
agent_id,AGT-V9MAWPQ7HZ,CSAT,112,3.0,2.7410714285714284
agent_id,AGT-KGWJ9GRSYJ,NPS,54,6.0,5.592592592592593
agent_id,AGT-JG7DEBTE1E,NPS,54,6.0,5.62962962962963
agent_id,AGT-QQ6Z4QXFC4,NPS,57,6.0,5.280701754385965
agent_id,AGT-FIFKWZ2CD9,NPS,44,6.0,5.295454545454546
agent_id,AGT-71SU0OSLVY,NPS,59,6.0,5.440677966101695
agent_id,AGT-OGGRUSWXOK,NPS,56,5.0,5.125
agent_id,AGT-70NA7XO37Z,NPS,64,6.0,5.25
agent_id,AGT-KL8LWJNEC8,CES,18,3.0,2.888888888888889
agent_id,AGT-2TAGK048H3,NPS,58,6.0,5.5344827586206895
agent_id,AGT-B4BYFBWKP0,CES,11,3.0,3.0
agent_id,AGT-I627O1XJ7T,NPS,53,5.0,5.283018867924528
agent_id,AGT-29XBDSVSVM,CES,25,3.0,2.52
agent_id,AGT-39JT1HU5SP,CES,18,3.0,2.7777777777777777
agent_id,AGT-RHJINE5TTG,NPS,55,6.0,5.836363636363636
agent_id,AGT-S2RR13SI24,CES,24,3.0,2.625
agent_id,AGT-VH1MSPB0E8,NPS,60,6.0,5.316666666666666
agent_id,AGT-KFVMJV5MAS,NPS,66,6.0,5.5606060606060606
agent_id,AGT-HKU44IP108,NPS,59,5.0,4.966101694915254
agent_id,AGT-I91223U4EN,CES,20,3.0,2.6
agent_id,AGT-VUMXHFDA63,CES,20,3.0,2.9
agent_id,AGT-YBP5UDK1VN,NPS,54,6.0,5.2407407407407405
agent_id,AGT-6KXS33Z4GI,CES,11,3.0,2.727272727272727
agent_id,AGT-KGWJ9GRSYJ,CES,13,3.0,2.923076923076923
agent_id,AGT-A8FKJXIIEG,NPS,62,6.0,5.354838709677419
agent_id,AGT-4KDDHBIJVU,CES,18,3.0,2.8333333333333335
agent_id,AGT-4EBSCOM63S,NPS,49,6.0,5.6938775510204085
agent_id,AGT-JZ4UT5EH9L,CES,18,3.0,2.9444444444444446
agent_id,AGT-P32K9GW5NX,CSAT,110,3.0,2.7181818181818183
agent_id,AGT-W2DEB9GVSM,CES,21,3.0,2.8095238095238093
agent_id,AGT-3EE5S99BFU,NPS,60,5.5,5.2
agent_id,AGT-IGZY99W908,NPS,61,5.0,5.131147540983607
agent_id,AGT-6QYGLWIS1K,NPS,56,5.0,5.214285714285714
agent_id,AGT-H4UGWG3OUB,NPS,57,5.0,5.245614035087719
agent_id,AGT-5M8UV0UVSQ,NPS,55,6.0,5.454545454545454
agent_id,AGT-RRHWC3C1WE,CES,22,3.0,3.0
agent_id,AGT-8UCMD0TC8H,CSAT,120,3.0,2.775
agent_id,AGT-1JJ2DET54K,CES,20,3.0,2.75
agent_id,AGT-P3J2VF0O60,CES,17,3.0,2.764705882352941
agent_id,AGT-I6R1T9IKUL,CES,18,2.0,2.3333333333333335
agent_id,AGT-TSMBWDEGRX,CES,16,3.0,2.875
agent_id,AGT-AJ8SSRN9XM,CES,20,3.0,3.0
agent_id,AGT-KITIHYNJSA,CES,26,3.0,2.6153846153846154
agent_id,AGT-VIHAWCYHY3,CES,14,3.0,2.7857142857142856
agent_id,AGT-L0XIIP9UA9,CSAT,111,3.0,2.6486486486486487
agent_id,AGT-2Z4O3TCODK,NPS,54,5.5,5.2592592592592595
agent_id,AGT-OR7DN8OOL8,CES,18,3.0,2.9444444444444446
agent_id,AGT-A1ZE8Q3U3C,NPS,66,5.5,5.181818181818182
agent_id,AGT-AAM9ILQP8J,CES,15,3.0,3.066666666666667
agent_id,AGT-PIKPFEQPIH,CES,16,3.0,3.0625
agent_id,AGT-6I9WLLYIKE,NPS,63,6.0,5.428571428571429
agent_id,AGT-1KKA6IK8D9,CES,27,3.0,2.6296296296296298
agent_id,AGT-HEH0YAS7ZQ,CES,17,3.0,2.823529411764706
agent_id,AGT-3B0N077NAM,CES,24,3.0,2.7083333333333335
agent_id,AGT-2MHKH3YW3K,NPS,72,5.0,5.208333333333333
agent_id,AGT-8OU6MJW3QV,NPS,64,5.0,5.1875
agent_id,AGT-VNCMXKXLZE,CES,26,3.0,2.8076923076923075
agent_id,AGT-P0R6W0FYK1,NPS,59,5.0,5.372881355932203
agent_id,AGT-ZGD5FBXG7L,CES,12,3.0,2.6666666666666665
agent_id,AGT-0NK91BEH8F,CES,18,3.0,2.8333333333333335
agent_id,AGT-613L388D8L,CES,11,3.0,2.6363636363636362
agent_id,AGT-M7MKWO7LMD,NPS,61,6.0,5.475409836065574
agent_id,AGT-VFQGSL284E,CES,28,3.0,2.9285714285714284
agent_id,AGT-O0IO8DF56E,CES,22,3.0,2.9545454545454546
agent_id,AGT-5LCOF9SDDE,NPS,59,6.0,5.440677966101695
agent_id,AGT-459G86OLPM,NPS,64,5.0,5.0625
agent_id,AGT-X3WLDNDFIL,CES,15,3.0,3.0
agent_id,AGT-6XP3TGQ4QT,CES,20,3.0,2.7
agent_id,AGT-9WEMMV5AD9,CES,11,3.0,2.909090909090909
agent_id,AGT-V5AF0SJLCN,NPS,60,5.0,5.316666666666666
agent_id,AGT-9FZV5Z7FAG,NPS,64,5.0,5.421875
agent_id,AGT-6BOP58P37C,CES,25,3.0,2.8
agent_id,AGT-MSMPY4CS16,CES,29,3.0,3.0
agent_id,AGT-69430CDLET,NPS,54,5.5,5.314814814814815
agent_id,AGT-3QD3LV3C23,CES,23,2.0,2.4782608695652173
agent_id,AGT-DTAYXVOKPJ,CES,17,3.0,2.7058823529411766
agent_id,AGT-1QOK2G45HI,NPS,46,6.0,5.173913043478261
agent_id,AGT-T8LM02ABDZ,CES,19,2.0,2.526315789473684
agent_id,AGT-6BOP58P37C,NPS,62,5.0,5.096774193548387
agent_id,AGT-E1ZTCO5D24,CES,15,3.0,2.8666666666666667
agent_id,AGT-PRE6OQJV5N,CES,19,3.0,2.6315789473684212
agent_id,AGT-M6MXQC9YHN,NPS,55,5.0,5.109090909090909
agent_id,AGT-CTUYD8XUXN,CES,27,3.0,2.7037037037037037
agent_id,AGT-I94LJIR7DW,CSAT,115,3.0,2.782608695652174
agent_id,AGT-PDS7BE8A8L,NPS,65,5.0,5.2
agent_id,AGT-TWN2VTJSI9,CES,16,3.0,2.5625
agent_id,AGT-VBPI4ZZ5XX,CES,18,3.0,2.7777777777777777
agent_id,AGT-SEDL4ENT0A,CES,13,3.0,2.8461538461538463
agent_id,AGT-T3NMEHRX3F,CES,17,3.0,2.764705882352941
agent_id,AGT-Z1LLS9S26G,NPS,41,6.0,5.682926829268292
agent_id,AGT-XFI8BBQDEY,CES,26,3.0,2.769230769230769
agent_id,AGT-MJV5NGFRQL,NPS,57,6.0,5.2631578947368425
agent_id,AGT-0QJX3LETUS,NPS,54,6.0,5.333333333333333
agent_id,AGT-E76DUY8F1G,CES,19,3.0,2.8421052631578947
agent_id,AGT-BNSM435UTT,NPS,45,5.0,4.888888888888889
agent_id,AGT-VT6AB8ZSIS,CES,18,3.0,2.611111111111111
agent_id,AGT-3OW146SSUR,CES,26,3.0,2.923076923076923
agent_id,AGT-ADNC57V4Y5,NPS,52,6.0,5.5576923076923075
agent_id,AGT-NFMDK0WJ3N,CES,21,3.0,3.0476190476190474
agent_id,AGT-7VLDSY7HW2,NPS,55,6.0,5.2
agent_id,AGT-E9ZVJ2OXIN,CES,22,3.0,2.8636363636363638
agent_id,AGT-LH85KLPB5O,CSAT,117,3.0,2.7606837606837606
agent_id,AGT-ZGD5FBXG7L,NPS,63,5.0,5.158730158730159
agent_id,AGT-46FCJ4R4BY,CES,20,3.0,3.05
agent_id,AGT-ZZGWYHJ86X,CES,20,3.0,2.95
agent_id,AGT-YDPN2UV1D2,CES,25,3.0,2.64
agent_id,AGT-9E9QSMOQK5,NPS,59,5.0,5.423728813559322
agent_id,AGT-S4C0O1TFL0,CES,19,3.0,2.9473684210526314
agent_id,AGT-X3WLDNDFIL,NPS,53,6.0,5.622641509433962
agent_id,AGT-D3TOZG1Q4X,CES,15,3.0,2.8
agent_id,AGT-OI77O05LDK,CES,18,3.0,2.6666666666666665
agent_id,AGT-C4NMNPC23W,CES,17,3.0,2.823529411764706
agent_id,AGT-HXQ8E585EG,NPS,54,6.0,5.425925925925926
agent_id,AGT-C6RUPPZPMR,CES,23,3.0,2.9130434782608696
agent_id,AGT-V440PLMXD9,NPS,53,6.0,5.3584905660377355
agent_id,AGT-4EBSCOM63S,CES,18,2.5,2.5
agent_id,AGT-U2B4DX2JUH,CES,14,2.5,2.4285714285714284
agent_id,AGT-NO19RXC65N,NPS,56,5.0,5.053571428571429
agent_id,AGT-KQP4TBDPA5,CSAT,111,3.0,2.72972972972973
agent_id,AGT-K11V6ZB5VS,CES,21,3.0,2.761904761904762
agent_id,AGT-5CXS2WPVJF,CES,23,3.0,2.782608695652174
agent_id,AGT-5A7COUI9W1,NPS,48,5.5,5.229166666666667
agent_id,AGT-MGX0DXFXS8,CES,16,3.0,2.8125
agent_id,AGT-XFI8BBQDEY,NPS,48,6.0,5.75
agent_id,AGT-CL1ZPNLJ7U,CES,19,3.0,3.0526315789473686
agent_id,AGT-UPPMVKAUI7,CES,19,3.0,2.6315789473684212
agent_id,AGT-JZ4UT5EH9L,NPS,50,6.0,5.2
agent_id,AGT-Q97AQ8XCJF,CES,22,3.0,2.6818181818181817
agent_id,AGT-HHL6C35P9E,NPS,54,5.0,5.203703703703703
agent_id,AGT-9U9K7MKVAX,CES,17,3.0,2.9411764705882355
agent_id,AGT-0XMA3F473C,CES,21,3.0,2.8095238095238093
agent_id,AGT-YMCBMMLJCD,NPS,44,6.0,5.136363636363637
agent_id,AGT-YBP5UDK1VN,CES,26,3.0,2.8461538461538463
agent_id,AGT-JF8XQ7A6D7,CES,16,3.0,2.625
agent_id,AGT-RL5TXXUWF5,CES,14,3.0,2.9285714285714284
agent_id,AGT-OPWHZ8YA2C,CSAT,106,3.0,2.7547169811320753
agent_id,AGT-4VH0KX1M7P,CSAT,106,3.0,2.792452830188679
agent_id,AGT-7IZEUIYKAX,CES,26,3.0,2.730769230769231
agent_id,AGT-OB1QMLOS9A,NPS,55,6.0,5.472727272727273
agent_id,AGT-7ID1M83527,CES,21,3.0,2.7142857142857144
agent_id,AGT-3J626YP5SB,CES,21,3.0,2.9047619047619047
agent_id,AGT-QBRHZZCSAA,CES,21,3.0,2.5714285714285716
agent_id,AGT-POEX2CJEPP,NPS,65,6.0,5.3076923076923075
agent_id,AGT-ZZLDFFK5KX,CES,22,3.0,2.909090909090909
agent_id,AGT-YUKU1CJ7LZ,NPS,55,6.0,5.454545454545454
agent_id,AGT-3SNWBE3W3Y,CES,17,3.0,2.588235294117647
agent_id,AGT-GV8AQYD95Q,NPS,65,6.0,5.507692307692308
agent_id,AGT-Y4PTRJW4HG,CES,36,3.0,2.888888888888889
agent_id,AGT-FHXSFLATOK,NPS,57,6.0,5.649122807017544
agent_id,AGT-QL32ARQUQL,CES,20,3.0,3.05
agent_id,AGT-Q5C8JMF7AE,CES,15,2.0,2.466666666666667
agent_id,AGT-6NK9TIEVN9,CES,20,3.0,2.55
agent_id,AGT-XAD4RO1CPF,CES,22,3.0,2.5
agent_id,AGT-I7L57PB0WE,CES,25,3.0,2.92
agent_id,AGT-4NKRIH3LRB,CSAT,139,3.0,2.8129496402877696
agent_id,AGT-MUGUW34H6Y,NPS,53,6.0,5.490566037735849
agent_id,AGT-HAN56V24NZ,CES,20,3.0,2.9
agent_id,AGT-MQRF3372LI,NPS,49,6.0,5.551020408163265
agent_id,AGT-O48SLVX738,CES,22,3.0,2.772727272727273
agent_id,AGT-TEJ4IKS7JJ,NPS,63,6.0,5.4603174603174605
agent_id,AGT-OB1QMLOS9A,CES,15,3.0,3.066666666666667
agent_id,AGT-KJJSUXEQ6N,CES,12,3.0,2.8333333333333335
agent_id,AGT-ZJEV0XGD00,CES,22,3.0,2.6818181818181817
agent_id,AGT-KFKEME1XFX,CES,23,3.0,2.8260869565217392
agent_id,AGT-NUS3RT0T0E,CSAT,117,3.0,2.752136752136752
agent_id,AGT-785O4C5VDM,CES,18,3.0,2.6666666666666665
agent_id,AGT-3HALJKERVV,NPS,54,5.0,5.037037037037037
agent_id,AGT-RJBNP1WTLR,CES,18,3.0,2.8333333333333335
agent_id,AGT-IA36860J9Z,CES,23,3.0,3.0
agent_id,AGT-Y0QWOVC870,CES,16,3.0,2.6875
agent_id,AGT-DDPUZDGTDB,CES,21,3.0,2.619047619047619
agent_id,AGT-9E9QSMOQK5,CES,19,3.0,2.6842105263157894
agent_id,AGT-RAIJ7RHMBA,CES,17,3.0,2.764705882352941
agent_id,AGT-NBIE6M8191,NPS,47,5.0,5.042553191489362
agent_id,AGT-E1ZTCO5D24,NPS,46,5.0,5.195652173913044
agent_id,AGT-XQJHLJ5CHC,CES,25,3.0,2.84
agent_id,AGT-V4FGNHLRXQ,CES,16,3.0,2.875
agent_id,AGT-XLUD39CV67,CES,22,3.0,2.909090909090909
agent_id,AGT-YG53JDQFB2,NPS,57,6.0,5.298245614035087
agent_id,AGT-8QYBQ76ZD2,CES,22,2.5,2.409090909090909
agent_id,AGT-S2G1OMBABG,CES,20,3.0,2.75
agent_id,AGT-E2RO5C71O7,CES,18,3.0,2.9444444444444446
agent_id,AGT-69430CDLET,CES,21,3.0,2.8095238095238093
agent_id,AGT-KTG7GAP6JI,NPS,58,6.0,5.448275862068965
agent_id,AGT-LAGZ46ORVS,CES,18,3.0,2.5
agent_id,AGT-1JJ2DET54K,NPS,43,6.0,5.3023255813953485
agent_id,AGT-NMPUM2684B,CES,22,3.0,2.8181818181818183
agent_id,AGT-UX3Z61ZNLY,CES,19,3.0,2.6315789473684212
agent_id,AGT-6QYGLWIS1K,CES,21,3.0,2.857142857142857
agent_id,AGT-4YRVLDYBJS,CES,18,3.0,3.0
agent_id,AGT-YZRQJS5X0J,CES,18,3.0,2.6666666666666665
agent_id,AGT-H01EG2K29X,NPS,49,5.0,5.0
agent_id,AGT-GV8AQYD95Q,CES,23,3.0,2.782608695652174
agent_id,AGT-7SUVBV3ET6,NPS,64,6.0,5.484375
agent_id,AGT-BIJKQ265S8,CES,23,3.0,3.0
agent_id,AGT-WZZ580SGIK,CES,31,3.0,2.774193548387097
agent_id,AGT-VJR3NWJ0XO,CES,21,3.0,2.7142857142857144
agent_id,AGT-G4ZXDWOS2S,NPS,53,6.0,5.6415094339622645
agent_id,AGT-Q47B8JI9Y1,CES,16,3.0,2.6875
agent_id,AGT-TGN0MJ28ZI,CES,23,3.0,2.608695652173913
agent_id,AGT-2Z4O3TCODK,CES,21,3.0,2.7142857142857144
agent_id,AGT-I54H5N8EAF,CSAT,100,3.0,2.7
agent_id,AGT-YC6FFRDEGK,NPS,60,6.0,5.283333333333333
agent_id,AGT-29JHQCW7PX,NPS,47,5.0,5.340425531914893
agent_id,AGT-HSNO92AITC,CES,11,3.0,2.909090909090909
agent_id,AGT-MQRF3372LI,CES,24,3.0,2.6666666666666665
agent_id,AGT-L0V4XUS6HH,CES,20,3.0,2.9
agent_id,AGT-SA46XLUYJF,CES,22,3.0,2.6818181818181817
agent_id,AGT-L0V4XUS6HH,NPS,56,5.0,5.232142857142857
agent_id,AGT-LW5BLOM0FA,CES,22,3.0,2.8181818181818183
agent_id,AGT-NIV1UCW44H,NPS,65,6.0,5.476923076923077
agent_id,AGT-LBX5GY01OV,CES,11,3.0,2.727272727272727
agent_id,AGT-Y9F01ICSEJ,CES,18,3.0,2.8333333333333335
agent_id,AGT-01T1LJ1M61,CES,28,3.0,2.857142857142857
agent_id,AGT-8VKK9PHQ52,CES,15,3.0,2.7333333333333334
agent_id,AGT-7NUDMBA6I3,CES,18,3.0,2.888888888888889
agent_id,AGT-6VICGVK5AY,CES,24,3.0,3.0
agent_id,AGT-6OR4WMM8YS,CES,17,3.0,2.588235294117647
agent_id,AGT-1G6T32CON1,CES,19,3.0,2.5789473684210527
agent_id,AGT-QTX61K7PE2,CES,20,3.0,2.6
agent_id,AGT-5VXKVZOWR5,CES,21,3.0,2.761904761904762
agent_id,AGT-7VLDSY7HW2,CES,14,3.0,2.9285714285714284
agent_id,AGT-24LFEK8QEC,NPS,56,6.0,5.517857142857143
agent_id,AGT-K2UMII2DZE,NPS,56,6.0,5.839285714285714
agent_id,AGT-IGZY99W908,CES,18,3.0,2.888888888888889
agent_id,AGT-71SU0OSLVY,CES,24,3.0,2.625
agent_id,AGT-027UBQ07RA,CES,15,3.0,2.8666666666666667
agent_id,AGT-CM5H6DR5TS,CES,21,3.0,2.7142857142857144
agent_id,AGT-YHIM4ZODIK,CES,16,3.0,2.9375
agent_id,AGT-NBIE6M8191,CES,19,3.0,2.8947368421052633
agent_id,AGT-UL2AKT2G17,CES,14,2.5,2.5714285714285716
agent_id,AGT-H814HN4WBQ,NPS,58,5.5,5.482758620689655
agent_id,AGT-MUGUW34H6Y,CES,17,3.0,2.8823529411764706
agent_id,AGT-5DZNKOUR81,CES,24,3.0,2.75
agent_id,AGT-DF77TQ66S1,CES,14,3.0,2.5714285714285716
agent_id,AGT-E7F95ZYZZ5,CES,17,3.0,2.9411764705882355
agent_id,AGT-CVMX70X6Z4,CES,20,3.0,2.75
agent_id,AGT-TT0NFU4K2U,CES,24,3.0,2.875
agent_id,AGT-HA58VTBBFQ,CES,16,3.0,3.0625
agent_id,AGT-9Q63425XXI,CES,19,3.0,3.0526315789473686
agent_id,AGT-QQ6Z4QXFC4,CES,26,3.0,2.6923076923076925
agent_id,AGT-PMBI3UJHU6,CES,13,3.0,2.769230769230769
agent_id,AGT-IX2KM1T4I7,CES,11,3.0,2.6363636363636362
agent_id,AGT-5UL7ZJRT6U,CES,15,3.0,2.6
agent_id,AGT-2ZICSG59FS,CES,17,3.0,2.8823529411764706
agent_id,AGT-R8G56XJJDR,CES,20,3.0,2.9
agent_id,AGT-DU4UVAV6TT,CES,20,3.0,2.75
agent_id,AGT-OJC9BV7RWY,CES,11,3.0,2.8181818181818183
agent_id,AGT-ODN9VO7OYD,CES,17,3.0,3.0588235294117645
agent_id,AGT-H814HN4WBQ,CES,22,3.0,2.8181818181818183
agent_id,AGT-W5MIABMIYE,CES,24,3.0,2.625
agent_id,AGT-EKYTTPV65Q,CSAT,103,3.0,2.6699029126213594
agent_id,AGT-QU8T3PNBH6,CES,19,3.0,3.1052631578947367
agent_id,AGT-OGGRUSWXOK,CES,18,3.0,2.5555555555555554
agent_id,AGT-KCT0OUBWIE,CES,19,3.0,2.6315789473684212
agent_id,AGT-VFOW1SAD5J,CES,20,3.0,2.9
agent_id,AGT-WI5ZDHCEPB,CES,23,3.0,2.8260869565217392
agent_id,AGT-QZBFN7LRWT,CES,12,2.5,2.5833333333333335
agent_id,AGT-9ES2CNB4EJ,CES,15,3.0,2.7333333333333334
agent_id,AGT-LWI6FT9AYN,CES,18,3.0,2.8333333333333335
agent_id,AGT-QO0HKV2FTI,CES,17,3.0,2.764705882352941
agent_id,AGT-JI2PI1E2KY,CES,10,2.5,2.3
agent_id,AGT-XPFEQBBG8N,NPS,47,5.0,5.23404255319149
agent_id,AGT-FL833OQDNH,CES,14,3.0,2.5714285714285716
agent_id,AGT-BNSM435UTT,CES,15,2.0,2.4
agent_id,AGT-06FWQGSE0P,CES,16,3.0,3.0
agent_id,AGT-RI0LZ2D6YJ,CES,20,3.0,2.8
agent_id,AGT-75AK6CCKBJ,CES,21,3.0,2.9047619047619047
agent_id,AGT-NRP3DGI0C2,CES,23,3.0,2.652173913043478
agent_id,AGT-FDD67YH842,CES,16,3.0,2.5
agent_id,AGT-WJMHSLTJ60,CES,19,3.0,3.0
agent_id,AGT-H600EXWVP2,CES,15,3.0,2.6666666666666665
agent_id,AGT-QQATMOYOS3,CES,16,3.0,2.8125
agent_id,AGT-FGELL8RONZ,CES,13,3.0,2.923076923076923
agent_id,AGT-CRXE24TEPA,CES,21,3.0,2.7142857142857144
agent_id,AGT-P71DS5U8E5,CES,18,3.0,2.9444444444444446
agent_id,AGT-JSX5PQZSR1,CES,12,3.0,2.6666666666666665
agent_id,AGT-0Q4Z4AE9P2,CES,23,3.0,2.869565217391304
agent_id,AGT-E46F2FQTOO,CES,21,2.0,2.4761904761904763
agent_id,AGT-NIV1UCW44H,CES,19,3.0,2.736842105263158
agent_id,AGT-9XK11HDKY2,CSAT,102,3.0,2.803921568627451
agent_id,AGT-D2H1LNA4JK,CES,20,3.0,2.95
agent_id,AGT-AX80P6GQZV,CES,21,3.0,2.9047619047619047
agent_id,AGT-YRRA4HF4J8,CES,16,3.0,3.0
agent_id,AGT-3SCBQBHAUJ,CES,26,3.0,2.923076923076923
agent_id,AGT-EP3R0JXEXV,CES,24,3.0,2.7083333333333335
agent_id,AGT-BJAC223K45,CES,16,3.0,3.125
agent_id,AGT-3QK2IMDGCM,CES,16,3.0,2.625
agent_id,AGT-MQJMFM7L5Y,CES,28,3.0,2.75
agent_id,AGT-5AXEH5GB0Q,CES,22,3.0,2.9545454545454546
agent_id,AGT-VCHYT34SD6,CES,22,3.0,2.8181818181818183
agent_id,AGT-1B1LQT3IQC,CES,24,3.0,2.9583333333333335
agent_id,AGT-3KFF618LI2,CES,17,3.0,2.6470588235294117
agent_id,AGT-1C2ZX2X1ER,CES,18,3.0,2.7777777777777777
agent_id,AGT-LWM9P4ETLV,CES,21,3.0,2.619047619047619
agent_id,AGT-Y8C36091GU,CES,16,3.0,2.6875
agent_id,AGT-9PZ6W3LDGU,CES,19,3.0,2.6842105263157894
agent_id,AGT-KTG7GAP6JI,CES,17,3.0,2.8823529411764706
agent_id,AGT-772KZJ3QLS,NPS,41,6.0,5.121951219512195
agent_id,AGT-PE3Z64L6KA,CES,14,3.0,2.857142857142857
agent_id,AGT-R34ROKZW06,CES,18,3.0,2.6666666666666665
agent_id,AGT-RZPZ4QXWMO,CES,21,3.0,2.6666666666666665
agent_id,AGT-96XY80WRZG,CES,18,3.0,3.0
agent_id,AGT-FRAJBL87DS,CES,15,3.0,2.7333333333333334
agent_id,AGT-MJV5NGFRQL,CES,18,3.0,2.7222222222222223
agent_id,AGT-A8FKJXIIEG,CES,9,3.0,2.6666666666666665
agent_id,AGT-98ZSNF8YWV,CES,19,3.0,2.473684210526316
agent_id,AGT-CYN53965R2,CES,19,3.0,2.5789473684210527
agent_id,AGT-J6HJ50RRFC,CES,16,3.0,2.625
agent_id,AGT-KMZE7JK6KH,CES,28,3.0,2.75
agent_id,AGT-HXQ8E585EG,CES,19,3.0,2.6842105263157894
agent_id,AGT-J7A6SDZWYA,CES,16,3.0,2.6875
agent_id,AGT-C1BYBSUMTP,CES,26,3.0,2.8076923076923075
agent_id,AGT-YUKU1CJ7LZ,CES,16,3.0,3.0
agent_id,AGT-JMIXZ2J7AY,CES,21,3.0,2.9047619047619047
agent_id,AGT-X4VHNHC9EF,CES,22,3.0,2.590909090909091
agent_id,AGT-3D7OE6TIIB,CES,20,3.0,2.65
agent_id,AGT-2L5W5ELAS7,CES,22,3.0,2.6818181818181817
agent_id,AGT-VPHYTUW0MQ,CES,14,3.0,2.5714285714285716
agent_id,AGT-JMDX6MHRX7,CES,17,3.0,2.823529411764706
agent_id,AGT-H4A9IXOK25,CES,13,3.0,3.0
agent_id,AGT-YG53JDQFB2,CES,18,3.0,2.8333333333333335
agent_id,AGT-93R1FEUZ8C,CES,8,2.0,2.5
agent_id,AGT-8DUEBHWDZS,CES,18,3.0,2.9444444444444446
agent_id,AGT-EUE2HDH3QQ,CES,21,3.0,2.8095238095238093
agent_id,AGT-R0HHTLH7NG,CES,24,3.0,2.9166666666666665
agent_id,AGT-GE3FND5X2T,CES,21,3.0,2.8095238095238093
agent_id,AGT-VA28738OUD,CES,15,3.0,2.6
agent_id,AGT-P7EOOA2P5S,CES,13,2.0,2.6153846153846154
agent_id,AGT-Y8VCCG4114,CES,25,3.0,2.56
agent_id,AGT-GRF6UL86F3,CES,14,3.0,2.857142857142857
agent_id,AGT-GMSZFOVA7S,CES,24,3.0,2.875
agent_id,AGT-BTCYXRD64J,CES,14,3.0,2.7142857142857144
agent_id,AGT-K2UMII2DZE,CES,9,2.0,2.5555555555555554
agent_id,AGT-MV4RR3NAKS,CES,19,3.0,2.6842105263157894
agent_id,AGT-5U01K5M1K2,CES,20,3.0,2.5
agent_id,AGT-5VGRU9RH8F,CES,24,3.0,3.0416666666666665
agent_id,AGT-V440PLMXD9,CES,13,3.0,2.8461538461538463
agent_id,AGT-5QGYHBW01W,CES,23,2.0,2.4347826086956523
agent_id,AGT-3BSCOF9JIO,CES,12,3.0,3.0
agent_id,AGT-HXRF7GKPTC,CES,15,3.0,2.7333333333333334
agent_id,AGT-S7G5N2BGQY,CES,11,3.0,3.0
agent_id,AGT-Q4ZVLPZQ5R,CES,17,3.0,2.7058823529411766
agent_id,AGT-SU7O45SBQF,CES,21,3.0,2.9047619047619047
agent_id,AGT-V5AF0SJLCN,CES,10,3.0,2.8
agent_id,AGT-57JWQAKI57,CES,16,3.0,2.875
agent_id,AGT-AJ8SSRN9XM,CSAT,98,3.0,2.7346938775510203
agent_id,AGT-56XIRH3EBF,CSAT,115,3.0,2.6956521739130435
agent_id,AGT-HA58VTBBFQ,CSAT,108,3.0,2.712962962962963
agent_id,AGT-30XROFW4ZA,CES,15,3.0,2.8
agent_id,AGT-BV7L3GQC9A,NPS,58,6.0,5.482758620689655
agent_id,AGT-XN0ST1JQ9M,CES,19,3.0,3.1578947368421053
agent_id,AGT-QJDRG08QEG,CES,26,3.0,2.9615384615384617
agent_id,AGT-VRI9ZS84KO,CES,17,3.0,2.764705882352941
agent_id,AGT-R0HHTLH7NG,CSAT,119,3.0,2.8907563025210083
agent_id,AGT-01T1LJ1M61,CSAT,126,3.0,2.7936507936507935
agent_id,AGT-RXRI3WGAQW,CSAT,116,3.0,2.6551724137931036
agent_id,AGT-K4F3KPECPA,NPS,49,6.0,5.448979591836735
agent_id,AGT-VJO068ZKEB,CSAT,132,3.0,2.734848484848485
agent_id,AGT-E76DUY8F1G,CSAT,115,3.0,2.756521739130435
agent_id,AGT-F0YXXAXRAU,CSAT,109,3.0,2.770642201834862
agent_id,AGT-EUE2HDH3QQ,CSAT,109,3.0,2.7339449541284404
agent_id,AGT-I7L57PB0WE,CSAT,116,3.0,2.836206896551724
agent_id,AGT-1QOK2G45HI,CSAT,130,3.0,2.8153846153846156
agent_id,AGT-75AK6CCKBJ,CSAT,120,3.0,2.7416666666666667
agent_id,AGT-3QD3LV3C23,CSAT,126,3.0,2.6587301587301586
agent_id,AGT-YMZKRGSJNL,CSAT,93,3.0,2.6559139784946235
agent_id,AGT-VJYS33BX5A,CSAT,129,3.0,2.813953488372093
agent_id,AGT-I080XG5YVQ,NPS,71,5.0,5.450704225352113
agent_id,AGT-TNY667JLTI,NPS,54,5.5,5.092592592592593
agent_id,AGT-1YCIZJAO9N,NPS,53,6.0,5.622641509433962
agent_id,AGT-CWR8ILK22F,NPS,62,5.0,4.951612903225806
agent_id,AGT-0SUICKNSHN,CES,20,3.0,2.7
agent_id,AGT-ESK10JFPQQ,NPS,46,6.0,5.130434782608695
agent_id,AGT-FLSNDXOHFN,CSAT,108,3.0,2.8055555555555554
agent_id,AGT-RRH6ONQMMX,NPS,60,6.0,5.633333333333334
agent_id,AGT-7928OR6G55,NPS,58,5.0,5.0
agent_id,AGT-Q4TY30BOYE,CSAT,127,3.0,2.7716535433070866
agent_id,AGT-FNW1UWSWIS,NPS,57,6.0,5.473684210526316
agent_id,AGT-PHF1BNC7Z2,CSAT,113,3.0,2.6991150442477876
agent_id,AGT-STFJ9VNIBA,NPS,62,6.0,5.564516129032258
agent_id,AGT-HLGND96O59,NPS,56,5.0,5.267857142857143
agent_id,AGT-UO6O5BGYNF,NPS,54,6.0,5.907407407407407
agent_id,AGT-GMSZFOVA7S,CSAT,113,3.0,2.743362831858407
agent_id,AGT-FXUY55EOMM,CSAT,118,3.0,2.8983050847457625
agent_id,AGT-TUGUQ8RC2O,CSAT,134,3.0,2.798507462686567
agent_id,AGT-KNAQ0H42S9,NPS,50,5.0,5.2
agent_id,AGT-B49GEGZZF1,CSAT,107,3.0,2.7570093457943927
agent_id,AGT-L0V4XUS6HH,CSAT,121,3.0,2.727272727272727
agent_id,AGT-XFI8BBQDEY,CSAT,150,3.0,2.7333333333333334
agent_id,AGT-MOMHH0J0J9,NPS,65,6.0,5.446153846153846
agent_id,AGT-A8FKJXIIEG,CSAT,135,3.0,2.7777777777777777
agent_id,AGT-ROT1G7EATP,NPS,60,5.0,4.933333333333334
agent_id,AGT-E1ZTCO5D24,CSAT,127,3.0,2.6850393700787403
agent_id,AGT-9PZ6W3LDGU,CSAT,134,3.0,2.746268656716418
agent_id,AGT-N2UN9U0TIY,CSAT,131,3.0,2.786259541984733
agent_id,AGT-Z1FRSK9T0T,CES,26,3.0,2.730769230769231
agent_id,AGT-TGN0MJ28ZI,CSAT,124,3.0,2.782258064516129
agent_id,AGT-4V4YDGZZ5H,CSAT,95,3.0,2.8210526315789473
agent_id,AGT-6W0S2ZOF2U,CES,24,3.0,2.5416666666666665
agent_id,AGT-FDYIW6O3N8,NPS,54,5.5,5.12962962962963
agent_id,AGT-YZRQJS5X0J,CSAT,120,3.0,2.775
agent_id,AGT-30XROFW4ZA,NPS,65,5.0,5.015384615384615
agent_id,AGT-ATT07XYOTE,CSAT,112,3.0,2.830357142857143
agent_id,AGT-LWM9P4ETLV,CSAT,123,3.0,2.8536585365853657
agent_id,AGT-IRQJXHNJ9D,NPS,58,5.0,5.120689655172414
agent_id,AGT-6OQPU4LB3G,CES,13,2.0,2.5384615384615383
agent_id,AGT-Y27TPT34U4,CES,20,3.0,2.75
agent_id,AGT-020055Q6ET,CES,25,3.0,2.88
agent_id,AGT-9C6BRHB25D,CES,19,3.0,2.8421052631578947
agent_id,AGT-QX2FUBC9H9,CSAT,125,3.0,2.696
agent_id,AGT-XPFEQBBG8N,CSAT,109,3.0,2.834862385321101
agent_id,AGT-F19RDFACNQ,NPS,67,6.0,5.253731343283582
agent_id,AGT-Y8FJ2RWP4X,NPS,61,6.0,5.442622950819672
agent_id,AGT-ECPPYMNG3G,NPS,53,6.0,5.622641509433962
agent_id,AGT-5RHY2PG248,NPS,62,5.0,4.967741935483871
agent_id,AGT-4YRVLDYBJS,CSAT,121,3.0,2.7355371900826446
agent_id,AGT-ENDMSY169K,CSAT,116,3.0,2.7155172413793105
agent_id,AGT-06AWFQDRXK,NPS,71,5.0,5.23943661971831
agent_id,AGT-3BOF66WDWZ,CES,24,3.0,2.9583333333333335
agent_id,AGT-Y5XAVCJL64,NPS,60,6.0,5.4
agent_id,AGT-GF86DSKF59,CSAT,117,3.0,2.786324786324786
agent_id,AGT-4YVIQ8ZZDX,CES,15,3.0,2.7333333333333334
agent_id,AGT-5TDOITKK8V,NPS,64,5.0,4.96875
agent_id,AGT-AIZL8E8598,CSAT,110,3.0,2.7
agent_id,AGT-57JWQAKI57,CSAT,93,3.0,2.7204301075268815
agent_id,AGT-ZVUQVJGIOG,CES,26,3.0,2.6538461538461537
agent_id,AGT-93R1FEUZ8C,CSAT,112,3.0,2.7589285714285716
agent_id,AGT-7ID1M83527,CSAT,113,3.0,2.814159292035398
agent_id,AGT-A8JC05Z7T5,CSAT,135,3.0,2.7333333333333334
agent_id,AGT-GV8AQYD95Q,CSAT,100,3.0,2.72
agent_id,AGT-GRF6UL86F3,CSAT,112,3.0,2.7589285714285716
agent_id,AGT-R9SF4CABC3,CSAT,102,3.0,2.696078431372549
agent_id,AGT-7DXQDW91FT,CES,14,3.0,2.5
agent_id,AGT-W2DEB9GVSM,CSAT,113,3.0,2.831858407079646
agent_id,AGT-OU7FAUBSD0,CES,18,3.0,3.0
agent_id,AGT-UX4C3E56W9,CSAT,123,3.0,2.707317073170732
agent_id,AGT-X4R33GB4CR,CSAT,106,3.0,2.669811320754717
agent_id,AGT-W2NEJNXW3S,NPS,73,5.0,5.1506849315068495
agent_id,AGT-GQXD9Y0S4T,NPS,69,5.0,5.36231884057971
agent_id,AGT-0SFUB4MUFS,CSAT,123,3.0,2.7398373983739837
agent_id,AGT-YDA73BIP0J,NPS,68,6.0,5.147058823529412
agent_id,AGT-1HFUQGD4SI,CES,12,3.0,2.5833333333333335
agent_id,AGT-J6HJ50RRFC,CSAT,120,3.0,2.7666666666666666
agent_id,AGT-AAM9ILQP8J,CSAT,101,3.0,2.702970297029703
agent_id,AGT-OGGRUSWXOK,CSAT,125,3.0,2.768
agent_id,AGT-G4ZXDWOS2S,CSAT,115,3.0,2.782608695652174
agent_id,AGT-FDD67YH842,CSAT,119,3.0,2.6134453781512605
agent_id,AGT-P8AKH6CJ9L,CSAT,111,3.0,2.810810810810811
agent_id,AGT-JI2PI1E2KY,CSAT,128,3.0,2.7578125
agent_id,AGT-P3D79O30AU,CSAT,150,3.0,2.7466666666666666
agent_id,AGT-VH85MHQK8R,CSAT,116,3.0,2.6982758620689653
agent_id,AGT-Z5RWNRU08X,NPS,56,6.0,5.232142857142857
agent_id,AGT-Y3KZLUV3T3,CSAT,130,3.0,2.7384615384615385
agent_id,AGT-92W11NU8ER,CSAT,117,3.0,2.717948717948718
agent_id,AGT-A2SCD6YQWM,NPS,56,6.0,5.517857142857143
agent_id,AGT-AQSH0YRHNO,CES,13,3.0,2.6923076923076925
agent_id,AGT-8F824H7DN8,NPS,59,6.0,5.203389830508475
agent_id,AGT-SRVYKVRU3O,CSAT,145,3.0,2.7103448275862068
agent_id,AGT-3QK2IMDGCM,CSAT,111,3.0,2.7567567567567566
agent_id,AGT-96XY80WRZG,CSAT,120,3.0,2.841666666666667
agent_id,AGT-0FULA5JB42,NPS,73,5.0,5.328767123287672
agent_id,AGT-9W02U9H2GZ,CES,24,3.0,2.875
agent_id,AGT-FHXSFLATOK,CSAT,132,3.0,2.765151515151515
agent_id,AGT-QMHTY08PP0,NPS,56,6.0,5.482142857142857
agent_id,AGT-B6KQJ1GE8L,CES,26,3.0,2.6923076923076925
agent_id,AGT-OLO1I269KS,CSAT,129,3.0,2.744186046511628
agent_id,AGT-3F5II193NQ,NPS,53,6.0,5.377358490566038
agent_id,AGT-FLVQCF7XLG,CSAT,125,3.0,2.728
agent_id,AGT-4BISGJA4OM,NPS,64,5.5,5.25
agent_id,AGT-KE99505Y43,NPS,66,6.0,5.681818181818182
agent_id,AGT-S1A5VZL0SM,NPS,51,5.0,5.215686274509804
agent_id,AGT-7U616EYKJ3,CSAT,129,3.0,2.7906976744186047
agent_id,AGT-3X1VSNELON,CES,16,3.0,2.625
agent_id,AGT-XGAUAW8BI8,CSAT,103,3.0,2.8155339805825244
agent_id,AGT-9E9QSMOQK5,CSAT,112,3.0,2.732142857142857
agent_id,AGT-82LH3XCRLZ,CES,23,3.0,2.8260869565217392
agent_id,AGT-7CQYEF4L7J,NPS,57,6.0,5.333333333333333
agent_id,AGT-DIG702C4OF,NPS,58,6.0,5.448275862068965
agent_id,AGT-WJMHSLTJ60,CSAT,128,3.0,2.6640625
agent_id,AGT-NRP3DGI0C2,CSAT,103,3.0,2.7572815533980584
agent_id,AGT-9AKK72BHHW,CSAT,120,3.0,2.716666666666667
agent_id,AGT-3EE5S99BFU,CSAT,115,3.0,2.739130434782609
agent_id,AGT-9W02U9H2GZ,NPS,49,6.0,5.244897959183674
agent_id,AGT-K2ZF1JO9HT,NPS,52,5.0,5.3076923076923075
agent_id,AGT-RZPZ4QXWMO,CSAT,125,3.0,2.736
agent_id,AGT-7STCFNILU3,CSAT,109,3.0,2.770642201834862
agent_id,AGT-QXV7HN47JJ,NPS,69,5.0,5.27536231884058
agent_id,AGT-A0349DE11K,NPS,61,5.0,5.459016393442623
agent_id,AGT-3CCCN8NLW2,NPS,61,5.0,5.081967213114754
agent_id,AGT-W5MIABMIYE,CSAT,141,3.0,2.7375886524822697
agent_id,AGT-5UL7ZJRT6U,CSAT,118,3.0,2.830508474576271
agent_id,AGT-GJ089YSJS0,NPS,61,5.0,5.245901639344262
agent_id,AGT-12AFACXPXI,NPS,55,6.0,5.490909090909091
agent_id,AGT-J05KMZT48E,NPS,53,5.0,5.226415094339623
agent_id,AGT-H4A9IXOK25,CSAT,117,3.0,2.7094017094017095
agent_id,AGT-WFVUMINGZI,CSAT,126,3.0,2.8333333333333335
agent_id,AGT-I0U7X8BN8X,CSAT,123,3.0,2.731707317073171
agent_id,AGT-ZLA03QJGS8,CES,22,3.0,2.9545454545454546
agent_id,AGT-6VICGVK5AY,CSAT,126,3.0,2.761904761904762
agent_id,AGT-EXKK12NKB9,CSAT,126,3.0,2.857142857142857
agent_id,AGT-9YYG4EPQAP,NPS,62,6.0,5.516129032258065
agent_id,AGT-DDPUZDGTDB,CSAT,118,3.0,2.7288135593220337
agent_id,AGT-BEKYT6UXHH,NPS,49,6.0,5.469387755102041
agent_id,AGT-HQP1WC8P45,CSAT,114,3.0,2.780701754385965
agent_id,AGT-QZGRW0TABQ,NPS,58,6.0,5.4655172413793105
agent_id,AGT-3EYJYCLMVE,NPS,67,6.0,5.373134328358209
agent_id,AGT-ZJEV0XGD00,CSAT,104,3.0,2.7211538461538463
agent_id,AGT-QFOUTLLR71,NPS,60,5.0,5.166666666666667
agent_id,AGT-BUS9PDJC54,CSAT,114,3.0,2.8684210526315788
agent_id,AGT-YD75PME3W5,CSAT,123,3.0,2.6991869918699187
agent_id,AGT-OU23TB8G0R,CES,28,3.0,2.9285714285714284
agent_id,AGT-O0IO8DF56E,CSAT,119,3.0,2.764705882352941
agent_id,AGT-Q8AGV9WXXS,CES,25,3.0,2.88
agent_id,AGT-QMHTY08PP0,CES,20,3.0,2.7
agent_id,AGT-3AHB2QOQ17,NPS,42,5.0,4.976190476190476
agent_id,AGT-KJ8EIV7HG0,CSAT,134,3.0,2.701492537313433
agent_id,AGT-AG11M1NVUG,NPS,58,5.0,5.103448275862069
agent_id,AGT-23RRHYZ3YU,CSAT,134,3.0,2.7388059701492535
agent_id,AGT-JI4AFYODD7,CES,16,3.0,2.6875
agent_id,AGT-KGWJ9GRSYJ,CSAT,91,3.0,2.7142857142857144
agent_id,AGT-CVMX70X6Z4,CSAT,127,3.0,2.732283464566929
agent_id,AGT-MAN3CDDLKC,CSAT,119,3.0,2.80672268907563
agent_id,AGT-824XMWYTET,CSAT,120,3.0,2.7
agent_id,AGT-0WS31AIHF0,CSAT,121,3.0,2.84297520661157
agent_id,AGT-19AY9LXE9C,NPS,62,6.0,5.387096774193548
agent_id,AGT-1FE9KA8SIW,NPS,50,6.0,5.46
agent_id,AGT-GJ9LKR80FA,NPS,52,5.0,5.019230769230769
agent_id,AGT-6RJU5Z1O8U,NPS,52,5.0,5.153846153846154
agent_id,AGT-PLUMVDKU8D,CSAT,128,3.0,2.7265625
agent_id,AGT-6TVY644961,CES,22,3.0,2.772727272727273
agent_id,AGT-V9MAWPQ7HZ,NPS,49,6.0,5.428571428571429
agent_id,AGT-RAIJ7RHMBA,CSAT,109,3.0,2.8440366972477062
agent_id,AGT-2Z4O3TCODK,CSAT,108,3.0,2.8518518518518516
agent_id,AGT-3XZPJ3T8CP,NPS,48,6.0,5.291666666666667
agent_id,AGT-0QJX3LETUS,CSAT,135,3.0,2.814814814814815
agent_id,AGT-I6R1T9IKUL,CSAT,116,3.0,2.7241379310344827
agent_id,AGT-3BWKH19I03,CES,20,3.0,2.9
agent_id,AGT-KMZE7JK6KH,CSAT,122,3.0,2.762295081967213
agent_id,AGT-2GSO6ODA8L,CSAT,131,3.0,2.786259541984733
agent_id,AGT-EXQ8KX7MBM,NPS,58,5.0,5.137931034482759
agent_id,AGT-RHJINE5TTG,CSAT,139,3.0,2.7482014388489207
agent_id,AGT-8E5KSD2KSS,CSAT,100,3.0,2.74
agent_id,AGT-M8CHINA9AC,CSAT,118,3.0,2.7033898305084745
agent_id,AGT-PRE6OQJV5N,CSAT,133,3.0,2.744360902255639
agent_id,AGT-S2G1OMBABG,CSAT,126,3.0,2.8492063492063493
agent_id,AGT-BBKR0X1EN5,NPS,65,6.0,5.584615384615384
agent_id,AGT-73NR19JUP5,CSAT,106,3.0,2.792452830188679
agent_id,AGT-3VDTAI6D17,NPS,65,6.0,5.476923076923077
agent_id,AGT-8QTE3U97HH,CSAT,125,3.0,2.712
agent_id,AGT-G5GWLCT1OU,CSAT,113,3.0,2.725663716814159
agent_id,AGT-XXSVZV4OUZ,CSAT,106,3.0,2.792452830188679
agent_id,AGT-LTX82QBP86,CSAT,102,3.0,2.735294117647059
agent_id,AGT-UL2AKT2G17,CSAT,124,3.0,2.7338709677419355
agent_id,AGT-87J5AYCAB1,CSAT,111,3.0,2.6486486486486487
agent_id,AGT-ZRQW0ATSEE,CSAT,96,3.0,2.75
agent_id,AGT-N6YFW1455B,NPS,66,6.0,5.46969696969697
agent_id,AGT-70NA7XO37Z,CSAT,113,3.0,2.8053097345132745
agent_id,AGT-Q4SXP4EG6L,CSAT,119,3.0,2.7899159663865545
agent_id,AGT-WCPI68FFI5,NPS,46,6.0,5.478260869565218
agent_id,AGT-20ERALB37F,CSAT,116,3.0,2.793103448275862
agent_id,AGT-XQOSHBUDXI,NPS,46,5.5,5.391304347826087
agent_id,AGT-AX80P6GQZV,CSAT,116,3.0,2.8017241379310347
agent_id,AGT-71H194GLL8,CES,19,3.0,2.6315789473684212
agent_id,AGT-A7BR2H7CSS,CSAT,126,3.0,2.8095238095238093
agent_id,AGT-YXSFAWZ23E,NPS,60,5.0,5.0
agent_id,AGT-DTAYXVOKPJ,CSAT,117,3.0,2.8632478632478633
agent_id,AGT-5JKM5LSJJK,CES,23,3.0,2.652173913043478
agent_id,AGT-1K3OXCN0Y0,NPS,51,6.0,5.784313725490196
agent_id,AGT-FA9EKIAVXG,NPS,68,6.0,5.367647058823529
agent_id,AGT-TDSG1W6IY6,NPS,57,5.0,5.2105263157894735
agent_id,AGT-OXGDKDP90E,NPS,62,5.5,5.338709677419355
agent_id,AGT-RUOSBHQ9OT,CSAT,128,3.0,2.703125
agent_id,AGT-NZLT43UWA8,NPS,54,6.0,5.444444444444445
agent_id,AGT-4WZQ2M1A4U,NPS,64,6.0,5.359375
agent_id,AGT-E4S7AXSU3W,CSAT,126,3.0,2.857142857142857
agent_id,AGT-FIE8TXT3PM,NPS,69,5.0,5.3478260869565215
agent_id,AGT-772KZJ3QLS,CSAT,132,3.0,2.765151515151515
agent_id,AGT-BE8UFS60OG,NPS,48,5.0,5.125
agent_id,AGT-Q47B8JI9Y1,CSAT,119,3.0,2.8907563025210083
agent_id,AGT-Y9S7A0UC7Q,NPS,58,6.0,5.5344827586206895
agent_id,AGT-BRSQ4J226H,CSAT,106,3.0,2.8962264150943398
agent_id,AGT-QS0490AK15,CSAT,115,3.0,2.773913043478261
agent_id,AGT-OJOELLJS8I,CSAT,119,3.0,2.73109243697479
agent_id,AGT-QW7EGGQH00,CSAT,106,3.0,2.811320754716981
agent_id,AGT-AQVUQI49EA,NPS,56,5.5,5.214285714285714
agent_id,AGT-KFVMJV5MAS,CSAT,127,3.0,2.7401574803149606
agent_id,AGT-1HFUQGD4SI,NPS,58,5.0,5.189655172413793
agent_id,AGT-HP4JLBB1JN,CSAT,123,3.0,2.7398373983739837
agent_id,AGT-ZAL4032JRP,CSAT,103,3.0,2.6990291262135924
agent_id,AGT-4VD72FBSK4,NPS,55,6.0,5.381818181818182
agent_id,AGT-YEHDH59WDI,NPS,51,6.0,5.137254901960785
agent_id,AGT-C2WNAD4Y8J,CSAT,104,3.0,2.875
agent_id,AGT-3Z0BAXO1P6,NPS,56,5.5,5.303571428571429
agent_id,AGT-R6BH0F3DT7,CES,19,3.0,2.8421052631578947
agent_id,AGT-9Q63425XXI,CSAT,126,3.0,2.8333333333333335
agent_id,AGT-V5AF0SJLCN,CSAT,128,3.0,2.7109375
agent_id,AGT-0UA5E2DG3G,NPS,71,5.0,5.154929577464789
agent_id,AGT-VEXQ0NMZLH,NPS,65,6.0,5.369230769230769
agent_id,AGT-5TL2B7ELKV,NPS,69,5.0,5.0144927536231885
agent_id,AGT-MONXUP4C6Q,CES,26,3.0,2.9615384615384617
agent_id,AGT-VPRRBWIF1D,NPS,50,5.5,5.38
agent_id,AGT-5VGRU9RH8F,CSAT,117,3.0,2.717948717948718
agent_id,AGT-D823QIGFPO,CSAT,113,3.0,2.743362831858407
agent_id,AGT-PIKPFEQPIH,CSAT,111,3.0,2.7027027027027026
agent_id,AGT-CM5H6DR5TS,CSAT,120,3.0,2.75
agent_id,AGT-OVOS9HYAAX,NPS,61,5.0,4.967213114754099
agent_id,AGT-H4WPLB7OBS,CES,30,3.0,2.7666666666666666
agent_id,AGT-QFLBYTE30X,CES,25,3.0,3.0
agent_id,AGT-KE2SZIG08B,CSAT,117,3.0,2.7435897435897436
agent_id,AGT-1ASM7PTCSR,CSAT,128,3.0,2.7578125
agent_id,AGT-IZDFJFHSFH,NPS,58,5.0,5.258620689655173
agent_id,AGT-29JHQCW7PX,CSAT,114,3.0,2.8771929824561404
agent_id,AGT-8NM2UHJMKP,NPS,52,6.0,5.461538461538462
agent_id,AGT-SVZFVPVPBC,CSAT,135,3.0,2.7777777777777777
agent_id,AGT-5VXKVZOWR5,CSAT,128,3.0,2.6875
agent_id,AGT-6R937GMSL6,NPS,70,5.5,5.428571428571429
agent_id,AGT-VPHYTUW0MQ,CSAT,114,3.0,2.807017543859649
agent_id,AGT-QIMNAGJGTW,CES,21,3.0,2.8095238095238093
agent_id,AGT-4FZILKK4KX,CES,25,3.0,2.6
agent_id,AGT-JMDX6MHRX7,CSAT,114,3.0,2.754385964912281
agent_id,AGT-0NK91BEH8F,CSAT,107,3.0,2.7476635514018692
agent_id,AGT-9G892RO3CJ,CES,14,3.0,2.7857142857142856
agent_id,AGT-XQJHLJ5CHC,CSAT,124,3.0,2.782258064516129
agent_id,AGT-9A52G9KAKH,CES,27,3.0,2.4814814814814814
agent_id,AGT-7PA84MWEHW,NPS,52,5.0,5.0
agent_id,AGT-GX1XLRMUAS,NPS,66,5.0,4.954545454545454
agent_id,AGT-UU8LD3H21R,CSAT,130,3.0,2.8
agent_id,AGT-SEDL4ENT0A,CSAT,114,3.0,2.8684210526315788
agent_id,AGT-OPWHZ8YA2C,NPS,45,5.0,5.022222222222222
agent_id,AGT-E9GHB6WK02,CSAT,102,3.0,2.843137254901961
agent_id,AGT-1999NR0BNU,CES,23,3.0,2.782608695652174
agent_id,AGT-Z7U0LOAHW9,CSAT,127,3.0,2.677165354330709
agent_id,AGT-VBPI4ZZ5XX,CSAT,109,3.0,2.706422018348624
agent_id,AGT-64BBNY40AY,CES,22,3.0,2.6363636363636362
agent_id,AGT-KFKEME1XFX,CSAT,109,3.0,2.8073394495412844
agent_id,AGT-5M8UV0UVSQ,CSAT,114,3.0,2.754385964912281
agent_id,AGT-24XX6P3FO7,CES,18,3.0,3.0
agent_id,AGT-V440PLMXD9,CSAT,126,3.0,2.8015873015873014
agent_id,AGT-UV811V1O91,NPS,50,5.0,5.3
agent_id,AGT-ABM94FMVNF,CSAT,114,3.0,2.763157894736842
agent_id,AGT-JUB6V7KWTH,NPS,68,6.0,5.426470588235294
agent_id,AGT-VNPM17YQ4J,NPS,59,6.0,5.389830508474576
agent_id,AGT-R03JWT0EJ6,CSAT,126,3.0,2.6984126984126986
agent_id,AGT-9OW6RQX6YE,NPS,58,6.0,5.4655172413793105
agent_id,AGT-SXAAPU6PMW,NPS,56,6.0,5.464285714285714
agent_id,AGT-SBUNV1M04D,CES,23,3.0,2.782608695652174
agent_id,AGT-GSM38P7MQL,NPS,62,6.0,5.354838709677419
agent_id,AGT-QI5O1LEA1K,CSAT,120,3.0,2.7416666666666667
agent_id,AGT-R3A802XCY2,NPS,62,5.5,5.370967741935484
agent_id,AGT-OOEUK3E94D,NPS,51,6.0,5.294117647058823
agent_id,AGT-LAGZ46ORVS,CSAT,122,3.0,2.7295081967213113
agent_id,AGT-HKU44IP108,CSAT,120,3.0,2.808333333333333
agent_id,AGT-2L5W5ELAS7,CSAT,110,3.0,2.890909090909091
agent_id,AGT-R1TFEUGKSY,NPS,56,6.0,5.321428571428571
agent_id,AGT-PRRCOBG991,NPS,57,6.0,5.43859649122807
agent_id,AGT-V96WLTZ7C2,CES,17,3.0,2.764705882352941
agent_id,AGT-9EQZR2XZVH,NPS,57,6.0,5.157894736842105
agent_id,AGT-1S0K1D1M6I,CSAT,110,3.0,2.7363636363636363
agent_id,AGT-9YREQYSI5H,NPS,65,5.0,5.230769230769231
agent_id,AGT-3OW146SSUR,CSAT,112,3.0,2.8125
agent_id,AGT-SJLH5LUL0F,CES,19,3.0,2.6315789473684212
agent_id,AGT-QQ6Z4QXFC4,CSAT,113,3.0,2.743362831858407
agent_id,AGT-5CXS2WPVJF,CSAT,118,3.0,2.6779661016949152
agent_id,AGT-IA36860J9Z,CSAT,112,3.0,2.6517857142857144
agent_id,AGT-46FCJ4R4BY,CSAT,111,3.0,2.6396396396396398
agent_id,AGT-0O9BVZZ68Z,CSAT,127,3.0,2.7874015748031495
agent_id,AGT-ZGQ4FYLRK2,NPS,74,6.0,5.635135135135135
agent_id,AGT-ZAYJ41JB3A,NPS,56,5.0,5.035714285714286
agent_id,AGT-DOUMKDE5OH,NPS,51,5.0,5.372549019607843
agent_id,AGT-PLECNMT71Z,CSAT,133,3.0,2.8045112781954886
agent_id,AGT-1U67SCVP90,CSAT,121,3.0,2.7851239669421486
agent_id,AGT-KCVV5R760L,NPS,50,5.0,5.26
agent_id,AGT-3VX5GJAF2I,CSAT,117,3.0,2.8376068376068377
agent_id,AGT-Z8YFQBMTYZ,NPS,67,5.0,5.268656716417911
agent_id,AGT-9GJ09FFYE4,CSAT,130,3.0,2.792307692307692
agent_id,AGT-4EBSCOM63S,CSAT,119,3.0,2.831932773109244
agent_id,AGT-BRE55A738K,NPS,84,5.0,4.916666666666667
agent_id,AGT-VRI9ZS84KO,NPS,61,5.0,5.426229508196721
agent_id,AGT-5U01K5M1K2,CSAT,125,3.0,2.792
agent_id,AGT-NN9QB41DVS,NPS,61,6.0,5.60655737704918
agent_id,AGT-1LZC3FE0Y5,CES,17,3.0,2.411764705882353
agent_id,AGT-JSX5PQZSR1,CSAT,118,3.0,2.7711864406779663
agent_id,AGT-HEY1DFYU3O,CES,26,3.0,2.9615384615384617
agent_id,AGT-YOH2XG6EXK,CES,19,3.0,2.736842105263158
agent_id,AGT-QBRHZZCSAA,CSAT,108,3.0,2.8425925925925926
agent_id,AGT-4KDDHBIJVU,CSAT,124,3.0,2.717741935483871
agent_id,AGT-QL32ARQUQL,CSAT,113,3.0,2.8053097345132745
agent_id,AGT-3WS5S93Z8Y,CES,16,3.0,2.875
agent_id,AGT-2MHKH3YW3K,CSAT,134,3.0,2.8582089552238807
agent_id,AGT-CTUYD8XUXN,CSAT,119,3.0,2.773109243697479
agent_id,AGT-PEDK01MCRV,NPS,58,6.0,5.586206896551724
agent_id,AGT-BNSM435UTT,CSAT,129,3.0,2.7674418604651163
agent_id,AGT-HHZLM4XXDJ,NPS,58,6.0,5.517241379310345
agent_id,AGT-MQJMFM7L5Y,CSAT,135,3.0,2.7925925925925927
agent_id,AGT-06FWQGSE0P,CSAT,102,3.0,2.7254901960784315
agent_id,AGT-ABUH5G23QO,NPS,55,6.0,5.363636363636363
agent_id,AGT-SN6XXQN379,CSAT,112,3.0,2.6607142857142856
agent_id,AGT-HVLXTQA5YL,NPS,51,6.0,5.352941176470588
agent_id,AGT-Z417DGG0UF,CSAT,106,3.0,2.707547169811321
agent_id,AGT-6XP3TGQ4QT,CSAT,129,3.0,2.875968992248062
agent_id,AGT-KJJSUXEQ6N,CSAT,120,3.0,2.7583333333333333
agent_id,AGT-3F64L1CQON,CSAT,121,3.0,2.71900826446281
agent_id,AGT-KTG7GAP6JI,CSAT,113,3.0,2.84070796460177
agent_id,AGT-ZG4P6VMP0M,CSAT,139,3.0,2.820143884892086
agent_id,AGT-HSNO92AITC,CSAT,121,3.0,2.884297520661157
agent_id,AGT-0SK7J9FAUM,CES,23,3.0,2.5652173913043477
agent_id,AGT-G9OO88HUR6,CSAT,130,3.0,2.8
agent_id,AGT-BNRGY5W9D6,NPS,52,6.0,5.596153846153846
agent_id,AGT-Z6N2FYD0RW,CSAT,109,3.0,2.761467889908257
agent_id,AGT-GSM38P7MQL,CES,26,3.0,2.6538461538461537
agent_id,AGT-UUSZMROO8J,NPS,62,6.0,5.5
agent_id,AGT-5AXEH5GB0Q,CSAT,140,3.0,2.757142857142857
agent_id,AGT-S4C0O1TFL0,CSAT,107,3.0,2.8598130841121496
agent_id,AGT-QV4LVAPTDM,CSAT,119,3.0,2.831932773109244
agent_id,AGT-QO0HKV2FTI,CSAT,116,3.0,2.706896551724138
agent_id,AGT-FIFKWZ2CD9,CSAT,118,3.0,2.830508474576271
agent_id,AGT-JF8XQ7A6D7,CSAT,119,3.0,2.764705882352941
agent_id,AGT-JZD6GWJBLQ,CSAT,102,3.0,2.7058823529411766
agent_id,AGT-TRZMD8W6Y4,CES,24,3.0,2.6666666666666665
agent_id,AGT-9YCCQT0BUU,NPS,57,5.0,5.2631578947368425
agent_id,AGT-Y8O10JEBE3,NPS,61,6.0,5.491803278688525
agent_id,AGT-CL1ZPNLJ7U,CSAT,104,3.0,2.826923076923077
agent_id,AGT-N0G051WG35,CES,19,3.0,2.6315789473684212
agent_id,AGT-RI0LZ2D6YJ,CSAT,124,3.0,2.8548387096774195
agent_id,AGT-5FZN0GITJ6,NPS,53,5.0,5.09433962264151
agent_id,AGT-QZY9HF6XTZ,NPS,40,6.0,5.525
agent_id,AGT-ISFC80OYCB,CSAT,123,3.0,2.796747967479675
agent_id,AGT-VIHAWCYHY3,CSAT,124,3.0,2.814516129032258
agent_id,AGT-5ZON0CZXOE,CES,16,2.5,2.5
agent_id,AGT-J65U3Y7UPF,NPS,65,5.0,5.2153846153846155
agent_id,AGT-8QYBQ76ZD2,CSAT,107,3.0,2.7383177570093458
agent_id,AGT-8OAKZ8LMXA,NPS,60,5.0,5.083333333333333
agent_id,AGT-OJC9BV7RWY,CSAT,117,3.0,2.7435897435897436
agent_id,AGT-MSMPY4CS16,CSAT,106,3.0,2.6792452830188678
agent_id,AGT-1NDHML17P0,CES,19,3.0,2.6842105263157894
agent_id,AGT-T6G3XMAHRJ,CES,33,3.0,2.8484848484848486
agent_id,AGT-MUGUW34H6Y,CSAT,125,3.0,2.744
agent_id,AGT-A5DDBTLNU6,CES,19,3.0,2.6842105263157894
agent_id,AGT-Z1EG2FBXSK,CSAT,99,3.0,2.7777777777777777
agent_id,AGT-YMCBMMLJCD,CSAT,123,3.0,2.707317073170732
agent_id,AGT-VBNZ1407P0,CSAT,103,3.0,2.6116504854368934
agent_id,AGT-CRXE24TEPA,CSAT,124,3.0,2.7338709677419355
agent_id,AGT-SBUNV1M04D,NPS,63,6.0,5.5396825396825395
agent_id,AGT-632VJ0ER29,CSAT,100,3.0,2.7
agent_id,AGT-UF8UI4UA1B,CES,26,3.0,2.730769230769231
agent_id,AGT-ZCZWPFNLF1,NPS,61,6.0,5.245901639344262
agent_id,AGT-9WEMMV5AD9,CSAT,131,3.0,2.7786259541984735
agent_id,AGT-ODN9VO7OYD,CSAT,123,3.0,2.869918699186992
agent_id,AGT-9EQZR2XZVH,CES,15,3.0,2.933333333333333
agent_id,AGT-SA46XLUYJF,CSAT,101,3.0,2.772277227722772
agent_id,AGT-B4BYFBWKP0,CSAT,114,3.0,2.763157894736842
agent_id,AGT-LWI6FT9AYN,CSAT,115,3.0,2.8173913043478263
agent_id,AGT-H1P9MYTVXZ,CES,25,3.0,2.8
agent_id,AGT-YLWHHOSM0W,NPS,57,6.0,5.456140350877193
agent_id,AGT-HWATBOOPXF,CSAT,126,3.0,2.7936507936507935
agent_id,AGT-XLUD39CV67,CSAT,122,3.0,2.819672131147541
agent_id,AGT-09L5Z8WQAS,NPS,58,6.0,5.655172413793103
agent_id,AGT-EMSDKX98GM,CSAT,152,3.0,2.7828947368421053
agent_id,AGT-P7RT23V6BG,NPS,69,5.0,5.202898550724638
agent_id,AGT-YDBZL5HKAZ,CES,18,3.0,2.9444444444444446
agent_id,AGT-6ZZW9BKBOC,NPS,52,6.0,5.1923076923076925
agent_id,AGT-9G892RO3CJ,NPS,75,5.0,5.28
agent_id,AGT-RLIC03EY4X,NPS,56,5.5,5.375
agent_id,AGT-U51WZ1NTS8,NPS,81,5.0,5.1234567901234565
agent_id,AGT-CPLJJNES58,CSAT,135,3.0,2.6814814814814816
agent_id,AGT-4YVIQ8ZZDX,NPS,64,5.0,5.1875
agent_id,AGT-7RNBB5W4CT,CSAT,129,3.0,2.806201550387597
agent_id,AGT-RUM2D9N4DH,NPS,65,6.0,5.523076923076923
agent_id,AGT-ANQRQONI3V,CES,15,3.0,2.933333333333333
agent_id,AGT-TSMBWDEGRX,CSAT,117,3.0,2.8376068376068377
agent_id,AGT-ELV4R7G13O,CES,22,3.0,2.909090909090909
agent_id,AGT-GT2O5MFVMB,NPS,61,6.0,5.213114754098361
agent_id,AGT-Y8C36091GU,CSAT,113,3.0,2.7787610619469025
agent_id,AGT-PE3Z64L6KA,CSAT,97,3.0,2.7938144329896906
agent_id,AGT-7UKL3VB0OR,NPS,63,5.0,4.9523809523809526
agent_id,AGT-GBHL3XZPKH,NPS,49,6.0,5.326530612244898
agent_id,AGT-Q97AQ8XCJF,CSAT,100,3.0,2.59
agent_id,AGT-8KFHE6XRQ4,NPS,78,5.0,5.102564102564102
agent_id,AGT-7DXQDW91FT,NPS,52,6.0,5.346153846153846
agent_id,AGT-6L3BLQM63U,CSAT,110,3.0,2.8545454545454545
agent_id,AGT-Z8JR0B77VI,CES,22,3.0,2.6818181818181817
agent_id,AGT-CEPAD7FLHM,NPS,64,5.0,5.09375
agent_id,AGT-TSMQUDNLVQ,NPS,52,5.0,4.75
agent_id,AGT-71SU0OSLVY,CSAT,156,3.0,2.8333333333333335
agent_id,AGT-WHFAP66CQ9,NPS,60,5.0,5.3
agent_id,AGT-U2B4DX2JUH,CSAT,105,3.0,2.8380952380952382
agent_id,AGT-VFOW1SAD5J,CSAT,124,3.0,2.782258064516129
agent_id,AGT-DYB0RQQGNC,NPS,56,5.5,5.375
agent_id,AGT-UP5VRYXEPO,CES,15,3.0,2.8666666666666667
agent_id,AGT-O48SLVX738,CSAT,114,3.0,2.7719298245614037
agent_id,AGT-6NK9TIEVN9,CSAT,102,3.0,2.7058823529411766
agent_id,AGT-E2RO5C71O7,CSAT,110,3.0,2.8545454545454545
agent_id,AGT-TLFYB8CQW4,CES,26,3.0,2.6538461538461537
agent_id,AGT-613L388D8L,CSAT,94,3.0,2.8297872340425534
agent_id,AGT-6EUQGZ68XW,NPS,52,6.0,5.115384615384615
agent_id,AGT-F8WMTYQSZS,CSAT,97,3.0,2.8556701030927836
agent_id,AGT-48C3QHNTB7,NPS,64,6.0,5.890625
agent_id,AGT-6OQPU4LB3G,NPS,72,6.0,5.388888888888889
agent_id,AGT-KL8LWJNEC8,CSAT,112,3.0,2.8482142857142856
agent_id,AGT-9M45XHR1BB,CSAT,104,3.0,2.7403846153846154
agent_id,AGT-785O4C5VDM,CSAT,111,3.0,2.7027027027027026
agent_id,AGT-ZLA03QJGS8,NPS,47,6.0,5.446808510638298
agent_id,AGT-67FCNFADT1,NPS,77,6.0,5.48051948051948
agent_id,AGT-BH4XF8YM49,NPS,69,6.0,5.3768115942028984
agent_id,AGT-3XH8D0QLBH,NPS,81,5.0,5.061728395061729
agent_id,AGT-1KKA6IK8D9,CSAT,102,3.0,2.7450980392156863
agent_id,AGT-NB6AG6PT24,NPS,56,5.0,5.125
agent_id,AGT-57TC8S3DE3,CES,18,3.0,2.8333333333333335
agent_id,AGT-6BOP58P37C,CSAT,106,3.0,2.811320754716981
agent_id,AGT-J1ZNN0OFDJ,NPS,45,6.0,6.022222222222222
agent_id,AGT-2F6DCW7N6Q,CES,17,3.0,2.9411764705882355
agent_id,AGT-FJRKLZU2YC,NPS,59,5.0,5.084745762711864
agent_id,AGT-LHW2K7HV3X,CSAT,107,3.0,2.7663551401869158
agent_id,AGT-XVTFWL1STE,NPS,52,5.5,5.269230769230769
agent_id,AGT-6KXS33Z4GI,CSAT,121,3.0,2.760330578512397
agent_id,AGT-XX6WSQ2E5P,CSAT,124,3.0,2.7096774193548385
agent_id,AGT-42595PIZVY,NPS,71,6.0,5.323943661971831
agent_id,AGT-GL138CSY0G,NPS,64,6.0,5.453125
agent_id,AGT-YDPN2UV1D2,CSAT,128,3.0,2.8046875
agent_id,AGT-X9QPDHK7C4,CES,22,2.0,2.4545454545454546
agent_id,AGT-A05F2N434U,NPS,49,6.0,5.653061224489796
agent_id,AGT-2BNDJNBFKF,CSAT,109,3.0,2.5779816513761467
agent_id,AGT-3D7OE6TIIB,CSAT,103,3.0,2.7184466019417477
agent_id,AGT-DHXTM6VCSZ,NPS,62,6.0,5.645161290322581
agent_id,AGT-W8EI0WIZH2,CSAT,141,3.0,2.773049645390071
agent_id,AGT-V6HEZNUZJC,CES,17,3.0,2.823529411764706
agent_id,AGT-L4OQ0ZUN5H,NPS,76,5.5,5.276315789473684
agent_id,AGT-2GCBYGGPO4,CSAT,138,3.0,2.86231884057971
agent_id,AGT-WBG60TGKFE,CSAT,116,3.0,2.810344827586207
agent_id,AGT-E3OHVF610Z,NPS,67,6.0,5.522388059701493
agent_id,AGT-4V9XEWH73V,CES,27,3.0,2.5925925925925926
agent_id,AGT-0HU6VYEZG9,CES,16,3.0,2.625
agent_id,AGT-MSVN62RUC2,CSAT,115,3.0,2.8
agent_id,AGT-RJBNP1WTLR,CSAT,129,3.0,2.75968992248062
agent_id,AGT-9U9K7MKVAX,CSAT,132,3.0,2.643939393939394
agent_id,AGT-3QQOA60CO9,CSAT,128,3.0,2.7578125
agent_id,AGT-PK5PH38NS1,NPS,55,6.0,5.381818181818182
agent_id,AGT-W18EQQEXSG,CES,24,3.0,2.7083333333333335
agent_id,AGT-O8NXZF1HJ6,NPS,75,6.0,5.373333333333333
agent_id,AGT-XWXZV5ZJKY,CSAT,114,3.0,2.736842105263158
agent_id,AGT-19AY9LXE9C,CES,17,3.0,2.6470588235294117
agent_id,AGT-R4ODXQMRF5,CSAT,122,3.0,2.721311475409836
agent_id,AGT-MHI1U65RWO,CSAT,123,3.0,2.7560975609756095
agent_id,AGT-PNYK14IYR3,CES,16,3.0,2.875
agent_id,AGT-E1HYYKT3NN,CSAT,122,3.0,2.7540983606557377
agent_id,AGT-XFS0SGZE95,CES,15,3.0,2.7333333333333334
agent_id,AGT-UX3Z61ZNLY,CSAT,117,3.0,2.8119658119658117
agent_id,AGT-XVCQFDZIIN,NPS,50,6.0,5.16
agent_id,AGT-1QBYEZ82IZ,NPS,69,5.0,5.202898550724638
agent_id,AGT-MC2QXB1BML,NPS,66,6.0,5.606060606060606
agent_id,AGT-GE3FND5X2T,CSAT,103,3.0,2.7864077669902914
agent_id,AGT-R9OEJVZ74S,NPS,56,5.0,5.303571428571429
agent_id,AGT-703TCW9HY5,CSAT,107,3.0,2.8317757009345796
agent_id,AGT-UP5VRYXEPO,NPS,55,5.0,5.290909090909091
agent_id,AGT-Z1EIQXWV82,NPS,46,5.0,5.260869565217392
agent_id,AGT-EI5HV76G6F,CSAT,136,3.0,2.8455882352941178
agent_id,AGT-DBGB5MKK8K,NPS,57,5.0,5.0
agent_id,AGT-OH0WV42QJM,NPS,53,5.0,5.0754716981132075
agent_id,AGT-8TUK3OR0F6,CSAT,105,3.0,2.8
agent_id,AGT-C0S7V2IHHG,NPS,61,6.0,5.081967213114754
agent_id,AGT-8GZ4DPZ9DX,NPS,59,6.0,5.406779661016949
agent_id,AGT-HXRF7GKPTC,CSAT,129,3.0,2.7906976744186047
agent_id,AGT-P7EOOA2P5S,CSAT,106,3.0,2.7641509433962264
agent_id,AGT-SU7O45SBQF,CSAT,101,3.0,2.702970297029703
agent_id,AGT-OK1RZJN2O9,CSAT,101,3.0,2.712871287128713
agent_id,AGT-MTF6I5TODX,CES,21,3.0,2.6666666666666665
agent_id,AGT-B69BF4590M,CSAT,138,3.0,2.7246376811594204
agent_id,AGT-LBX5GY01OV,CSAT,107,3.0,2.7663551401869158
agent_id,AGT-O5RS2730K1,NPS,43,5.0,4.953488372093023
agent_id,AGT-TV0QBXSVT9,NPS,70,6.0,5.5
agent_id,AGT-VJR3NWJ0XO,CSAT,92,3.0,2.7934782608695654
agent_id,AGT-4Q1DSUDT97,CES,18,3.0,2.888888888888889
agent_id,AGT-WZZ580SGIK,CSAT,118,3.0,2.711864406779661
agent_id,AGT-PB69L1LNLH,NPS,56,6.0,5.125
agent_id,AGT-7XS8GUBKR1,NPS,69,5.0,5.144927536231884
agent_id,AGT-XJKBDG6BI7,NPS,72,5.5,5.222222222222222
agent_id,AGT-VA28738OUD,CSAT,132,3.0,2.7196969696969697
agent_id,AGT-MJV5NGFRQL,CSAT,115,3.0,2.739130434782609
agent_id,AGT-B6KQJ1GE8L,NPS,61,6.0,5.409836065573771
agent_id,AGT-8431PDCJHS,NPS,67,5.0,5.1940298507462686
agent_id,AGT-0ZKRYC3TIP,NPS,57,6.0,5.315789473684211
agent_id,AGT-R0C8IKREWX,NPS,67,6.0,5.522388059701493
agent_id,AGT-RFSAWCKQ3R,NPS,64,6.0,5.484375
agent_id,AGT-36I8H8V3IO,CES,15,3.0,2.8666666666666667
agent_id,AGT-H1P9MYTVXZ,NPS,44,5.0,5.25
agent_id,AGT-3KFF618LI2,CSAT,111,3.0,2.81981981981982
agent_id,AGT-O53IQ398ZA,CSAT,139,3.0,2.7553956834532376
agent_id,AGT-UJBX94QGQH,CSAT,120,3.0,2.7416666666666667
agent_id,AGT-V4FGNHLRXQ,CSAT,135,3.0,2.725925925925926
agent_id,AGT-OJD399EZD8,NPS,55,6.0,5.509090909090909
agent_id,AGT-HAN56V24NZ,CSAT,115,3.0,2.739130434782609
agent_id,AGT-5FYIMNGMBG,CSAT,141,3.0,2.780141843971631
agent_id,AGT-B037R3NAN1,NPS,59,6.0,5.3559322033898304
agent_id,AGT-R8G56XJJDR,CSAT,118,3.0,2.7796610169491527
agent_id,AGT-7XMY5AHEK5,NPS,58,6.0,5.293103448275862
agent_id,AGT-1G6T32CON1,CSAT,111,3.0,2.828828828828829
agent_id,AGT-BTMN3HB2CB,CSAT,129,3.0,2.813953488372093
agent_id,AGT-POXBE49GFN,NPS,59,6.0,5.288135593220339
agent_id,AGT-I2PACZNZ4Y,NPS,64,5.0,4.71875
agent_id,AGT-G70AXC3MAP,NPS,68,5.0,5.0588235294117645
agent_id,AGT-NOB5KS50MS,CSAT,131,3.0,2.7557251908396947
agent_id,AGT-Z1FRSK9T0T,NPS,66,5.0,5.136363636363637
agent_id,AGT-NZLT43UWA8,CES,18,3.0,2.7777777777777777
agent_id,AGT-VAGLG3O4LB,NPS,63,6.0,5.571428571428571
agent_id,AGT-3LD55SM258,NPS,61,5.0,5.147540983606557
agent_id,AGT-36I8H8V3IO,NPS,56,6.0,5.375
agent_id,AGT-ADNC57V4Y5,CSAT,102,3.0,2.7549019607843137
agent_id,AGT-GDP9DDIZFP,NPS,52,5.5,5.076923076923077
agent_id,AGT-R6BH0F3DT7,NPS,62,6.0,5.548387096774194
agent_id,AGT-AUPZRFB0OO,CSAT,115,3.0,2.782608695652174
agent_id,AGT-KTWAJKP7QW,CES,26,3.0,2.8076923076923075
agent_id,AGT-TSSIHYMD02,CSAT,108,3.0,2.8055555555555554
agent_id,AGT-TXE9ZY1OJ4,NPS,53,6.0,5.377358490566038
agent_id,AGT-ABK5SY60XE,NPS,53,6.0,5.39622641509434
agent_id,AGT-BGQP8SBV4K,NPS,41,6.0,5.609756097560975
agent_id,AGT-VUMXHFDA63,CSAT,113,3.0,2.672566371681416
agent_id,AGT-326LXCPIBX,CSAT,112,3.0,2.732142857142857
agent_id,AGT-PMBI3UJHU6,CSAT,110,3.0,2.6545454545454548
agent_id,AGT-TE0VSZWQTW,CES,26,3.0,2.8846153846153846
agent_id,AGT-FK6MI05PO5,NPS,55,5.0,5.2727272727272725
agent_id,AGT-KITIHYNJSA,CSAT,107,3.0,2.663551401869159
agent_id,AGT-6UU2ZTXHKF,CSAT,110,3.0,2.7636363636363637
agent_id,AGT-PW8EIJKP76,CSAT,127,3.0,2.795275590551181
agent_id,AGT-JI4AFYODD7,NPS,59,6.0,5.677966101694915
agent_id,AGT-LY2T10AXT8,CSAT,130,3.0,2.8846153846153846
agent_id,AGT-0HSFPWDJF1,NPS,63,5.0,5.26984126984127
agent_id,AGT-WKXZRWYSSN,CSAT,104,3.0,2.75
agent_id,AGT-C1BYBSUMTP,CSAT,108,3.0,2.685185185185185
agent_id,AGT-U6IOVO18F3,CSAT,123,3.0,2.7154471544715446
agent_id,AGT-3YUKYZO91R,NPS,58,5.0,5.137931034482759
agent_id,AGT-GEHE8V9YO8,NPS,58,6.0,5.551724137931035
agent_id,AGT-MVYH7DKNEH,CES,27,3.0,2.888888888888889
agent_id,AGT-J7A6SDZWYA,CSAT,110,3.0,2.7454545454545456
agent_id,AGT-0YP9IMVFG1,CSAT,125,3.0,2.88
agent_id,AGT-0Q4Z4AE9P2,CSAT,109,3.0,2.834862385321101
agent_id,AGT-FIE8TXT3PM,CES,21,3.0,2.857142857142857
agent_id,AGT-4ZD726MTT0,CSAT,120,3.0,2.816666666666667
agent_id,AGT-2ZICSG59FS,CSAT,125,3.0,2.784
agent_id,AGT-3MU2T4LM27,CSAT,117,3.0,2.7777777777777777
agent_id,AGT-TSMQUDNLVQ,CES,16,3.0,2.75
agent_id,AGT-8OU6MJW3QV,CSAT,130,3.0,2.746153846153846
agent_id,AGT-W4AYW4BGI9,NPS,65,6.0,5.461538461538462
agent_id,AGT-2IRA439CDD,CES,14,3.0,2.5714285714285716
agent_id,AGT-OI77O05LDK,CSAT,117,3.0,2.752136752136752
agent_id,AGT-6QYGLWIS1K,CSAT,126,3.0,2.8253968253968256
agent_id,AGT-4W61FITOXQ,NPS,73,6.0,5.561643835616438
agent_id,AGT-3B0N077NAM,CSAT,122,3.0,2.8278688524590163
agent_id,AGT-9GUU6STJO8,NPS,53,6.0,5.584905660377358
agent_id,AGT-7YEN4DGX91,NPS,58,6.0,5.206896551724138
agent_id,AGT-BNB4Q12JTS,CES,21,3.0,2.619047619047619
agent_id,AGT-3BSCOF9JIO,CSAT,104,3.0,2.75
agent_id,AGT-V879G2OOFG,NPS,50,5.0,5.42
agent_id,AGT-G18BLCU91K,CSAT,107,3.0,2.6448598130841123
agent_id,AGT-FU9KBINBYD,CSAT,128,3.0,2.7578125
agent_id,AGT-POEX2CJEPP,CSAT,124,3.0,2.661290322580645
agent_id,AGT-6OR4WMM8YS,CSAT,121,3.0,2.760330578512397
agent_id,AGT-I7AE42K1E3,CSAT,117,3.0,2.7606837606837606
agent_id,AGT-ZS742EP7U6,CSAT,118,3.0,2.8135593220338984
agent_id,AGT-P76IVQDP9K,CSAT,128,3.0,2.8359375
agent_id,AGT-62OM5Q1Q05,NPS,55,5.0,5.090909090909091
agent_id,AGT-DVVBAZK0MM,CSAT,118,3.0,2.711864406779661
agent_id,AGT-YKT9RW2X8X,NPS,61,6.0,5.459016393442623
agent_id,AGT-I54H5N8EAF,NPS,70,6.0,5.614285714285714
agent_id,AGT-DU4UVAV6TT,CSAT,122,3.0,2.721311475409836
agent_id,AGT-PTQZV7ISVY,NPS,60,5.0,5.316666666666666
agent_id,AGT-ZKZMQJ4VSL,CES,22,3.0,2.9545454545454546
agent_id,AGT-C8ND0CQOMI,CES,23,3.0,3.0
agent_id,AGT-RRHWC3C1WE,CSAT,112,3.0,2.75
agent_id,AGT-NMPUM2684B,CSAT,114,3.0,2.745614035087719
agent_id,AGT-SJB0SX5YBM,CES,20,3.0,2.7
agent_id,AGT-P4V46JOBFM,NPS,70,6.0,5.357142857142857
agent_id,AGT-YETUBFGAV5,CSAT,106,3.0,2.858490566037736
agent_id,AGT-FMWA0M964M,CSAT,100,3.0,2.77
agent_id,AGT-ZVUQVJGIOG,NPS,48,5.0,5.166666666666667
agent_id,AGT-4R60WIH6RO,NPS,65,5.0,5.2153846153846155
agent_id,AGT-5A7COUI9W1,CSAT,120,3.0,2.783333333333333
agent_id,AGT-04JD8RS9U4,NPS,50,5.0,5.22
agent_id,AGT-BIJKQ265S8,CSAT,131,3.0,2.8091603053435112
agent_id,AGT-AUOTS7C4F3,CSAT,120,3.0,2.816666666666667
agent_id,AGT-D9FNMWPKPJ,CES,22,3.0,2.6818181818181817
agent_id,AGT-NUS3RT0T0E,NPS,69,5.0,5.159420289855072
agent_id,AGT-P7RT23V6BG,CES,19,3.0,2.736842105263158
agent_id,AGT-Y4PTRJW4HG,CSAT,116,3.0,2.75
agent_id,AGT-74NXI0E4E6,CES,12,3.0,2.5833333333333335
agent_id,AGT-RA3DSUKQ7L,NPS,53,5.0,4.943396226415095
agent_id,AGT-WRGIA5DDCB,NPS,69,6.0,5.231884057971015
agent_id,AGT-BAQUFS4AR7,CES,21,3.0,2.7142857142857144
agent_id,AGT-R9OEJVZ74S,CES,22,3.0,3.0454545454545454
agent_id,AGT-1NDHML17P0,NPS,52,5.0,5.019230769230769
agent_id,AGT-OST7AX31MF,NPS,64,5.0,5.0
agent_id,AGT-P0R6W0FYK1,CSAT,103,3.0,2.679611650485437
agent_id,AGT-7SUVBV3ET6,CSAT,111,3.0,2.7567567567567566
agent_id,AGT-DBEGJGWYVE,CSAT,112,3.0,2.6964285714285716
agent_id,AGT-VH6I6W0YCB,CSAT,127,3.0,2.779527559055118
agent_id,AGT-TEJ4IKS7JJ,CSAT,115,3.0,2.782608695652174
agent_id,AGT-M6MXQC9YHN,CSAT,139,3.0,2.827338129496403
agent_id,AGT-5FZN0GITJ6,CES,27,3.0,2.888888888888889
agent_id,AGT-EKGNQCKBSX,CSAT,123,3.0,2.772357723577236
agent_id,AGT-P6MGML9D12,NPS,60,6.0,5.383333333333334
agent_id,AGT-T3NMEHRX3F,CSAT,138,3.0,2.789855072463768
agent_id,AGT-NANM3Y8BT5,CSAT,103,3.0,2.7281553398058254
agent_id,AGT-3YUKYZO91R,CES,23,3.0,2.4782608695652173
agent_id,AGT-L84W3K4FHJ,NPS,73,5.0,5.205479452054795
agent_id,AGT-83LR6Q5GXW,NPS,59,5.0,5.220338983050848
agent_id,AGT-LTK3BMH5BL,NPS,48,6.0,5.395833333333333
agent_id,AGT-PC5ULV8S9U,CES,14,2.5,2.5714285714285716
agent_id,AGT-CYN53965R2,CSAT,142,3.0,2.6901408450704225
agent_id,AGT-71H194GLL8,NPS,61,6.0,5.098360655737705
agent_id,AGT-FGELL8RONZ,CSAT,106,3.0,2.8773584905660377
agent_id,AGT-7IZEUIYKAX,CSAT,102,3.0,2.872549019607843
agent_id,AGT-BHMTTUAA05,CES,19,3.0,2.5789473684210527
agent_id,AGT-6W0S2ZOF2U,NPS,58,5.5,5.224137931034483
agent_id,AGT-R34ROKZW06,CSAT,127,3.0,2.779527559055118
agent_id,AGT-8S2BFYRBVR,NPS,57,5.0,5.315789473684211
agent_id,AGT-YHIM4ZODIK,CSAT,109,3.0,2.853211009174312
agent_id,AGT-MV4RR3NAKS,CSAT,133,3.0,2.7218045112781954
agent_id,AGT-WX8WOK9XOA,CSAT,123,3.0,2.747967479674797
agent_id,AGT-Y0QWOVC870,CSAT,122,3.0,2.860655737704918
agent_id,AGT-S448G59QZX,CSAT,131,3.0,2.7480916030534353
agent_id,AGT-NBIE6M8191,CSAT,118,3.0,2.73728813559322
agent_id,AGT-OR7DN8OOL8,CSAT,111,3.0,2.7117117117117115
agent_id,AGT-7QOULFMSTS,CES,20,2.5,2.45
agent_id,AGT-C6RUPPZPMR,CSAT,119,3.0,2.7394957983193278
agent_id,AGT-H0PC3KO7SM,CSAT,119,3.0,2.764705882352941
agent_id,AGT-NIV1UCW44H,CSAT,131,3.0,2.732824427480916
agent_id,AGT-A5DDBTLNU6,NPS,56,6.0,5.607142857142857
agent_id,AGT-BOSIAA5J5O,CSAT,116,3.0,2.8017241379310347
agent_id,AGT-XODIBGCD8U,NPS,59,6.0,5.508474576271187
agent_id,AGT-D2H1LNA4JK,CSAT,100,3.0,2.72
agent_id,AGT-3EYJYCLMVE,CES,21,3.0,2.9047619047619047
agent_id,AGT-RE07DENY5A,CES,24,3.0,3.0416666666666665
agent_id,AGT-MQMVGK3ALG,NPS,54,5.0,5.222222222222222
agent_id,AGT-ADGK54K2NI,CSAT,125,3.0,2.728
agent_id,AGT-TWN2VTJSI9,CSAT,121,3.0,2.71900826446281
agent_id,AGT-P3J2VF0O60,CSAT,122,3.0,2.80327868852459
agent_id,AGT-1JJ2DET54K,CSAT,107,3.0,2.8411214953271027
agent_id,AGT-3SCBQBHAUJ,CSAT,112,3.0,2.8214285714285716
agent_id,AGT-C4NMNPC23W,CSAT,95,3.0,2.8
agent_id,AGT-OK7P1BRWRO,NPS,44,5.0,5.159090909090909
agent_id,AGT-H814HN4WBQ,CSAT,113,3.0,2.814159292035398
agent_id,AGT-MNK9T02WF4,CSAT,120,3.0,2.8333333333333335
agent_id,AGT-P71DS5U8E5,CSAT,140,3.0,2.7928571428571427
agent_id,AGT-IX2KM1T4I7,CSAT,134,3.0,2.8208955223880596
agent_id,AGT-HLGND96O59,CES,24,3.0,2.7083333333333335
agent_id,AGT-5CPTBAUR6F,NPS,57,6.0,5.684210526315789
agent_id,AGT-K11V6ZB5VS,CSAT,127,3.0,2.874015748031496
agent_id,AGT-A32ZNV9PWA,CSAT,110,3.0,2.690909090909091
agent_id,AGT-C8D3C4WFVG,CES,19,3.0,2.8421052631578947
agent_id,AGT-JJY1EX95CQ,CSAT,109,3.0,2.706422018348624
agent_id,AGT-F19RDFACNQ,CES,21,3.0,2.9523809523809526
agent_id,AGT-NR3TFO3HEW,NPS,58,5.0,5.103448275862069
agent_id,AGT-I94LJIR7DW,NPS,52,5.0,5.115384615384615
agent_id,AGT-8NE8GSGUG4,CSAT,120,3.0,2.783333333333333
agent_id,AGT-5ANM4NA6WN,NPS,78,5.0,5.076923076923077
agent_id,AGT-4XB5JSV7Y6,NPS,78,5.0,5.205128205128205
agent_id,AGT-BA5KT5UAR7,NPS,44,5.0,5.386363636363637
agent_id,AGT-6I9WLLYIKE,CSAT,104,3.0,2.875
agent_id,AGT-UR0WYJS0T0,NPS,60,5.0,5.2
agent_id,AGT-98ZSNF8YWV,CSAT,118,3.0,2.7203389830508473
agent_id,AGT-JG7DEBTE1E,CSAT,116,3.0,2.853448275862069
agent_id,AGT-2TAGK048H3,CSAT,135,3.0,2.7111111111111112
agent_id,AGT-QXV7HN47JJ,CES,19,3.0,2.789473684210526
agent_id,AGT-Q8AGV9WXXS,NPS,49,5.0,4.918367346938775
agent_id,AGT-LFX460UJ80,CSAT,123,3.0,2.6991869918699187
agent_id,AGT-L4OQ0ZUN5H,CES,26,3.0,2.6923076923076925
agent_id,AGT-UKN1ENEVJZ,NPS,52,6.0,5.346153846153846
agent_id,AGT-IOAGLENSDV,NPS,48,6.0,5.333333333333333
agent_id,AGT-OE5G4M0EK0,NPS,64,6.0,5.328125
agent_id,AGT-9K4W87HK9Z,CES,19,2.0,2.473684210526316
agent_id,AGT-V39THPGBQ7,NPS,47,5.0,5.0638297872340425
agent_id,AGT-SFTJNQ1CP3,NPS,55,6.0,5.4363636363636365
agent_id,AGT-T74I7TF58R,CES,15,3.0,2.8666666666666667
agent_id,AGT-NQ6WIG9OWH,NPS,64,5.0,5.296875
agent_id,AGT-1HI8LTU9QQ,NPS,63,5.0,5.253968253968254
agent_id,AGT-1B1LQT3IQC,CSAT,98,3.0,2.8979591836734695
agent_id,AGT-CEKT3DRJ9B,CES,30,3.0,2.8
agent_id,AGT-5ZON0CZXOE,NPS,62,6.0,5.532258064516129
agent_id,AGT-KCT0OUBWIE,CSAT,105,3.0,2.876190476190476
agent_id,AGT-BEAXRRXLFP,CSAT,104,3.0,2.6538461538461537
agent_id,AGT-799UGSN0G6,NPS,63,5.0,5.253968253968254
agent_id,AGT-9YYG4EPQAP,CES,24,2.5,2.625
agent_id,AGT-VF04ZPV9BW,NPS,44,6.0,5.25
agent_id,AGT-F46PV6WU87,NPS,51,5.0,5.176470588235294
agent_id,AGT-E8XE5LM9XO,CES,14,3.0,2.7857142857142856
agent_id,AGT-X49CRHRG9G,NPS,59,6.0,5.677966101694915
agent_id,AGT-UO6O5BGYNF,CES,16,2.5,2.4375
agent_id,AGT-1283BYB67Y,NPS,51,6.0,5.294117647058823
agent_id,AGT-F7WFZ9B08B,CSAT,106,3.0,2.688679245283019
agent_id,AGT-7XQCZE73IH,NPS,60,5.0,5.2
agent_id,AGT-H4WPLB7OBS,NPS,57,6.0,5.56140350877193
agent_id,AGT-5QGYHBW01W,CSAT,125,3.0,2.728
agent_id,AGT-56L27RI8NL,CES,28,3.0,2.9285714285714284
agent_id,AGT-OOEUK3E94D,CES,22,3.0,2.909090909090909
agent_id,AGT-9A52G9KAKH,NPS,56,6.0,5.535714285714286
agent_id,AGT-FKUWKRVKJI,NPS,62,6.0,5.370967741935484
agent_id,AGT-DFZZM87N1N,CSAT,128,3.0,2.828125
agent_id,AGT-UPPMVKAUI7,CSAT,120,3.0,2.8
agent_id,AGT-9XS8S3F6F9,NPS,57,6.0,5.385964912280702
agent_id,AGT-FKCTSOFRV8,CSAT,116,3.0,2.8189655172413794
agent_id,AGT-GDSRHZRHQ7,CSAT,108,3.0,2.8333333333333335
agent_id,AGT-UOZ8AQRBQL,NPS,66,5.0,5.106060606060606
agent_id,AGT-RM928J5EOG,NPS,56,6.0,5.321428571428571
agent_id,AGT-X775H4RLEY,NPS,61,5.0,5.131147540983607
agent_id,AGT-HX94J4BGWF,NPS,53,5.0,4.981132075471698
agent_id,AGT-T6G3XMAHRJ,NPS,44,5.5,5.386363636363637
agent_id,AGT-2VV2VCM1M0,NPS,61,5.0,5.131147540983607
agent_id,AGT-5JKM5LSJJK,NPS,54,5.0,5.018518518518518
agent_id,AGT-AHADYYXJB4,CSAT,101,3.0,2.891089108910891
agent_id,AGT-MCGNTSXO28,CES,20,3.0,2.65
agent_id,AGT-KQP4TBDPA5,NPS,58,5.0,5.327586206896552
agent_id,AGT-2F6DCW7N6Q,NPS,61,5.0,5.081967213114754
agent_id,AGT-39JT1HU5SP,CSAT,111,3.0,2.6216216216216215
agent_id,AGT-P6O3UZFIER,NPS,65,6.0,5.246153846153846
agent_id,AGT-9OW6RQX6YE,CES,25,3.0,2.76
agent_id,AGT-MOMHH0J0J9,CES,20,3.0,2.8
agent_id,AGT-74NXI0E4E6,NPS,53,6.0,5.188679245283019
agent_id,AGT-E9ZVJ2OXIN,CSAT,100,3.0,2.69
agent_id,AGT-VHAI3QYV8U,NPS,62,5.0,5.080645161290323
agent_id,AGT-QZBFN7LRWT,CSAT,116,3.0,2.8017241379310347
agent_id,AGT-7HUT4X997D,NPS,49,6.0,5.63265306122449
agent_id,AGT-ZXNEUYV3UL,NPS,61,6.0,5.442622950819672
agent_id,AGT-3SNWBE3W3Y,CSAT,94,3.0,2.6914893617021276
agent_id,AGT-YUKU1CJ7LZ,CSAT,124,3.0,2.8306451612903225
agent_id,AGT-WRFG8F6YNC,CSAT,129,3.0,2.7751937984496124
agent_id,AGT-Y9S7A0UC7Q,CES,22,3.0,2.8636363636363638
agent_id,AGT-XJKBDG6BI7,CES,21,3.0,2.857142857142857
agent_id,AGT-RVAZ2ERIA8,NPS,48,5.0,5.0
agent_id,AGT-G0XY2K72PJ,CSAT,130,3.0,2.7384615384615385
agent_id,AGT-LDEF25BE86,CSAT,117,3.0,2.7948717948717947
agent_id,AGT-EYD17D0BT6,NPS,49,5.0,4.8979591836734695
agent_id,AGT-YG53JDQFB2,CSAT,128,3.0,2.7890625
agent_id,AGT-YIGWTTH6CK,NPS,44,6.0,5.340909090909091
agent_id,AGT-M7MKWO7LMD,CSAT,115,3.0,2.8434782608695652
agent_id,AGT-I2PACZNZ4Y,CES,21,3.0,2.761904761904762
agent_id,AGT-JCQPNEURE8,NPS,62,6.0,5.193548387096774
agent_id,AGT-CEKT3DRJ9B,NPS,64,6.0,5.40625
agent_id,AGT-8VKK9PHQ52,CSAT,108,3.0,2.824074074074074
agent_id,AGT-5H5YZZE5FL,CES,16,3.0,2.625
agent_id,AGT-CEA1C9BKKF,CSAT,138,3.0,2.760869565217391
agent_id,AGT-L2GBNN6LWM,CSAT,128,3.0,2.8125
agent_id,AGT-R5961LOEMU,NPS,62,6.0,5.193548387096774
agent_id,AGT-ANQRQONI3V,NPS,52,6.0,5.423076923076923
agent_id,AGT-U0ICPNUDA8,CES,21,3.0,2.6666666666666665
agent_id,AGT-03BKII7RPZ,NPS,49,6.0,5.591836734693878
agent_id,AGT-5LCOF9SDDE,CSAT,120,3.0,2.7666666666666666
agent_id,AGT-8K2B7GS404,NPS,54,6.0,5.388888888888889
agent_id,AGT-XQOSHBUDXI,CES,24,3.0,2.625
agent_id,AGT-30WK4O4H1B,NPS,65,5.0,5.123076923076923
agent_id,AGT-ZZGWYHJ86X,CSAT,116,3.0,2.75
agent_id,AGT-SXAAPU6PMW,CES,22,3.0,3.1363636363636362
agent_id,AGT-S2RR13SI24,CSAT,101,3.0,2.5445544554455446
agent_id,AGT-61QIQHSI3I,NPS,64,6.0,5.453125
agent_id,AGT-2NVH86ET7M,CSAT,114,3.0,2.8333333333333335
agent_id,AGT-NQ6WIG9OWH,CES,30,3.0,2.7333333333333334
agent_id,AGT-5J9V220I1K,CES,18,3.0,2.8333333333333335
agent_id,AGT-RZ4O8DO2E0,NPS,74,6.0,5.405405405405405
agent_id,AGT-87FD5U93RA,CSAT,109,3.0,2.770642201834862
agent_id,AGT-QIMNAGJGTW,NPS,75,6.0,5.52
agent_id,AGT-EUWMU9A5O8,NPS,53,5.0,5.30188679245283
agent_id,AGT-Z1EIQXWV82,CES,20,3.0,2.85
agent_id,AGT-YWKYXYRNJG,CSAT,112,3.0,2.7410714285714284
agent_id,AGT-E2Y5OZOV43,NPS,58,6.0,5.5
agent_id,AGT-2QA9OU6KPZ,CSAT,118,3.0,2.73728813559322
agent_id,AGT-D9FNMWPKPJ,NPS,59,6.0,5.440677966101695
agent_id,AGT-6NAZTH7M7Q,NPS,61,6.0,5.180327868852459
agent_id,AGT-7VLDSY7HW2,CSAT,115,3.0,2.8173913043478263
agent_id,AGT-VCHYT34SD6,CSAT,119,3.0,2.857142857142857
agent_id,AGT-QZ4OVGMGCA,CSAT,117,3.0,2.8632478632478633
agent_id,AGT-HHYX8OE9JF,CES,26,3.0,2.6538461538461537
agent_id,AGT-1AW37NRW7X,CES,12,3.0,2.8333333333333335
agent_id,AGT-2H7OTPEC6D,NPS,55,6.0,5.254545454545455
agent_id,AGT-INOBA0VR4Q,NPS,64,5.0,5.28125
agent_id,AGT-LH85KLPB5O,NPS,67,6.0,5.567164179104478
agent_id,AGT-60O1TBJA6T,NPS,45,6.0,5.311111111111111
agent_id,AGT-VSNRM7IQIT,CSAT,121,3.0,2.6942148760330578
agent_id,AGT-5RF05BZME0,NPS,58,5.5,5.344827586206897
agent_id,AGT-HXQ8E585EG,CSAT,111,3.0,2.7927927927927927
agent_id,AGT-DD88NRIADN,CES,19,3.0,2.736842105263158
agent_id,AGT-VT6AB8ZSIS,CSAT,114,3.0,2.7280701754385963
agent_id,AGT-35OZPMG5XY,CES,13,3.0,2.6923076923076925
agent_id,AGT-29XBDSVSVM,CSAT,92,3.0,2.739130434782609
agent_id,AGT-EP3R0JXEXV,CSAT,116,3.0,2.75
agent_id,AGT-VDMGGUDE0K,NPS,55,5.0,5.327272727272727
agent_id,AGT-AQSH0YRHNO,NPS,59,6.0,5.169491525423729
agent_id,AGT-24LFEK8QEC,CSAT,105,3.0,2.780952380952381
agent_id,AGT-ZVJM1G7IC2,CES,25,3.0,3.08
agent_id,AGT-LZE1XD1GMT,NPS,59,6.0,5.288135593220339
agent_id,AGT-5H5YZZE5FL,NPS,60,6.0,5.366666666666666
agent_id,AGT-OJ9N4FGYV9,NPS,49,6.0,5.448979591836735
agent_id,AGT-DF77TQ66S1,CSAT,127,3.0,2.7244094488188977
agent_id,AGT-XUBJTI8AW5,NPS,40,5.0,5.1
agent_id,AGT-7NUDMBA6I3,CSAT,132,3.0,2.75
agent_id,AGT-1EML73X1U8,NPS,67,6.0,5.492537313432836
agent_id,AGT-GRCMX8W1NF,CSAT,112,3.0,2.7589285714285716
agent_id,AGT-F9WI50IQUB,NPS,53,6.0,5.30188679245283
agent_id,AGT-OU23TB8G0R,NPS,59,6.0,5.389830508474576
agent_id,AGT-JPATDOZLSQ,NPS,66,5.0,5.287878787878788
agent_id,AGT-TKG71FXFEZ,CES,23,3.0,2.8260869565217392
agent_id,AGT-YLWHHOSM0W,CES,25,3.0,2.96
agent_id,AGT-VTWBPCIYQU,CSAT,116,3.0,2.8706896551724137
agent_id,AGT-BNB4Q12JTS,NPS,56,6.0,5.321428571428571
agent_id,AGT-PTWKYK487N,NPS,75,5.0,5.013333333333334
agent_id,AGT-RL5TXXUWF5,CSAT,97,3.0,2.6804123711340204
agent_id,AGT-BTCYXRD64J,CSAT,122,3.0,2.7868852459016393
agent_id,AGT-UCOAAM33Z5,NPS,54,5.0,5.37037037037037
agent_id,AGT-0XMA3F473C,CSAT,121,3.0,2.760330578512397
agent_id,AGT-9K4W87HK9Z,NPS,60,5.0,5.2
agent_id,AGT-T8LM02ABDZ,CSAT,113,3.0,2.734513274336283
agent_id,AGT-XKNA4UGMBW,CES,17,3.0,2.588235294117647
agent_id,AGT-95LE7E26SA,NPS,61,5.0,5.344262295081967
agent_id,AGT-9W2W01V6JD,CSAT,103,3.0,2.854368932038835
agent_id,AGT-Q7BZNFI48C,NPS,52,6.0,5.461538461538462
agent_id,AGT-3AHB2QOQ17,CES,14,3.0,2.5
agent_id,AGT-XAD4RO1CPF,CSAT,110,3.0,2.8181818181818183
agent_id,AGT-0DEAGE60M6,CSAT,101,3.0,2.8316831683168315
agent_id,AGT-DOUMKDE5OH,CES,12,2.0,2.25
agent_id,AGT-IAQDBO398N,NPS,56,6.0,5.75
agent_id,AGT-HEY1DFYU3O,NPS,49,6.0,5.551020408163265
agent_id,AGT-MTF6I5TODX,NPS,58,5.0,5.086206896551724
agent_id,AGT-2D9REX8DAW,NPS,59,5.0,5.186440677966102
agent_id,AGT-IEP2JM9BI7,NPS,68,5.0,5.397058823529412
agent_id,AGT-GPJJR1BEMS,CSAT,111,3.0,2.81981981981982
agent_id,AGT-8KFHE6XRQ4,CES,17,3.0,2.9411764705882355
agent_id,AGT-KWSHPLRIGG,CSAT,119,3.0,2.7815126050420167
agent_id,AGT-94TSJ4VNVT,CES,15,3.0,2.466666666666667
agent_id,AGT-XVTFWL1STE,CES,19,3.0,2.6315789473684212
agent_id,AGT-SJLH5LUL0F,NPS,52,6.0,5.596153846153846
agent_id,AGT-L0XIIP9UA9,NPS,55,6.0,5.2727272727272725
agent_id,AGT-E7F95ZYZZ5,CSAT,108,3.0,2.861111111111111
agent_id,AGT-GY37ZFJ5DC,NPS,73,6.0,5.054794520547945
agent_id,AGT-G70AXC3MAP,CES,16,2.0,2.4375
agent_id,AGT-Y9F01ICSEJ,CSAT,124,3.0,2.7419354838709675
agent_id,AGT-C8D3C4WFVG,NPS,59,6.0,5.338983050847458
agent_id,AGT-VTQJ9SJZEV,CSAT,119,3.0,2.6554621848739495
agent_id,AGT-HHYX8OE9JF,NPS,62,6.0,5.17741935483871
agent_id,AGT-H600EXWVP2,CSAT,105,3.0,2.857142857142857
agent_id,AGT-MKZIRVRLBZ,CSAT,117,3.0,2.8205128205128207
agent_id,AGT-YTZ9ORZT0J,NPS,52,5.5,5.019230769230769
agent_id,AGT-LH85KLPB5O,CES,24,3.0,2.8333333333333335
agent_id,AGT-9FZV5Z7FAG,CSAT,112,3.0,2.8482142857142856
agent_id,AGT-Z77UHM1UV3,CES,20,3.0,2.6
agent_id,AGT-QYLO3MENQW,NPS,64,6.0,5.4375
agent_id,AGT-P6ZSI9FXVT,NPS,52,5.0,5.096153846153846
agent_id,AGT-TT0NFU4K2U,CSAT,119,3.0,2.689075630252101
agent_id,AGT-ZM1ICRUZC0,CSAT,111,3.0,2.810810810810811
agent_id,AGT-P7UOO1A7J0,CES,32,3.0,2.8125
agent_id,AGT-9BGLWS9RWM,CSAT,99,3.0,2.696969696969697
agent_id,AGT-PRRCOBG991,CES,19,3.0,2.526315789473684
agent_id,AGT-1PCJWOWJBX,NPS,53,6.0,5.188679245283019
agent_id,AGT-HVHI1T24CL,CSAT,136,3.0,2.7573529411764706
agent_id,AGT-4R60WIH6RO,CES,13,3.0,2.8461538461538463
agent_id,AGT-CJHWID6B7W,CSAT,131,3.0,2.7938931297709924
agent_id,AGT-KU17P6Y4EJ,NPS,70,5.0,5.214285714285714
agent_id,AGT-Q1CPMXVTZC,NPS,78,6.0,5.435897435897436
agent_id,AGT-MG70CMDJPJ,NPS,50,5.0,5.26
agent_id,AGT-C7L9UKCI6Z,NPS,65,5.0,4.984615384615385
agent_id,AGT-4ZRJ45ERIZ,CES,16,3.0,2.75
agent_id,AGT-STFJ9VNIBA,CES,14,3.0,2.9285714285714284
agent_id,AGT-ERBZDOFKYX,NPS,62,5.0,4.903225806451613
agent_id,AGT-81HI9ENVQV,CES,22,3.0,2.6818181818181817
agent_id,AGT-459G86OLPM,CSAT,109,3.0,2.7247706422018347
agent_id,AGT-0HU6VYEZG9,NPS,56,6.0,5.517857142857143
agent_id,AGT-95LE7E26SA,CES,23,3.0,2.6956521739130435
agent_id,AGT-BAQUFS4AR7,NPS,68,6.0,5.544117647058823
agent_id,AGT-GR5JJJRL3O,CES,17,3.0,2.823529411764706
agent_id,AGT-P32K9GW5NX,NPS,63,5.0,5.222222222222222
agent_id,AGT-62OM5Q1Q05,CES,24,3.0,2.875
agent_id,AGT-D3TOZG1Q4X,CSAT,114,3.0,2.8684210526315788
agent_id,AGT-YXM23BG3PR,NPS,62,6.0,5.209677419354839
agent_id,AGT-E8XE5LM9XO,NPS,74,6.0,5.513513513513513
agent_id,AGT-I1VYP1D801,CSAT,113,3.0,2.814159292035398
agent_id,AGT-AV2TPW9VGR,NPS,62,6.0,5.532258064516129
agent_id,AGT-5PP7O7ZE96,CSAT,111,3.0,2.7477477477477477
agent_id,AGT-RL5EQ6KNBS,NPS,57,6.0,5.56140350877193
agent_id,AGT-54VUKA8638,NPS,77,5.0,5.142857142857143
agent_id,AGT-GT2O5MFVMB,CES,24,3.0,2.8333333333333335
agent_id,AGT-JCGMOK8NDI,CES,19,3.0,2.8947368421052633
agent_id,AGT-5DZNKOUR81,CSAT,91,3.0,2.7472527472527473
agent_id,AGT-A603XNUYMP,CSAT,127,3.0,2.748031496062992
agent_id,AGT-5PR2VCD9EJ,CSAT,100,3.0,2.8
agent_id,AGT-YK02JUZBDO,NPS,56,5.0,4.964285714285714
agent_id,AGT-V5U9CYHX0U,NPS,64,5.0,5.046875
agent_id,AGT-O41ZQQO47Y,NPS,62,6.0,5.580645161290323
agent_id,AGT-ZGEFMIKG5G,NPS,58,6.0,5.241379310344827
agent_id,AGT-DELTRDO2X7,CES,23,3.0,2.608695652173913
agent_id,AGT-P6ZSI9FXVT,CES,21,3.0,2.619047619047619
agent_id,AGT-H4UGWG3OUB,CSAT,105,3.0,2.723809523809524
agent_id,AGT-R3A802XCY2,CES,21,3.0,2.8095238095238093
agent_id,AGT-VFQGSL284E,CSAT,121,3.0,2.7768595041322315
agent_id,AGT-MQRF3372LI,CSAT,116,3.0,2.8189655172413794
agent_id,AGT-N0HJHS1DBA,NPS,49,5.0,5.061224489795919
agent_id,AGT-FRAJBL87DS,CSAT,119,3.0,2.907563025210084
agent_id,AGT-LLYOVI82UI,NPS,42,5.0,4.738095238095238
agent_id,AGT-YDBZL5HKAZ,NPS,56,5.5,5.214285714285714
agent_id,AGT-CZXFOSPZWG,CSAT,116,3.0,2.8620689655172415
agent_id,AGT-G0U5QILT5N,NPS,48,5.5,5.270833333333333
agent_id,AGT-ROT1G7EATP,CES,19,3.0,3.1052631578947367
agent_id,AGT-FDLM1Q1ROE,NPS,52,5.0,5.115384615384615
agent_id,AGT-IZDFJFHSFH,CES,15,3.0,2.6666666666666665
agent_id,AGT-GL138CSY0G,CES,26,3.0,2.730769230769231
agent_id,AGT-DJ2LBQOGP3,CSAT,108,3.0,2.7222222222222223
agent_id,AGT-Z1J3VFKRTZ,NPS,65,5.0,5.415384615384616
agent_id,AGT-X3WLDNDFIL,CSAT,120,3.0,2.783333333333333
agent_id,AGT-M6VA6EL960,NPS,67,6.0,5.432835820895522
agent_id,AGT-BQKJV90OIO,NPS,58,5.5,5.206896551724138
agent_id,AGT-7CQYEF4L7J,CES,35,3.0,2.857142857142857
agent_id,AGT-3JXWWT2USN,CSAT,121,3.0,2.809917355371901
agent_id,AGT-7YHGZDPWRS,CSAT,128,3.0,2.765625
agent_id,AGT-JNY9R22CQM,NPS,47,5.0,5.191489361702128
agent_id,AGT-2IRA439CDD,NPS,60,5.0,5.1
agent_id,AGT-PSARAEWNDG,NPS,64,5.0,4.84375
agent_id,AGT-BSQ85EHHBB,NPS,44,5.0,5.431818181818182
agent_id,AGT-Z1LLS9S26G,CSAT,138,3.0,2.7681159420289854
agent_id,AGT-HHL6C35P9E,CSAT,110,3.0,2.881818181818182
agent_id,AGT-DWXSXT9OP1,NPS,55,6.0,5.636363636363637
agent_id,AGT-Q4ZVLPZQ5R,CSAT,110,3.0,2.7363636363636363
agent_id,AGT-TE0VSZWQTW,NPS,57,5.0,5.456140350877193
agent_id,AGT-ZGD5FBXG7L,CSAT,106,3.0,2.7641509433962264
agent_id,AGT-70FM5VSQNA,NPS,63,5.0,5.333333333333333
agent_id,AGT-J639PQ85HC,NPS,68,6.0,5.352941176470588
agent_id,AGT-ECPPYMNG3G,CES,23,3.0,2.608695652173913
agent_id,AGT-NVXKQOY9ML,CES,28,3.0,3.142857142857143
agent_id,AGT-9OUCPLC2FI,CSAT,118,3.0,2.830508474576271
agent_id,AGT-592VGF7W61,CES,27,3.0,2.7777777777777777
agent_id,AGT-L9LMIGUHNZ,CSAT,123,3.0,2.731707317073171
agent_id,AGT-RQSUHLTDIN,CES,20,3.0,2.95
agent_id,AGT-DD88NRIADN,NPS,66,6.0,5.515151515151516
agent_id,AGT-ESK10JFPQQ,CES,17,3.0,2.6470588235294117
agent_id,AGT-8FD0HKHTXZ,NPS,74,5.0,5.081081081081081
agent_id,AGT-904VY7KN6S,NPS,58,6.0,5.4655172413793105
agent_id,AGT-NZ064ZDOTC,NPS,72,5.0,5.319444444444445
agent_id,AGT-YC6FFRDEGK,CSAT,116,3.0,2.7586206896551726
agent_id,AGT-JPMUUWJV12,NPS,58,6.0,5.310344827586207
agent_id,AGT-24XX6P3FO7,NPS,54,6.0,5.277777777777778
agent_id,AGT-LTK3BMH5BL,CES,24,3.0,2.7916666666666665
agent_id,AGT-N6YFW1455B,CES,19,3.0,2.6842105263157894
agent_id,AGT-B0WCQUOFHF,CES,14,3.0,2.857142857142857
agent_id,AGT-LE0LUR1Y4Z,NPS,58,5.0,5.155172413793103
agent_id,AGT-U0ICPNUDA8,NPS,49,6.0,5.612244897959184
agent_id,AGT-64BBNY40AY,NPS,50,5.0,5.06
agent_id,AGT-0BNYKOVLMJ,CSAT,142,3.0,2.76056338028169
agent_id,AGT-YF9RO3EJZU,CSAT,114,3.0,2.675438596491228
agent_id,AGT-Y5XAVCJL64,CES,21,3.0,2.7142857142857144
agent_id,AGT-IT36OMS326,CSAT,113,3.0,2.769911504424779
agent_id,AGT-MOP8GEKGPL,CES,18,3.0,2.7777777777777777
agent_id,AGT-ZXNEUYV3UL,CES,18,3.0,2.7222222222222223
agent_id,AGT-ELSO6DC1OU,NPS,56,5.0,5.303571428571429
agent_id,AGT-ELV4R7G13O,NPS,76,6.0,5.197368421052632
agent_id,AGT-PNYK14IYR3,NPS,53,6.0,5.433962264150943
agent_id,AGT-EDV4G21PUV,NPS,60,6.0,5.633333333333334
agent_id,AGT-6RVQHDLYE5,NPS,61,5.0,5.39344262295082
agent_id,AGT-03D30TX4R9,CES,22,3.0,2.8636363636363638
agent_id,AGT-LW5BLOM0FA,CSAT,118,3.0,2.8389830508474576
agent_id,AGT-T0RCZNZEMA,CES,20,3.0,2.9
agent_id,AGT-L3EZA710VC,NPS,56,5.0,5.125
agent_id,AGT-81HI9ENVQV,NPS,65,6.0,5.6
agent_id,AGT-QQATMOYOS3,CSAT,104,3.0,2.9038461538461537
agent_id,AGT-N0753JMGIT,NPS,56,6.0,5.303571428571429
agent_id,AGT-VH1MSPB0E8,CSAT,131,3.0,2.6946564885496183
agent_id,AGT-KTWAJKP7QW,NPS,60,6.0,5.516666666666667
agent_id,AGT-YKT9RW2X8X,CES,21,2.0,2.4761904761904763
agent_id,AGT-AN9S4PD9YK,CSAT,97,3.0,2.783505154639175
agent_id,AGT-3HALJKERVV,CSAT,115,3.0,2.747826086956522
agent_id,AGT-78M53XONMR,NPS,67,6.0,5.149253731343284
agent_id,AGT-S7G5N2BGQY,CSAT,103,3.0,2.70873786407767
agent_id,AGT-8DUEBHWDZS,CSAT,114,3.0,2.719298245614035
agent_id,AGT-FGAVR5FA7R,CSAT,120,3.0,2.575
agent_id,AGT-UR0WYJS0T0,CES,15,3.0,2.8666666666666667
agent_id,AGT-E3OHVF610Z,CES,18,3.0,2.6666666666666665
agent_id,AGT-SJB0SX5YBM,NPS,68,6.0,5.529411764705882
agent_id,AGT-NO19RXC65N,CSAT,107,3.0,2.7850467289719627
agent_id,AGT-XFS0SGZE95,NPS,58,6.0,5.379310344827586
agent_id,AGT-265NTQ02ZF,NPS,64,6.0,5.34375
agent_id,AGT-YTZ9ORZT0J,CES,26,3.0,2.8076923076923075
agent_id,AGT-UUSZMROO8J,CES,18,3.0,2.9444444444444446
agent_id,AGT-JMA3MRKNWE,CSAT,99,3.0,2.797979797979798
agent_id,AGT-BBKR0X1EN5,CES,21,3.0,2.857142857142857
agent_id,AGT-4W61FITOXQ,CES,19,3.0,2.8947368421052633
agent_id,AGT-FA8XFVJ1ZU,NPS,60,5.0,5.116666666666666
agent_id,AGT-PL88YJFM3Q,CES,23,3.0,2.6956521739130435
agent_id,AGT-DBGB5MKK8K,CES,22,3.0,3.0
agent_id,AGT-5YUGOKFA7V,CSAT,113,3.0,2.672566371681416
agent_id,AGT-0SK7J9FAUM,NPS,67,5.0,5.059701492537314
agent_id,AGT-O5RS2730K1,CES,27,3.0,2.7037037037037037
agent_id,AGT-ECV5AJ8IMB,NPS,63,6.0,5.444444444444445
agent_id,AGT-N766EWP73G,CSAT,101,3.0,2.792079207920792
agent_id,AGT-J1ZNN0OFDJ,CES,17,3.0,2.823529411764706
agent_id,AGT-83LR6Q5GXW,CES,19,3.0,2.8421052631578947
agent_id,AGT-AY5LPIBFMB,CSAT,123,3.0,2.7235772357723578
agent_id,AGT-PKWCHKMDDW,CES,17,3.0,2.764705882352941
agent_id,AGT-XBRLAWNT6Y,CES,18,2.5,2.5
agent_id,AGT-O8KA4K5V2R,CES,17,3.0,3.0
agent_id,AGT-OK7P1BRWRO,CES,21,3.0,2.857142857142857
agent_id,AGT-CEXEFAB9WX,NPS,64,6.0,5.1875
agent_id,AGT-I91223U4EN,CSAT,120,3.0,2.7416666666666667
agent_id,AGT-1YXVT0O4G0,CSAT,123,3.0,2.7154471544715446
agent_id,AGT-Q0FNFY8G5L,NPS,61,6.0,5.491803278688525
agent_id,AGT-PC5ULV8S9U,NPS,70,5.0,5.128571428571429
agent_id,AGT-VQEQ59AZXS,NPS,64,6.0,5.28125
agent_id,AGT-H01EG2K29X,CSAT,118,3.0,2.7033898305084745
agent_id,AGT-PX17SVBBET,NPS,53,5.0,5.30188679245283
agent_id,AGT-78M53XONMR,CES,24,3.0,2.8333333333333335
agent_id,AGT-O8KA4K5V2R,NPS,61,6.0,5.311475409836065
agent_id,AGT-3BWKH19I03,NPS,55,5.0,5.090909090909091
agent_id,AGT-TO6C4N5ZBE,NPS,63,5.0,5.365079365079365
agent_id,AGT-Q5C8JMF7AE,CSAT,100,3.0,2.74
agent_id,AGT-45G96QSKR6,CSAT,111,3.0,2.7927927927927927
agent_id,AGT-78UF97BVDP,NPS,58,5.5,5.241379310344827
agent_id,AGT-1CPJD4QLU7,CES,17,2.0,2.5294117647058822
agent_id,AGT-BJAC223K45,CSAT,122,3.0,2.778688524590164
agent_id,AGT-995PFQJVX6,NPS,67,6.0,5.268656716417911
agent_id,AGT-666STA5YEK,NPS,78,6.0,5.32051282051282
agent_id,AGT-9WKZ1BVX91,CES,18,3.0,2.8333333333333335
agent_id,AGT-BE8UFS60OG,CES,18,3.0,2.9444444444444446
agent_id,AGT-94TSJ4VNVT,NPS,50,6.0,5.54
agent_id,AGT-TNHZ3RSZAP,NPS,49,6.0,5.204081632653061
agent_id,AGT-8JD6LDRA82,CES,14,3.0,3.0
agent_id,AGT-DTKGR8AYST,NPS,65,5.0,5.2615384615384615
agent_id,AGT-3CWPWNJ1YQ,CSAT,117,3.0,2.700854700854701
agent_id,AGT-K0O13JDQ01,CSAT,108,3.0,2.685185185185185
agent_id,AGT-QZY9HF6XTZ,CES,22,3.0,2.5454545454545454
agent_id,AGT-1ZSO508WOH,NPS,57,6.0,5.508771929824562
agent_id,AGT-CQBSB9AUGV,CSAT,110,3.0,2.8454545454545452
agent_id,AGT-8JD6LDRA82,NPS,64,6.0,5.515625
agent_id,AGT-ZVJM1G7IC2,NPS,62,6.0,5.32258064516129
agent_id,AGT-4ZRJ45ERIZ,NPS,64,5.0,5.15625
agent_id,AGT-B6R45B7BNQ,CES,25,3.0,2.52
agent_id,AGT-WI5ZDHCEPB,CSAT,119,3.0,2.722689075630252
agent_id,AGT-KV4EE4USMU,NPS,57,6.0,5.526315789473684
agent_id,AGT-IB1X9BWBN2,CSAT,132,3.0,2.727272727272727
agent_id,AGT-A1ZE8Q3U3C,CSAT,111,3.0,2.8378378378378377
agent_id,AGT-Y01RTJUOQJ,CES,21,3.0,2.619047619047619
agent_id,AGT-VNCMXKXLZE,CSAT,117,3.0,2.7948717948717947
agent_id,AGT-ILZ3O4HNJ7,NPS,64,6.0,5.375
agent_id,AGT-3DLG9UKU56,CES,16,3.0,2.8125
agent_id,AGT-5DKACXORKL,NPS,61,5.0,5.163934426229508
agent_id,AGT-TRZMD8W6Y4,NPS,49,6.0,5.448979591836735
agent_id,AGT-C8ND0CQOMI,NPS,54,6.0,5.37037037037037
agent_id,AGT-P5P9SZOX29,CSAT,120,3.0,2.7083333333333335
agent_id,AGT-ZQ5QQ96EUM,NPS,48,6.0,5.458333333333333
agent_id,AGT-VCZ9ZY2MDS,CES,14,3.0,2.857142857142857
agent_id,AGT-35OZPMG5XY,NPS,50,5.0,5.2
agent_id,AGT-NFMDK0WJ3N,CSAT,122,3.0,2.8688524590163933
agent_id,AGT-FNW1UWSWIS,CES,20,3.0,2.95
agent_id,AGT-A05F2N434U,CES,28,3.0,2.857142857142857
agent_id,AGT-OE5G4M0EK0,CES,27,3.0,2.8518518518518516
agent_id,AGT-IOAGLENSDV,CES,21,3.0,2.9523809523809526
agent_id,AGT-W4AYW4BGI9,CES,16,3.0,2.875
agent_id,AGT-VM8IH2LFKP,NPS,56,5.0,4.964285714285714
agent_id,AGT-EC4OBWIIR0,CES,17,3.0,2.7058823529411766
agent_id,AGT-ZVS0XWYET1,CES,20,3.0,2.7
agent_id,AGT-RL5EQ6KNBS,CES,18,3.0,2.7222222222222223
agent_id,AGT-KLMNE0JCP7,NPS,56,6.0,5.410714285714286
agent_id,AGT-YRRA4HF4J8,CSAT,126,3.0,2.7301587301587302
agent_id,AGT-IGZY99W908,CSAT,100,3.0,2.87
agent_id,AGT-0QS3PWRJNI,NPS,51,5.0,5.352941176470588
agent_id,AGT-WTHHY9FLGT,NPS,64,6.0,5.453125
agent_id,AGT-M6VA6EL960,CES,23,3.0,2.6956521739130435
agent_id,AGT-PX17SVBBET,CES,10,2.0,2.1
agent_id,AGT-4VD72FBSK4,CES,18,2.5,2.6666666666666665
agent_id,AGT-ECV5AJ8IMB,CES,20,3.0,2.9
agent_id,AGT-9WIE6SB1MJ,NPS,66,6.0,5.303030303030303
agent_id,AGT-V3V3K8X0W2,NPS,58,5.0,5.275862068965517
agent_id,AGT-LBM4G3WHV5,CSAT,112,3.0,2.8392857142857144
agent_id,AGT-FL833OQDNH,CSAT,104,3.0,2.8846153846153846
agent_id,AGT-MZEQR4UPDP,CSAT,105,3.0,2.761904761904762
agent_id,AGT-CG3PF9BZHZ,NPS,46,6.0,5.869565217391305
agent_id,AGT-Y27TPT34U4,NPS,50,5.0,5.18
agent_id,AGT-DXV1N3YM9Q,CSAT,122,3.0,2.778688524590164
agent_id,AGT-MOP8GEKGPL,NPS,69,5.0,5.144927536231884
agent_id,AGT-3DLG9UKU56,NPS,59,5.0,4.779661016949152
agent_id,AGT-020055Q6ET,NPS,63,6.0,5.396825396825397
agent_id,AGT-3WS5S93Z8Y,NPS,64,5.0,5.015625
agent_id,AGT-FY0JTX0WX4,NPS,67,6.0,5.343283582089552
agent_id,AGT-OB1QMLOS9A,CSAT,117,3.0,2.8034188034188032
agent_id,AGT-Z77UHM1UV3,NPS,62,6.0,5.225806451612903
agent_id,AGT-I1ZHCVFEX1,NPS,51,6.0,5.411764705882353
agent_id,AGT-YBP5UDK1VN,CSAT,116,3.0,2.7758620689655173
agent_id,AGT-IRQJXHNJ9D,CES,23,3.0,2.782608695652174
agent_id,AGT-K4F3KPECPA,CES,18,3.0,2.6666666666666665
agent_id,AGT-T82UMP9J0W,CSAT,104,3.0,2.701923076923077
agent_id,AGT-NBQ65Y4VZ9,NPS,61,6.0,5.524590163934426
agent_id,AGT-TDSG1W6IY6,CES,14,2.5,2.7142857142857144
agent_id,AGT-F46PV6WU87,CES,24,3.0,2.625
agent_id,AGT-N0753JMGIT,CES,18,3.0,2.5555555555555554
agent_id,AGT-TNHZ3RSZAP,CES,20,3.0,2.95
agent_id,AGT-6Z6COALO6M,NPS,67,6.0,5.358208955223881
agent_id,AGT-IQ63VCBVSU,CES,18,3.0,2.8333333333333335
agent_id,AGT-VPGMWBYXFI,NPS,51,6.0,5.529411764705882
agent_id,AGT-QTX61K7PE2,CSAT,108,3.0,2.7777777777777777
agent_id,AGT-TXE9ZY1OJ4,CES,22,3.0,2.9545454545454546
agent_id,AGT-BH4XF8YM49,CES,28,3.0,2.8214285714285716
agent_id,AGT-8431PDCJHS,CES,21,3.0,2.8095238095238093
agent_id,AGT-S6T0KJTHIL,CSAT,112,3.0,2.857142857142857
agent_id,AGT-RRH6ONQMMX,CES,22,3.0,2.6363636363636362
agent_id,AGT-JZ4UT5EH9L,CSAT,101,3.0,2.712871287128713
agent_id,AGT-07DM6KZ1Y8,NPS,52,6.0,5.4423076923076925
agent_id,AGT-HGVZ3WILY5,NPS,54,5.5,5.222222222222222
agent_id,AGT-155PP3L6XE,CES,18,3.0,2.7777777777777777
agent_id,AGT-GJ9LKR80FA,CES,24,3.0,2.875
agent_id,AGT-6TVY644961,NPS,52,5.0,5.1923076923076925
agent_id,AGT-0SUICKNSHN,NPS,50,6.0,5.28
agent_id,AGT-265NTQ02ZF,CES,16,3.0,3.0
agent_id,AGT-X49CRHRG9G,CES,20,3.0,2.7
agent_id,AGT-S2ST06ZN2V,NPS,53,5.0,5.226415094339623
agent_id,AGT-MZOYQF5IHG,NPS,70,6.0,5.385714285714286
agent_id,AGT-82LH3XCRLZ,NPS,54,6.0,5.333333333333333
agent_id,AGT-PTWKYK487N,CES,25,3.0,2.8
agent_id,AGT-838PIT9Q4L,NPS,61,6.0,5.508196721311475
agent_id,AGT-O41ZQQO47Y,CES,21,3.0,2.6666666666666665
agent_id,AGT-0UA5E2DG3G,CES,26,3.0,2.6538461538461537
agent_id,AGT-OU7FAUBSD0,NPS,48,5.0,5.083333333333333
agent_id,AGT-OJ9N4FGYV9,CES,21,3.0,2.9523809523809526
agent_id,AGT-Q7BZNFI48C,CES,26,3.0,2.6538461538461537
agent_id,AGT-PDS7BE8A8L,CSAT,120,3.0,2.7333333333333334
agent_id,AGT-IZHTXLTYWZ,CSAT,124,3.0,2.782258064516129
agent_id,AGT-RLIC03EY4X,CES,20,3.0,2.8
agent_id,AGT-V6HEZNUZJC,NPS,45,6.0,5.288888888888889
agent_id,AGT-64T08W0ODF,CES,17,3.0,2.764705882352941
agent_id,AGT-1C2ZX2X1ER,CSAT,109,3.0,2.8073394495412844
agent_id,AGT-W4NDMPHQU7,NPS,50,6.0,5.22
agent_id,AGT-IN5R647MZH,CES,17,3.0,2.5294117647058822
agent_id,AGT-4Q1DSUDT97,NPS,53,6.0,5.584905660377358
agent_id,AGT-DELTRDO2X7,NPS,56,5.0,5.142857142857143
agent_id,AGT-1EML73X1U8,CES,27,3.0,2.962962962962963
agent_id,AGT-34TVYJH4ZG,CSAT,106,3.0,2.839622641509434
agent_id,AGT-96DP5PKDGS,CSAT,108,3.0,2.7962962962962963
agent_id,AGT-Z32DMC1N4A,CSAT,135,3.0,2.859259259259259
agent_id,AGT-RVO9NVMTEP,CES,18,3.0,2.7222222222222223
agent_id,AGT-X4VHNHC9EF,CSAT,127,3.0,2.7086614173228347
agent_id,AGT-QIJA0QZRU0,CSAT,121,3.0,2.6859504132231407
agent_id,AGT-TV0QBXSVT9,CES,19,3.0,2.6315789473684212
agent_id,AGT-N0G051WG35,NPS,74,6.0,5.378378378378378
agent_id,AGT-XUBJTI8AW5,CES,19,3.0,2.5789473684210527
agent_id,AGT-S1A5VZL0SM,CES,13,3.0,2.923076923076923
agent_id,AGT-70FM5VSQNA,CES,23,3.0,2.8260869565217392
agent_id,AGT-PFD0CBGK7V,CSAT,129,3.0,2.682170542635659
agent_id,AGT-1AW37NRW7X,NPS,63,6.0,5.492063492063492
agent_id,AGT-AQVUQI49EA,CES,20,3.0,2.75
agent_id,AGT-XBRLAWNT6Y,NPS,55,6.0,5.3090909090909095
agent_id,AGT-69430CDLET,CSAT,113,3.0,2.769911504424779
agent_id,AGT-9ES2CNB4EJ,CSAT,110,3.0,2.727272727272727
agent_id,AGT-JCGMOK8NDI,NPS,59,6.0,5.677966101694915
agent_id,AGT-9YCCQT0BUU,CES,17,3.0,2.764705882352941
agent_id,AGT-1DX9VKAHY8,NPS,48,6.0,5.375
agent_id,AGT-4NKRIH3LRB,NPS,50,6.0,5.2
agent_id,AGT-VCZ9ZY2MDS,NPS,51,5.0,5.1568627450980395
agent_id,AGT-I627O1XJ7T,CSAT,127,3.0,2.7244094488188977
agent_id,AGT-NBQ65Y4VZ9,CES,23,3.0,2.8260869565217392
agent_id,AGT-FQEW7VBTN5,CSAT,112,3.0,2.767857142857143
agent_id,AGT-61TCM0PLR7,CSAT,112,3.0,2.9017857142857144
agent_id,AGT-NR3TFO3HEW,CES,20,3.0,2.8
agent_id,AGT-4BMBYKYFDX,NPS,53,6.0,5.283018867924528
agent_id,AGT-EBM3J7XZ6E,CES,19,3.0,2.789473684210526
agent_id,AGT-8FD0HKHTXZ,CES,27,3.0,3.0
agent_id,AGT-L0XIIP9UA9,CES,25,3.0,2.84
agent_id,AGT-2L5LSHTVB9,NPS,58,5.0,5.310344827586207
agent_id,AGT-7QOULFMSTS,NPS,75,6.0,5.293333333333333
agent_id,AGT-5RF05BZME0,CES,16,3.0,3.0
agent_id,AGT-B037R3NAN1,CES,19,3.0,3.0526315789473686
agent_id,AGT-1MJ1VGXYXN,CSAT,126,3.0,2.7063492063492065
agent_id,AGT-EKYTTPV65Q,NPS,61,6.0,5.475409836065574
agent_id,AGT-1CPJD4QLU7,NPS,56,6.0,5.517857142857143
agent_id,AGT-YK02JUZBDO,CES,23,3.0,2.608695652173913
agent_id,AGT-XKNA4UGMBW,NPS,46,6.0,5.413043478260869
agent_id,AGT-RB7B1VQ0JL,CSAT,116,3.0,2.7327586206896552
agent_id,AGT-1SD8N8Y4VV,CSAT,129,3.0,2.6744186046511627
agent_id,AGT-EYD17D0BT6,CES,22,3.0,2.9545454545454546
agent_id,AGT-R0C8IKREWX,CES,24,3.0,2.5833333333333335
agent_id,AGT-IAQDBO398N,CES,22,3.0,2.6818181818181817
agent_id,AGT-VF04ZPV9BW,CES,19,3.0,2.736842105263158
agent_id,AGT-3X1VSNELON,NPS,58,5.0,5.275862068965517
agent_id,AGT-NZ064ZDOTC,CES,21,3.0,2.619047619047619
agent_id,AGT-POXBE49GFN,CES,24,3.0,3.0
agent_id,AGT-LE0LUR1Y4Z,CES,17,3.0,2.5294117647058822
agent_id,AGT-SYVTKOYKRR,NPS,70,6.0,5.428571428571429
agent_id,AGT-FDLM1Q1ROE,CES,14,3.0,2.642857142857143
agent_id,AGT-ELSO6DC1OU,CES,19,3.0,2.6842105263157894
agent_id,AGT-ERBZDOFKYX,CES,29,3.0,2.689655172413793
agent_id,AGT-BT05WAA543,NPS,52,6.0,5.461538461538462
agent_id,AGT-ZZLDFFK5KX,CSAT,113,3.0,2.8584070796460175
agent_id,AGT-04JD8RS9U4,CES,15,3.0,2.6666666666666665
agent_id,AGT-JMIXZ2J7AY,CSAT,122,3.0,2.8360655737704916
agent_id,AGT-EC4OBWIIR0,NPS,69,6.0,5.36231884057971
agent_id,AGT-1FE9KA8SIW,CES,18,3.0,2.7777777777777777
agent_id,AGT-2H7OTPEC6D,CES,16,2.5,2.5625
agent_id,AGT-NL92YNJI55,CES,26,3.0,2.769230769230769
agent_id,AGT-PMTS32C7KD,NPS,48,5.5,5.395833333333333
agent_id,AGT-TLFYB8CQW4,NPS,59,5.0,5.372881355932203
agent_id,AGT-E0B7SL6ZCI,CES,25,3.0,2.88
agent_id,AGT-67FCNFADT1,CES,20,3.0,2.8
agent_id,AGT-M261ILATNY,NPS,68,5.0,5.25
agent_id,AGT-IQ63VCBVSU,NPS,60,5.5,5.283333333333333
agent_id,AGT-56L27RI8NL,NPS,54,6.0,5.537037037037037
agent_id,AGT-MGX0DXFXS8,CSAT,114,3.0,2.789473684210526
agent_id,AGT-IEP2JM9BI7,CES,20,2.5,2.6
agent_id,AGT-K2XLL46WK8,NPS,63,5.0,5.317460317460317
agent_id,AGT-UK3JBLHXC6,NPS,67,6.0,5.2835820895522385
agent_id,AGT-R1TFEUGKSY,CES,13,3.0,2.769230769230769
agent_id,AGT-HSAKSDDKYK,NPS,54,5.5,5.203703703703703
agent_id,AGT-EDKK9VOD7F,CSAT,102,3.0,2.823529411764706
agent_id,AGT-YVWKQHAJE2,NPS,54,6.0,5.518518518518518
agent_id,AGT-ERRAQZDJDY,NPS,73,5.0,5.301369863013699
agent_id,AGT-ZQ5QQ96EUM,CES,21,3.0,2.9523809523809526
agent_id,AGT-YOH2XG6EXK,NPS,55,5.0,5.0181818181818185
agent_id,AGT-PK5PH38NS1,CES,26,3.0,2.8076923076923075
agent_id,AGT-P32K9GW5NX,CES,22,3.0,2.8181818181818183
agent_id,AGT-BQWKT3AVFQ,NPS,55,5.0,5.290909090909091
agent_id,AGT-OUFV7MHOLX,CSAT,120,3.0,2.808333333333333
agent_id,AGT-QJDRG08QEG,NPS,52,6.0,5.403846153846154
agent_id,AGT-9YREQYSI5H,CES,9,3.0,2.888888888888889
agent_id,AGT-E7AAXG6SU3,NPS,57,5.0,5.385964912280702
agent_id,AGT-HYDP944R1T,NPS,58,6.0,5.4655172413793105
agent_id,AGT-3XZPJ3T8CP,CES,20,2.5,2.65
agent_id,AGT-K79FA75TT6,NPS,58,6.0,5.103448275862069
agent_id,AGT-QXW4A78RH3,NPS,60,5.5,5.483333333333333
agent_id,AGT-FA9EKIAVXG,CES,16,3.0,2.625
agent_id,AGT-ZF4Q739XEZ,CES,28,3.0,2.7142857142857144
agent_id,AGT-GR5JJJRL3O,NPS,63,5.0,5.111111111111111
agent_id,AGT-B6R45B7BNQ,NPS,44,5.0,4.7727272727272725
agent_id,AGT-03D30TX4R9,NPS,56,6.0,5.5
agent_id,AGT-KQP4TBDPA5,CES,19,3.0,2.526315789473684
agent_id,AGT-EUWMU9A5O8,CES,23,3.0,2.6956521739130435
agent_id,AGT-4WZQ2M1A4U,CES,23,3.0,2.739130434782609
agent_id,AGT-A8I1YTWT37,CSAT,131,3.0,2.763358778625954
agent_id,AGT-W18EQQEXSG,NPS,49,6.0,5.26530612244898
agent_id,AGT-QU8T3PNBH6,CSAT,110,3.0,2.809090909090909
agent_id,AGT-7B0HRLOX7N,NPS,63,6.0,5.365079365079365
agent_id,AGT-V0731LP1QE,NPS,57,5.0,5.052631578947368
agent_id,AGT-B0WCQUOFHF,NPS,57,6.0,5.385964912280702
agent_id,AGT-RE07DENY5A,NPS,66,5.0,5.03030303030303
agent_id,AGT-1017M8ALDP,CSAT,116,3.0,2.706896551724138
agent_id,AGT-KU6FVZPQSV,NPS,61,6.0,5.327868852459017
agent_id,AGT-07DM6KZ1Y8,CES,13,2.0,2.4615384615384617
agent_id,AGT-NVXKQOY9ML,NPS,55,5.0,5.054545454545455
agent_id,AGT-SFTJNQ1CP3,CES,21,3.0,2.619047619047619
agent_id,AGT-K2UMII2DZE,CSAT,100,3.0,2.77
agent_id,AGT-ABK5SY60XE,CES,27,3.0,2.814814814814815
agent_id,AGT-A0349DE11K,CES,12,3.0,2.8333333333333335
agent_id,AGT-NB6AG6PT24,CES,20,2.5,2.45
agent_id,AGT-RZ4O8DO2E0,CES,18,3.0,2.9444444444444446
agent_id,AGT-09L5Z8WQAS,CES,17,3.0,2.5294117647058822
agent_id,AGT-IN5R647MZH,NPS,56,5.0,5.339285714285714
agent_id,AGT-GBHL3XZPKH,CES,23,3.0,2.608695652173913
agent_id,AGT-MV1S3NK1UZ,CSAT,107,3.0,2.8130841121495327
agent_id,AGT-8GZ4DPZ9DX,CES,14,3.0,2.7142857142857144
agent_id,AGT-7HUT4X997D,CES,31,3.0,2.5483870967741935
agent_id,AGT-48C3QHNTB7,CES,22,3.0,3.0
agent_id,AGT-H4EMIUP105,NPS,52,6.0,5.269230769230769
agent_id,AGT-DYB0RQQGNC,CES,14,3.0,2.7142857142857144
agent_id,AGT-6RVQHDLYE5,CES,21,3.0,2.857142857142857
agent_id,AGT-KE99505Y43,CES,19,3.0,2.6842105263157894
agent_id,AGT-BEKYT6UXHH,CES,19,3.0,2.736842105263158
agent_id,AGT-06AWFQDRXK,CES,22,3.0,2.590909090909091
agent_id,AGT-OPWHZ8YA2C,CES,20,3.0,2.8
agent_id,AGT-9XK11HDKY2,NPS,51,5.0,5.078431372549019
agent_id,AGT-FDYIW6O3N8,CES,20,3.0,2.65
agent_id,AGT-BT05WAA543,CES,10,3.0,3.1
agent_id,AGT-FJRKLZU2YC,CES,16,3.0,2.875
agent_id,AGT-BRE55A738K,CES,20,3.0,2.85
agent_id,AGT-OHDGRCT0SL,CES,20,3.0,2.8
agent_id,AGT-OJD399EZD8,CES,20,3.0,2.95
agent_id,AGT-5DKACXORKL,CES,29,3.0,2.8275862068965516
agent_id,AGT-UV811V1O91,CES,27,3.0,2.888888888888889
agent_id,AGT-799UGSN0G6,CES,19,3.0,2.6842105263157894
agent_id,AGT-TNY667JLTI,CES,13,3.0,2.8461538461538463
agent_id,AGT-7XMY5AHEK5,CES,18,2.5,2.5555555555555554
agent_id,AGT-I0RSC4IGXZ,NPS,80,6.0,5.5625
agent_id,AGT-HEH0YAS7ZQ,CSAT,104,3.0,2.855769230769231
agent_id,AGT-RQYFERL0UI,NPS,59,6.0,5.305084745762712
agent_id,AGT-7XQCZE73IH,CES,23,3.0,2.6956521739130435
agent_id,AGT-NFSVCZ54H9,CES,22,3.0,2.727272727272727
agent_id,AGT-UPO580RUGH,NPS,49,5.0,5.326530612244898
agent_id,AGT-PI0J3ZNGEF,CES,14,3.0,2.642857142857143
agent_id,AGT-3LD55SM258,CES,16,3.0,3.0625
agent_id,AGT-PI0J3ZNGEF,NPS,57,5.0,5.192982456140351
agent_id,AGT-3J626YP5SB,CSAT,102,3.0,2.803921568627451
agent_id,AGT-V3V3K8X0W2,CES,16,2.0,2.25
agent_id,AGT-YDA73BIP0J,CES,21,3.0,2.7142857142857144
agent_id,AGT-RQYFERL0UI,CES,16,3.0,2.9375
agent_id,AGT-14RK669CGW,NPS,44,6.0,5.25
agent_id,AGT-4IHMG1WJMD,NPS,61,6.0,5.377049180327869
agent_id,AGT-GQXD9Y0S4T,CES,30,3.0,2.7
agent_id,AGT-AV2TPW9VGR,CES,24,3.0,2.8333333333333335
agent_id,AGT-ZGEFMIKG5G,CES,14,3.0,3.0
agent_id,AGT-C0S7V2IHHG,CES,29,3.0,2.8275862068965516
agent_id,AGT-1K3OXCN0Y0,CES,18,3.0,2.6666666666666665
agent_id,AGT-Z8JR0B77VI,NPS,43,5.0,5.093023255813954
agent_id,AGT-WMZQ3MHDUK,NPS,53,6.0,5.471698113207547
agent_id,AGT-F9WI50IQUB,CES,24,3.0,2.6666666666666665
agent_id,AGT-BA5KT5UAR7,CES,23,2.0,2.4347826086956523
agent_id,AGT-RA3DSUKQ7L,CES,14,3.0,2.7857142857142856
agent_id,AGT-5RHY2PG248,CES,14,3.0,2.857142857142857
agent_id,AGT-4FZILKK4KX,NPS,62,6.0,5.370967741935484
agent_id,AGT-3BOF66WDWZ,NPS,72,5.0,5.25
agent_id,AGT-2VV2VCM1M0,CES,11,3.0,2.6363636363636362
agent_id,AGT-TO6C4N5ZBE,CES,24,3.0,2.7916666666666665
agent_id,AGT-V96WLTZ7C2,NPS,67,6.0,5.432835820895522
agent_id,AGT-HXJTIF9ZMH,CES,23,3.0,2.782608695652174
agent_id,AGT-YTNF7NSA1L,NPS,57,6.0,5.456140350877193
agent_id,AGT-AD4M9HXT2A,NPS,64,5.5,5.34375
agent_id,AGT-1999NR0BNU,NPS,62,5.0,5.064516129032258
agent_id,AGT-K5E9XE6DZU,NPS,55,6.0,5.1454545454545455
agent_id,AGT-5JI29B48WM,NPS,45,6.0,5.5777777777777775
agent_id,AGT-7XS8GUBKR1,CES,18,3.0,3.1666666666666665
agent_id,AGT-OH0WV42QJM,CES,24,3.0,2.7083333333333335
agent_id,AGT-TKG71FXFEZ,NPS,58,6.0,5.586206896551724
agent_id,AGT-X9QPDHK7C4,NPS,49,5.0,4.877551020408164
agent_id,AGT-HYDP944R1T,CES,27,3.0,2.962962962962963
agent_id,AGT-5CPTBAUR6F,CES,17,3.0,2.588235294117647
agent_id,AGT-G4VQ2XMN69,NPS,57,6.0,5.4035087719298245
agent_id,AGT-6Z6COALO6M,CES,33,3.0,2.696969696969697
agent_id,AGT-Z1J3VFKRTZ,CES,18,3.0,2.7222222222222223
agent_id,AGT-UF8UI4UA1B,NPS,67,5.0,5.074626865671642
agent_id,AGT-OHDGRCT0SL,NPS,65,6.0,5.4
agent_id,AGT-54VUKA8638,CES,19,3.0,2.6842105263157894
agent_id,AGT-NQ72Y207T6,NPS,59,5.0,5.203389830508475
agent_id,AGT-BUE4IHI1P1,CSAT,103,3.0,2.737864077669903
agent_id,AGT-BQKJV90OIO,CES,20,3.0,2.65
agent_id,AGT-EBM3J7XZ6E,NPS,57,5.0,5.0
agent_id,AGT-VAGLG3O4LB,CES,16,3.0,2.875
agent_id,AGT-7PA84MWEHW,CES,18,2.5,2.5555555555555554
agent_id,AGT-MCGNTSXO28,NPS,54,5.5,5.351851851851852
agent_id,AGT-KUIILLCOPA,CES,12,3.0,2.6666666666666665
agent_id,AGT-1ZSO508WOH,CES,13,3.0,3.076923076923077
agent_id,AGT-5J9V220I1K,NPS,53,5.0,5.056603773584905
agent_id,AGT-43DO0TIZK2,NPS,61,6.0,5.524590163934426
agent_id,AGT-SHC2ZWX53S,NPS,56,5.0,5.303571428571429
agent_id,AGT-4BISGJA4OM,CES,26,3.0,2.923076923076923
agent_id,AGT-IW5KO2V0J3,NPS,56,6.0,5.553571428571429
agent_id,AGT-HHZLM4XXDJ,CES,17,3.0,2.588235294117647
agent_id,AGT-4V9XEWH73V,NPS,63,6.0,5.396825396825397
agent_id,AGT-Y8VCCG4114,CSAT,121,3.0,2.793388429752066
agent_id,AGT-HXJTIF9ZMH,NPS,53,6.0,5.264150943396227
agent_id,AGT-MVYH7DKNEH,NPS,72,5.0,5.069444444444445
agent_id,AGT-1283BYB67Y,CES,17,3.0,2.8823529411764706
agent_id,AGT-TJ0RZV4GUF,NPS,63,5.0,5.253968253968254
agent_id,AGT-8S2BFYRBVR,CES,22,3.0,2.727272727272727
agent_id,AGT-9WKZ1BVX91,NPS,57,5.0,5.315789473684211
agent_id,AGT-VQEQ59AZXS,CES,13,3.0,2.6923076923076925
agent_id,AGT-9C6BRHB25D,NPS,50,5.0,5.2
agent_id,AGT-0FULA5JB42,CES,19,3.0,2.473684210526316
agent_id,AGT-64T08W0ODF,NPS,63,5.0,5.26984126984127
agent_id,AGT-UOZ8AQRBQL,CES,16,3.0,2.875
agent_id,AGT-QXW4A78RH3,CES,19,3.0,2.6842105263157894
agent_id,AGT-PMTS32C7KD,CES,25,3.0,2.84
agent_id,AGT-8OAKZ8LMXA,CES,28,3.0,2.7857142857142856
agent_id,AGT-RVO9NVMTEP,NPS,58,6.0,5.603448275862069
agent_id,AGT-GR7KN03J41,CES,13,3.0,2.5384615384615383
agent_id,AGT-QYLO3MENQW,CES,22,3.0,2.8181818181818183
agent_id,AGT-GEHE8V9YO8,CES,19,3.0,2.9473684210526314
agent_id,AGT-Y8FJ2RWP4X,CES,22,3.0,2.8181818181818183
agent_id,AGT-57TC8S3DE3,NPS,67,6.0,5.462686567164179
agent_id,AGT-TRV7Z7UODY,NPS,47,6.0,5.361702127659575
agent_id,AGT-P7UOO1A7J0,NPS,51,6.0,5.235294117647059
agent_id,AGT-NUS3RT0T0E,CES,27,3.0,2.6666666666666665
agent_id,AGT-GR7KN03J41,NPS,43,5.0,5.069767441860465
agent_id,AGT-7UKL3VB0OR,CES,17,3.0,2.8823529411764706
agent_id,AGT-PL88YJFM3Q,NPS,60,6.0,5.45
agent_id,AGT-DXPI435GIT,NPS,59,6.0,5.491525423728813
agent_id,AGT-7928OR6G55,CES,20,3.0,2.5
agent_id,AGT-60O1TBJA6T,CES,16,3.0,2.75
agent_id,AGT-WRGIA5DDCB,CES,24,3.0,2.75
agent_id,AGT-GY37ZFJ5DC,CES,19,3.0,3.1052631578947367
agent_id,AGT-V0731LP1QE,CES,19,3.0,2.8421052631578947
agent_id,AGT-JUB6V7KWTH,CES,20,2.5,2.45
agent_id,AGT-V879G2OOFG,CES,19,3.0,2.789473684210526
agent_id,AGT-UPO580RUGH,CES,21,3.0,2.7142857142857144
agent_id,AGT-666STA5YEK,CES,22,3.0,2.9545454545454546
agent_id,AGT-I1ZHCVFEX1,CES,20,3.0,2.7
agent_id,AGT-E46F2FQTOO,CSAT,111,3.0,2.810810810810811
agent_id,AGT-MZOYQF5IHG,CES,25,3.0,2.76
agent_id,AGT-0965QQ774G,NPS,62,5.5,5.209677419354839
agent_id,AGT-DTKGR8AYST,CES,20,3.0,2.75
agent_id,AGT-JCQPNEURE8,CES,16,3.0,2.875
agent_id,AGT-MC2QXB1BML,CES,20,3.0,2.9
agent_id,AGT-5JI29B48WM,CES,21,3.0,2.6666666666666665
agent_id,AGT-YIGWTTH6CK,CES,18,3.0,2.888888888888889
agent_id,AGT-BGQP8SBV4K,CES,13,3.0,2.769230769230769
agent_id,AGT-E0B7SL6ZCI,NPS,56,5.0,4.964285714285714
agent_id,AGT-0QS3PWRJNI,CES,20,3.0,2.95
agent_id,AGT-INOBA0VR4Q,CES,22,3.0,2.6818181818181817
agent_id,AGT-NL92YNJI55,NPS,64,6.0,5.1875
agent_id,AGT-155PP3L6XE,NPS,48,6.0,5.25
agent_id,AGT-GDP9DDIZFP,CES,20,3.0,2.7
agent_id,AGT-I94LJIR7DW,CES,9,3.0,2.7777777777777777
agent_id,AGT-E7AAXG6SU3,CES,17,3.0,2.588235294117647
agent_id,AGT-1LZC3FE0Y5,NPS,55,6.0,5.2
agent_id,AGT-T74I7TF58R,NPS,50,5.0,4.88
agent_id,AGT-K2XLL46WK8,CES,14,3.0,2.642857142857143
agent_id,AGT-995PFQJVX6,CES,19,3.0,2.8421052631578947
agent_id,AGT-5ANM4NA6WN,CES,14,3.0,2.857142857142857
agent_id,AGT-PKWCHKMDDW,NPS,58,6.0,5.379310344827586
agent_id,AGT-W2NEJNXW3S,CES,18,3.0,2.7777777777777777
agent_id,AGT-G0U5QILT5N,CES,19,3.0,2.8421052631578947
agent_id,AGT-DFWMTQOSYP,NPS,55,5.0,5.254545454545455
agent_id,AGT-RQSUHLTDIN,NPS,62,5.0,5.258064516129032
agent_id,AGT-MONXUP4C6Q,NPS,55,6.0,5.545454545454546
agent_id,AGT-7B0HRLOX7N,CES,15,3.0,2.6666666666666665
agent_id,AGT-027UBQ07RA,CSAT,108,3.0,2.740740740740741
agent_id,AGT-AD4M9HXT2A,CES,20,3.0,3.05
agent_id,AGT-4NKRIH3LRB,CES,23,3.0,2.782608695652174
agent_id,AGT-VPGMWBYXFI,CES,25,3.0,2.52
agent_id,AGT-BSQ85EHHBB,CES,22,3.0,2.909090909090909
agent_id,AGT-DHXTM6VCSZ,CES,21,3.0,3.0
agent_id,AGT-QFLBYTE30X,NPS,59,6.0,5.6440677966101696
agent_id,AGT-8UCMD0TC8H,NPS,56,6.0,5.125
agent_id,AGT-NN9QB41DVS,CES,26,3.0,2.8076923076923075
agent_id,AGT-KLMNE0JCP7,CES,19,3.0,2.9473684210526314
agent_id,AGT-30WK4O4H1B,CES,20,3.0,2.7
agent_id,AGT-I080XG5YVQ,CES,12,3.0,2.75
agent_id,AGT-KUIILLCOPA,NPS,51,6.0,5.372549019607843
agent_id,AGT-78UF97BVDP,CES,16,3.0,2.75
agent_id,AGT-G4VQ2XMN69,CES,24,3.0,3.0416666666666665
agent_id,AGT-IQ6LUGCFV9,NPS,68,6.0,5.4411764705882355
agent_id,AGT-4O6EXPVV7F,CES,25,3.0,2.8
agent_id,AGT-592VGF7W61,NPS,52,5.0,5.019230769230769
agent_id,AGT-KU6FVZPQSV,CES,21,3.0,2.8095238095238093
agent_id,AGT-Z5RWNRU08X,CES,16,3.0,2.875
agent_id,AGT-DWXSXT9OP1,CES,25,3.0,2.76
agent_id,AGT-Z2ZCLZ4UQA,NPS,60,5.0,5.266666666666667
agent_id,AGT-8F824H7DN8,CES,19,3.0,2.736842105263158
agent_id,AGT-ZF4Q739XEZ,NPS,54,6.0,5.296296296296297
agent_id,AGT-J639PQ85HC,CES,17,3.0,3.176470588235294
agent_id,AGT-4VH0KX1M7P,NPS,55,5.0,5.036363636363636
agent_id,AGT-5TL2B7ELKV,CES,14,3.0,3.0
agent_id,AGT-ZKZMQJ4VSL,NPS,63,5.0,5.095238095238095
agent_id,AGT-T0RCZNZEMA,NPS,54,5.0,5.111111111111111
agent_id,AGT-03BKII7RPZ,CES,21,3.0,2.5714285714285716
agent_id,AGT-HVLXTQA5YL,CES,15,3.0,2.8
agent_id,AGT-PEDK01MCRV,CES,17,3.0,2.823529411764706
agent_id,AGT-ABUH5G23QO,CES,20,3.0,2.8
agent_id,AGT-P4V46JOBFM,CES,17,3.0,2.8823529411764706
agent_id,AGT-VNPM17YQ4J,CES,17,3.0,2.7058823529411766
agent_id,AGT-ZVS0XWYET1,NPS,51,6.0,5.470588235294118
agent_id,AGT-UCOAAM33Z5,CES,19,3.0,3.0
agent_id,AGT-Y01RTJUOQJ,NPS,42,6.0,5.428571428571429
agent_id,AGT-YEHDH59WDI,CES,17,3.0,2.588235294117647
agent_id,AGT-BHMTTUAA05,NPS,61,5.0,5.344262295081967
agent_id,AGT-3VDTAI6D17,CES,16,3.0,2.5625
agent_id,AGT-UK3JBLHXC6,CES,13,3.0,2.5384615384615383
agent_id,AGT-VPRRBWIF1D,CES,25,3.0,2.84
agent_id,AGT-ERRAQZDJDY,CES,17,3.0,2.764705882352941
agent_id,AGT-MV9CYF5934,NPS,52,6.0,5.519230769230769
agent_id,AGT-4BMBYKYFDX,CES,17,3.0,2.6470588235294117
agent_id,AGT-SHC2ZWX53S,CES,21,3.0,2.619047619047619
agent_id,AGT-V9MAWPQ7HZ,CES,19,3.0,2.8947368421052633
agent_id,AGT-3F5II193NQ,CES,15,3.0,2.8
agent_id,AGT-PSARAEWNDG,CES,13,3.0,2.923076923076923
agent_id,AGT-BNRGY5W9D6,CES,19,3.0,2.9473684210526314
agent_id,AGT-EXQ8KX7MBM,CES,20,3.0,2.6
agent_id,AGT-MG70CMDJPJ,CES,23,3.0,2.9565217391304346
agent_id,AGT-W4NDMPHQU7,CES,18,3.0,2.888888888888889
agent_id,AGT-C7L9UKCI6Z,CES,20,3.0,2.85
agent_id,AGT-UKNCM0RXY5,CES,25,3.0,2.88
agent_id,AGT-J05KMZT48E,CES,20,3.0,2.85
agent_id,AGT-BQWKT3AVFQ,CES,11,3.0,2.8181818181818183
agent_id,AGT-3XH8D0QLBH,CES,20,3.0,2.95
agent_id,AGT-BV7L3GQC9A,CES,15,3.0,2.8
agent_id,AGT-R5961LOEMU,CES,22,3.0,2.8636363636363638
agent_id,AGT-Q0FNFY8G5L,CES,13,3.0,2.6153846153846154
agent_id,AGT-9GUU6STJO8,CES,16,3.0,2.8125
agent_id,AGT-6EUQGZ68XW,CES,24,3.0,3.0416666666666665
agent_id,AGT-TJ0RZV4GUF,CES,22,3.0,2.6818181818181817
agent_id,AGT-YXM23BG3PR,CES,11,3.0,2.6363636363636362
agent_id,AGT-8UCMD0TC8H,CES,19,3.0,2.736842105263158
agent_id,AGT-YTNF7NSA1L,CES,15,3.0,2.933333333333333
agent_id,AGT-9WIE6SB1MJ,CES,25,3.0,2.88
agent_id,AGT-VDMGGUDE0K,CES,17,3.0,2.764705882352941
agent_id,AGT-RM928J5EOG,CES,20,3.0,2.8
agent_id,AGT-U51WZ1NTS8,CES,14,3.0,2.7142857142857144
agent_id,AGT-HGVZ3WILY5,CES,19,3.0,2.6315789473684212
agent_id,AGT-1PCJWOWJBX,CES,19,3.0,2.473684210526316
agent_id,AGT-ZCZWPFNLF1,CES,20,3.0,2.5
agent_id,AGT-14RK669CGW,CES,20,3.0,2.65
agent_id,AGT-4IHMG1WJMD,CES,16,3.0,2.8125
agent_id,AGT-ZAYJ41JB3A,CES,21,3.0,2.6666666666666665
agent_id,AGT-904VY7KN6S,CES,20,3.0,2.65
agent_id,AGT-1DX9VKAHY8,CES,19,3.0,2.8421052631578947
agent_id,AGT-QZGRW0TABQ,CES,21,3.0,2.7142857142857144
agent_id,AGT-8NM2UHJMKP,CES,22,3.0,2.909090909090909
agent_id,AGT-7YEN4DGX91,CES,20,2.0,2.5
agent_id,AGT-WCPI68FFI5,CES,12,3.0,3.0
agent_id,AGT-XODIBGCD8U,CES,18,3.0,2.888888888888889
agent_id,AGT-1YCIZJAO9N,CES,19,3.0,2.6315789473684212
agent_id,AGT-RVAZ2ERIA8,CES,21,2.0,2.4761904761904763
agent_id,AGT-XVCQFDZIIN,CES,24,3.0,2.75
agent_id,AGT-3Z0BAXO1P6,CES,21,3.0,2.761904761904762
agent_id,AGT-KCVV5R760L,CES,19,3.0,2.9473684210526314
agent_id,AGT-4O6EXPVV7F,NPS,50,6.0,5.68
agent_id,AGT-KU17P6Y4EJ,CES,18,3.0,2.611111111111111
agent_id,AGT-JPMUUWJV12,CES,16,3.0,3.0
agent_id,AGT-NFSVCZ54H9,NPS,53,5.0,5.39622641509434
agent_id,AGT-61QIQHSI3I,CES,13,2.0,2.4615384615384617
agent_id,AGT-MV9CYF5934,CES,18,3.0,2.5555555555555554
agent_id,AGT-1HI8LTU9QQ,CES,19,3.0,2.6842105263157894
agent_id,AGT-FY0JTX0WX4,CES,25,3.0,2.68
agent_id,AGT-KNAQ0H42S9,CES,17,3.0,2.8823529411764706
agent_id,AGT-OXGDKDP90E,CES,23,3.0,2.9565217391304346
agent_id,AGT-XN0ST1JQ9M,NPS,51,5.0,4.980392156862745
agent_id,AGT-M261ILATNY,CES,18,3.0,2.7777777777777777
agent_id,AGT-CWR8ILK22F,CES,20,3.0,2.9
agent_id,AGT-P6O3UZFIER,CES,16,3.0,2.9375
agent_id,AGT-YXSFAWZ23E,CES,15,3.0,2.7333333333333334
agent_id,AGT-CEPAD7FLHM,CES,19,3.0,2.736842105263158
agent_id,AGT-DXPI435GIT,CES,25,3.0,2.8
agent_id,AGT-VM8IH2LFKP,CES,14,3.0,2.9285714285714284
agent_id,AGT-S2ST06ZN2V,CES,14,3.0,2.857142857142857
agent_id,AGT-LLYOVI82UI,CES,18,3.0,2.7777777777777777
agent_id,AGT-J65U3Y7UPF,CES,18,3.0,2.6666666666666665
agent_id,AGT-Y8O10JEBE3,CES,18,3.0,3.0
agent_id,AGT-JNY9R22CQM,CES,22,3.0,2.727272727272727
agent_id,AGT-IW5KO2V0J3,CES,21,3.0,2.619047619047619
agent_id,AGT-DIG702C4OF,CES,25,3.0,2.72
agent_id,AGT-WTHHY9FLGT,CES,21,3.0,2.5238095238095237
agent_id,AGT-K2ZF1JO9HT,CES,30,3.0,2.8
agent_id,AGT-42595PIZVY,CES,23,3.0,2.9130434782608696
agent_id,AGT-FKUWKRVKJI,CES,14,3.0,2.7857142857142856
agent_id,AGT-P6MGML9D12,CES,18,3.0,2.7222222222222223
agent_id,AGT-H4EMIUP105,CES,19,3.0,2.736842105263158
agent_id,AGT-Q1CPMXVTZC,CES,20,3.0,2.7
agent_id,AGT-I54H5N8EAF,CES,20,3.0,2.85
agent_id,AGT-TRV7Z7UODY,CES,19,3.0,2.789473684210526
agent_id,AGT-PB69L1LNLH,CES,22,3.0,2.727272727272727
agent_id,AGT-UKNCM0RXY5,NPS,57,5.0,5.350877192982456
agent_id,AGT-EDV4G21PUV,CES,20,3.0,2.55
agent_id,AGT-KV4EE4USMU,CES,20,3.0,2.8
agent_id,AGT-AG11M1NVUG,CES,16,3.0,2.75
agent_id,AGT-E2Y5OZOV43,CES,11,3.0,2.6363636363636362
agent_id,AGT-QFOUTLLR71,CES,15,3.0,2.6666666666666665
agent_id,AGT-MQMVGK3ALG,CES,19,3.0,2.789473684210526
agent_id,AGT-L3EZA710VC,CES,7,3.0,2.857142857142857
agent_id,AGT-O8NXZF1HJ6,CES,25,3.0,2.56
agent_id,AGT-ILZ3O4HNJ7,CES,16,3.0,2.75
agent_id,AGT-UKN1ENEVJZ,CES,14,3.0,2.642857142857143
agent_id,AGT-HSAKSDDKYK,CES,17,3.0,2.7058823529411766
agent_id,AGT-YVWKQHAJE2,CES,22,3.0,2.772727272727273
agent_id,AGT-Z8YFQBMTYZ,CES,18,3.0,2.888888888888889
agent_id,AGT-GJ089YSJS0,CES,14,3.0,2.5714285714285716
agent_id,AGT-L84W3K4FHJ,CES,18,3.0,2.7222222222222223
agent_id,AGT-RUM2D9N4DH,CES,28,3.0,2.642857142857143
agent_id,AGT-ZGQ4FYLRK2,CES,13,3.0,2.769230769230769
agent_id,AGT-I0RSC4IGXZ,CES,15,3.0,2.533333333333333
agent_id,AGT-X775H4RLEY,CES,29,3.0,2.896551724137931
agent_id,AGT-LZE1XD1GMT,CES,26,3.0,2.8461538461538463
agent_id,AGT-4VH0KX1M7P,CES,17,3.0,2.588235294117647
agent_id,AGT-OST7AX31MF,CES,14,3.0,2.7857142857142856
agent_id,AGT-1QBYEZ82IZ,CES,16,2.5,2.625
agent_id,AGT-2L5LSHTVB9,CES,16,3.0,2.8125
agent_id,AGT-N0HJHS1DBA,CES,18,3.0,2.8333333333333335
agent_id,AGT-VEXQ0NMZLH,CES,15,3.0,3.0
agent_id,AGT-V39THPGBQ7,CES,18,3.0,2.9444444444444446
agent_id,AGT-3CCCN8NLW2,CES,21,3.0,3.0952380952380953
agent_id,AGT-0965QQ774G,CES,18,3.0,2.6666666666666665
agent_id,AGT-43DO0TIZK2,CES,25,3.0,2.68
agent_id,AGT-A2SCD6YQWM,CES,15,3.0,2.6
agent_id,AGT-5TDOITKK8V,CES,24,3.0,2.9583333333333335
agent_id,AGT-WMZQ3MHDUK,CES,16,3.0,2.75
agent_id,AGT-9XK11HDKY2,CES,18,3.0,2.888888888888889
agent_id,AGT-6RJU5Z1O8U,CES,15,3.0,2.8
agent_id,AGT-0HSFPWDJF1,CES,14,3.0,2.7857142857142856
agent_id,AGT-RFSAWCKQ3R,CES,11,2.0,2.4545454545454546
agent_id,AGT-K79FA75TT6,CES,15,3.0,2.6666666666666665
agent_id,AGT-0ZKRYC3TIP,CES,14,3.0,2.5714285714285716
agent_id,AGT-HX94J4BGWF,CES,17,3.0,2.823529411764706
agent_id,AGT-EKYTTPV65Q,CES,18,3.0,2.888888888888889
agent_id,AGT-SYVTKOYKRR,CES,8,3.0,3.0
agent_id,AGT-6R937GMSL6,CES,22,3.0,2.6818181818181817
agent_id,AGT-JPATDOZLSQ,CES,13,3.0,3.3076923076923075
agent_id,AGT-4XB5JSV7Y6,CES,18,3.0,2.7222222222222223
agent_id,AGT-12AFACXPXI,CES,19,3.0,2.8421052631578947
agent_id,AGT-K5E9XE6DZU,CES,24,3.0,2.9166666666666665
agent_id,AGT-IQ6LUGCFV9,CES,10,3.0,2.9
agent_id,AGT-CEXEFAB9WX,CES,11,3.0,2.5454545454545454
agent_id,AGT-PTQZV7ISVY,CES,13,3.0,2.8461538461538463
agent_id,AGT-WHFAP66CQ9,CES,17,3.0,2.823529411764706
agent_id,AGT-FA8XFVJ1ZU,CES,16,3.0,2.8125
agent_id,AGT-FK6MI05PO5,CES,18,3.0,2.8333333333333335
agent_id,AGT-NQ72Y207T6,CES,12,3.0,2.75
agent_id,AGT-VHAI3QYV8U,CES,14,3.0,2.857142857142857
agent_id,AGT-6ZZW9BKBOC,CES,19,3.0,2.789473684210526
agent_id,AGT-8K2B7GS404,CES,13,3.0,2.923076923076923
agent_id,AGT-838PIT9Q4L,CES,15,2.0,2.7333333333333334
agent_id,AGT-V5U9CYHX0U,CES,21,3.0,2.761904761904762
agent_id,AGT-OVOS9HYAAX,CES,16,3.0,2.6875
agent_id,AGT-2D9REX8DAW,CES,15,3.0,2.7333333333333334
agent_id,AGT-GX1XLRMUAS,CES,17,3.0,2.764705882352941
agent_id,AGT-6NAZTH7M7Q,CES,16,3.0,2.75
agent_id,AGT-Z2ZCLZ4UQA,CES,16,3.0,2.8125
agent_id,AGT-CG3PF9BZHZ,CES,15,2.0,2.4
agent_id,AGT-DFWMTQOSYP,CES,7,3.0,2.7142857142857144
agent_id,AGT-9XS8S3F6F9,CES,13,3.0,2.8461538461538463
