variable,category,interactions,with_child,coverage_pct,pct_with_group,pct_without_group
contact_reason,Transaccional,240056,74532,31.047755523711135,35.031185519766495,34.95481873644509
contact_reason,Producto,150863,46566,30.8664152244089,21.88673569625727,22.025100467334127
contact_reason,Queja,117021,36357,31.068782526213244,17.0883487890054,17.034360567389665
contact_reason,Técnico,102899,31802,30.9060340722456,14.947428780921136,15.01403269438291
contact_reason,Comercial,54879,17147,31.24510286266149,8.059353540860787,7.968120759307087
contact_reason,Retención,20578,6355,30.88249586937506,2.9869476731889133,3.003566775141119
channel,Phone,583250,180908,31.017231033004716,85.02954046597324,84.96527198508248
channel,Email,27543,8422,30.5776422321461,3.958469441950752,4.037910448391572
channel,App,26364,8202,31.1106053709604,3.8550660606601834,3.835391954588554
channel,WhatsApp,22888,7110,31.064313177210767,3.3418092771633634,3.3319466060730205
channel,Web Chat,22856,7038,30.792789639481974,3.3079681705591772,3.340393675678986
channel,Web,3395,1079,31.782032400589102,0.5071465836932868,0.4890853301853921
detected_sentiment,Neutral,459712,142392,30.974175135737156,66.92642849421176,67.01060318412289
detected_sentiment,Negativo,94322,29276,31.038357965267913,13.760169957557611,13.736202239740505
detected_sentiment,Positivo,75562,23493,31.09102458907917,11.042071075724175,10.995761682825206
detected_sentiment,Muy Negativo,37727,11709,31.036127972009435,5.503409961505741,5.494396425200143
detected_sentiment,Muy Positivo,18973,5889,31.038844674010434,2.76792051100071,2.7630364681112565
agent_id,AGT-I0RSC4IGXZ,707,225,31.824611032531823,0.10575345813808111,0.10178718875188211
agent_id,AGT-67FCNFADT1,707,233,32.95615275813296,0.10951358109410178,0.10009777483068905
agent_id,AGT-N0HJHS1DBA,707,183,25.884016973125885,0.08601281261897264,0.1106566118381457
agent_id,AGT-95LE7E26SA,705,221,31.347517730496453,0.10387339666007078,0.10220954223218037
agent_id,AGT-IEP2JM9BI7,701,200,28.530670470756064,0.09400307390051654,0.10579954681471564
agent_id,AGT-T6G3XMAHRJ,700,218,31.142857142857142,0.10246335055156304,0.10178718875188211
agent_id,AGT-MVYH7DKNEH,699,234,33.47639484978541,0.10998359646360437,0.09819718416934685
agent_id,AGT-WRGIA5DDCB,696,225,32.327586206896555,0.10575345813808111,0.09946424461024166
agent_id,AGT-K2ZF1JO9HT,696,208,29.885057471264368,0.09776319685653721,0.1030542491927769
agent_id,AGT-RM928J5EOG,694,196,28.24207492795389,0.09212301242250621,0.10516601659426825
agent_id,AGT-FU9KBINBYD,693,212,30.59163059163059,0.09964325833454754,0.10157601201173298
agent_id,AGT-PLUMVDKU8D,692,194,28.034682080924856,0.09118298168350104,0.10516601659426825
agent_id,AGT-Y8C36091GU,692,191,27.601156069364162,0.0897729355749933,0.10579954681471564
agent_id,AGT-1QBYEZ82IZ,692,215,31.069364161849713,0.10105330444305528,0.10073130505113645
agent_id,AGT-Z1FRSK9T0T,692,228,32.947976878612714,0.10716350424658887,0.09798600742919772
agent_id,AGT-A7BR2H7CSS,690,213,30.869565217391305,0.10011327370405013,0.10073130505113645
agent_id,AGT-8FD0HKHTXZ,690,237,34.34782608695652,0.11139364257211211,0.09566306328755725
agent_id,AGT-XJKBDG6BI7,689,216,31.34978229317852,0.10152331981255787,0.09988659809053992
agent_id,AGT-OOEUK3E94D,689,196,28.447024673439767,0.09212301242250621,0.10411013289352257
agent_id,AGT-UJBX94QGQH,688,204,29.651162790697676,0.09588313537852688,0.10220954223218037
agent_id,AGT-2MHKH3YW3K,688,228,33.13953488372093,0.10716350424658887,0.09714130046860119
agent_id,AGT-QIMNAGJGTW,687,218,31.73216885007278,0.10246335055156304,0.09904189112994338
agent_id,AGT-ABK5SY60XE,687,201,29.25764192139738,0.09447308927001913,0.10263189571247865
agent_id,AGT-ZVJM1G7IC2,687,206,29.985443959243085,0.09682316611753204,0.10157601201173298
agent_id,AGT-R03JWT0EJ6,686,232,33.819241982507286,0.1090435657245992,0.09587424002770639
agent_id,AGT-6NK9TIEVN9,685,191,27.883211678832115,0.0897729355749933,0.10432130963367171
agent_id,AGT-IX2KM1T4I7,684,213,31.140350877192983,0.10011327370405013,0.09946424461024166
agent_id,AGT-5ANM4NA6WN,684,224,32.748538011695906,0.10528344276857854,0.09714130046860119
agent_id,AGT-3CCCN8NLW2,683,219,32.064421669106885,0.10293336592106563,0.09798600742919772
agent_id,AGT-RUM2D9N4DH,682,234,34.3108504398827,0.10998359646360437,0.09460717958681159
agent_id,AGT-NB6AG6PT24,679,194,28.571428571428573,0.09118298168350104,0.10242071897232952
agent_id,AGT-DIG702C4OF,679,201,29.60235640648012,0.09447308927001913,0.10094248179128558
agent_id,AGT-70FM5VSQNA,679,225,33.13696612665685,0.10575345813808111,0.09587424002770639
agent_id,AGT-9FZV5Z7FAG,678,192,28.31858407079646,0.09024295094449589,0.10263189571247865
agent_id,AGT-1ASM7PTCSR,677,209,30.87149187592319,0.0982332122260398,0.09883071438979425
agent_id,AGT-Y9F01ICSEJ,677,222,32.7917282127031,0.10434341202957337,0.09608541676785552
agent_id,AGT-5TL2B7ELKV,676,205,30.325443786982248,0.09635315074802946,0.09946424461024166
agent_id,AGT-ELV4R7G13O,676,222,32.84023668639053,0.10434341202957337,0.09587424002770639
agent_id,AGT-FDYIW6O3N8,676,208,30.76923076923077,0.09776319685653721,0.09883071438979425
agent_id,AGT-L4OQ0ZUN5H,675,213,31.555555555555557,0.10011327370405013,0.09756365394889946
agent_id,AGT-DD88NRIADN,675,215,31.85185185185185,0.10105330444305528,0.09714130046860119
agent_id,AGT-1HI8LTU9QQ,674,218,32.34421364985163,0.10246335055156304,0.09629659350800465
agent_id,AGT-7XMY5AHEK5,674,199,29.525222551928785,0.09353305853101396,0.10030895157083818
agent_id,AGT-CJHWID6B7W,674,211,31.305637982195847,0.09917324296504496,0.09777483068904859
agent_id,AGT-VQEQ59AZXS,673,211,31.352154531946507,0.09917324296504496,0.09756365394889946
agent_id,AGT-459G86OLPM,673,189,28.083209509658246,0.08883290483598813,0.10220954223218037
agent_id,AGT-XFI8BBQDEY,673,224,33.283803863298665,0.10528344276857854,0.09481835632696073
agent_id,AGT-2GCBYGGPO4,672,198,29.464285714285715,0.09306304316151139,0.10009777483068905
agent_id,AGT-CL1ZPNLJ7U,672,194,28.86904761904762,0.09118298168350104,0.10094248179128558
agent_id,AGT-N2UN9U0TIY,672,215,31.99404761904762,0.10105330444305528,0.09650777024815378
agent_id,AGT-AIZL8E8598,672,188,27.976190476190474,0.08836288946648556,0.10220954223218037
agent_id,AGT-W5MIABMIYE,671,234,34.87332339791356,0.10998359646360437,0.09228423544517113
agent_id,AGT-QI5O1LEA1K,671,192,28.614008941877795,0.09024295094449589,0.10115365853143471
agent_id,AGT-G5GWLCT1OU,671,207,30.849478390461996,0.09729318148703463,0.09798600742919772
agent_id,AGT-73NR19JUP5,671,196,29.210134128166914,0.09212301242250621,0.10030895157083818
agent_id,AGT-P7RT23V6BG,671,217,32.3397913561848,0.10199333518206045,0.09587424002770639
agent_id,AGT-POEX2CJEPP,670,210,31.34328358208955,0.09870322759554237,0.09714130046860119
agent_id,AGT-VTWBPCIYQU,670,199,29.70149253731343,0.09353305853101396,0.09946424461024166
agent_id,AGT-AY5LPIBFMB,670,220,32.83582089552239,0.1034033812905682,0.09502953306710986
agent_id,AGT-Q8AGV9WXXS,670,223,33.28358208955224,0.10481342739907595,0.09439600284666246
agent_id,AGT-KTWAJKP7QW,669,201,30.044843049327355,0.09447308927001913,0.09883071438979425
agent_id,AGT-F46PV6WU87,669,217,32.436472346786246,0.10199333518206045,0.09545188654740812
agent_id,AGT-ANQRQONI3V,669,196,29.29745889387145,0.09212301242250621,0.09988659809053992
agent_id,AGT-E3OHVF610Z,669,200,29.895366218236173,0.09400307390051654,0.09904189112994338
agent_id,AGT-E76DUY8F1G,669,193,28.849028400597906,0.09071296631399847,0.10052012831098732
agent_id,AGT-5U01K5M1K2,669,201,30.044843049327355,0.09447308927001913,0.09883071438979425
agent_id,AGT-BNB4Q12JTS,669,202,30.194319880418536,0.09494310463952171,0.09861953764964512
agent_id,AGT-DVVBAZK0MM,669,193,28.849028400597906,0.09071296631399847,0.10052012831098732
agent_id,AGT-DWXSXT9OP1,669,192,28.699551569506728,0.09024295094449589,0.10073130505113645
agent_id,AGT-HEY1DFYU3O,668,205,30.688622754491018,0.09635315074802946,0.09777483068904859
agent_id,AGT-MV4RR3NAKS,668,216,32.33532934131737,0.10152331981255787,0.09545188654740812
agent_id,AGT-NZ064ZDOTC,667,216,32.38380809595203,0.10152331981255787,0.09524070980725899
agent_id,AGT-ODN9VO7OYD,667,214,32.083958020989506,0.10058328907355271,0.09566306328755725
agent_id,AGT-YMCBMMLJCD,667,191,28.635682158920538,0.0897729355749933,0.10052012831098732
agent_id,AGT-BTCYXRD64J,666,210,31.53153153153153,0.09870322759554237,0.09629659350800465
agent_id,AGT-S4C0O1TFL0,666,191,28.67867867867868,0.0897729355749933,0.10030895157083818
agent_id,AGT-VM8IH2LFKP,666,184,27.62762762762763,0.08648282798847522,0.10178718875188211
agent_id,AGT-ERRAQZDJDY,666,199,29.87987987987988,0.09353305853101396,0.09861953764964512
agent_id,AGT-0SK7J9FAUM,666,209,31.38138138138138,0.0982332122260398,0.09650777024815378
agent_id,AGT-MNK9T02WF4,666,206,30.93093093093093,0.09682316611753204,0.09714130046860119
agent_id,AGT-R5961LOEMU,666,242,36.33633633633634,0.11374371941962502,0.0895389378232324
agent_id,AGT-81HI9ENVQV,666,202,30.33033033033033,0.09494310463952171,0.09798600742919772
agent_id,AGT-3LD55SM258,665,222,33.38345864661654,0.10434341202957337,0.09355129588606592
agent_id,AGT-PK5PH38NS1,665,189,28.42105263157895,0.08883290483598813,0.10052012831098732
agent_id,AGT-6XP3TGQ4QT,665,206,30.977443609022558,0.09682316611753204,0.09693012372845206
agent_id,AGT-ECV5AJ8IMB,665,206,30.977443609022558,0.09682316611753204,0.09693012372845206
agent_id,AGT-EMSDKX98GM,665,230,34.58646616541353,0.10810353498559402,0.09186188196487285
agent_id,AGT-RUOSBHQ9OT,665,206,30.977443609022558,0.09682316611753204,0.09693012372845206
agent_id,AGT-7XQCZE73IH,665,214,32.18045112781955,0.10058328907355271,0.09524070980725899
agent_id,AGT-GBHL3XZPKH,665,186,27.969924812030076,0.08742285872748039,0.10115365853143471
agent_id,AGT-3EYJYCLMVE,664,196,29.518072289156628,0.09212301242250621,0.09883071438979425
agent_id,AGT-8QYBQ76ZD2,664,203,30.572289156626507,0.0954131200090243,0.09735247720875032
agent_id,AGT-OH0WV42QJM,664,194,29.216867469879517,0.09118298168350104,0.09925306787009251
agent_id,AGT-XX6WSQ2E5P,664,207,31.174698795180724,0.09729318148703463,0.09650777024815378
agent_id,AGT-NUS3RT0T0E,664,213,32.07831325301205,0.10011327370405013,0.09524070980725899
agent_id,AGT-KMZE7JK6KH,664,199,29.96987951807229,0.09353305853101396,0.09819718416934685
agent_id,AGT-O8NXZF1HJ6,664,218,32.83132530120482,0.10246335055156304,0.09418482610651333
agent_id,AGT-CEA1C9BKKF,663,225,33.93665158371041,0.10575345813808111,0.09249541218532026
agent_id,AGT-X9QPDHK7C4,663,206,31.070889894419306,0.09682316611753204,0.09650777024815378
agent_id,AGT-PLECNMT71Z,663,223,33.63499245852187,0.10481342739907595,0.09291776566561853
agent_id,AGT-BIJKQ265S8,663,215,32.42835595776772,0.10105330444305528,0.09460717958681159
agent_id,AGT-MONXUP4C6Q,662,201,30.362537764350453,0.09447308927001913,0.09735247720875032
agent_id,AGT-TJ0RZV4GUF,662,199,30.060422960725077,0.09353305853101396,0.09777483068904859
agent_id,AGT-M6VA6EL960,662,221,33.383685800604226,0.10387339666007078,0.09312894240576766
agent_id,AGT-RJBNP1WTLR,662,205,30.966767371601208,0.09635315074802946,0.09650777024815378
agent_id,AGT-E46F2FQTOO,662,194,29.305135951661633,0.09118298168350104,0.09883071438979425
agent_id,AGT-AG11M1NVUG,662,193,29.154078549848943,0.09071296631399847,0.09904189112994338
agent_id,AGT-KE2SZIG08B,661,207,31.316187594553707,0.09729318148703463,0.09587424002770639
agent_id,AGT-B69BF4590M,661,213,32.22390317700454,0.10011327370405013,0.09460717958681159
agent_id,AGT-SJB0SX5YBM,661,214,32.37518910741301,0.10058328907355271,0.09439600284666246
agent_id,AGT-P6O3UZFIER,661,205,31.013615733736764,0.09635315074802946,0.09629659350800465
agent_id,AGT-W8EI0WIZH2,660,205,31.060606060606062,0.09635315074802946,0.09608541676785552
agent_id,AGT-IQ63VCBVSU,660,195,29.545454545454547,0.09165299705300363,0.09819718416934685
agent_id,AGT-9YYG4EPQAP,660,208,31.515151515151516,0.09776319685653721,0.09545188654740812
agent_id,AGT-DXV1N3YM9Q,660,217,32.878787878787875,0.10199333518206045,0.09355129588606592
agent_id,AGT-P4V46JOBFM,660,213,32.27272727272727,0.10011327370405013,0.09439600284666246
agent_id,AGT-GMSZFOVA7S,660,207,31.363636363636363,0.09729318148703463,0.09566306328755725
agent_id,AGT-5VGRU9RH8F,660,197,29.848484848484848,0.0925930277920088,0.09777483068904859
agent_id,AGT-C1BYBSUMTP,660,203,30.757575757575758,0.0954131200090243,0.09650777024815378
agent_id,AGT-B037R3NAN1,660,209,31.666666666666668,0.0982332122260398,0.09524070980725899
agent_id,AGT-NIV1UCW44H,660,215,32.57575757575758,0.10105330444305528,0.0939736493663642
agent_id,AGT-TRZMD8W6Y4,660,212,32.121212121212125,0.09964325833454754,0.09460717958681159
agent_id,AGT-CRXE24TEPA,659,210,31.86646433990895,0.09870322759554237,0.09481835632696073
agent_id,AGT-MQJMFM7L5Y,659,215,32.62518968133536,0.10105330444305528,0.09376247262621505
agent_id,AGT-3SCBQBHAUJ,659,204,30.95599393019727,0.09588313537852688,0.09608541676785552
agent_id,AGT-MUGUW34H6Y,659,195,29.590288315629742,0.09165299705300363,0.09798600742919772
agent_id,AGT-4WZQ2M1A4U,659,199,30.197268588770864,0.09353305853101396,0.09714130046860119
agent_id,AGT-JSX5PQZSR1,659,193,29.28679817905918,0.09071296631399847,0.09840836090949598
agent_id,AGT-62OM5Q1Q05,659,194,29.438543247344462,0.09118298168350104,0.09819718416934685
agent_id,AGT-KU17P6Y4EJ,659,213,32.3216995447648,0.10011327370405013,0.09418482610651333
agent_id,AGT-SRVYKVRU3O,659,228,34.59787556904401,0.10716350424658887,0.09101717500427634
agent_id,AGT-N0G051WG35,659,217,32.928679817905916,0.10199333518206045,0.09334011914591679
agent_id,AGT-O0IO8DF56E,659,209,31.71471927162367,0.0982332122260398,0.09502953306710986
agent_id,AGT-C0S7V2IHHG,659,204,30.95599393019727,0.09588313537852688,0.09608541676785552
agent_id,AGT-0WS31AIHF0,659,202,30.652503793626707,0.09494310463952171,0.09650777024815378
agent_id,AGT-9G892RO3CJ,659,236,35.81183611532625,0.11092362720260952,0.08932776108308327
agent_id,AGT-R0C8IKREWX,659,211,32.01820940819423,0.09917324296504496,0.09460717958681159
agent_id,AGT-WFVUMINGZI,659,212,32.16995447647952,0.09964325833454754,0.09439600284666246
agent_id,AGT-X49CRHRG9G,658,207,31.458966565349545,0.09729318148703463,0.09524070980725899
agent_id,AGT-IZHTXLTYWZ,658,202,30.699088145896656,0.09494310463952171,0.09629659350800465
agent_id,AGT-PW8EIJKP76,658,210,31.914893617021278,0.09870322759554237,0.09460717958681159
agent_id,AGT-DU4UVAV6TT,658,205,31.15501519756839,0.09635315074802946,0.09566306328755725
agent_id,AGT-E8XE5LM9XO,658,202,30.699088145896656,0.09494310463952171,0.09629659350800465
agent_id,AGT-P8AKH6CJ9L,658,180,27.35562310030395,0.08460276651046489,0.10094248179128558
agent_id,AGT-OUFV7MHOLX,658,192,29.179331306990882,0.09024295094449589,0.09840836090949598
agent_id,AGT-YTNF7NSA1L,657,193,29.375951293759513,0.09071296631399847,0.09798600742919772
agent_id,AGT-3F5II193NQ,657,184,28.006088280060883,0.08648282798847522,0.09988659809053992
agent_id,AGT-5AXEH5GB0Q,657,215,32.724505327245055,0.10105330444305528,0.09334011914591679
agent_id,AGT-GEHE8V9YO8,657,184,28.006088280060883,0.08648282798847522,0.09988659809053992
agent_id,AGT-UCOAAM33Z5,657,188,28.614916286149164,0.08836288946648556,0.09904189112994338
agent_id,AGT-FHXSFLATOK,657,215,32.724505327245055,0.10105330444305528,0.09334011914591679
agent_id,AGT-UPPMVKAUI7,657,192,29.22374429223744,0.09024295094449589,0.09819718416934685
agent_id,AGT-3QD3LV3C23,657,198,30.136986301369863,0.09306304316151139,0.09693012372845206
agent_id,AGT-CEPAD7FLHM,657,191,29.071537290715373,0.0897729355749933,0.09840836090949598
agent_id,AGT-GX1XLRMUAS,657,214,32.57229832572298,0.10058328907355271,0.09355129588606592
agent_id,AGT-R34ROKZW06,657,205,31.202435312024352,0.09635315074802946,0.09545188654740812
agent_id,AGT-IN5R647MZH,656,200,30.48780487804878,0.09400307390051654,0.09629659350800465
agent_id,AGT-OLO1I269KS,656,208,31.70731707317073,0.09776319685653721,0.09460717958681159
agent_id,AGT-Z77UHM1UV3,656,197,30.03048780487805,0.0925930277920088,0.09693012372845206
agent_id,AGT-3B0N077NAM,656,204,31.097560975609756,0.09588313537852688,0.09545188654740812
agent_id,AGT-OHDGRCT0SL,656,207,31.554878048780488,0.09729318148703463,0.09481835632696073
agent_id,AGT-RLIC03EY4X,656,191,29.115853658536587,0.0897729355749933,0.09819718416934685
agent_id,AGT-EUWMU9A5O8,655,200,30.53435114503817,0.09400307390051654,0.09608541676785552
agent_id,AGT-OE5G4M0EK0,655,209,31.908396946564885,0.0982332122260398,0.09418482610651333
agent_id,AGT-592VGF7W61,655,213,32.51908396946565,0.10011327370405013,0.09334011914591679
agent_id,AGT-H0PC3KO7SM,655,176,26.870229007633586,0.08272270503245456,0.10115365853143471
agent_id,AGT-JG7DEBTE1E,655,197,30.076335877862597,0.0925930277920088,0.09671894698830293
agent_id,AGT-ZZLDFFK5KX,655,207,31.603053435114504,0.09729318148703463,0.09460717958681159
agent_id,AGT-9Q63425XXI,655,200,30.53435114503817,0.09400307390051654,0.09608541676785552
agent_id,AGT-TE0VSZWQTW,655,197,30.076335877862597,0.0925930277920088,0.09671894698830293
agent_id,AGT-M6MXQC9YHN,654,215,32.87461773700306,0.10105330444305528,0.09270658892546939
agent_id,AGT-56L27RI8NL,654,191,29.204892966360855,0.0897729355749933,0.09777483068904859
agent_id,AGT-5VXKVZOWR5,654,207,31.65137614678899,0.09729318148703463,0.09439600284666246
agent_id,AGT-5QGYHBW01W,654,201,30.73394495412844,0.09447308927001913,0.09566306328755725
agent_id,AGT-S2G1OMBABG,654,209,31.95718654434251,0.0982332122260398,0.0939736493663642
agent_id,AGT-GR5JJJRL3O,654,199,30.428134556574925,0.09353305853101396,0.09608541676785552
agent_id,AGT-DTKGR8AYST,654,206,31.498470948012233,0.09682316611753204,0.09460717958681159
agent_id,AGT-2BNDJNBFKF,654,191,29.204892966360855,0.0897729355749933,0.09777483068904859
agent_id,AGT-VA28738OUD,654,216,33.027522935779814,0.10152331981255787,0.09249541218532026
agent_id,AGT-YWKYXYRNJG,653,191,29.249617151607964,0.0897729355749933,0.09756365394889946
agent_id,AGT-A8I1YTWT37,653,216,33.078101071975496,0.10152331981255787,0.09228423544517113
agent_id,AGT-4BISGJA4OM,653,209,32.00612557427259,0.0982332122260398,0.09376247262621505
agent_id,AGT-U6IOVO18F3,653,190,29.096477794793262,0.08930292020549072,0.09777483068904859
agent_id,AGT-CM5H6DR5TS,653,201,30.781010719754978,0.09447308927001913,0.09545188654740812
agent_id,AGT-CYN53965R2,653,224,34.30321592649311,0.10528344276857854,0.09059482152397806
agent_id,AGT-ZS742EP7U6,653,220,33.6906584992343,0.1034033812905682,0.0914395284845746
agent_id,AGT-JMDX6MHRX7,653,193,29.555895865237368,0.09071296631399847,0.09714130046860119
agent_id,AGT-OU23TB8G0R,653,202,30.93415007656968,0.09494310463952171,0.09524070980725899
agent_id,AGT-RZPZ4QXWMO,652,199,30.521472392638035,0.09353305853101396,0.09566306328755725
agent_id,AGT-9AKK72BHHW,652,207,31.74846625766871,0.09729318148703463,0.0939736493663642
agent_id,AGT-J1ZNN0OFDJ,652,183,28.067484662576685,0.08601281261897264,0.09904189112994338
agent_id,AGT-P6MGML9D12,652,209,32.05521472392638,0.0982332122260398,0.09355129588606592
agent_id,AGT-JI2PI1E2KY,652,186,28.52760736196319,0.08742285872748039,0.09840836090949598
agent_id,AGT-M7MKWO7LMD,652,188,28.834355828220858,0.08836288946648556,0.09798600742919772
agent_id,AGT-07DM6KZ1Y8,652,178,27.300613496932517,0.08366273577145973,0.10009777483068905
agent_id,AGT-01T1LJ1M61,652,215,32.97546012269939,0.10105330444305528,0.09228423544517113
agent_id,AGT-R1TFEUGKSY,652,189,28.987730061349694,0.08883290483598813,0.09777483068904859
agent_id,AGT-DYB0RQQGNC,652,190,29.141104294478527,0.08930292020549072,0.09756365394889946
agent_id,AGT-FRAJBL87DS,652,197,30.21472392638037,0.0925930277920088,0.09608541676785552
agent_id,AGT-RZ4O8DO2E0,652,203,31.134969325153374,0.0954131200090243,0.09481835632696073
agent_id,AGT-Y8VCCG4114,652,202,30.98159509202454,0.09494310463952171,0.09502953306710986
agent_id,AGT-V5AF0SJLCN,652,198,30.368098159509202,0.09306304316151139,0.09587424002770639
agent_id,AGT-S448G59QZX,652,202,30.98159509202454,0.09494310463952171,0.09502953306710986
agent_id,AGT-E0B7SL6ZCI,651,206,31.643625192012287,0.09682316611753204,0.0939736493663642
agent_id,AGT-TNHZ3RSZAP,651,200,30.721966205837173,0.09400307390051654,0.09524070980725899
agent_id,AGT-82LH3XCRLZ,651,198,30.4147465437788,0.09306304316151139,0.09566306328755725
agent_id,AGT-666STA5YEK,651,211,32.41167434715822,0.09917324296504496,0.09291776566561853
agent_id,AGT-1HFUQGD4SI,651,199,30.568356374807987,0.09353305853101396,0.09545188654740812
agent_id,AGT-70NA7XO37Z,651,201,30.87557603686636,0.09447308927001913,0.09502953306710986
agent_id,AGT-BNRGY5W9D6,651,183,28.110599078341014,0.08601281261897264,0.09883071438979425
agent_id,AGT-155PP3L6XE,651,174,26.72811059907834,0.08178267429344939,0.10073130505113645
agent_id,AGT-L0V4XUS6HH,651,197,30.261136712749614,0.0925930277920088,0.09587424002770639
agent_id,AGT-4FZILKK4KX,650,197,30.307692307692307,0.0925930277920088,0.09566306328755725
agent_id,AGT-PC5ULV8S9U,650,197,30.307692307692307,0.0925930277920088,0.09566306328755725
agent_id,AGT-96XY80WRZG,650,198,30.46153846153846,0.09306304316151139,0.09545188654740812
agent_id,AGT-SYVTKOYKRR,650,208,32.0,0.09776319685653721,0.09334011914591679
agent_id,AGT-MZOYQF5IHG,650,192,29.53846153846154,0.09024295094449589,0.09671894698830293
agent_id,AGT-A603XNUYMP,650,217,33.38461538461539,0.10199333518206045,0.0914395284845746
agent_id,AGT-7UKL3VB0OR,650,199,30.615384615384617,0.09353305853101396,0.09524070980725899
agent_id,AGT-KFKEME1XFX,650,191,29.384615384615383,0.0897729355749933,0.09693012372845206
agent_id,AGT-2F6DCW7N6Q,650,200,30.76923076923077,0.09400307390051654,0.09502953306710986
agent_id,AGT-YIGWTTH6CK,649,173,26.656394453004623,0.08131265892394682,0.10052012831098732
agent_id,AGT-TKG71FXFEZ,649,195,30.046224961479197,0.09165299705300363,0.09587424002770639
agent_id,AGT-INOBA0VR4Q,649,207,31.89522342064715,0.09729318148703463,0.09334011914591679
agent_id,AGT-RHJINE5TTG,649,220,33.898305084745765,0.1034033812905682,0.09059482152397806
agent_id,AGT-G4ZXDWOS2S,649,187,28.8135593220339,0.08789287409698297,0.09756365394889946
agent_id,AGT-KWSHPLRIGG,649,191,29.42989214175655,0.0897729355749933,0.09671894698830293
agent_id,AGT-YBP5UDK1VN,649,196,30.20030816640986,0.09212301242250621,0.09566306328755725
agent_id,AGT-2TAGK048H3,649,208,32.04930662557781,0.09776319685653721,0.09312894240576766
agent_id,AGT-I91223U4EN,649,192,29.58397534668721,0.09024295094449589,0.09650777024815378
agent_id,AGT-4W61FITOXQ,649,191,29.42989214175655,0.0897729355749933,0.09671894698830293
agent_id,AGT-QW7EGGQH00,648,193,29.78395061728395,0.09071296631399847,0.09608541676785552
agent_id,AGT-3QK2IMDGCM,648,188,29.012345679012345,0.08836288946648556,0.09714130046860119
agent_id,AGT-KUIILLCOPA,648,183,28.24074074074074,0.08601281261897264,0.09819718416934685
agent_id,AGT-KNAQ0H42S9,648,199,30.709876543209877,0.09353305853101396,0.09481835632696073
agent_id,AGT-I6R1T9IKUL,648,188,29.012345679012345,0.08836288946648556,0.09714130046860119
agent_id,AGT-1K3OXCN0Y0,648,189,29.166666666666668,0.08883290483598813,0.09693012372845206
agent_id,AGT-HYDP944R1T,648,185,28.549382716049383,0.0869528433579778,0.09777483068904859
agent_id,AGT-F9WI50IQUB,648,198,30.555555555555557,0.09306304316151139,0.09502953306710986
agent_id,AGT-Z32DMC1N4A,648,218,33.641975308641975,0.10246335055156304,0.09080599826412719
agent_id,AGT-8NM2UHJMKP,648,189,29.166666666666668,0.08883290483598813,0.09693012372845206
agent_id,AGT-NOB5KS50MS,648,211,32.56172839506173,0.09917324296504496,0.09228423544517113
agent_id,AGT-UKNCM0RXY5,647,200,30.91190108191654,0.09400307390051654,0.09439600284666246
agent_id,AGT-87FD5U93RA,647,179,27.666151468315302,0.0841327511409623,0.09883071438979425
agent_id,AGT-2IRA439CDD,647,185,28.5935085007728,0.0869528433579778,0.09756365394889946
agent_id,AGT-Z1J3VFKRTZ,647,209,32.30293663060278,0.0982332122260398,0.09249541218532026
agent_id,AGT-CTUYD8XUXN,647,214,33.07573415765069,0.10058328907355271,0.0914395284845746
agent_id,AGT-23RRHYZ3YU,647,217,33.53941267387945,0.10199333518206045,0.09080599826412719
agent_id,AGT-OXGDKDP90E,646,216,33.43653250773994,0.10152331981255787,0.09080599826412719
agent_id,AGT-9OW6RQX6YE,646,203,31.424148606811144,0.0954131200090243,0.09355129588606592
agent_id,AGT-B6KQJ1GE8L,646,201,31.11455108359133,0.09447308927001913,0.0939736493663642
agent_id,AGT-772KZJ3QLS,646,192,29.721362229102166,0.09024295094449589,0.09587424002770639
agent_id,AGT-V440PLMXD9,646,192,29.721362229102166,0.09024295094449589,0.09587424002770639
agent_id,AGT-QTX61K7PE2,646,175,27.089783281733745,0.08225268966295197,0.09946424461024166
agent_id,AGT-A8JC05Z7T5,646,221,34.21052631578947,0.10387339666007078,0.08975011456338153
agent_id,AGT-78UF97BVDP,646,221,34.21052631578947,0.10387339666007078,0.08975011456338153
agent_id,AGT-6KXS33Z4GI,646,193,29.876160990712073,0.09071296631399847,0.09566306328755725
agent_id,AGT-ZGEFMIKG5G,646,179,27.708978328173373,0.0841327511409623,0.09861953764964512
agent_id,AGT-4ZD726MTT0,646,208,32.19814241486068,0.09776319685653721,0.09249541218532026
agent_id,AGT-5RF05BZME0,646,193,29.876160990712073,0.09071296631399847,0.09566306328755725
agent_id,AGT-MQRF3372LI,646,189,29.256965944272444,0.08883290483598813,0.09650777024815378
agent_id,AGT-AQSH0YRHNO,646,207,32.04334365325077,0.09729318148703463,0.09270658892546939
agent_id,AGT-GL138CSY0G,646,219,33.90092879256966,0.10293336592106563,0.0901724680436798
agent_id,AGT-W4AYW4BGI9,646,190,29.41176470588235,0.08930292020549072,0.09629659350800465
agent_id,AGT-9BGLWS9RWM,646,180,27.86377708978328,0.08460276651046489,0.09840836090949598
agent_id,AGT-YF9RO3EJZU,646,194,30.03095975232198,0.09118298168350104,0.09545188654740812
agent_id,AGT-XBRLAWNT6Y,646,191,29.56656346749226,0.0897729355749933,0.09608541676785552
agent_id,AGT-EI5HV76G6F,646,217,33.591331269349844,0.10199333518206045,0.09059482152397806
agent_id,AGT-NQ6WIG9OWH,645,223,34.57364341085271,0.10481342739907595,0.08911658434293414
agent_id,AGT-7STCFNILU3,645,207,32.093023255813954,0.09729318148703463,0.09249541218532026
agent_id,AGT-0YP9IMVFG1,645,208,32.248062015503876,0.09776319685653721,0.09228423544517113
agent_id,AGT-BUS9PDJC54,645,201,31.162790697674417,0.09447308927001913,0.09376247262621505
agent_id,AGT-DF77TQ66S1,645,197,30.54263565891473,0.0925930277920088,0.09460717958681159
agent_id,AGT-LWM9P4ETLV,645,204,31.627906976744185,0.09588313537852688,0.09312894240576766
agent_id,AGT-1YXVT0O4G0,645,200,31.007751937984494,0.09400307390051654,0.0939736493663642
agent_id,AGT-8F824H7DN8,645,188,29.147286821705425,0.08836288946648556,0.09650777024815378
agent_id,AGT-VIHAWCYHY3,645,193,29.92248062015504,0.09071296631399847,0.09545188654740812
agent_id,AGT-1EML73X1U8,645,215,33.333333333333336,0.10105330444305528,0.09080599826412719
agent_id,AGT-E1ZTCO5D24,645,188,29.147286821705425,0.08836288946648556,0.09650777024815378
agent_id,AGT-71SU0OSLVY,645,239,37.054263565891475,0.11233367331111728,0.085737756500548
agent_id,AGT-TXE9ZY1OJ4,645,186,28.837209302325583,0.08742285872748039,0.09693012372845206
agent_id,AGT-4EBSCOM63S,645,186,28.837209302325583,0.08742285872748039,0.09693012372845206
agent_id,AGT-JCQPNEURE8,645,207,32.093023255813954,0.09729318148703463,0.09249541218532026
agent_id,AGT-LH85KLPB5O,645,208,32.248062015503876,0.09776319685653721,0.09228423544517113
agent_id,AGT-CPLJJNES58,645,215,33.333333333333336,0.10105330444305528,0.09080599826412719
agent_id,AGT-3XH8D0QLBH,645,208,32.248062015503876,0.09776319685653721,0.09228423544517113
agent_id,AGT-265NTQ02ZF,645,199,30.852713178294575,0.09353305853101396,0.09418482610651333
agent_id,AGT-L3EZA710VC,645,191,29.612403100775193,0.0897729355749933,0.09587424002770639
agent_id,AGT-ADGK54K2NI,645,215,33.333333333333336,0.10105330444305528,0.09080599826412719
agent_id,AGT-2L5LSHTVB9,645,191,29.612403100775193,0.0897729355749933,0.09587424002770639
agent_id,AGT-FGAVR5FA7R,645,210,32.55813953488372,0.09870322759554237,0.09186188196487285
agent_id,AGT-UL2AKT2G17,645,196,30.387596899224807,0.09212301242250621,0.09481835632696073
agent_id,AGT-GY37ZFJ5DC,645,213,33.02325581395349,0.10011327370405013,0.09122835174442546
agent_id,AGT-48C3QHNTB7,644,198,30.74534161490683,0.09306304316151139,0.09418482610651333
agent_id,AGT-A05F2N434U,644,193,29.96894409937888,0.09071296631399847,0.09524070980725899
agent_id,AGT-78M53XONMR,644,218,33.850931677018636,0.10246335055156304,0.08996129130353066
agent_id,AGT-6VICGVK5AY,644,208,32.298136645962735,0.09776319685653721,0.092073058705022
agent_id,AGT-0BNYKOVLMJ,644,216,33.54037267080745,0.10152331981255787,0.09038364478382893
agent_id,AGT-9U9K7MKVAX,644,213,33.07453416149068,0.10011327370405013,0.09101717500427634
agent_id,AGT-TUGUQ8RC2O,644,218,33.850931677018636,0.10246335055156304,0.08996129130353066
agent_id,AGT-H1P9MYTVXZ,644,215,33.38509316770186,0.10105330444305528,0.09059482152397806
agent_id,AGT-6Z6COALO6M,644,220,34.161490683229815,0.1034033812905682,0.0895389378232324
agent_id,AGT-PI0J3ZNGEF,643,214,33.28149300155521,0.10058328907355271,0.09059482152397806
agent_id,AGT-GE3FND5X2T,643,184,28.615863141524105,0.08648282798847522,0.09693012372845206
agent_id,AGT-8UCMD0TC8H,643,195,30.326594090202178,0.09165299705300363,0.09460717958681159
agent_id,AGT-P76IVQDP9K,643,212,32.97045101088647,0.09964325833454754,0.09101717500427634
agent_id,AGT-ZCZWPFNLF1,643,196,30.48211508553655,0.09212301242250621,0.09439600284666246
agent_id,AGT-RI0LZ2D6YJ,643,202,31.41524105754277,0.09494310463952171,0.09312894240576766
agent_id,AGT-MAN3CDDLKC,643,194,30.171073094867808,0.09118298168350104,0.09481835632696073
agent_id,AGT-I080XG5YVQ,643,211,32.8149300155521,0.09917324296504496,0.09122835174442546
agent_id,AGT-9C6BRHB25D,643,207,32.19284603421462,0.09729318148703463,0.092073058705022
agent_id,AGT-HHYX8OE9JF,643,191,29.704510108864696,0.0897729355749933,0.09545188654740812
agent_id,AGT-PRE6OQJV5N,643,214,33.28149300155521,0.10058328907355271,0.09059482152397806
agent_id,AGT-TO6C4N5ZBE,643,221,34.3701399688958,0.10387339666007078,0.08911658434293414
agent_id,AGT-YD75PME3W5,643,202,31.41524105754277,0.09494310463952171,0.09312894240576766
agent_id,AGT-O53IQ398ZA,643,214,33.28149300155521,0.10058328907355271,0.09059482152397806
agent_id,AGT-1G6T32CON1,643,184,28.615863141524105,0.08648282798847522,0.09693012372845206
agent_id,AGT-QJDRG08QEG,643,197,30.637636080870916,0.0925930277920088,0.09418482610651333
agent_id,AGT-RQSUHLTDIN,643,195,30.326594090202178,0.09165299705300363,0.09460717958681159
agent_id,AGT-XFS0SGZE95,643,184,28.615863141524105,0.08648282798847522,0.09693012372845206
agent_id,AGT-83LR6Q5GXW,642,199,30.996884735202492,0.09353305853101396,0.09355129588606592
agent_id,AGT-QYLO3MENQW,642,235,36.60436137071651,0.11045361183310694,0.08594893324069713
agent_id,AGT-UX4C3E56W9,642,190,29.595015576323988,0.08930292020549072,0.09545188654740812
agent_id,AGT-TSMQUDNLVQ,642,180,28.037383177570092,0.08460276651046489,0.09756365394889946
agent_id,AGT-75AK6CCKBJ,642,203,31.61993769470405,0.0954131200090243,0.09270658892546939
agent_id,AGT-HWATBOOPXF,642,200,31.152647975077883,0.09400307390051654,0.09334011914591679
agent_id,AGT-29JHQCW7PX,642,189,29.439252336448597,0.08883290483598813,0.09566306328755725
agent_id,AGT-1017M8ALDP,642,204,31.77570093457944,0.09588313537852688,0.09249541218532026
agent_id,AGT-WBG60TGKFE,642,206,32.087227414330215,0.09682316611753204,0.092073058705022
agent_id,AGT-LW5BLOM0FA,642,206,32.087227414330215,0.09682316611753204,0.092073058705022
agent_id,AGT-K11V6ZB5VS,642,204,31.77570093457944,0.09588313537852688,0.09249541218532026
agent_id,AGT-326LXCPIBX,642,197,30.685358255451714,0.0925930277920088,0.0939736493663642
agent_id,AGT-DOUMKDE5OH,642,212,33.021806853582554,0.09964325833454754,0.09080599826412719
agent_id,AGT-6OQPU4LB3G,642,205,31.931464174454828,0.09635315074802946,0.09228423544517113
agent_id,AGT-AUPZRFB0OO,642,216,33.64485981308411,0.10152331981255787,0.08996129130353066
agent_id,AGT-YKT9RW2X8X,641,203,31.669266770670827,0.0954131200090243,0.09249541218532026
agent_id,AGT-BAQUFS4AR7,641,208,32.449297971918874,0.09776319685653721,0.0914395284845746
agent_id,AGT-MC2QXB1BML,641,213,33.229329173166924,0.10011327370405013,0.09038364478382893
agent_id,AGT-MHI1U65RWO,641,207,32.293291731669264,0.09729318148703463,0.09165070522472372
agent_id,AGT-5JKM5LSJJK,641,209,32.605304212168484,0.0982332122260398,0.09122835174442546
agent_id,AGT-Y5XAVCJL64,641,203,31.669266770670827,0.0954131200090243,0.09249541218532026
agent_id,AGT-7PA84MWEHW,641,201,31.357254290171607,0.09447308927001913,0.09291776566561853
agent_id,AGT-ZGQ4FYLRK2,641,201,31.357254290171607,0.09447308927001913,0.09291776566561853
agent_id,AGT-FDLM1Q1ROE,641,183,28.549141965678626,0.08601281261897264,0.09671894698830293
agent_id,AGT-BOSIAA5J5O,641,191,29.797191887675506,0.0897729355749933,0.09502953306710986
agent_id,AGT-G70AXC3MAP,641,205,31.981279251170047,0.09635315074802946,0.092073058705022
agent_id,AGT-WHFAP66CQ9,641,204,31.825273010920437,0.09588313537852688,0.09228423544517113
agent_id,AGT-XN0ST1JQ9M,641,188,29.329173166926676,0.08836288946648556,0.09566306328755725
agent_id,AGT-5CPTBAUR6F,641,199,31.045241809672387,0.09353305853101396,0.09334011914591679
agent_id,AGT-CWR8ILK22F,641,219,34.165366614664585,0.10293336592106563,0.08911658434293414
agent_id,AGT-V39THPGBQ7,641,190,29.641185647425896,0.08930292020549072,0.09524070980725899
agent_id,AGT-H4WPLB7OBS,641,202,31.513260530421217,0.09494310463952171,0.09270658892546939
agent_id,AGT-3QQOA60CO9,640,211,32.96875,0.09917324296504496,0.09059482152397806
agent_id,AGT-YDPN2UV1D2,640,218,34.0625,0.10246335055156304,0.08911658434293414
agent_id,AGT-EP3R0JXEXV,640,193,30.15625,0.09071296631399847,0.09439600284666246
agent_id,AGT-GRCMX8W1NF,640,200,31.25,0.09400307390051654,0.09291776566561853
agent_id,AGT-O8KA4K5V2R,640,192,30.0,0.09024295094449589,0.09460717958681159
agent_id,AGT-0HU6VYEZG9,640,180,28.125,0.08460276651046489,0.09714130046860119
agent_id,AGT-5ZON0CZXOE,640,185,28.90625,0.0869528433579778,0.09608541676785552
agent_id,AGT-5PP7O7ZE96,640,199,31.09375,0.09353305853101396,0.09312894240576766
agent_id,AGT-LDEF25BE86,640,183,28.59375,0.08601281261897264,0.09650777024815378
agent_id,AGT-JPMUUWJV12,640,205,32.03125,0.09635315074802946,0.09186188196487285
agent_id,AGT-UUSZMROO8J,640,208,32.5,0.09776319685653721,0.09122835174442546
agent_id,AGT-VFOW1SAD5J,640,202,31.5625,0.09494310463952171,0.09249541218532026
agent_id,AGT-K5E9XE6DZU,640,184,28.75,0.08648282798847522,0.09629659350800465
agent_id,AGT-A5DDBTLNU6,640,200,31.25,0.09400307390051654,0.09291776566561853
agent_id,AGT-92W11NU8ER,640,196,30.625,0.09212301242250621,0.09376247262621505
agent_id,AGT-5RHY2PG248,640,192,30.0,0.09024295094449589,0.09460717958681159
agent_id,AGT-TGN0MJ28ZI,640,210,32.8125,0.09870322759554237,0.09080599826412719
agent_id,AGT-V4FGNHLRXQ,640,205,32.03125,0.09635315074802946,0.09186188196487285
agent_id,AGT-XODIBGCD8U,639,193,30.203442879499217,0.09071296631399847,0.09418482610651333
agent_id,AGT-5PR2VCD9EJ,639,192,30.046948356807512,0.09024295094449589,0.09439600284666246
agent_id,AGT-QIJA0QZRU0,639,207,32.394366197183096,0.09729318148703463,0.09122835174442546
agent_id,AGT-I94LJIR7DW,639,176,27.54303599374022,0.08272270503245456,0.09777483068904859
agent_id,AGT-6RVQHDLYE5,639,198,30.985915492957748,0.09306304316151139,0.09312894240576766
agent_id,AGT-4IHMG1WJMD,639,197,30.829420970266042,0.0925930277920088,0.09334011914591679
agent_id,AGT-HAN56V24NZ,639,187,29.26447574334898,0.08789287409698297,0.09545188654740812
agent_id,AGT-UU8LD3H21R,639,198,30.985915492957748,0.09306304316151139,0.09312894240576766
agent_id,AGT-SFTJNQ1CP3,639,203,31.768388106416275,0.0954131200090243,0.092073058705022
agent_id,AGT-Z6N2FYD0RW,639,187,29.26447574334898,0.08789287409698297,0.09545188654740812
agent_id,AGT-E2RO5C71O7,639,198,30.985915492957748,0.09306304316151139,0.09312894240576766
agent_id,AGT-39JT1HU5SP,639,193,30.203442879499217,0.09071296631399847,0.09418482610651333
agent_id,AGT-Z7U0LOAHW9,639,216,33.80281690140845,0.10152331981255787,0.08932776108308327
agent_id,AGT-L9LMIGUHNZ,638,207,32.44514106583072,0.09729318148703463,0.09101717500427634
agent_id,AGT-U2B4DX2JUH,638,180,28.213166144200628,0.08460276651046489,0.09671894698830293
agent_id,AGT-LTX82QBP86,638,182,28.526645768025077,0.08554279724947006,0.09629659350800465
agent_id,AGT-EDV4G21PUV,638,189,29.62382445141066,0.08883290483598813,0.09481835632696073
agent_id,AGT-XQJHLJ5CHC,638,201,31.504702194357368,0.09447308927001913,0.09228423544517113
agent_id,AGT-WMZQ3MHDUK,638,186,29.153605015673982,0.08742285872748039,0.09545188654740812
agent_id,AGT-E4S7AXSU3W,638,215,33.69905956112853,0.10105330444305528,0.08932776108308327
agent_id,AGT-ZZGWYHJ86X,638,196,30.721003134796238,0.09212301242250621,0.09334011914591679
agent_id,AGT-CEXEFAB9WX,638,193,30.25078369905956,0.09071296631399847,0.0939736493663642
agent_id,AGT-0965QQ774G,638,203,31.818181818181817,0.0954131200090243,0.09186188196487285
agent_id,AGT-2NVH86ET7M,638,189,29.62382445141066,0.08883290483598813,0.09481835632696073
agent_id,AGT-TNY667JLTI,638,201,31.504702194357368,0.09447308927001913,0.09228423544517113
agent_id,AGT-U51WZ1NTS8,638,200,31.34796238244514,0.09400307390051654,0.09249541218532026
agent_id,AGT-I1VYP1D801,638,197,30.877742946708462,0.0925930277920088,0.09312894240576766
agent_id,AGT-W18EQQEXSG,638,188,29.46708463949843,0.08836288946648556,0.09502953306710986
agent_id,AGT-VTQJ9SJZEV,637,182,28.571428571428573,0.08554279724947006,0.09608541676785552
agent_id,AGT-YLWHHOSM0W,637,192,30.141287284144425,0.09024295094449589,0.0939736493663642
agent_id,AGT-F19RDFACNQ,637,191,29.984301412872842,0.0897729355749933,0.09418482610651333
agent_id,AGT-P3D79O30AU,637,213,33.437990580847725,0.10011327370405013,0.0895389378232324
agent_id,AGT-NVXKQOY9ML,637,208,32.6530612244898,0.09776319685653721,0.09059482152397806
agent_id,AGT-EBM3J7XZ6E,637,203,31.86813186813187,0.0954131200090243,0.09165070522472372
agent_id,AGT-Y9S7A0UC7Q,637,200,31.39717425431711,0.09400307390051654,0.09228423544517113
agent_id,AGT-KE99505Y43,637,206,32.33908948194662,0.09682316611753204,0.09101717500427634
agent_id,AGT-XLUD39CV67,637,206,32.33908948194662,0.09682316611753204,0.09101717500427634
agent_id,AGT-9PZ6W3LDGU,637,197,30.926216640502354,0.0925930277920088,0.09291776566561853
agent_id,AGT-VPHYTUW0MQ,637,181,28.414442700156986,0.08507278187996747,0.09629659350800465
agent_id,AGT-FIE8TXT3PM,637,218,34.22291993720565,0.10246335055156304,0.08848305412248673
agent_id,AGT-MOMHH0J0J9,637,198,31.08320251177394,0.09306304316151139,0.09270658892546939
agent_id,AGT-AQVUQI49EA,637,181,28.414442700156986,0.08507278187996747,0.09629659350800465
agent_id,AGT-YZRQJS5X0J,637,206,32.33908948194662,0.09682316611753204,0.09101717500427634
agent_id,AGT-Z1LLS9S26G,637,194,30.4552590266876,0.09118298168350104,0.09355129588606592
agent_id,AGT-DBGB5MKK8K,636,192,30.18867924528302,0.09024295094449589,0.09376247262621505
agent_id,AGT-NBQ65Y4VZ9,636,211,33.17610062893082,0.09917324296504496,0.08975011456338153
agent_id,AGT-Y8O10JEBE3,636,188,29.559748427672957,0.08836288946648556,0.09460717958681159
agent_id,AGT-JF8XQ7A6D7,636,190,29.87421383647799,0.08930292020549072,0.09418482610651333
agent_id,AGT-64T08W0ODF,636,204,32.075471698113205,0.09588313537852688,0.09122835174442546
agent_id,AGT-UO6O5BGYNF,636,201,31.60377358490566,0.09447308927001913,0.09186188196487285
agent_id,AGT-0ZKRYC3TIP,636,203,31.91823899371069,0.0954131200090243,0.0914395284845746
agent_id,AGT-9WEMMV5AD9,636,199,31.28930817610063,0.09353305853101396,0.09228423544517113
agent_id,AGT-7NUDMBA6I3,636,213,33.490566037735846,0.10011327370405013,0.08932776108308327
agent_id,AGT-06FWQGSE0P,636,193,30.345911949685533,0.09071296631399847,0.09355129588606592
agent_id,AGT-3AHB2QOQ17,636,175,27.51572327044025,0.08225268966295197,0.09735247720875032
agent_id,AGT-X3WLDNDFIL,636,188,29.559748427672957,0.08836288946648556,0.09460717958681159
agent_id,AGT-6OR4WMM8YS,635,185,29.133858267716537,0.0869528433579778,0.09502953306710986
agent_id,AGT-NANM3Y8BT5,635,173,27.244094488188978,0.08131265892394682,0.09756365394889946
agent_id,AGT-2H7OTPEC6D,635,196,30.866141732283463,0.09212301242250621,0.09270658892546939
agent_id,AGT-VDMGGUDE0K,635,181,28.503937007874015,0.08507278187996747,0.09587424002770639
agent_id,AGT-V9MAWPQ7HZ,635,180,28.346456692913385,0.08460276651046489,0.09608541676785552
agent_id,AGT-9GJ09FFYE4,635,193,30.393700787401574,0.09071296631399847,0.09334011914591679
agent_id,AGT-57TC8S3DE3,635,191,30.078740157480315,0.0897729355749933,0.09376247262621505
agent_id,AGT-P5P9SZOX29,635,196,30.866141732283463,0.09212301242250621,0.09270658892546939
agent_id,AGT-G9OO88HUR6,635,212,33.38582677165354,0.09964325833454754,0.08932776108308327
agent_id,AGT-QX2FUBC9H9,635,205,32.28346456692913,0.09635315074802946,0.09080599826412719
agent_id,AGT-TLFYB8CQW4,635,215,33.85826771653543,0.10105330444305528,0.08869423086263586
agent_id,AGT-ROT1G7EATP,635,183,28.818897637795274,0.08601281261897264,0.09545188654740812
agent_id,AGT-QZ4OVGMGCA,635,195,30.708661417322833,0.09165299705300363,0.09291776566561853
agent_id,AGT-4O6EXPVV7F,635,191,30.078740157480315,0.0897729355749933,0.09376247262621505
agent_id,AGT-5LCOF9SDDE,635,200,31.496062992125985,0.09400307390051654,0.09186188196487285
agent_id,AGT-WRFG8F6YNC,635,202,31.811023622047244,0.09494310463952171,0.0914395284845746
agent_id,AGT-PX17SVBBET,635,184,28.976377952755904,0.08648282798847522,0.09524070980725899
agent_id,AGT-I7L57PB0WE,634,196,30.914826498422713,0.09212301242250621,0.09249541218532026
agent_id,AGT-0QJX3LETUS,634,212,33.4384858044164,0.09964325833454754,0.08911658434293414
agent_id,AGT-54VUKA8638,634,212,33.4384858044164,0.09964325833454754,0.08911658434293414
agent_id,AGT-OB1QMLOS9A,634,187,29.49526813880126,0.08789287409698297,0.09439600284666246
agent_id,AGT-3MU2T4LM27,634,197,31.07255520504732,0.0925930277920088,0.09228423544517113
agent_id,AGT-9WIE6SB1MJ,634,203,32.018927444794954,0.0954131200090243,0.09101717500427634
agent_id,AGT-5CXS2WPVJF,634,185,29.179810725552052,0.0869528433579778,0.09481835632696073
agent_id,AGT-7928OR6G55,634,195,30.757097791798106,0.09165299705300363,0.09270658892546939
agent_id,AGT-BRE55A738K,634,215,33.91167192429022,0.10105330444305528,0.08848305412248673
agent_id,AGT-ZVUQVJGIOG,634,184,29.022082018927446,0.08648282798847522,0.09502953306710986
agent_id,AGT-1U67SCVP90,634,193,30.441640378548897,0.09071296631399847,0.09312894240576766
agent_id,AGT-H600EXWVP2,634,189,29.810725552050474,0.08883290483598813,0.0939736493663642
agent_id,AGT-KJJSUXEQ6N,634,193,30.441640378548897,0.09071296631399847,0.09312894240576766
agent_id,AGT-Q4TY30BOYE,634,215,33.91167192429022,0.10105330444305528,0.08848305412248673
agent_id,AGT-MTF6I5TODX,634,199,31.38801261829653,0.09353305853101396,0.09186188196487285
agent_id,AGT-X4VHNHC9EF,634,202,31.861198738170348,0.09494310463952171,0.09122835174442546
agent_id,AGT-KJ8EIV7HG0,634,206,32.49211356466877,0.09682316611753204,0.09038364478382893
agent_id,AGT-X775H4RLEY,634,204,32.17665615141956,0.09588313537852688,0.09080599826412719
agent_id,AGT-6BOP58P37C,634,193,30.441640378548897,0.09071296631399847,0.09312894240576766
agent_id,AGT-J6HJ50RRFC,634,191,30.126182965299684,0.0897729355749933,0.09355129588606592
agent_id,AGT-838PIT9Q4L,633,188,29.699842022116904,0.08836288946648556,0.0939736493663642
agent_id,AGT-BTMN3HB2CB,633,217,34.28120063191153,0.10199333518206045,0.08784952390203933
agent_id,AGT-JMIXZ2J7AY,633,198,31.27962085308057,0.09306304316151139,0.09186188196487285
agent_id,AGT-EXKK12NKB9,633,205,32.38546603475513,0.09635315074802946,0.09038364478382893
agent_id,AGT-YDBZL5HKAZ,633,167,26.382306477093206,0.07849256670693132,0.09840836090949598
agent_id,AGT-HVLXTQA5YL,633,194,30.647709320695103,0.09118298168350104,0.09270658892546939
agent_id,AGT-HHZLM4XXDJ,633,194,30.647709320695103,0.09118298168350104,0.09270658892546939
agent_id,AGT-T3NMEHRX3F,633,225,35.54502369668246,0.10575345813808111,0.08616010998084626
agent_id,AGT-P3J2VF0O60,633,200,31.595576619273302,0.09400307390051654,0.0914395284845746
agent_id,AGT-9OUCPLC2FI,633,186,29.38388625592417,0.08742285872748039,0.09439600284666246
agent_id,AGT-I2PACZNZ4Y,633,213,33.649289099526065,0.10011327370405013,0.08869423086263586
agent_id,AGT-R0HHTLH7NG,633,192,30.33175355450237,0.09024295094449589,0.09312894240576766
agent_id,AGT-NFSVCZ54H9,633,203,32.069510268562404,0.0954131200090243,0.09080599826412719
agent_id,AGT-RL5EQ6KNBS,633,194,30.647709320695103,0.09118298168350104,0.09270658892546939
agent_id,AGT-Y4PTRJW4HG,633,207,32.70142180094787,0.09729318148703463,0.08996129130353066
agent_id,AGT-PSARAEWNDG,633,194,30.647709320695103,0.09118298168350104,0.09270658892546939
agent_id,AGT-KCVV5R760L,633,196,30.963665086887836,0.09212301242250621,0.09228423544517113
agent_id,AGT-3VDTAI6D17,633,183,28.90995260663507,0.08601281261897264,0.09502953306710986
agent_id,AGT-VF04ZPV9BW,633,202,31.911532385466035,0.09494310463952171,0.09101717500427634
agent_id,AGT-GQXD9Y0S4T,633,203,32.069510268562404,0.0954131200090243,0.09080599826412719
agent_id,AGT-632VJ0ER29,633,175,27.646129541864138,0.08225268966295197,0.09671894698830293
agent_id,AGT-OK7P1BRWRO,633,166,26.22432859399684,0.07802255133742873,0.09861953764964512
agent_id,AGT-824XMWYTET,633,187,29.541864139020536,0.08789287409698297,0.09418482610651333
agent_id,AGT-J65U3Y7UPF,633,199,31.437598736176934,0.09353305853101396,0.09165070522472372
agent_id,AGT-C8D3C4WFVG,633,185,29.225908372827803,0.0869528433579778,0.09460717958681159
agent_id,AGT-P6ZSI9FXVT,633,208,32.859399684044234,0.09776319685653721,0.08975011456338153
agent_id,AGT-V3V3K8X0W2,633,187,29.541864139020536,0.08789287409698297,0.09418482610651333
agent_id,AGT-YUKU1CJ7LZ,633,195,30.805687203791468,0.09165299705300363,0.09249541218532026
agent_id,AGT-ISFC80OYCB,632,207,32.75316455696203,0.09729318148703463,0.08975011456338153
agent_id,AGT-XUBJTI8AW5,632,176,27.848101265822784,0.08272270503245456,0.09629659350800465
agent_id,AGT-J639PQ85HC,632,200,31.645569620253166,0.09400307390051654,0.09122835174442546
agent_id,AGT-B4BYFBWKP0,632,191,30.22151898734177,0.0897729355749933,0.09312894240576766
agent_id,AGT-12AFACXPXI,632,191,30.22151898734177,0.0897729355749933,0.09312894240576766
agent_id,AGT-IRQJXHNJ9D,632,221,34.96835443037975,0.10387339666007078,0.08679364020129367
agent_id,AGT-7DXQDW91FT,632,193,30.537974683544302,0.09071296631399847,0.09270658892546939
agent_id,AGT-1AW37NRW7X,632,199,31.4873417721519,0.09353305853101396,0.0914395284845746
agent_id,AGT-MZEQR4UPDP,632,189,29.90506329113924,0.08883290483598813,0.09355129588606592
agent_id,AGT-MOP8GEKGPL,632,200,31.645569620253166,0.09400307390051654,0.09122835174442546
agent_id,AGT-VJR3NWJ0XO,632,178,28.164556962025316,0.08366273577145973,0.09587424002770639
agent_id,AGT-B49GEGZZF1,632,190,30.063291139240505,0.08930292020549072,0.09334011914591679
agent_id,AGT-OJD399EZD8,632,199,31.4873417721519,0.09353305853101396,0.0914395284845746
agent_id,AGT-20ERALB37F,632,200,31.645569620253166,0.09400307390051654,0.09122835174442546
agent_id,AGT-RFSAWCKQ3R,632,191,30.22151898734177,0.0897729355749933,0.09312894240576766
agent_id,AGT-5FYIMNGMBG,632,223,35.28481012658228,0.10481342739907595,0.08637128672099541
agent_id,AGT-2GSO6ODA8L,632,201,31.803797468354432,0.09447308927001913,0.09101717500427634
agent_id,AGT-RXRI3WGAQW,632,195,30.854430379746834,0.09165299705300363,0.09228423544517113
agent_id,AGT-4NKRIH3LRB,632,212,33.54430379746835,0.09964325833454754,0.08869423086263586
agent_id,AGT-EKYTTPV65Q,632,182,28.79746835443038,0.08554279724947006,0.09502953306710986
agent_id,AGT-YOH2XG6EXK,632,177,28.00632911392405,0.08319272040195715,0.09608541676785552
agent_id,AGT-IQ6LUGCFV9,632,214,33.860759493670884,0.10058328907355271,0.0882718773823376
agent_id,AGT-LWI6FT9AYN,631,196,31.061806656101425,0.09212301242250621,0.09186188196487285
agent_id,AGT-Q0FNFY8G5L,631,194,30.74484944532488,0.09118298168350104,0.09228423544517113
agent_id,AGT-SBUNV1M04D,631,200,31.695721077654518,0.09400307390051654,0.09101717500427634
agent_id,AGT-YXM23BG3PR,631,199,31.537242472266243,0.09353305853101396,0.09122835174442546
agent_id,AGT-7QOULFMSTS,631,201,31.85419968304279,0.09447308927001913,0.09080599826412719
agent_id,AGT-OST7AX31MF,631,191,30.269413629160063,0.0897729355749933,0.09291776566561853
agent_id,AGT-PFD0CBGK7V,631,214,33.914421553090335,0.10058328907355271,0.08806070064218846
agent_id,AGT-1C2ZX2X1ER,631,179,28.367670364500793,0.0841327511409623,0.09545188654740812
agent_id,AGT-5TDOITKK8V,631,210,33.28050713153724,0.09870322759554237,0.088905407602785
agent_id,AGT-BEKYT6UXHH,631,187,29.635499207606973,0.08789287409698297,0.09376247262621505
agent_id,AGT-FQEW7VBTN5,631,202,32.01267828843106,0.09494310463952171,0.09059482152397806
agent_id,AGT-QFLBYTE30X,631,204,32.329635499207605,0.09588313537852688,0.0901724680436798
agent_id,AGT-PMBI3UJHU6,631,183,29.001584786053883,0.08601281261897264,0.09460717958681159
agent_id,AGT-34TVYJH4ZG,631,193,30.58637083993661,0.09071296631399847,0.09249541218532026
agent_id,AGT-I627O1XJ7T,631,196,31.061806656101425,0.09212301242250621,0.09186188196487285
agent_id,AGT-HVHI1T24CL,631,208,32.9635499207607,0.09776319685653721,0.08932776108308327
agent_id,AGT-KLMNE0JCP7,631,191,30.269413629160063,0.0897729355749933,0.09291776566561853
agent_id,AGT-MSVN62RUC2,630,190,30.158730158730158,0.08930292020549072,0.09291776566561853
agent_id,AGT-E2Y5OZOV43,630,187,29.682539682539684,0.08789287409698297,0.09355129588606592
agent_id,AGT-VAGLG3O4LB,630,195,30.952380952380953,0.09165299705300363,0.09186188196487285
agent_id,AGT-VFQGSL284E,630,206,32.698412698412696,0.09682316611753204,0.0895389378232324
agent_id,AGT-H01EG2K29X,630,188,29.841269841269842,0.08836288946648556,0.09334011914591679
agent_id,AGT-Z8JR0B77VI,630,182,28.88888888888889,0.08554279724947006,0.09460717958681159
agent_id,AGT-8NE8GSGUG4,630,194,30.793650793650794,0.09118298168350104,0.092073058705022
agent_id,AGT-7RNBB5W4CT,630,220,34.92063492063492,0.1034033812905682,0.08658246346114454
agent_id,AGT-29XBDSVSVM,630,191,30.317460317460316,0.0897729355749933,0.09270658892546939
agent_id,AGT-ILZ3O4HNJ7,630,199,31.58730158730159,0.09353305853101396,0.09101717500427634
agent_id,AGT-3D7OE6TIIB,630,187,29.682539682539684,0.08789287409698297,0.09355129588606592
agent_id,AGT-0UA5E2DG3G,630,201,31.904761904761905,0.09447308927001913,0.09059482152397806
agent_id,AGT-FLVQCF7XLG,630,191,30.317460317460316,0.0897729355749933,0.09270658892546939
agent_id,AGT-1QOK2G45HI,630,200,31.746031746031747,0.09400307390051654,0.09080599826412719
agent_id,AGT-3KFF618LI2,630,188,29.841269841269842,0.08836288946648556,0.09334011914591679
agent_id,AGT-RVAZ2ERIA8,630,191,30.317460317460316,0.0897729355749933,0.09270658892546939
agent_id,AGT-9YCCQT0BUU,630,182,28.88888888888889,0.08554279724947006,0.09460717958681159
agent_id,AGT-UPO580RUGH,629,189,30.047694753577108,0.08883290483598813,0.09291776566561853
agent_id,AGT-ZKZMQJ4VSL,629,208,33.068362480127185,0.09776319685653721,0.088905407602785
agent_id,AGT-ZG4P6VMP0M,629,222,35.294117647058826,0.10434341202957337,0.08594893324069713
agent_id,AGT-94TSJ4VNVT,629,169,26.86804451510334,0.07943259744593648,0.09714130046860119
agent_id,AGT-G4VQ2XMN69,629,198,31.478537360890304,0.09306304316151139,0.09101717500427634
agent_id,AGT-PEDK01MCRV,629,186,29.57074721780604,0.08742285872748039,0.09355129588606592
agent_id,AGT-WTHHY9FLGT,629,203,32.273449920508746,0.0954131200090243,0.08996129130353066
agent_id,AGT-UV811V1O91,629,196,31.160572337042925,0.09212301242250621,0.0914395284845746
agent_id,AGT-BT05WAA543,629,184,29.252782193958666,0.08648282798847522,0.0939736493663642
agent_id,AGT-8K2B7GS404,629,187,29.72972972972973,0.08789287409698297,0.09334011914591679
agent_id,AGT-CVMX70X6Z4,629,210,33.38632750397456,0.09870322759554237,0.08848305412248673
agent_id,AGT-J7A6SDZWYA,629,183,29.093799682034977,0.08601281261897264,0.09418482610651333
agent_id,AGT-A8FKJXIIEG,629,206,32.750397456279806,0.09682316611753204,0.08932776108308327
agent_id,AGT-LTK3BMH5BL,629,180,28.616852146263913,0.08460276651046489,0.09481835632696073
agent_id,AGT-B6R45B7BNQ,629,193,30.68362480127186,0.09071296631399847,0.092073058705022
agent_id,AGT-1DX9VKAHY8,629,193,30.68362480127186,0.09071296631399847,0.092073058705022
agent_id,AGT-ABM94FMVNF,629,188,29.88871224165342,0.08836288946648556,0.09312894240576766
agent_id,AGT-7SUVBV3ET6,628,200,31.84713375796178,0.09400307390051654,0.09038364478382893
agent_id,AGT-5UL7ZJRT6U,628,191,30.414012738853504,0.0897729355749933,0.09228423544517113
agent_id,AGT-0HSFPWDJF1,628,194,30.89171974522293,0.09118298168350104,0.09165070522472372
agent_id,AGT-FA8XFVJ1ZU,628,180,28.662420382165607,0.08460276651046489,0.09460717958681159
agent_id,AGT-LAGZ46ORVS,628,178,28.343949044585987,0.08366273577145973,0.09502953306710986
agent_id,AGT-FIFKWZ2CD9,628,180,28.662420382165607,0.08460276651046489,0.09460717958681159
agent_id,AGT-Z417DGG0UF,628,180,28.662420382165607,0.08460276651046489,0.09460717958681159
agent_id,AGT-PDS7BE8A8L,628,205,32.64331210191083,0.09635315074802946,0.08932776108308327
agent_id,AGT-VH1MSPB0E8,628,213,33.9171974522293,0.10011327370405013,0.0876383471618902
agent_id,AGT-3WS5S93Z8Y,628,191,30.414012738853504,0.0897729355749933,0.09228423544517113
agent_id,AGT-8QTE3U97HH,628,189,30.095541401273884,0.08883290483598813,0.09270658892546939
agent_id,AGT-61TCM0PLR7,628,203,32.32484076433121,0.0954131200090243,0.08975011456338153
agent_id,AGT-ERBZDOFKYX,628,200,31.84713375796178,0.09400307390051654,0.09038364478382893
agent_id,AGT-E9ZVJ2OXIN,628,187,29.777070063694268,0.08789287409698297,0.09312894240576766
agent_id,AGT-3HALJKERVV,628,185,29.45859872611465,0.0869528433579778,0.09355129588606592
agent_id,AGT-3YUKYZO91R,628,206,32.802547770700635,0.09682316611753204,0.08911658434293414
agent_id,AGT-QBRHZZCSAA,628,202,32.1656050955414,0.09494310463952171,0.08996129130353066
agent_id,AGT-IW5KO2V0J3,628,220,35.031847133757964,0.1034033812905682,0.08616010998084626
agent_id,AGT-H4A9IXOK25,628,193,30.73248407643312,0.09071296631399847,0.09186188196487285
agent_id,AGT-3X1VSNELON,628,184,29.29936305732484,0.08648282798847522,0.09376247262621505
agent_id,AGT-SA46XLUYJF,628,183,29.14012738853503,0.08601281261897264,0.0939736493663642
agent_id,AGT-JJY1EX95CQ,628,182,28.980891719745223,0.08554279724947006,0.09418482610651333
agent_id,AGT-C2WNAD4Y8J,628,190,30.254777070063696,0.08930292020549072,0.09249541218532026
agent_id,AGT-TWN2VTJSI9,628,194,30.89171974522293,0.09118298168350104,0.09165070522472372
agent_id,AGT-TSMBWDEGRX,627,189,30.14354066985646,0.08883290483598813,0.09249541218532026
agent_id,AGT-BNSM435UTT,627,189,30.14354066985646,0.08883290483598813,0.09249541218532026
agent_id,AGT-06AWFQDRXK,627,202,32.21690590111643,0.09494310463952171,0.08975011456338153
agent_id,AGT-FKUWKRVKJI,627,185,29.505582137161085,0.0869528433579778,0.09334011914591679
agent_id,AGT-STFJ9VNIBA,627,215,34.2902711323764,0.10105330444305528,0.0870048169414428
agent_id,AGT-6I9WLLYIKE,627,185,29.505582137161085,0.0869528433579778,0.09334011914591679
agent_id,AGT-GSM38P7MQL,627,190,30.303030303030305,0.08930292020549072,0.09228423544517113
agent_id,AGT-BBKR0X1EN5,627,206,32.854864433811805,0.09682316611753204,0.088905407602785
agent_id,AGT-OGGRUSWXOK,627,199,31.738437001594896,0.09353305853101396,0.09038364478382893
agent_id,AGT-HP4JLBB1JN,627,192,30.62200956937799,0.09024295094449589,0.09186188196487285
agent_id,AGT-Z8YFQBMTYZ,627,194,30.940988835725676,0.09118298168350104,0.0914395284845746
agent_id,AGT-YG53JDQFB2,627,203,32.37639553429027,0.0954131200090243,0.0895389378232324
agent_id,AGT-W4NDMPHQU7,627,200,31.89792663476874,0.09400307390051654,0.0901724680436798
agent_id,AGT-45G96QSKR6,627,198,31.57894736842105,0.09306304316151139,0.09059482152397806
agent_id,AGT-0NK91BEH8F,627,182,29.027113237639554,0.08554279724947006,0.0939736493663642
agent_id,AGT-R3A802XCY2,627,208,33.17384370015949,0.09776319685653721,0.08848305412248673
agent_id,AGT-30WK4O4H1B,626,202,32.26837060702876,0.09494310463952171,0.0895389378232324
agent_id,AGT-3BWKH19I03,626,202,32.26837060702876,0.09494310463952171,0.0895389378232324
agent_id,AGT-9WKZ1BVX91,626,190,30.35143769968051,0.08930292020549072,0.092073058705022
agent_id,AGT-BH4XF8YM49,626,205,32.74760383386582,0.09635315074802946,0.088905407602785
agent_id,AGT-UX3Z61ZNLY,626,197,31.46964856230032,0.0925930277920088,0.09059482152397806
agent_id,AGT-JZ4UT5EH9L,626,169,26.996805111821086,0.07943259744593648,0.09650777024815378
agent_id,AGT-GT2O5MFVMB,626,220,35.14376996805112,0.1034033812905682,0.085737756500548
agent_id,AGT-6R937GMSL6,626,225,35.94249201277955,0.10575345813808111,0.08468187279980234
agent_id,AGT-RVO9NVMTEP,626,192,30.670926517571885,0.09024295094449589,0.09165070522472372
agent_id,AGT-2L5W5ELAS7,626,185,29.552715654952078,0.0869528433579778,0.09312894240576766
agent_id,AGT-XVCQFDZIIN,626,178,28.43450479233227,0.08366273577145973,0.09460717958681159
agent_id,AGT-1S0K1D1M6I,626,189,30.191693290734825,0.08883290483598813,0.09228423544517113
agent_id,AGT-71H194GLL8,626,188,30.031948881789138,0.08836288946648556,0.09249541218532026
agent_id,AGT-MJV5NGFRQL,626,190,30.35143769968051,0.08930292020549072,0.092073058705022
agent_id,AGT-G18BLCU91K,626,183,29.233226837060702,0.08601281261897264,0.09355129588606592
agent_id,AGT-VH85MHQK8R,626,181,28.91373801916933,0.08507278187996747,0.0939736493663642
agent_id,AGT-UOZ8AQRBQL,626,188,30.031948881789138,0.08836288946648556,0.09249541218532026
agent_id,AGT-1SD8N8Y4VV,626,210,33.546325878594246,0.09870322759554237,0.08784952390203933
agent_id,AGT-ELSO6DC1OU,626,189,30.191693290734825,0.08883290483598813,0.09228423544517113
agent_id,AGT-8S2BFYRBVR,626,200,31.94888178913738,0.09400307390051654,0.08996129130353066
agent_id,AGT-E9GHB6WK02,626,163,26.038338658146966,0.07661250522892099,0.09777483068904859
agent_id,AGT-6QYGLWIS1K,625,203,32.48,0.0954131200090243,0.08911658434293414
agent_id,AGT-PL88YJFM3Q,625,187,29.92,0.08789287409698297,0.09249541218532026
agent_id,AGT-Y8FJ2RWP4X,625,209,33.44,0.0982332122260398,0.08784952390203933
agent_id,AGT-V5U9CYHX0U,625,201,32.16,0.09447308927001913,0.0895389378232324
agent_id,AGT-KFVMJV5MAS,625,212,33.92,0.09964325833454754,0.08721599368159194
agent_id,AGT-42595PIZVY,625,213,34.08,0.10011327370405013,0.0870048169414428
agent_id,AGT-6W0S2ZOF2U,625,197,31.52,0.0925930277920088,0.09038364478382893
agent_id,AGT-UR0WYJS0T0,625,206,32.96,0.09682316611753204,0.08848305412248673
agent_id,AGT-1NDHML17P0,625,186,29.76,0.08742285872748039,0.09270658892546939
agent_id,AGT-BQWKT3AVFQ,625,167,26.72,0.07849256670693132,0.09671894698830293
agent_id,AGT-VUMXHFDA63,625,195,31.2,0.09165299705300363,0.09080599826412719
agent_id,AGT-RB7B1VQ0JL,625,204,32.64,0.09588313537852688,0.088905407602785
agent_id,AGT-4YVIQ8ZZDX,625,179,28.64,0.0841327511409623,0.09418482610651333
agent_id,AGT-JMA3MRKNWE,625,171,27.36,0.08037262818494165,0.09587424002770639
agent_id,AGT-1MJ1VGXYXN,625,211,33.76,0.09917324296504496,0.08742717042174107
agent_id,AGT-UP5VRYXEPO,625,188,30.08,0.08836288946648556,0.09228423544517113
agent_id,AGT-OK1RZJN2O9,625,186,29.76,0.08742285872748039,0.09270658892546939
agent_id,AGT-LBM4G3WHV5,625,188,30.08,0.08836288946648556,0.09228423544517113
agent_id,AGT-KL8LWJNEC8,624,187,29.96794871794872,0.08789287409698297,0.09228423544517113
agent_id,AGT-9ES2CNB4EJ,624,171,27.403846153846153,0.08037262818494165,0.09566306328755725
agent_id,AGT-VRI9ZS84KO,624,200,32.05128205128205,0.09400307390051654,0.0895389378232324
agent_id,AGT-6UU2ZTXHKF,624,183,29.326923076923077,0.08601281261897264,0.09312894240576766
agent_id,AGT-2D9REX8DAW,624,184,29.487179487179485,0.08648282798847522,0.09291776566561853
agent_id,AGT-NBIE6M8191,624,184,29.487179487179485,0.08648282798847522,0.09291776566561853
agent_id,AGT-FLSNDXOHFN,624,183,29.326923076923077,0.08601281261897264,0.09312894240576766
agent_id,AGT-ZLA03QJGS8,624,194,31.08974358974359,0.09118298168350104,0.09080599826412719
agent_id,AGT-Y0QWOVC870,624,201,32.21153846153846,0.09447308927001913,0.08932776108308327
agent_id,AGT-E1HYYKT3NN,624,185,29.647435897435898,0.0869528433579778,0.09270658892546939
agent_id,AGT-5DZNKOUR81,624,174,27.884615384615383,0.08178267429344939,0.09502953306710986
agent_id,AGT-8KFHE6XRQ4,624,180,28.846153846153847,0.08460276651046489,0.09376247262621505
agent_id,AGT-DBEGJGWYVE,624,190,30.44871794871795,0.08930292020549072,0.09165070522472372
agent_id,AGT-VSNRM7IQIT,624,203,32.532051282051285,0.0954131200090243,0.088905407602785
agent_id,AGT-VH6I6W0YCB,624,208,33.333333333333336,0.09776319685653721,0.08784952390203933
agent_id,AGT-D3TOZG1Q4X,624,193,30.92948717948718,0.09071296631399847,0.09101717500427634
agent_id,AGT-9EQZR2XZVH,624,182,29.166666666666668,0.08554279724947006,0.09334011914591679
agent_id,AGT-9A52G9KAKH,624,200,32.05128205128205,0.09400307390051654,0.0895389378232324
agent_id,AGT-GDP9DDIZFP,624,203,32.532051282051285,0.0954131200090243,0.088905407602785
agent_id,AGT-7XS8GUBKR1,624,185,29.647435897435898,0.0869528433579778,0.09270658892546939
agent_id,AGT-4XB5JSV7Y6,624,243,38.94230769230769,0.11421373478912761,0.08045833799681967
agent_id,AGT-PTWKYK487N,624,229,36.69871794871795,0.10763351961609145,0.08341481235890755
agent_id,AGT-H814HN4WBQ,623,193,30.979133226324237,0.09071296631399847,0.09080599826412719
agent_id,AGT-3F64L1CQON,623,194,31.13964686998395,0.09118298168350104,0.09059482152397806
agent_id,AGT-N0753JMGIT,623,196,31.46067415730337,0.09212301242250621,0.0901724680436798
agent_id,AGT-0DEAGE60M6,623,184,29.53451043338684,0.08648282798847522,0.09270658892546939
agent_id,AGT-3BOF66WDWZ,623,199,31.942215088282506,0.09353305853101396,0.0895389378232324
agent_id,AGT-Z5RWNRU08X,623,174,27.929373996789728,0.08178267429344939,0.09481835632696073
agent_id,AGT-1LZC3FE0Y5,623,191,30.658105939004816,0.0897729355749933,0.09122835174442546
agent_id,AGT-K2XLL46WK8,623,190,30.497592295345104,0.08930292020549072,0.0914395284845746
agent_id,AGT-GRF6UL86F3,623,189,30.337078651685392,0.08883290483598813,0.09165070522472372
agent_id,AGT-RQYFERL0UI,623,191,30.658105939004816,0.0897729355749933,0.09122835174442546
agent_id,AGT-FY0JTX0WX4,623,215,34.51043338683788,0.10105330444305528,0.08616010998084626
agent_id,AGT-FNW1UWSWIS,623,182,29.213483146067414,0.08554279724947006,0.09312894240576766
agent_id,AGT-VEXQ0NMZLH,623,196,31.46067415730337,0.09212301242250621,0.0901724680436798
agent_id,AGT-AUOTS7C4F3,623,202,32.42375601926164,0.09494310463952171,0.088905407602785
agent_id,AGT-T82UMP9J0W,623,176,28.25040128410915,0.08272270503245456,0.09439600284666246
agent_id,AGT-NMPUM2684B,623,193,30.979133226324237,0.09071296631399847,0.09080599826412719
agent_id,AGT-6RJU5Z1O8U,623,173,27.768860353130016,0.08131265892394682,0.09502953306710986
agent_id,AGT-6TVY644961,623,189,30.337078651685392,0.08883290483598813,0.09165070522472372
agent_id,AGT-6EUQGZ68XW,623,194,31.13964686998395,0.09118298168350104,0.09059482152397806
agent_id,AGT-64BBNY40AY,622,177,28.456591639871384,0.08319272040195715,0.0939736493663642
agent_id,AGT-ZXNEUYV3UL,622,206,33.11897106109325,0.09682316611753204,0.08784952390203933
agent_id,AGT-RRHWC3C1WE,622,197,31.672025723472668,0.0925930277920088,0.08975011456338153
agent_id,AGT-2ZICSG59FS,622,205,32.958199356913184,0.09635315074802946,0.08806070064218846
agent_id,AGT-P71DS5U8E5,622,196,31.511254019292604,0.09212301242250621,0.08996129130353066
agent_id,AGT-9E9QSMOQK5,622,190,30.54662379421222,0.08930292020549072,0.09122835174442546
agent_id,AGT-G0U5QILT5N,622,184,29.581993569131832,0.08648282798847522,0.09249541218532026
agent_id,AGT-VNCMXKXLZE,622,207,33.27974276527331,0.09729318148703463,0.0876383471618902
agent_id,AGT-I1ZHCVFEX1,622,185,29.742765273311896,0.0869528433579778,0.09228423544517113
agent_id,AGT-7YHGZDPWRS,622,202,32.47588424437299,0.09494310463952171,0.08869423086263586
agent_id,AGT-61QIQHSI3I,622,194,31.189710610932476,0.09118298168350104,0.09038364478382893
agent_id,AGT-7IZEUIYKAX,622,189,30.385852090032156,0.08883290483598813,0.0914395284845746
agent_id,AGT-QQ6Z4QXFC4,622,196,31.511254019292604,0.09212301242250621,0.08996129130353066
agent_id,AGT-AD4M9HXT2A,622,194,31.189710610932476,0.09118298168350104,0.09038364478382893
agent_id,AGT-8431PDCJHS,622,192,30.868167202572348,0.09024295094449589,0.09080599826412719
agent_id,AGT-JUB6V7KWTH,622,193,31.028938906752412,0.09071296631399847,0.09059482152397806
agent_id,AGT-FKCTSOFRV8,622,196,31.511254019292604,0.09212301242250621,0.08996129130353066
agent_id,AGT-F8WMTYQSZS,622,186,29.90353697749196,0.08742285872748039,0.092073058705022
agent_id,AGT-ATT07XYOTE,622,204,32.79742765273312,0.09588313537852688,0.0882718773823376
agent_id,AGT-VCZ9ZY2MDS,622,188,30.225080385852092,0.08836288946648556,0.09165070522472372
agent_id,AGT-XXSVZV4OUZ,622,182,29.260450160771704,0.08554279724947006,0.09291776566561853
agent_id,AGT-7CQYEF4L7J,622,217,34.88745980707395,0.10199333518206045,0.08552657976039887
agent_id,AGT-8OU6MJW3QV,622,212,34.08360128617363,0.09964325833454754,0.08658246346114454
agent_id,AGT-8E5KSD2KSS,621,189,30.434782608695652,0.08883290483598813,0.09122835174442546
agent_id,AGT-43DO0TIZK2,621,195,31.40096618357488,0.09165299705300363,0.08996129130353066
agent_id,AGT-98ZSNF8YWV,621,197,31.723027375201287,0.0925930277920088,0.0895389378232324
agent_id,AGT-VJO068ZKEB,621,210,33.81642512077295,0.09870322759554237,0.08679364020129367
agent_id,AGT-785O4C5VDM,621,189,30.434782608695652,0.08883290483598813,0.09122835174442546
agent_id,AGT-0SFUB4MUFS,621,209,33.65539452495974,0.0982332122260398,0.0870048169414428
agent_id,AGT-VNPM17YQ4J,621,196,31.561996779388085,0.09212301242250621,0.08975011456338153
agent_id,AGT-3OW146SSUR,621,215,34.62157809983897,0.10105330444305528,0.085737756500548
agent_id,AGT-09L5Z8WQAS,621,217,34.94363929146538,0.10199333518206045,0.08531540302024974
agent_id,AGT-V96WLTZ7C2,621,205,33.011272141706925,0.09635315074802946,0.08784952390203933
agent_id,AGT-8GZ4DPZ9DX,621,201,32.367149758454104,0.09447308927001913,0.08869423086263586
agent_id,AGT-BHMTTUAA05,621,196,31.561996779388085,0.09212301242250621,0.08975011456338153
agent_id,AGT-4VH0KX1M7P,620,178,28.70967741935484,0.08366273577145973,0.09334011914591679
agent_id,AGT-GJ9LKR80FA,620,190,30.64516129032258,0.08930292020549072,0.09080599826412719
agent_id,AGT-Q4SXP4EG6L,620,190,30.64516129032258,0.08930292020549072,0.09080599826412719
agent_id,AGT-FDD67YH842,620,194,31.29032258064516,0.09118298168350104,0.08996129130353066
agent_id,AGT-L2GBNN6LWM,620,186,30.0,0.08742285872748039,0.09165070522472372
agent_id,AGT-QXV7HN47JJ,620,179,28.870967741935484,0.0841327511409623,0.09312894240576766
agent_id,AGT-L84W3K4FHJ,620,208,33.54838709677419,0.09776319685653721,0.0870048169414428
agent_id,AGT-HA58VTBBFQ,620,184,29.677419354838708,0.08648282798847522,0.092073058705022
agent_id,AGT-M8CHINA9AC,620,190,30.64516129032258,0.08930292020549072,0.09080599826412719
agent_id,AGT-FA9EKIAVXG,620,211,34.03225806451613,0.09917324296504496,0.08637128672099541
agent_id,AGT-R6BH0F3DT7,620,208,33.54838709677419,0.09776319685653721,0.0870048169414428
agent_id,AGT-Q47B8JI9Y1,620,190,30.64516129032258,0.08930292020549072,0.09080599826412719
agent_id,AGT-9XK11HDKY2,620,171,27.580645161290324,0.08037262818494165,0.09481835632696073
agent_id,AGT-35OZPMG5XY,620,187,30.161290322580644,0.08789287409698297,0.0914395284845746
agent_id,AGT-Z1EG2FBXSK,620,186,30.0,0.08742285872748039,0.09165070522472372
agent_id,AGT-V6HEZNUZJC,620,189,30.483870967741936,0.08883290483598813,0.09101717500427634
agent_id,AGT-QFOUTLLR71,619,196,31.663974151857836,0.09212301242250621,0.08932776108308327
agent_id,AGT-03BKII7RPZ,619,204,32.95638126009693,0.09588313537852688,0.0876383471618902
agent_id,AGT-BJAC223K45,619,202,32.63327948303716,0.09494310463952171,0.08806070064218846
agent_id,AGT-T8LM02ABDZ,619,196,31.663974151857836,0.09212301242250621,0.08932776108308327
agent_id,AGT-5J9V220I1K,619,174,28.109854604200322,0.08178267429344939,0.0939736493663642
agent_id,AGT-YEHDH59WDI,619,173,27.948303715670438,0.08131265892394682,0.09418482610651333
agent_id,AGT-OVOS9HYAAX,619,200,32.31017770597738,0.09400307390051654,0.08848305412248673
agent_id,AGT-E7F95ZYZZ5,619,191,30.8562197092084,0.0897729355749933,0.09038364478382893
agent_id,AGT-5YUGOKFA7V,619,177,28.594507269789982,0.08319272040195715,0.09334011914591679
agent_id,AGT-020055Q6ET,619,201,32.47172859450727,0.09447308927001913,0.0882718773823376
agent_id,AGT-EC4OBWIIR0,619,195,31.502423263327948,0.09165299705300363,0.0895389378232324
agent_id,AGT-NL92YNJI55,619,204,32.95638126009693,0.09588313537852688,0.0876383471618902
agent_id,AGT-O41ZQQO47Y,619,189,30.533117932148627,0.08883290483598813,0.09080599826412719
agent_id,AGT-T74I7TF58R,619,176,28.432956381260098,0.08272270503245456,0.09355129588606592
agent_id,AGT-IAQDBO398N,619,202,32.63327948303716,0.09494310463952171,0.08806070064218846
agent_id,AGT-HSAKSDDKYK,618,187,30.258899676375403,0.08789287409698297,0.09101717500427634
agent_id,AGT-0SUICKNSHN,618,202,32.68608414239482,0.09494310463952171,0.08784952390203933
agent_id,AGT-9GUU6STJO8,618,201,32.52427184466019,0.09447308927001913,0.08806070064218846
agent_id,AGT-74NXI0E4E6,618,195,31.553398058252426,0.09165299705300363,0.08932776108308327
agent_id,AGT-NFMDK0WJ3N,618,198,32.03883495145631,0.09306304316151139,0.08869423086263586
agent_id,AGT-904VY7KN6S,618,198,32.03883495145631,0.09306304316151139,0.08869423086263586
agent_id,AGT-LLYOVI82UI,618,186,30.097087378640776,0.08742285872748039,0.09122835174442546
agent_id,AGT-DHXTM6VCSZ,618,179,28.964401294498384,0.0841327511409623,0.09270658892546939
agent_id,AGT-QO0HKV2FTI,618,192,31.067961165048544,0.09024295094449589,0.08996129130353066
agent_id,AGT-NZLT43UWA8,618,199,32.200647249190936,0.09353305853101396,0.08848305412248673
agent_id,AGT-QZY9HF6XTZ,618,169,27.346278317152105,0.07943259744593648,0.09481835632696073
agent_id,AGT-HXJTIF9ZMH,618,185,29.93527508090615,0.0869528433579778,0.0914395284845746
agent_id,AGT-Y3KZLUV3T3,618,208,33.65695792880259,0.09776319685653721,0.08658246346114454
agent_id,AGT-8DUEBHWDZS,618,184,29.77346278317152,0.08648282798847522,0.09165070522472372
agent_id,AGT-5H5YZZE5FL,618,199,32.200647249190936,0.09353305853101396,0.08848305412248673
agent_id,AGT-XWXZV5ZJKY,618,202,32.68608414239482,0.09494310463952171,0.08784952390203933
agent_id,AGT-7B0HRLOX7N,617,186,30.145867098865477,0.08742285872748039,0.09101717500427634
agent_id,AGT-SVZFVPVPBC,617,202,32.73905996758509,0.09494310463952171,0.0876383471618902
agent_id,AGT-U0ICPNUDA8,617,205,33.22528363047002,0.09635315074802946,0.0870048169414428
agent_id,AGT-S7G5N2BGQY,617,170,27.55267423014587,0.07990261281543906,0.09439600284666246
agent_id,AGT-9K4W87HK9Z,617,184,29.821717990275527,0.08648282798847522,0.0914395284845746
agent_id,AGT-QV4LVAPTDM,617,179,29.01134521880065,0.0841327511409623,0.09249541218532026
agent_id,AGT-1283BYB67Y,617,168,27.228525121555915,0.0789625820764339,0.09481835632696073
agent_id,AGT-Q1CPMXVTZC,617,202,32.73905996758509,0.09494310463952171,0.0876383471618902
agent_id,AGT-1999NR0BNU,617,203,32.90113452188007,0.0954131200090243,0.08742717042174107
agent_id,AGT-IZDFJFHSFH,617,172,27.876823338735818,0.08084264355444423,0.0939736493663642
agent_id,AGT-TV0QBXSVT9,617,191,30.956239870340358,0.0897729355749933,0.08996129130353066
agent_id,AGT-OJ9N4FGYV9,617,196,31.766612641815236,0.09212301242250621,0.088905407602785
agent_id,AGT-A32ZNV9PWA,617,192,31.118314424635333,0.09024295094449589,0.08975011456338153
agent_id,AGT-C6RUPPZPMR,616,203,32.95454545454545,0.0954131200090243,0.08721599368159194
agent_id,AGT-7U616EYKJ3,616,214,34.74025974025974,0.10058328907355271,0.08489304953995147
agent_id,AGT-HGVZ3WILY5,616,201,32.62987012987013,0.09447308927001913,0.0876383471618902
agent_id,AGT-QZGRW0TABQ,616,195,31.655844155844157,0.09165299705300363,0.088905407602785
agent_id,AGT-RE07DENY5A,616,195,31.655844155844157,0.09165299705300363,0.088905407602785
agent_id,AGT-CZXFOSPZWG,616,207,33.603896103896105,0.09729318148703463,0.08637128672099541
agent_id,AGT-LY2T10AXT8,616,201,32.62987012987013,0.09447308927001913,0.0876383471618902
agent_id,AGT-FL833OQDNH,616,189,30.681818181818183,0.08883290483598813,0.0901724680436798
agent_id,AGT-ENDMSY169K,616,200,32.467532467532465,0.09400307390051654,0.08784952390203933
agent_id,AGT-0O9BVZZ68Z,616,209,33.92857142857143,0.0982332122260398,0.08594893324069713
agent_id,AGT-WZZ580SGIK,616,214,34.74025974025974,0.10058328907355271,0.08489304953995147
agent_id,AGT-K0O13JDQ01,616,187,30.357142857142858,0.08789287409698297,0.09059482152397806
agent_id,AGT-D9FNMWPKPJ,616,197,31.98051948051948,0.0925930277920088,0.08848305412248673
agent_id,AGT-W2NEJNXW3S,616,214,34.74025974025974,0.10058328907355271,0.08489304953995147
agent_id,AGT-LBX5GY01OV,615,176,28.617886178861788,0.08272270503245456,0.09270658892546939
agent_id,AGT-MGX0DXFXS8,615,194,31.54471544715447,0.09118298168350104,0.088905407602785
agent_id,AGT-EKGNQCKBSX,615,207,33.65853658536585,0.09729318148703463,0.08616010998084626
agent_id,AGT-C8ND0CQOMI,615,195,31.70731707317073,0.09165299705300363,0.08869423086263586
agent_id,AGT-9XS8S3F6F9,615,193,31.382113821138212,0.09071296631399847,0.08911658434293414
agent_id,AGT-AV2TPW9VGR,615,194,31.54471544715447,0.09118298168350104,0.088905407602785
agent_id,AGT-56XIRH3EBF,615,192,31.21951219512195,0.09024295094449589,0.08932776108308327
agent_id,AGT-R9SF4CABC3,615,179,29.10569105691057,0.0841327511409623,0.092073058705022
agent_id,AGT-2QA9OU6KPZ,615,189,30.73170731707317,0.08883290483598813,0.08996129130353066
agent_id,AGT-POXBE49GFN,615,204,33.170731707317074,0.09588313537852688,0.08679364020129367
agent_id,AGT-CG3PF9BZHZ,615,181,29.43089430894309,0.08507278187996747,0.09165070522472372
agent_id,AGT-H4EMIUP105,615,199,32.357723577235774,0.09353305853101396,0.08784952390203933
agent_id,AGT-RRH6ONQMMX,615,182,29.59349593495935,0.08554279724947006,0.0914395284845746
agent_id,AGT-YRRA4HF4J8,615,196,31.869918699186993,0.09212301242250621,0.08848305412248673
agent_id,AGT-H4UGWG3OUB,615,178,28.943089430894307,0.08366273577145973,0.09228423544517113
agent_id,AGT-ZAL4032JRP,615,179,29.10569105691057,0.0841327511409623,0.092073058705022
agent_id,AGT-G0XY2K72PJ,614,186,30.293159609120522,0.08742285872748039,0.09038364478382893
agent_id,AGT-MKZIRVRLBZ,614,205,33.387622149837135,0.09635315074802946,0.08637128672099541
agent_id,AGT-QS0490AK15,614,197,32.08469055374593,0.0925930277920088,0.08806070064218846
agent_id,AGT-HSNO92AITC,614,183,29.80456026058632,0.08601281261897264,0.09101717500427634
agent_id,AGT-DFZZM87N1N,614,196,31.921824104234528,0.09212301242250621,0.0882718773823376
agent_id,AGT-XKNA4UGMBW,614,175,28.501628664495115,0.08225268966295197,0.09270658892546939
agent_id,AGT-OU7FAUBSD0,614,172,28.01302931596091,0.08084264355444423,0.09334011914591679
agent_id,AGT-JPATDOZLSQ,614,184,29.96742671009772,0.08648282798847522,0.09080599826412719
agent_id,AGT-9M45XHR1BB,614,187,30.45602605863192,0.08789287409698297,0.0901724680436798
agent_id,AGT-4VD72FBSK4,614,184,29.96742671009772,0.08648282798847522,0.09080599826412719
agent_id,AGT-5M8UV0UVSQ,614,178,28.990228013029316,0.08366273577145973,0.092073058705022
agent_id,AGT-O48SLVX738,614,191,31.107491856677523,0.0897729355749933,0.08932776108308327
agent_id,AGT-Q4ZVLPZQ5R,613,197,32.13703099510604,0.0925930277920088,0.08784952390203933
agent_id,AGT-9W02U9H2GZ,613,194,31.64763458401305,0.09118298168350104,0.08848305412248673
agent_id,AGT-MCGNTSXO28,613,184,30.0163132137031,0.08648282798847522,0.09059482152397806
agent_id,AGT-ZVS0XWYET1,613,196,31.973898858075042,0.09212301242250621,0.08806070064218846
agent_id,AGT-LFX460UJ80,613,191,31.158238172920065,0.0897729355749933,0.08911658434293414
agent_id,AGT-S1A5VZL0SM,613,189,30.831973898858074,0.08883290483598813,0.0895389378232324
agent_id,AGT-XGAUAW8BI8,613,183,29.853181076672104,0.08601281261897264,0.09080599826412719
agent_id,AGT-995PFQJVX6,613,189,30.831973898858074,0.08883290483598813,0.0895389378232324
agent_id,AGT-TDSG1W6IY6,613,185,30.179445350734095,0.0869528433579778,0.09038364478382893
agent_id,AGT-9W2W01V6JD,613,177,28.874388254486135,0.08319272040195715,0.092073058705022
agent_id,AGT-QU8T3PNBH6,613,183,29.853181076672104,0.08601281261897264,0.09080599826412719
agent_id,AGT-SU7O45SBQF,613,185,30.179445350734095,0.0869528433579778,0.09038364478382893
agent_id,AGT-DXPI435GIT,613,225,36.7047308319739,0.10575345813808111,0.08193657517786361
agent_id,AGT-XAD4RO1CPF,612,193,31.535947712418302,0.09071296631399847,0.08848305412248673
agent_id,AGT-EDKK9VOD7F,612,178,29.084967320261438,0.08366273577145973,0.09165070522472372
agent_id,AGT-DDPUZDGTDB,612,192,31.372549019607842,0.09024295094449589,0.08869423086263586
agent_id,AGT-7ID1M83527,612,197,32.189542483660134,0.0925930277920088,0.0876383471618902
agent_id,AGT-8JD6LDRA82,612,196,32.02614379084967,0.09212301242250621,0.08784952390203933
agent_id,AGT-36I8H8V3IO,612,176,28.758169934640524,0.08272270503245456,0.092073058705022
agent_id,AGT-HXRF7GKPTC,612,205,33.49673202614379,0.09635315074802946,0.08594893324069713
agent_id,AGT-ESK10JFPQQ,611,183,29.95090016366612,0.08601281261897264,0.09038364478382893
agent_id,AGT-CQBSB9AUGV,611,182,29.78723404255319,0.08554279724947006,0.09059482152397806
agent_id,AGT-L0XIIP9UA9,611,191,31.26022913256956,0.0897729355749933,0.08869423086263586
agent_id,AGT-F7WFZ9B08B,611,180,29.459901800327334,0.08460276651046489,0.09101717500427634
agent_id,AGT-PKWCHKMDDW,611,187,30.605564648117838,0.08789287409698297,0.0895389378232324
agent_id,AGT-MV1S3NK1UZ,611,179,29.2962356792144,0.0841327511409623,0.09122835174442546
agent_id,AGT-PE3Z64L6KA,611,164,26.841243862520457,0.07708252059842356,0.09439600284666246
agent_id,AGT-5DKACXORKL,611,201,32.89689034369886,0.09447308927001913,0.08658246346114454
agent_id,AGT-5FZN0GITJ6,610,202,33.114754098360656,0.09494310463952171,0.08616010998084626
agent_id,AGT-FK6MI05PO5,610,188,30.81967213114754,0.08836288946648556,0.08911658434293414
agent_id,AGT-YTZ9ORZT0J,610,174,28.524590163934427,0.08178267429344939,0.092073058705022
agent_id,AGT-T0RCZNZEMA,610,184,30.16393442622951,0.08648282798847522,0.08996129130353066
agent_id,AGT-YDA73BIP0J,610,188,30.81967213114754,0.08836288946648556,0.08911658434293414
agent_id,AGT-8OAKZ8LMXA,610,193,31.639344262295083,0.09071296631399847,0.08806070064218846
agent_id,AGT-UF8UI4UA1B,610,202,33.114754098360656,0.09494310463952171,0.08616010998084626
agent_id,AGT-YETUBFGAV5,610,175,28.688524590163933,0.08225268966295197,0.09186188196487285
agent_id,AGT-03D30TX4R9,610,181,29.672131147540984,0.08507278187996747,0.09059482152397806
agent_id,AGT-3EE5S99BFU,610,200,32.78688524590164,0.09400307390051654,0.08658246346114454
agent_id,AGT-B0WCQUOFHF,610,182,29.83606557377049,0.08554279724947006,0.09038364478382893
agent_id,AGT-R8G56XJJDR,610,195,31.9672131147541,0.09165299705300363,0.0876383471618902
agent_id,AGT-0QS3PWRJNI,610,196,32.131147540983605,0.09212301242250621,0.08742717042174107
agent_id,AGT-F0YXXAXRAU,609,171,28.07881773399015,0.08037262818494165,0.09249541218532026
agent_id,AGT-0Q4Z4AE9P2,609,191,31.362889983579638,0.0897729355749933,0.0882718773823376
agent_id,AGT-KITIHYNJSA,609,192,31.527093596059114,0.09024295094449589,0.08806070064218846
agent_id,AGT-5JI29B48WM,609,172,28.24302134646962,0.08084264355444423,0.09228423544517113
agent_id,AGT-BUE4IHI1P1,609,174,28.571428571428573,0.08178267429344939,0.09186188196487285
agent_id,AGT-BE8UFS60OG,609,208,34.15435139573071,0.09776319685653721,0.08468187279980234
agent_id,AGT-JI4AFYODD7,609,169,27.750410509031198,0.07943259744593648,0.09291776566561853
agent_id,AGT-ZJEV0XGD00,609,190,31.198686371100163,0.08930292020549072,0.08848305412248673
agent_id,AGT-NQ72Y207T6,609,175,28.735632183908045,0.08225268966295197,0.09165070522472372
agent_id,AGT-VPRRBWIF1D,609,183,30.049261083743843,0.08601281261897264,0.08996129130353066
agent_id,AGT-NRP3DGI0C2,609,185,30.37766830870279,0.0869528433579778,0.0895389378232324
agent_id,AGT-4V9XEWH73V,609,204,33.49753694581281,0.09588313537852688,0.08552657976039887
agent_id,AGT-GDSRHZRHQ7,609,183,30.049261083743843,0.08601281261897264,0.08996129130353066
agent_id,AGT-HQP1WC8P45,609,196,32.18390804597701,0.09212301242250621,0.08721599368159194
agent_id,AGT-7VLDSY7HW2,609,184,30.213464696223316,0.08648282798847522,0.08975011456338153
agent_id,AGT-GV8AQYD95Q,608,188,30.92105263157895,0.08836288946648556,0.08869423086263586
agent_id,AGT-UKN1ENEVJZ,608,184,30.263157894736842,0.08648282798847522,0.0895389378232324
agent_id,AGT-3VX5GJAF2I,608,187,30.75657894736842,0.08789287409698297,0.088905407602785
agent_id,AGT-NN9QB41DVS,608,193,31.74342105263158,0.09071296631399847,0.0876383471618902
agent_id,AGT-4YRVLDYBJS,608,197,32.401315789473685,0.0925930277920088,0.08679364020129367
agent_id,AGT-7YEN4DGX91,608,206,33.88157894736842,0.09682316611753204,0.08489304953995147
agent_id,AGT-LE0LUR1Y4Z,608,187,30.75657894736842,0.08789287409698297,0.088905407602785
agent_id,AGT-J05KMZT48E,608,189,31.085526315789473,0.08883290483598813,0.08848305412248673
agent_id,AGT-KU6FVZPQSV,608,189,31.085526315789473,0.08883290483598813,0.08848305412248673
agent_id,AGT-P32K9GW5NX,608,195,32.07236842105263,0.09165299705300363,0.08721599368159194
agent_id,AGT-IA36860J9Z,608,189,31.085526315789473,0.08883290483598813,0.08848305412248673
agent_id,AGT-30XROFW4ZA,608,199,32.73026315789474,0.09353305853101396,0.08637128672099541
agent_id,AGT-FGELL8RONZ,608,187,30.75657894736842,0.08789287409698297,0.088905407602785
agent_id,AGT-KTG7GAP6JI,608,188,30.92105263157895,0.08836288946648556,0.08869423086263586
agent_id,AGT-S6T0KJTHIL,608,197,32.401315789473685,0.0925930277920088,0.08679364020129367
agent_id,AGT-SXAAPU6PMW,608,195,32.07236842105263,0.09165299705300363,0.08721599368159194
agent_id,AGT-LZE1XD1GMT,608,181,29.769736842105264,0.08507278187996747,0.0901724680436798
agent_id,AGT-DJ2LBQOGP3,608,183,30.098684210526315,0.08601281261897264,0.08975011456338153
agent_id,AGT-FJRKLZU2YC,607,193,31.795716639209225,0.09071296631399847,0.08742717042174107
agent_id,AGT-A2SCD6YQWM,607,189,31.13673805601318,0.08883290483598813,0.0882718773823376
agent_id,AGT-QQATMOYOS3,607,167,27.512355848434925,0.07849256670693132,0.09291776566561853
agent_id,AGT-AAM9ILQP8J,607,171,28.17133443163097,0.08037262818494165,0.092073058705022
agent_id,AGT-YHIM4ZODIK,607,182,29.9835255354201,0.08554279724947006,0.08975011456338153
agent_id,AGT-ZRQW0ATSEE,607,174,28.665568369028005,0.08178267429344939,0.0914395284845746
agent_id,AGT-HLGND96O59,607,192,31.630971993410213,0.09024295094449589,0.0876383471618902
agent_id,AGT-HX94J4BGWF,607,193,31.795716639209225,0.09071296631399847,0.08742717042174107
agent_id,AGT-ZM1ICRUZC0,607,189,31.13673805601318,0.08883290483598813,0.0882718773823376
agent_id,AGT-1FE9KA8SIW,607,187,30.807248764415156,0.08789287409698297,0.08869423086263586
agent_id,AGT-P0R6W0FYK1,606,183,30.198019801980198,0.08601281261897264,0.08932776108308327
agent_id,AGT-M261ILATNY,606,207,34.15841584158416,0.09729318148703463,0.08425951931950407
agent_id,AGT-A1ZE8Q3U3C,606,192,31.683168316831683,0.09024295094449589,0.08742717042174107
agent_id,AGT-JZD6GWJBLQ,606,181,29.86798679867987,0.08507278187996747,0.08975011456338153
agent_id,AGT-AX80P6GQZV,606,196,32.34323432343234,0.09212301242250621,0.08658246346114454
agent_id,AGT-HEH0YAS7ZQ,606,178,29.372937293729372,0.08366273577145973,0.09038364478382893
agent_id,AGT-RL5TXXUWF5,606,174,28.712871287128714,0.08178267429344939,0.09122835174442546
agent_id,AGT-87J5AYCAB1,606,183,30.198019801980198,0.08601281261897264,0.08932776108308327
agent_id,AGT-IT36OMS326,606,184,30.363036303630363,0.08648282798847522,0.08911658434293414
agent_id,AGT-1KKA6IK8D9,606,169,27.887788778877887,0.07943259744593648,0.09228423544517113
agent_id,AGT-96DP5PKDGS,606,187,30.858085808580856,0.08789287409698297,0.08848305412248673
agent_id,AGT-ADNC57V4Y5,606,182,30.033003300330034,0.08554279724947006,0.0895389378232324
agent_id,AGT-ECPPYMNG3G,605,171,28.264462809917354,0.08037262818494165,0.09165070522472372
agent_id,AGT-Y27TPT34U4,605,203,33.553719008264466,0.0954131200090243,0.08489304953995147
agent_id,AGT-MSMPY4CS16,605,203,33.553719008264466,0.0954131200090243,0.08489304953995147
agent_id,AGT-VHAI3QYV8U,605,206,34.049586776859506,0.09682316611753204,0.08425951931950407
agent_id,AGT-YVWKQHAJE2,605,174,28.760330578512395,0.08178267429344939,0.09101717500427634
agent_id,AGT-3SNWBE3W3Y,605,171,28.264462809917354,0.08037262818494165,0.09165070522472372
agent_id,AGT-OI77O05LDK,605,191,31.570247933884296,0.0897729355749933,0.08742717042174107
agent_id,AGT-KQP4TBDPA5,604,188,31.125827814569536,0.08836288946648556,0.08784952390203933
agent_id,AGT-ZAYJ41JB3A,604,189,31.29139072847682,0.08883290483598813,0.0876383471618902
agent_id,AGT-HKU44IP108,604,194,32.11920529801324,0.09118298168350104,0.08658246346114454
agent_id,AGT-1YCIZJAO9N,604,191,31.62251655629139,0.0897729355749933,0.08721599368159194
agent_id,AGT-QZBFN7LRWT,604,180,29.801324503311257,0.08460276651046489,0.0895389378232324
agent_id,AGT-JNY9R22CQM,603,181,30.016583747927033,0.08507278187996747,0.08911658434293414
agent_id,AGT-3XZPJ3T8CP,603,190,31.509121061359867,0.08930292020549072,0.08721599368159194
agent_id,AGT-EUE2HDH3QQ,603,181,30.016583747927033,0.08507278187996747,0.08911658434293414
agent_id,AGT-8TUK3OR0F6,603,185,30.679933665008292,0.0869528433579778,0.0882718773823376
agent_id,AGT-ZQ5QQ96EUM,603,181,30.016583747927033,0.08507278187996747,0.08911658434293414
agent_id,AGT-IGZY99W908,602,179,29.73421926910299,0.0841327511409623,0.08932776108308327
agent_id,AGT-K79FA75TT6,602,179,29.73421926910299,0.0841327511409623,0.08932776108308327
agent_id,AGT-3JXWWT2USN,602,203,33.72093023255814,0.0954131200090243,0.08425951931950407
agent_id,AGT-XVTFWL1STE,602,188,31.229235880398672,0.08836288946648556,0.08742717042174107
agent_id,AGT-TSSIHYMD02,602,187,31.06312292358804,0.08789287409698297,0.0876383471618902
agent_id,AGT-AN9S4PD9YK,602,172,28.571428571428573,0.08084264355444423,0.09080599826412719
agent_id,AGT-MQMVGK3ALG,602,187,31.06312292358804,0.08789287409698297,0.0876383471618902
agent_id,AGT-MG70CMDJPJ,602,173,28.737541528239202,0.08131265892394682,0.09059482152397806
agent_id,AGT-027UBQ07RA,601,177,29.450915141430947,0.08319272040195715,0.0895389378232324
agent_id,AGT-ABUH5G23QO,601,187,31.114808652246257,0.08789287409698297,0.08742717042174107
agent_id,AGT-703TCW9HY5,601,180,29.95008319467554,0.08460276651046489,0.088905407602785
agent_id,AGT-TT0NFU4K2U,601,199,33.11148086522463,0.09353305853101396,0.08489304953995147
agent_id,AGT-PHF1BNC7Z2,601,176,29.284525790349416,0.08272270503245456,0.08975011456338153
agent_id,AGT-YK02JUZBDO,601,187,31.114808652246257,0.08789287409698297,0.08742717042174107
agent_id,AGT-DFWMTQOSYP,601,183,30.449251247920134,0.08601281261897264,0.0882718773823376
agent_id,AGT-9YREQYSI5H,601,186,30.948419301164726,0.08742285872748039,0.0876383471618902
agent_id,AGT-TEJ4IKS7JJ,601,200,33.277870216306155,0.09400307390051654,0.08468187279980234
agent_id,AGT-OJC9BV7RWY,601,188,31.281198003327788,0.08836288946648556,0.08721599368159194
agent_id,AGT-KV4EE4USMU,601,204,33.94342762063228,0.09588313537852688,0.08383716583920581
agent_id,AGT-DELTRDO2X7,601,184,30.615640599001665,0.08648282798847522,0.08806070064218846
agent_id,AGT-1ZSO508WOH,600,182,30.333333333333332,0.08554279724947006,0.0882718773823376
agent_id,AGT-TRV7Z7UODY,600,167,27.833333333333332,0.07849256670693132,0.0914395284845746
agent_id,AGT-WI5ZDHCEPB,600,200,33.333333333333336,0.09400307390051654,0.08447069605965321
agent_id,AGT-BQKJV90OIO,600,192,32.0,0.09024295094449589,0.08616010998084626
agent_id,AGT-VJYS33BX5A,600,200,33.333333333333336,0.09400307390051654,0.08447069605965321
agent_id,AGT-K4F3KPECPA,600,183,30.5,0.08601281261897264,0.08806070064218846
agent_id,AGT-93R1FEUZ8C,600,173,28.833333333333332,0.08131265892394682,0.0901724680436798
agent_id,AGT-1B1LQT3IQC,600,166,27.666666666666668,0.07802255133742873,0.09165070522472372
agent_id,AGT-PMTS32C7KD,600,196,32.666666666666664,0.09212301242250621,0.08531540302024974
agent_id,AGT-FXUY55EOMM,600,195,32.5,0.09165299705300363,0.08552657976039887
agent_id,AGT-PB69L1LNLH,600,186,31.0,0.08742285872748039,0.08742717042174107
agent_id,AGT-SN6XXQN379,599,190,31.719532554257096,0.08930292020549072,0.08637128672099541
agent_id,AGT-ZF4Q739XEZ,599,182,30.38397328881469,0.08554279724947006,0.08806070064218846
agent_id,AGT-Z2ZCLZ4UQA,599,181,30.21702838063439,0.08507278187996747,0.0882718773823376
agent_id,AGT-P7UOO1A7J0,599,200,33.3889816360601,0.09400307390051654,0.08425951931950407
agent_id,AGT-14RK669CGW,598,170,28.42809364548495,0.07990261281543906,0.09038364478382893
agent_id,AGT-3Z0BAXO1P6,598,194,32.441471571906355,0.09118298168350104,0.08531540302024974
agent_id,AGT-VCHYT34SD6,598,175,29.264214046822744,0.08225268966295197,0.08932776108308327
agent_id,AGT-D823QIGFPO,598,194,32.441471571906355,0.09118298168350104,0.08531540302024974
agent_id,AGT-C4NMNPC23W,598,168,28.093645484949832,0.0789625820764339,0.09080599826412719
agent_id,AGT-QMHTY08PP0,598,195,32.608695652173914,0.09165299705300363,0.0851042262801006
agent_id,AGT-ZGD5FBXG7L,598,181,30.267558528428093,0.08507278187996747,0.08806070064218846
agent_id,AGT-LHW2K7HV3X,597,186,31.155778894472363,0.08742285872748039,0.08679364020129367
agent_id,AGT-6L3BLQM63U,597,188,31.490787269681743,0.08836288946648556,0.08637128672099541
agent_id,AGT-R4ODXQMRF5,597,196,32.83082077051926,0.09212301242250621,0.08468187279980234
agent_id,AGT-UK3JBLHXC6,597,176,29.48073701842546,0.08272270503245456,0.088905407602785
agent_id,AGT-4BMBYKYFDX,597,173,28.97822445561139,0.08131265892394682,0.0895389378232324
agent_id,AGT-613L388D8L,597,164,27.47068676716918,0.07708252059842356,0.0914395284845746
agent_id,AGT-Z1EIQXWV82,597,182,30.485762144053602,0.08554279724947006,0.0876383471618902
agent_id,AGT-AJ8SSRN9XM,596,161,27.013422818791945,0.07567247448991582,0.09186188196487285
agent_id,AGT-24LFEK8QEC,596,185,31.040268456375838,0.0869528433579778,0.08679364020129367
agent_id,AGT-YC6FFRDEGK,596,198,33.22147651006711,0.09306304316151139,0.08404834257935494
agent_id,AGT-KCT0OUBWIE,596,179,30.033557046979865,0.0841327511409623,0.08806070064218846
agent_id,AGT-SEDL4ENT0A,596,186,31.20805369127517,0.08742285872748039,0.08658246346114454
agent_id,AGT-6NAZTH7M7Q,596,207,34.73154362416108,0.09729318148703463,0.08214775191801274
agent_id,AGT-PNYK14IYR3,596,177,29.697986577181208,0.08319272040195715,0.08848305412248673
agent_id,AGT-OJOELLJS8I,596,205,34.395973154362416,0.09635315074802946,0.08257010539831101
agent_id,AGT-EXQ8KX7MBM,596,211,35.40268456375839,0.09917324296504496,0.0813030449574162
agent_id,AGT-I7AE42K1E3,596,187,31.375838926174495,0.08789287409698297,0.08637128672099541
agent_id,AGT-24XX6P3FO7,596,171,28.691275167785236,0.08037262818494165,0.08975011456338153
agent_id,AGT-N6YFW1455B,595,202,33.94957983193277,0.09494310463952171,0.08299245887860927
agent_id,AGT-BGQP8SBV4K,595,166,27.899159663865547,0.07802255133742873,0.09059482152397806
agent_id,AGT-BRSQ4J226H,595,189,31.764705882352942,0.08883290483598813,0.085737756500548
agent_id,AGT-SHC2ZWX53S,595,193,32.436974789915965,0.09071296631399847,0.08489304953995147
agent_id,AGT-GR7KN03J41,595,183,30.756302521008404,0.08601281261897264,0.0870048169414428
agent_id,AGT-VPGMWBYXFI,595,194,32.60504201680672,0.09118298168350104,0.08468187279980234
agent_id,AGT-3DLG9UKU56,595,191,32.10084033613445,0.0897729355749933,0.08531540302024974
agent_id,AGT-CEKT3DRJ9B,594,206,34.68013468013468,0.09682316611753204,0.08193657517786361
agent_id,AGT-V0731LP1QE,594,197,33.16498316498316,0.0925930277920088,0.08383716583920581
agent_id,AGT-8VKK9PHQ52,594,176,29.62962962962963,0.08272270503245456,0.0882718773823376
agent_id,AGT-W2DEB9GVSM,594,180,30.303030303030305,0.08460276651046489,0.08742717042174107
agent_id,AGT-C7L9UKCI6Z,593,205,34.56998313659359,0.09635315074802946,0.08193657517786361
agent_id,AGT-NR3TFO3HEW,593,183,30.860033726812816,0.08601281261897264,0.08658246346114454
agent_id,AGT-0XMA3F473C,593,198,33.38954468802698,0.09306304316151139,0.08341481235890755
agent_id,AGT-WKXZRWYSSN,593,175,29.51096121416526,0.08225268966295197,0.0882718773823376
agent_id,AGT-YXSFAWZ23E,593,204,34.401349072512645,0.09588313537852688,0.08214775191801274
agent_id,AGT-V879G2OOFG,593,177,29.84822934232715,0.08319272040195715,0.08784952390203933
agent_id,AGT-4ZRJ45ERIZ,593,182,30.69139966273187,0.08554279724947006,0.08679364020129367
agent_id,AGT-N766EWP73G,593,186,31.365935919055648,0.08742285872748039,0.08594893324069713
agent_id,AGT-S2ST06ZN2V,592,178,30.06756756756757,0.08366273577145973,0.08742717042174107
agent_id,AGT-Q7BZNFI48C,592,186,31.41891891891892,0.08742285872748039,0.085737756500548
agent_id,AGT-EYD17D0BT6,592,187,31.58783783783784,0.08789287409698297,0.08552657976039887
agent_id,AGT-4Q1DSUDT97,591,187,31.64128595600677,0.08789287409698297,0.08531540302024974
agent_id,AGT-6ZZW9BKBOC,591,175,29.61082910321489,0.08225268966295197,0.08784952390203933
agent_id,AGT-JCGMOK8NDI,590,190,32.20338983050848,0.08930292020549072,0.08447069605965321
agent_id,AGT-4R60WIH6RO,590,193,32.71186440677966,0.09071296631399847,0.08383716583920581
agent_id,AGT-PRRCOBG991,590,181,30.677966101694917,0.08507278187996747,0.08637128672099541
agent_id,AGT-QXW4A78RH3,590,195,33.05084745762712,0.09165299705300363,0.08341481235890755
agent_id,AGT-WJMHSLTJ60,590,208,35.25423728813559,0.09776319685653721,0.08066951473696882
agent_id,AGT-GPJJR1BEMS,590,183,31.016949152542374,0.08601281261897264,0.08594893324069713
agent_id,AGT-A0349DE11K,589,185,31.40916808149406,0.0869528433579778,0.08531540302024974
agent_id,AGT-5A7COUI9W1,589,185,31.40916808149406,0.0869528433579778,0.08531540302024974
agent_id,AGT-DTAYXVOKPJ,589,179,30.39049235993209,0.0841327511409623,0.08658246346114454
agent_id,AGT-IB1X9BWBN2,589,207,35.144312393887944,0.09729318148703463,0.08066951473696882
agent_id,AGT-19AY9LXE9C,587,183,31.175468483816015,0.08601281261897264,0.08531540302024974
agent_id,AGT-Y01RTJUOQJ,587,173,29.471890971039183,0.08131265892394682,0.08742717042174107
agent_id,AGT-Q97AQ8XCJF,587,178,30.3236797274276,0.08366273577145973,0.08637128672099541
agent_id,AGT-S2RR13SI24,587,184,31.345826235093696,0.08648282798847522,0.0851042262801006
agent_id,AGT-1CPJD4QLU7,586,171,29.18088737201365,0.08037262818494165,0.0876383471618902
agent_id,AGT-799UGSN0G6,586,179,30.546075085324233,0.0841327511409623,0.08594893324069713
agent_id,AGT-4KDDHBIJVU,586,188,32.081911262798634,0.08836288946648556,0.08404834257935494
agent_id,AGT-Q5C8JMF7AE,586,162,27.64505119453925,0.0761424898594184,0.0895389378232324
agent_id,AGT-HXQ8E585EG,586,184,31.399317406143346,0.08648282798847522,0.08489304953995147
agent_id,AGT-QL32ARQUQL,586,193,32.93515358361775,0.09071296631399847,0.08299245887860927
agent_id,AGT-YMZKRGSJNL,586,175,29.86348122866894,0.08225268966295197,0.08679364020129367
agent_id,AGT-PTQZV7ISVY,586,172,29.351535836177476,0.08084264355444423,0.08742717042174107
agent_id,AGT-3BSCOF9JIO,586,179,30.546075085324233,0.0841327511409623,0.08594893324069713
agent_id,AGT-RA3DSUKQ7L,585,180,30.76923076923077,0.08460276651046489,0.08552657976039887
agent_id,AGT-2Z4O3TCODK,585,183,31.28205128205128,0.08601281261897264,0.08489304953995147
agent_id,AGT-XQOSHBUDXI,585,191,32.64957264957265,0.0897729355749933,0.0832036356187584
agent_id,AGT-BEAXRRXLFP,585,202,34.52991452991453,0.09494310463952171,0.08088069147711795
agent_id,AGT-PIKPFEQPIH,585,177,30.256410256410255,0.08319272040195715,0.08616010998084626
agent_id,AGT-1PCJWOWJBX,584,178,30.47945205479452,0.08366273577145973,0.085737756500548
agent_id,AGT-K2UMII2DZE,584,165,28.253424657534246,0.07755253596792615,0.08848305412248673
agent_id,AGT-GJ089YSJS0,584,180,30.82191780821918,0.08460276651046489,0.08531540302024974
agent_id,AGT-NO19RXC65N,584,177,30.30821917808219,0.08319272040195715,0.08594893324069713
agent_id,AGT-2VV2VCM1M0,584,182,31.164383561643834,0.08554279724947006,0.08489304953995147
agent_id,AGT-I54H5N8EAF,583,190,32.59005145797599,0.08930292020549072,0.08299245887860927
agent_id,AGT-X4R33GB4CR,583,173,29.67409948542024,0.08131265892394682,0.08658246346114454
agent_id,AGT-R9OEJVZ74S,583,200,34.305317324185246,0.09400307390051654,0.08088069147711795
agent_id,AGT-MV9CYF5934,583,187,32.075471698113205,0.08789287409698297,0.08362598909905668
agent_id,AGT-3CWPWNJ1YQ,582,195,33.50515463917526,0.09165299705300363,0.08172539843771448
agent_id,AGT-WX8WOK9XOA,581,195,33.56282271944922,0.09165299705300363,0.08151422169756534
agent_id,AGT-7HUT4X997D,581,204,35.111876075731494,0.09588313537852688,0.07961363103622314
agent_id,AGT-I0U7X8BN8X,580,186,32.06896551724138,0.08742285872748039,0.0832036356187584
agent_id,AGT-P7EOOA2P5S,579,167,28.842832469775473,0.07849256670693132,0.0870048169414428
agent_id,AGT-XPFEQBBG8N,579,173,29.879101899827287,0.08131265892394682,0.085737756500548
agent_id,AGT-WCPI68FFI5,579,156,26.94300518134715,0.0733223976424029,0.08932776108308327
agent_id,AGT-SJLH5LUL0F,578,188,32.52595155709343,0.08836288946648556,0.08235892865816187
agent_id,AGT-IOAGLENSDV,578,170,29.41176470588235,0.07990261281543906,0.08616010998084626
agent_id,AGT-4V4YDGZZ5H,578,162,28.027681660899653,0.0761424898594184,0.08784952390203933
agent_id,AGT-FMWA0M964M,578,162,28.027681660899653,0.0761424898594184,0.08784952390203933
agent_id,AGT-VBPI4ZZ5XX,577,185,32.06239168110918,0.0869528433579778,0.08278128213846014
agent_id,AGT-0FULA5JB42,577,185,32.06239168110918,0.0869528433579778,0.08278128213846014
agent_id,AGT-VBNZ1407P0,577,177,30.67590987868284,0.08319272040195715,0.08447069605965321
agent_id,AGT-E7AAXG6SU3,576,189,32.8125,0.08883290483598813,0.08172539843771448
agent_id,AGT-69430CDLET,576,188,32.638888888888886,0.08836288946648556,0.08193657517786361
agent_id,AGT-46FCJ4R4BY,576,178,30.90277777777778,0.08366273577145973,0.08404834257935494
agent_id,AGT-OR7DN8OOL8,576,192,33.333333333333336,0.09024295094449589,0.08109186821726708
agent_id,AGT-BSQ85EHHBB,575,167,29.043478260869566,0.07849256670693132,0.08616010998084626
agent_id,AGT-GF86DSKF59,575,184,32.0,0.08648282798847522,0.08257010539831101
agent_id,AGT-O5RS2730K1,574,193,33.62369337979094,0.09071296631399847,0.08045833799681967
agent_id,AGT-AHADYYXJB4,573,170,29.668411867364746,0.07990261281543906,0.0851042262801006
agent_id,AGT-VT6AB8ZSIS,572,173,30.244755244755243,0.08131265892394682,0.08425951931950407
agent_id,AGT-57JWQAKI57,571,175,30.64798598949212,0.08225268966295197,0.08362598909905668
agent_id,AGT-BV7L3GQC9A,567,190,33.50970017636684,0.08930292020549072,0.07961363103622314
agent_id,AGT-HHL6C35P9E,567,175,30.864197530864196,0.08225268966295197,0.08278128213846014
agent_id,AGT-60O1TBJA6T,567,169,29.80599647266314,0.07943259744593648,0.08404834257935494
agent_id,AGT-RAIJ7RHMBA,567,183,32.27513227513227,0.08601281261897264,0.08109186821726708
agent_id,AGT-04JD8RS9U4,566,175,30.918727915194346,0.08225268966295197,0.08257010539831101
agent_id,AGT-OPWHZ8YA2C,566,171,30.21201413427562,0.08037262818494165,0.08341481235890755
agent_id,AGT-D2H1LNA4JK,563,171,30.373001776198933,0.08037262818494165,0.08278128213846014
agent_id,AGT-1JJ2DET54K,554,170,30.685920577617328,0.07990261281543906,0.08109186821726708
agent_id,AGT-BA5KT5UAR7,552,161,29.166666666666668,0.07567247448991582,0.08257010539831101
agent_id,AGT-KGWJ9GRSYJ,552,158,28.6231884057971,0.07426242838140808,0.0832036356187584
agent_id,AGT-3J626YP5SB,547,190,34.73491773308958,0.08930292020549072,0.07539009623324049
interaction_type,Inbound Call,480678,149106,31.01993434274088,70.0821116850521,70.02029408472833
interaction_type,Outbound Call,102572,31802,31.004562648676053,14.947428780921136,14.944977900354143
interaction_type,Chat,68691,21329,31.050647100784673,10.024957816120587,10.001752766943238
interaction_type,Email,27543,8422,30.5776422321461,3.958469441950752,4.037910448391572
interaction_type,Video,6812,2100,30.82795067527892,0.9870322759554238,0.9950647995827148
