dataset,path,rows,columns,bytes
branches,dataset/branches.csv,350,22,89529
call_center_interactions,dataset/call_center_interactions/year=2023/month=06/day=17/call_center_interactions_20230617.csv,384,21,77678
call_center_interactions,dataset/call_center_interactions/year=2023/month=06/day=18/call_center_interactions_20230618.csv,384,21,78316
call_center_interactions,dataset/call_center_interactions/year=2023/month=06/day=19/call_center_interactions_20230619.csv,816,21,166777
call_center_interactions,dataset/call_center_interactions/year=2023/month=06/day=20/call_center_interactions_20230620.csv,721,21,147432
call_center_interactions,dataset/call_center_interactions/year=2023/month=06/day=21/call_center_interactions_20230621.csv,683,21,139434
call_center_interactions,dataset/call_center_interactions/year=2023/month=06/day=22/call_center_interactions_20230622.csv,617,21,125127
call_center_interactions,dataset/call_center_interactions/year=2023/month=06/day=23/call_center_interactions_20230623.csv,788,21,160259
call_center_interactions,dataset/call_center_interactions/year=2023/month=06/day=24/call_center_interactions_20230624.csv,413,21,84464
call_center_interactions,dataset/call_center_interactions/year=2023/month=06/day=25/call_center_interactions_20230625.csv,298,21,60124
call_center_interactions,dataset/call_center_interactions/year=2023/month=06/day=26/call_center_interactions_20230626.csv,828,21,168259
call_center_interactions,dataset/call_center_interactions/year=2023/month=06/day=27/call_center_interactions_20230627.csv,865,21,176560
call_center_interactions,dataset/call_center_interactions/year=2023/month=06/day=28/call_center_interactions_20230628.csv,871,21,177362
call_center_interactions,dataset/call_center_interactions/year=2023/month=06/day=29/call_center_interactions_20230629.csv,854,21,174198
call_center_interactions,dataset/call_center_interactions/year=2023/month=06/day=30/call_center_interactions_20230630.csv,732,21,149327
call_center_interactions,dataset/call_center_interactions/year=2023/month=07/day=01/call_center_interactions_20230701.csv,353,21,71572
call_center_interactions,dataset/call_center_interactions/year=2023/month=07/day=02/call_center_interactions_20230702.csv,388,21,78255
call_center_interactions,dataset/call_center_interactions/year=2023/month=07/day=03/call_center_interactions_20230703.csv,792,21,161906
call_center_interactions,dataset/call_center_interactions/year=2023/month=07/day=04/call_center_interactions_20230704.csv,833,21,169837
call_center_interactions,dataset/call_center_interactions/year=2023/month=07/day=05/call_center_interactions_20230705.csv,780,21,159096
call_center_interactions,dataset/call_center_interactions/year=2023/month=07/day=06/call_center_interactions_20230706.csv,866,21,176608
call_center_interactions,dataset/call_center_interactions/year=2023/month=07/day=07/call_center_interactions_20230707.csv,736,21,149220
call_center_interactions,dataset/call_center_interactions/year=2023/month=07/day=08/call_center_interactions_20230708.csv,398,21,81327
call_center_interactions,dataset/call_center_interactions/year=2023/month=07/day=09/call_center_interactions_20230709.csv,309,21,63175
call_center_interactions,dataset/call_center_interactions/year=2023/month=07/day=10/call_center_interactions_20230710.csv,725,21,147871
call_center_interactions,dataset/call_center_interactions/year=2023/month=07/day=11/call_center_interactions_20230711.csv,849,21,171533
call_center_interactions,dataset/call_center_interactions/year=2023/month=07/day=12/call_center_interactions_20230712.csv,655,21,132616
call_center_interactions,dataset/call_center_interactions/year=2023/month=07/day=13/call_center_interactions_20230713.csv,804,21,163281
call_center_interactions,dataset/call_center_interactions/year=2023/month=07/day=14/call_center_interactions_20230714.csv,836,21,169639
call_center_interactions,dataset/call_center_interactions/year=2023/month=07/day=15/call_center_interactions_20230715.csv,404,21,81421
call_center_interactions,dataset/call_center_interactions/year=2023/month=07/day=16/call_center_interactions_20230716.csv,374,21,76679
call_center_interactions,dataset/call_center_interactions/year=2023/month=07/day=17/call_center_interactions_20230717.csv,699,21,141559
call_center_interactions,dataset/call_center_interactions/year=2023/month=07/day=18/call_center_interactions_20230718.csv,851,21,172855
call_center_interactions,dataset/call_center_interactions/year=2023/month=07/day=19/call_center_interactions_20230719.csv,655,21,133795
call_center_interactions,dataset/call_center_interactions/year=2023/month=07/day=20/call_center_interactions_20230720.csv,725,21,147919
call_center_interactions,dataset/call_center_interactions/year=2023/month=07/day=21/call_center_interactions_20230721.csv,798,21,162536
call_center_interactions,dataset/call_center_interactions/year=2023/month=07/day=22/call_center_interactions_20230722.csv,385,21,78592
call_center_interactions,dataset/call_center_interactions/year=2023/month=07/day=23/call_center_interactions_20230723.csv,304,21,61755
call_center_interactions,dataset/call_center_interactions/year=2023/month=07/day=24/call_center_interactions_20230724.csv,595,21,121194
call_center_interactions,dataset/call_center_interactions/year=2023/month=07/day=25/call_center_interactions_20230725.csv,713,21,145920
call_center_interactions,dataset/call_center_interactions/year=2023/month=07/day=26/call_center_interactions_20230726.csv,858,21,175202
call_center_interactions,dataset/call_center_interactions/year=2023/month=07/day=27/call_center_interactions_20230727.csv,583,21,119103
call_center_interactions,dataset/call_center_interactions/year=2023/month=07/day=28/call_center_interactions_20230728.csv,669,21,135499
call_center_interactions,dataset/call_center_interactions/year=2023/month=07/day=29/call_center_interactions_20230729.csv,381,21,78071
call_center_interactions,dataset/call_center_interactions/year=2023/month=07/day=30/call_center_interactions_20230730.csv,297,21,60945
call_center_interactions,dataset/call_center_interactions/year=2023/month=07/day=31/call_center_interactions_20230731.csv,632,21,127918
call_center_interactions,dataset/call_center_interactions/year=2023/month=08/day=01/call_center_interactions_20230801.csv,833,21,169289
call_center_interactions,dataset/call_center_interactions/year=2023/month=08/day=02/call_center_interactions_20230802.csv,606,21,122733
call_center_interactions,dataset/call_center_interactions/year=2023/month=08/day=03/call_center_interactions_20230803.csv,827,21,168368
call_center_interactions,dataset/call_center_interactions/year=2023/month=08/day=04/call_center_interactions_20230804.csv,584,21,119177
call_center_interactions,dataset/call_center_interactions/year=2023/month=08/day=05/call_center_interactions_20230805.csv,435,21,88189
call_center_interactions,dataset/call_center_interactions/year=2023/month=08/day=06/call_center_interactions_20230806.csv,423,21,86962
call_center_interactions,dataset/call_center_interactions/year=2023/month=08/day=07/call_center_interactions_20230807.csv,621,21,127121
call_center_interactions,dataset/call_center_interactions/year=2023/month=08/day=08/call_center_interactions_20230808.csv,814,21,165507
call_center_interactions,dataset/call_center_interactions/year=2023/month=08/day=09/call_center_interactions_20230809.csv,600,21,122919
call_center_interactions,dataset/call_center_interactions/year=2023/month=08/day=10/call_center_interactions_20230810.csv,709,21,145125
call_center_interactions,dataset/call_center_interactions/year=2023/month=08/day=11/call_center_interactions_20230811.csv,771,21,156712
call_center_interactions,dataset/call_center_interactions/year=2023/month=08/day=12/call_center_interactions_20230812.csv,340,21,69044
call_center_interactions,dataset/call_center_interactions/year=2023/month=08/day=13/call_center_interactions_20230813.csv,312,21,63741
call_center_interactions,dataset/call_center_interactions/year=2023/month=08/day=14/call_center_interactions_20230814.csv,686,21,139746
call_center_interactions,dataset/call_center_interactions/year=2023/month=08/day=15/call_center_interactions_20230815.csv,790,21,161464
call_center_interactions,dataset/call_center_interactions/year=2023/month=08/day=16/call_center_interactions_20230816.csv,615,21,125630
call_center_interactions,dataset/call_center_interactions/year=2023/month=08/day=17/call_center_interactions_20230817.csv,821,21,167962
call_center_interactions,dataset/call_center_interactions/year=2023/month=08/day=18/call_center_interactions_20230818.csv,871,21,177324
call_center_interactions,dataset/call_center_interactions/year=2023/month=08/day=19/call_center_interactions_20230819.csv,298,21,60638
call_center_interactions,dataset/call_center_interactions/year=2023/month=08/day=20/call_center_interactions_20230820.csv,298,21,61391
call_center_interactions,dataset/call_center_interactions/year=2023/month=08/day=21/call_center_interactions_20230821.csv,763,21,155852
call_center_interactions,dataset/call_center_interactions/year=2023/month=08/day=22/call_center_interactions_20230822.csv,690,21,141233
call_center_interactions,dataset/call_center_interactions/year=2023/month=08/day=23/call_center_interactions_20230823.csv,791,21,160609
call_center_interactions,dataset/call_center_interactions/year=2023/month=08/day=24/call_center_interactions_20230824.csv,865,21,176645
call_center_interactions,dataset/call_center_interactions/year=2023/month=08/day=25/call_center_interactions_20230825.csv,652,21,133250
call_center_interactions,dataset/call_center_interactions/year=2023/month=08/day=26/call_center_interactions_20230826.csv,302,21,61609
call_center_interactions,dataset/call_center_interactions/year=2023/month=08/day=27/call_center_interactions_20230827.csv,387,21,78113
call_center_interactions,dataset/call_center_interactions/year=2023/month=08/day=28/call_center_interactions_20230828.csv,780,21,159527
call_center_interactions,dataset/call_center_interactions/year=2023/month=08/day=29/call_center_interactions_20230829.csv,744,21,151846
call_center_interactions,dataset/call_center_interactions/year=2023/month=08/day=30/call_center_interactions_20230830.csv,794,21,161770
call_center_interactions,dataset/call_center_interactions/year=2023/month=08/day=31/call_center_interactions_20230831.csv,700,21,142165
call_center_interactions,dataset/call_center_interactions/year=2023/month=09/day=01/call_center_interactions_20230901.csv,672,21,136668
call_center_interactions,dataset/call_center_interactions/year=2023/month=09/day=02/call_center_interactions_20230902.csv,322,21,65546
call_center_interactions,dataset/call_center_interactions/year=2023/month=09/day=03/call_center_interactions_20230903.csv,354,21,71527
call_center_interactions,dataset/call_center_interactions/year=2023/month=09/day=04/call_center_interactions_20230904.csv,641,21,130490
call_center_interactions,dataset/call_center_interactions/year=2023/month=09/day=05/call_center_interactions_20230905.csv,798,21,162713
call_center_interactions,dataset/call_center_interactions/year=2023/month=09/day=06/call_center_interactions_20230906.csv,857,21,174168
call_center_interactions,dataset/call_center_interactions/year=2023/month=09/day=07/call_center_interactions_20230907.csv,713,21,145198
call_center_interactions,dataset/call_center_interactions/year=2023/month=09/day=08/call_center_interactions_20230908.csv,799,21,161762
call_center_interactions,dataset/call_center_interactions/year=2023/month=09/day=09/call_center_interactions_20230909.csv,358,21,73024
call_center_interactions,dataset/call_center_interactions/year=2023/month=09/day=10/call_center_interactions_20230910.csv,339,21,69084
call_center_interactions,dataset/call_center_interactions/year=2023/month=09/day=11/call_center_interactions_20230911.csv,612,21,124320
call_center_interactions,dataset/call_center_interactions/year=2023/month=09/day=12/call_center_interactions_20230912.csv,722,21,146674
call_center_interactions,dataset/call_center_interactions/year=2023/month=09/day=13/call_center_interactions_20230913.csv,716,21,145265
call_center_interactions,dataset/call_center_interactions/year=2023/month=09/day=14/call_center_interactions_20230914.csv,608,21,124643
call_center_interactions,dataset/call_center_interactions/year=2023/month=09/day=15/call_center_interactions_20230915.csv,870,21,175466
call_center_interactions,dataset/call_center_interactions/year=2023/month=09/day=16/call_center_interactions_20230916.csv,345,21,70686
call_center_interactions,dataset/call_center_interactions/year=2023/month=09/day=17/call_center_interactions_20230917.csv,342,21,69382
call_center_interactions,dataset/call_center_interactions/year=2023/month=09/day=18/call_center_interactions_20230918.csv,636,21,129840
call_center_interactions,dataset/call_center_interactions/year=2023/month=09/day=19/call_center_interactions_20230919.csv,735,21,149384
call_center_interactions,dataset/call_center_interactions/year=2023/month=09/day=20/call_center_interactions_20230920.csv,662,21,134865
call_center_interactions,dataset/call_center_interactions/year=2023/month=09/day=21/call_center_interactions_20230921.csv,605,21,122994
call_center_interactions,dataset/call_center_interactions/year=2023/month=09/day=22/call_center_interactions_20230922.csv,870,21,177381
call_center_interactions,dataset/call_center_interactions/year=2023/month=09/day=23/call_center_interactions_20230923.csv,417,21,84777
call_center_interactions,dataset/call_center_interactions/year=2023/month=09/day=24/call_center_interactions_20230924.csv,346,21,70242
call_center_interactions,dataset/call_center_interactions/year=2023/month=09/day=25/call_center_interactions_20230925.csv,638,21,128822
call_center_interactions,dataset/call_center_interactions/year=2023/month=09/day=26/call_center_interactions_20230926.csv,613,21,125690
call_center_interactions,dataset/call_center_interactions/year=2023/month=09/day=27/call_center_interactions_20230927.csv,793,21,161125
call_center_interactions,dataset/call_center_interactions/year=2023/month=09/day=28/call_center_interactions_20230928.csv,716,21,146109
call_center_interactions,dataset/call_center_interactions/year=2023/month=09/day=29/call_center_interactions_20230929.csv,795,21,162359
call_center_interactions,dataset/call_center_interactions/year=2023/month=09/day=30/call_center_interactions_20230930.csv,367,21,74565
call_center_interactions,dataset/call_center_interactions/year=2023/month=10/day=01/call_center_interactions_20231001.csv,429,21,86721
call_center_interactions,dataset/call_center_interactions/year=2023/month=10/day=02/call_center_interactions_20231002.csv,863,21,176043
call_center_interactions,dataset/call_center_interactions/year=2023/month=10/day=03/call_center_interactions_20231003.csv,691,21,141474
call_center_interactions,dataset/call_center_interactions/year=2023/month=10/day=04/call_center_interactions_20231004.csv,671,21,138117
call_center_interactions,dataset/call_center_interactions/year=2023/month=10/day=05/call_center_interactions_20231005.csv,799,21,162075
call_center_interactions,dataset/call_center_interactions/year=2023/month=10/day=06/call_center_interactions_20231006.csv,600,21,122757
call_center_interactions,dataset/call_center_interactions/year=2023/month=10/day=07/call_center_interactions_20231007.csv,345,21,70473
call_center_interactions,dataset/call_center_interactions/year=2023/month=10/day=08/call_center_interactions_20231008.csv,399,21,81232
call_center_interactions,dataset/call_center_interactions/year=2023/month=10/day=09/call_center_interactions_20231009.csv,585,21,119069
call_center_interactions,dataset/call_center_interactions/year=2023/month=10/day=10/call_center_interactions_20231010.csv,605,21,123342
call_center_interactions,dataset/call_center_interactions/year=2023/month=10/day=11/call_center_interactions_20231011.csv,824,21,167574
call_center_interactions,dataset/call_center_interactions/year=2023/month=10/day=12/call_center_interactions_20231012.csv,688,21,140157
call_center_interactions,dataset/call_center_interactions/year=2023/month=10/day=13/call_center_interactions_20231013.csv,664,21,134750
call_center_interactions,dataset/call_center_interactions/year=2023/month=10/day=14/call_center_interactions_20231014.csv,363,21,74427
call_center_interactions,dataset/call_center_interactions/year=2023/month=10/day=15/call_center_interactions_20231015.csv,432,21,88483
call_center_interactions,dataset/call_center_interactions/year=2023/month=10/day=16/call_center_interactions_20231016.csv,699,21,142295
call_center_interactions,dataset/call_center_interactions/year=2023/month=10/day=17/call_center_interactions_20231017.csv,753,21,152498
call_center_interactions,dataset/call_center_interactions/year=2023/month=10/day=18/call_center_interactions_20231018.csv,736,21,150715
call_center_interactions,dataset/call_center_interactions/year=2023/month=10/day=19/call_center_interactions_20231019.csv,828,21,168902
call_center_interactions,dataset/call_center_interactions/year=2023/month=10/day=20/call_center_interactions_20231020.csv,693,21,141237
call_center_interactions,dataset/call_center_interactions/year=2023/month=10/day=21/call_center_interactions_20231021.csv,394,21,79867
call_center_interactions,dataset/call_center_interactions/year=2023/month=10/day=22/call_center_interactions_20231022.csv,347,21,70284
call_center_interactions,dataset/call_center_interactions/year=2023/month=10/day=23/call_center_interactions_20231023.csv,747,21,152853
call_center_interactions,dataset/call_center_interactions/year=2023/month=10/day=24/call_center_interactions_20231024.csv,853,21,172964
call_center_interactions,dataset/call_center_interactions/year=2023/month=10/day=25/call_center_interactions_20231025.csv,759,21,155139
call_center_interactions,dataset/call_center_interactions/year=2023/month=10/day=26/call_center_interactions_20231026.csv,621,21,127334
call_center_interactions,dataset/call_center_interactions/year=2023/month=10/day=27/call_center_interactions_20231027.csv,746,21,151529
call_center_interactions,dataset/call_center_interactions/year=2023/month=10/day=28/call_center_interactions_20231028.csv,333,21,67427
call_center_interactions,dataset/call_center_interactions/year=2023/month=10/day=29/call_center_interactions_20231029.csv,375,21,76334
call_center_interactions,dataset/call_center_interactions/year=2023/month=10/day=30/call_center_interactions_20231030.csv,799,21,162665
call_center_interactions,dataset/call_center_interactions/year=2023/month=10/day=31/call_center_interactions_20231031.csv,602,21,122111
call_center_interactions,dataset/call_center_interactions/year=2023/month=11/day=01/call_center_interactions_20231101.csv,759,21,154344
call_center_interactions,dataset/call_center_interactions/year=2023/month=11/day=02/call_center_interactions_20231102.csv,645,21,132138
call_center_interactions,dataset/call_center_interactions/year=2023/month=11/day=03/call_center_interactions_20231103.csv,758,21,154876
call_center_interactions,dataset/call_center_interactions/year=2023/month=11/day=04/call_center_interactions_20231104.csv,318,21,65425
call_center_interactions,dataset/call_center_interactions/year=2023/month=11/day=05/call_center_interactions_20231105.csv,334,21,67583
call_center_interactions,dataset/call_center_interactions/year=2023/month=11/day=06/call_center_interactions_20231106.csv,851,21,173326
call_center_interactions,dataset/call_center_interactions/year=2023/month=11/day=07/call_center_interactions_20231107.csv,756,21,153779
call_center_interactions,dataset/call_center_interactions/year=2023/month=11/day=08/call_center_interactions_20231108.csv,703,21,142002
call_center_interactions,dataset/call_center_interactions/year=2023/month=11/day=09/call_center_interactions_20231109.csv,591,21,119763
call_center_interactions,dataset/call_center_interactions/year=2023/month=11/day=10/call_center_interactions_20231110.csv,612,21,124808
call_center_interactions,dataset/call_center_interactions/year=2023/month=11/day=11/call_center_interactions_20231111.csv,361,21,74029
call_center_interactions,dataset/call_center_interactions/year=2023/month=11/day=12/call_center_interactions_20231112.csv,344,21,70828
call_center_interactions,dataset/call_center_interactions/year=2023/month=11/day=13/call_center_interactions_20231113.csv,643,21,131025
call_center_interactions,dataset/call_center_interactions/year=2023/month=11/day=14/call_center_interactions_20231114.csv,860,21,176879
call_center_interactions,dataset/call_center_interactions/year=2023/month=11/day=15/call_center_interactions_20231115.csv,814,21,165834
call_center_interactions,dataset/call_center_interactions/year=2023/month=11/day=16/call_center_interactions_20231116.csv,846,21,172949
call_center_interactions,dataset/call_center_interactions/year=2023/month=11/day=17/call_center_interactions_20231117.csv,619,21,125339
call_center_interactions,dataset/call_center_interactions/year=2023/month=11/day=18/call_center_interactions_20231118.csv,306,21,62791
call_center_interactions,dataset/call_center_interactions/year=2023/month=11/day=19/call_center_interactions_20231119.csv,333,21,67469
call_center_interactions,dataset/call_center_interactions/year=2023/month=11/day=20/call_center_interactions_20231120.csv,643,21,130627
call_center_interactions,dataset/call_center_interactions/year=2023/month=11/day=21/call_center_interactions_20231121.csv,757,21,155365
call_center_interactions,dataset/call_center_interactions/year=2023/month=11/day=22/call_center_interactions_20231122.csv,706,21,143555
call_center_interactions,dataset/call_center_interactions/year=2023/month=11/day=23/call_center_interactions_20231123.csv,738,21,149515
call_center_interactions,dataset/call_center_interactions/year=2023/month=11/day=24/call_center_interactions_20231124.csv,796,21,161491
call_center_interactions,dataset/call_center_interactions/year=2023/month=11/day=25/call_center_interactions_20231125.csv,434,21,88885
call_center_interactions,dataset/call_center_interactions/year=2023/month=11/day=26/call_center_interactions_20231126.csv,343,21,69392
call_center_interactions,dataset/call_center_interactions/year=2023/month=11/day=27/call_center_interactions_20231127.csv,778,21,157458
call_center_interactions,dataset/call_center_interactions/year=2023/month=11/day=28/call_center_interactions_20231128.csv,835,21,169568
call_center_interactions,dataset/call_center_interactions/year=2023/month=11/day=29/call_center_interactions_20231129.csv,629,21,127520
call_center_interactions,dataset/call_center_interactions/year=2023/month=11/day=30/call_center_interactions_20231130.csv,607,21,124537
call_center_interactions,dataset/call_center_interactions/year=2023/month=12/day=01/call_center_interactions_20231201.csv,861,21,175571
call_center_interactions,dataset/call_center_interactions/year=2023/month=12/day=02/call_center_interactions_20231202.csv,375,21,76757
call_center_interactions,dataset/call_center_interactions/year=2023/month=12/day=03/call_center_interactions_20231203.csv,381,21,77282
call_center_interactions,dataset/call_center_interactions/year=2023/month=12/day=04/call_center_interactions_20231204.csv,751,21,152886
call_center_interactions,dataset/call_center_interactions/year=2023/month=12/day=05/call_center_interactions_20231205.csv,596,21,121684
call_center_interactions,dataset/call_center_interactions/year=2023/month=12/day=06/call_center_interactions_20231206.csv,769,21,156269
call_center_interactions,dataset/call_center_interactions/year=2023/month=12/day=07/call_center_interactions_20231207.csv,689,21,140162
call_center_interactions,dataset/call_center_interactions/year=2023/month=12/day=08/call_center_interactions_20231208.csv,763,21,155455
call_center_interactions,dataset/call_center_interactions/year=2023/month=12/day=09/call_center_interactions_20231209.csv,342,21,69816
call_center_interactions,dataset/call_center_interactions/year=2023/month=12/day=10/call_center_interactions_20231210.csv,381,21,77533
call_center_interactions,dataset/call_center_interactions/year=2023/month=12/day=11/call_center_interactions_20231211.csv,645,21,131298
call_center_interactions,dataset/call_center_interactions/year=2023/month=12/day=12/call_center_interactions_20231212.csv,844,21,172283
call_center_interactions,dataset/call_center_interactions/year=2023/month=12/day=13/call_center_interactions_20231213.csv,783,21,158557
call_center_interactions,dataset/call_center_interactions/year=2023/month=12/day=14/call_center_interactions_20231214.csv,871,21,177456
call_center_interactions,dataset/call_center_interactions/year=2023/month=12/day=15/call_center_interactions_20231215.csv,603,21,122738
call_center_interactions,dataset/call_center_interactions/year=2023/month=12/day=16/call_center_interactions_20231216.csv,316,21,63905
call_center_interactions,dataset/call_center_interactions/year=2023/month=12/day=17/call_center_interactions_20231217.csv,423,21,87444
call_center_interactions,dataset/call_center_interactions/year=2023/month=12/day=18/call_center_interactions_20231218.csv,857,21,174076
call_center_interactions,dataset/call_center_interactions/year=2023/month=12/day=19/call_center_interactions_20231219.csv,741,21,150839
call_center_interactions,dataset/call_center_interactions/year=2023/month=12/day=20/call_center_interactions_20231220.csv,796,21,160548
call_center_interactions,dataset/call_center_interactions/year=2023/month=12/day=21/call_center_interactions_20231221.csv,674,21,136467
call_center_interactions,dataset/call_center_interactions/year=2023/month=12/day=22/call_center_interactions_20231222.csv,843,21,171751
call_center_interactions,dataset/call_center_interactions/year=2023/month=12/day=23/call_center_interactions_20231223.csv,345,21,70395
call_center_interactions,dataset/call_center_interactions/year=2023/month=12/day=24/call_center_interactions_20231224.csv,378,21,76504
call_center_interactions,dataset/call_center_interactions/year=2023/month=12/day=25/call_center_interactions_20231225.csv,630,21,127071
call_center_interactions,dataset/call_center_interactions/year=2023/month=12/day=26/call_center_interactions_20231226.csv,617,21,125921
call_center_interactions,dataset/call_center_interactions/year=2023/month=12/day=27/call_center_interactions_20231227.csv,666,21,135383
call_center_interactions,dataset/call_center_interactions/year=2023/month=12/day=28/call_center_interactions_20231228.csv,665,21,136005
call_center_interactions,dataset/call_center_interactions/year=2023/month=12/day=29/call_center_interactions_20231229.csv,649,21,132147
call_center_interactions,dataset/call_center_interactions/year=2023/month=12/day=30/call_center_interactions_20231230.csv,433,21,88736
call_center_interactions,dataset/call_center_interactions/year=2023/month=12/day=31/call_center_interactions_20231231.csv,412,21,84306
call_center_interactions,dataset/call_center_interactions/year=2024/month=01/day=01/call_center_interactions_20240101.csv,847,21,172212
call_center_interactions,dataset/call_center_interactions/year=2024/month=01/day=02/call_center_interactions_20240102.csv,590,21,119412
call_center_interactions,dataset/call_center_interactions/year=2024/month=01/day=03/call_center_interactions_20240103.csv,735,21,149343
call_center_interactions,dataset/call_center_interactions/year=2024/month=01/day=04/call_center_interactions_20240104.csv,606,21,122919
call_center_interactions,dataset/call_center_interactions/year=2024/month=01/day=05/call_center_interactions_20240105.csv,749,21,152042
call_center_interactions,dataset/call_center_interactions/year=2024/month=01/day=06/call_center_interactions_20240106.csv,326,21,66127
call_center_interactions,dataset/call_center_interactions/year=2024/month=01/day=07/call_center_interactions_20240107.csv,301,21,61281
call_center_interactions,dataset/call_center_interactions/year=2024/month=01/day=08/call_center_interactions_20240108.csv,726,21,148435
call_center_interactions,dataset/call_center_interactions/year=2024/month=01/day=09/call_center_interactions_20240109.csv,680,21,139120
call_center_interactions,dataset/call_center_interactions/year=2024/month=01/day=10/call_center_interactions_20240110.csv,589,21,119792
call_center_interactions,dataset/call_center_interactions/year=2024/month=01/day=11/call_center_interactions_20240111.csv,799,21,162592
call_center_interactions,dataset/call_center_interactions/year=2024/month=01/day=12/call_center_interactions_20240112.csv,676,21,138236
call_center_interactions,dataset/call_center_interactions/year=2024/month=01/day=13/call_center_interactions_20240113.csv,378,21,76949
call_center_interactions,dataset/call_center_interactions/year=2024/month=01/day=14/call_center_interactions_20240114.csv,404,21,81666
call_center_interactions,dataset/call_center_interactions/year=2024/month=01/day=15/call_center_interactions_20240115.csv,725,21,147718
call_center_interactions,dataset/call_center_interactions/year=2024/month=01/day=16/call_center_interactions_20240116.csv,863,21,175560
call_center_interactions,dataset/call_center_interactions/year=2024/month=01/day=17/call_center_interactions_20240117.csv,827,21,167567
call_center_interactions,dataset/call_center_interactions/year=2024/month=01/day=18/call_center_interactions_20240118.csv,734,21,149523
call_center_interactions,dataset/call_center_interactions/year=2024/month=01/day=19/call_center_interactions_20240119.csv,650,21,131255
call_center_interactions,dataset/call_center_interactions/year=2024/month=01/day=20/call_center_interactions_20240120.csv,323,21,65271
call_center_interactions,dataset/call_center_interactions/year=2024/month=01/day=21/call_center_interactions_20240121.csv,367,21,74497
call_center_interactions,dataset/call_center_interactions/year=2024/month=01/day=22/call_center_interactions_20240122.csv,765,21,156276
call_center_interactions,dataset/call_center_interactions/year=2024/month=01/day=23/call_center_interactions_20240123.csv,658,21,134072
call_center_interactions,dataset/call_center_interactions/year=2024/month=01/day=24/call_center_interactions_20240124.csv,593,21,121199
call_center_interactions,dataset/call_center_interactions/year=2024/month=01/day=25/call_center_interactions_20240125.csv,698,21,141318
call_center_interactions,dataset/call_center_interactions/year=2024/month=01/day=26/call_center_interactions_20240126.csv,671,21,137138
call_center_interactions,dataset/call_center_interactions/year=2024/month=01/day=27/call_center_interactions_20240127.csv,352,21,71323
call_center_interactions,dataset/call_center_interactions/year=2024/month=01/day=28/call_center_interactions_20240128.csv,430,21,87997
call_center_interactions,dataset/call_center_interactions/year=2024/month=01/day=29/call_center_interactions_20240129.csv,643,21,130651
call_center_interactions,dataset/call_center_interactions/year=2024/month=01/day=30/call_center_interactions_20240130.csv,676,21,137373
call_center_interactions,dataset/call_center_interactions/year=2024/month=01/day=31/call_center_interactions_20240131.csv,625,21,127747
call_center_interactions,dataset/call_center_interactions/year=2024/month=02/day=01/call_center_interactions_20240201.csv,591,21,119446
call_center_interactions,dataset/call_center_interactions/year=2024/month=02/day=02/call_center_interactions_20240202.csv,691,21,141068
call_center_interactions,dataset/call_center_interactions/year=2024/month=02/day=03/call_center_interactions_20240203.csv,339,21,69386
call_center_interactions,dataset/call_center_interactions/year=2024/month=02/day=04/call_center_interactions_20240204.csv,433,21,88955
call_center_interactions,dataset/call_center_interactions/year=2024/month=02/day=05/call_center_interactions_20240205.csv,868,21,176531
call_center_interactions,dataset/call_center_interactions/year=2024/month=02/day=06/call_center_interactions_20240206.csv,722,21,146945
call_center_interactions,dataset/call_center_interactions/year=2024/month=02/day=07/call_center_interactions_20240207.csv,813,21,165956
call_center_interactions,dataset/call_center_interactions/year=2024/month=02/day=08/call_center_interactions_20240208.csv,694,21,141344
call_center_interactions,dataset/call_center_interactions/year=2024/month=02/day=09/call_center_interactions_20240209.csv,806,21,163704
call_center_interactions,dataset/call_center_interactions/year=2024/month=02/day=10/call_center_interactions_20240210.csv,407,21,83004
call_center_interactions,dataset/call_center_interactions/year=2024/month=02/day=11/call_center_interactions_20240211.csv,313,21,63969
call_center_interactions,dataset/call_center_interactions/year=2024/month=02/day=12/call_center_interactions_20240212.csv,727,21,148026
call_center_interactions,dataset/call_center_interactions/year=2024/month=02/day=13/call_center_interactions_20240213.csv,617,21,125856
call_center_interactions,dataset/call_center_interactions/year=2024/month=02/day=14/call_center_interactions_20240214.csv,803,21,163100
call_center_interactions,dataset/call_center_interactions/year=2024/month=02/day=15/call_center_interactions_20240215.csv,787,21,159624
call_center_interactions,dataset/call_center_interactions/year=2024/month=02/day=16/call_center_interactions_20240216.csv,764,21,155114
call_center_interactions,dataset/call_center_interactions/year=2024/month=02/day=17/call_center_interactions_20240217.csv,402,21,82283
call_center_interactions,dataset/call_center_interactions/year=2024/month=02/day=18/call_center_interactions_20240218.csv,427,21,86862
call_center_interactions,dataset/call_center_interactions/year=2024/month=02/day=19/call_center_interactions_20240219.csv,863,21,174232
call_center_interactions,dataset/call_center_interactions/year=2024/month=02/day=20/call_center_interactions_20240220.csv,737,21,149962
call_center_interactions,dataset/call_center_interactions/year=2024/month=02/day=21/call_center_interactions_20240221.csv,684,21,138994
call_center_interactions,dataset/call_center_interactions/year=2024/month=02/day=22/call_center_interactions_20240222.csv,669,21,134778
call_center_interactions,dataset/call_center_interactions/year=2024/month=02/day=23/call_center_interactions_20240223.csv,703,21,143415
call_center_interactions,dataset/call_center_interactions/year=2024/month=02/day=24/call_center_interactions_20240224.csv,344,21,70519
call_center_interactions,dataset/call_center_interactions/year=2024/month=02/day=25/call_center_interactions_20240225.csv,374,21,75292
call_center_interactions,dataset/call_center_interactions/year=2024/month=02/day=26/call_center_interactions_20240226.csv,874,21,176784
call_center_interactions,dataset/call_center_interactions/year=2024/month=02/day=27/call_center_interactions_20240227.csv,758,21,155342
call_center_interactions,dataset/call_center_interactions/year=2024/month=02/day=28/call_center_interactions_20240228.csv,664,21,135992
call_center_interactions,dataset/call_center_interactions/year=2024/month=02/day=29/call_center_interactions_20240229.csv,604,21,123602
call_center_interactions,dataset/call_center_interactions/year=2024/month=03/day=01/call_center_interactions_20240301.csv,723,21,147186
call_center_interactions,dataset/call_center_interactions/year=2024/month=03/day=02/call_center_interactions_20240302.csv,315,21,63658
call_center_interactions,dataset/call_center_interactions/year=2024/month=03/day=03/call_center_interactions_20240303.csv,429,21,87299
call_center_interactions,dataset/call_center_interactions/year=2024/month=03/day=04/call_center_interactions_20240304.csv,643,21,131412
call_center_interactions,dataset/call_center_interactions/year=2024/month=03/day=05/call_center_interactions_20240305.csv,773,21,157838
call_center_interactions,dataset/call_center_interactions/year=2024/month=03/day=06/call_center_interactions_20240306.csv,659,21,133852
call_center_interactions,dataset/call_center_interactions/year=2024/month=03/day=07/call_center_interactions_20240307.csv,632,21,128381
call_center_interactions,dataset/call_center_interactions/year=2024/month=03/day=08/call_center_interactions_20240308.csv,804,21,163718
call_center_interactions,dataset/call_center_interactions/year=2024/month=03/day=09/call_center_interactions_20240309.csv,318,21,65320
call_center_interactions,dataset/call_center_interactions/year=2024/month=03/day=10/call_center_interactions_20240310.csv,361,21,74198
call_center_interactions,dataset/call_center_interactions/year=2024/month=03/day=11/call_center_interactions_20240311.csv,750,21,152033
call_center_interactions,dataset/call_center_interactions/year=2024/month=03/day=12/call_center_interactions_20240312.csv,713,21,145710
call_center_interactions,dataset/call_center_interactions/year=2024/month=03/day=13/call_center_interactions_20240313.csv,734,21,149272
call_center_interactions,dataset/call_center_interactions/year=2024/month=03/day=14/call_center_interactions_20240314.csv,632,21,128633
call_center_interactions,dataset/call_center_interactions/year=2024/month=03/day=15/call_center_interactions_20240315.csv,687,21,139536
call_center_interactions,dataset/call_center_interactions/year=2024/month=03/day=16/call_center_interactions_20240316.csv,319,21,64963
call_center_interactions,dataset/call_center_interactions/year=2024/month=03/day=17/call_center_interactions_20240317.csv,351,21,71376
call_center_interactions,dataset/call_center_interactions/year=2024/month=03/day=18/call_center_interactions_20240318.csv,765,21,156164
call_center_interactions,dataset/call_center_interactions/year=2024/month=03/day=19/call_center_interactions_20240319.csv,591,21,121079
call_center_interactions,dataset/call_center_interactions/year=2024/month=03/day=20/call_center_interactions_20240320.csv,654,21,133528
call_center_interactions,dataset/call_center_interactions/year=2024/month=03/day=21/call_center_interactions_20240321.csv,583,21,119119
call_center_interactions,dataset/call_center_interactions/year=2024/month=03/day=22/call_center_interactions_20240322.csv,745,21,152257
call_center_interactions,dataset/call_center_interactions/year=2024/month=03/day=23/call_center_interactions_20240323.csv,373,21,76458
call_center_interactions,dataset/call_center_interactions/year=2024/month=03/day=24/call_center_interactions_20240324.csv,433,21,88666
call_center_interactions,dataset/call_center_interactions/year=2024/month=03/day=25/call_center_interactions_20240325.csv,862,21,175836
call_center_interactions,dataset/call_center_interactions/year=2024/month=03/day=26/call_center_interactions_20240326.csv,805,21,163809
call_center_interactions,dataset/call_center_interactions/year=2024/month=03/day=27/call_center_interactions_20240327.csv,835,21,169725
call_center_interactions,dataset/call_center_interactions/year=2024/month=03/day=28/call_center_interactions_20240328.csv,808,21,165603
call_center_interactions,dataset/call_center_interactions/year=2024/month=03/day=29/call_center_interactions_20240329.csv,723,21,146789
call_center_interactions,dataset/call_center_interactions/year=2024/month=03/day=30/call_center_interactions_20240330.csv,422,21,85121
call_center_interactions,dataset/call_center_interactions/year=2024/month=03/day=31/call_center_interactions_20240331.csv,423,21,86173
call_center_interactions,dataset/call_center_interactions/year=2024/month=04/day=01/call_center_interactions_20240401.csv,839,21,170838
call_center_interactions,dataset/call_center_interactions/year=2024/month=04/day=02/call_center_interactions_20240402.csv,755,21,153306
call_center_interactions,dataset/call_center_interactions/year=2024/month=04/day=03/call_center_interactions_20240403.csv,805,21,163708
call_center_interactions,dataset/call_center_interactions/year=2024/month=04/day=04/call_center_interactions_20240404.csv,626,21,127330
call_center_interactions,dataset/call_center_interactions/year=2024/month=04/day=05/call_center_interactions_20240405.csv,864,21,175613
call_center_interactions,dataset/call_center_interactions/year=2024/month=04/day=06/call_center_interactions_20240406.csv,414,21,83821
call_center_interactions,dataset/call_center_interactions/year=2024/month=04/day=07/call_center_interactions_20240407.csv,380,21,77447
call_center_interactions,dataset/call_center_interactions/year=2024/month=04/day=08/call_center_interactions_20240408.csv,639,21,130054
call_center_interactions,dataset/call_center_interactions/year=2024/month=04/day=09/call_center_interactions_20240409.csv,776,21,156751
call_center_interactions,dataset/call_center_interactions/year=2024/month=04/day=10/call_center_interactions_20240410.csv,767,21,156350
call_center_interactions,dataset/call_center_interactions/year=2024/month=04/day=11/call_center_interactions_20240411.csv,858,21,175404
call_center_interactions,dataset/call_center_interactions/year=2024/month=04/day=12/call_center_interactions_20240412.csv,772,21,157537
call_center_interactions,dataset/call_center_interactions/year=2024/month=04/day=13/call_center_interactions_20240413.csv,337,21,68913
call_center_interactions,dataset/call_center_interactions/year=2024/month=04/day=14/call_center_interactions_20240414.csv,384,21,77628
call_center_interactions,dataset/call_center_interactions/year=2024/month=04/day=15/call_center_interactions_20240415.csv,846,21,171921
call_center_interactions,dataset/call_center_interactions/year=2024/month=04/day=16/call_center_interactions_20240416.csv,682,21,138502
call_center_interactions,dataset/call_center_interactions/year=2024/month=04/day=17/call_center_interactions_20240417.csv,765,21,155858
call_center_interactions,dataset/call_center_interactions/year=2024/month=04/day=18/call_center_interactions_20240418.csv,850,21,172886
call_center_interactions,dataset/call_center_interactions/year=2024/month=04/day=19/call_center_interactions_20240419.csv,735,21,151468
call_center_interactions,dataset/call_center_interactions/year=2024/month=04/day=20/call_center_interactions_20240420.csv,366,21,76021
call_center_interactions,dataset/call_center_interactions/year=2024/month=04/day=21/call_center_interactions_20240421.csv,410,21,83236
call_center_interactions,dataset/call_center_interactions/year=2024/month=04/day=22/call_center_interactions_20240422.csv,732,21,148776
call_center_interactions,dataset/call_center_interactions/year=2024/month=04/day=23/call_center_interactions_20240423.csv,685,21,139889
call_center_interactions,dataset/call_center_interactions/year=2024/month=04/day=24/call_center_interactions_20240424.csv,674,21,137461
call_center_interactions,dataset/call_center_interactions/year=2024/month=04/day=25/call_center_interactions_20240425.csv,713,21,145371
call_center_interactions,dataset/call_center_interactions/year=2024/month=04/day=26/call_center_interactions_20240426.csv,772,21,157849
call_center_interactions,dataset/call_center_interactions/year=2024/month=04/day=27/call_center_interactions_20240427.csv,390,21,79023
call_center_interactions,dataset/call_center_interactions/year=2024/month=04/day=28/call_center_interactions_20240428.csv,385,21,78266
call_center_interactions,dataset/call_center_interactions/year=2024/month=04/day=29/call_center_interactions_20240429.csv,841,21,171127
call_center_interactions,dataset/call_center_interactions/year=2024/month=04/day=30/call_center_interactions_20240430.csv,808,21,163377
call_center_interactions,dataset/call_center_interactions/year=2024/month=05/day=01/call_center_interactions_20240501.csv,666,21,134421
call_center_interactions,dataset/call_center_interactions/year=2024/month=05/day=02/call_center_interactions_20240502.csv,693,21,141702
call_center_interactions,dataset/call_center_interactions/year=2024/month=05/day=03/call_center_interactions_20240503.csv,820,21,167421
call_center_interactions,dataset/call_center_interactions/year=2024/month=05/day=04/call_center_interactions_20240504.csv,294,21,59596
call_center_interactions,dataset/call_center_interactions/year=2024/month=05/day=05/call_center_interactions_20240505.csv,368,21,75362
call_center_interactions,dataset/call_center_interactions/year=2024/month=05/day=06/call_center_interactions_20240506.csv,702,21,141771
call_center_interactions,dataset/call_center_interactions/year=2024/month=05/day=07/call_center_interactions_20240507.csv,660,21,134607
call_center_interactions,dataset/call_center_interactions/year=2024/month=05/day=08/call_center_interactions_20240508.csv,863,21,175121
call_center_interactions,dataset/call_center_interactions/year=2024/month=05/day=09/call_center_interactions_20240509.csv,690,21,140417
call_center_interactions,dataset/call_center_interactions/year=2024/month=05/day=10/call_center_interactions_20240510.csv,867,21,177021
call_center_interactions,dataset/call_center_interactions/year=2024/month=05/day=11/call_center_interactions_20240511.csv,372,21,76395
call_center_interactions,dataset/call_center_interactions/year=2024/month=05/day=12/call_center_interactions_20240512.csv,368,21,74376
call_center_interactions,dataset/call_center_interactions/year=2024/month=05/day=13/call_center_interactions_20240513.csv,623,21,126879
call_center_interactions,dataset/call_center_interactions/year=2024/month=05/day=14/call_center_interactions_20240514.csv,635,21,129083
call_center_interactions,dataset/call_center_interactions/year=2024/month=05/day=15/call_center_interactions_20240515.csv,595,21,120781
call_center_interactions,dataset/call_center_interactions/year=2024/month=05/day=16/call_center_interactions_20240516.csv,674,21,136831
call_center_interactions,dataset/call_center_interactions/year=2024/month=05/day=17/call_center_interactions_20240517.csv,599,21,121365
call_center_interactions,dataset/call_center_interactions/year=2024/month=05/day=18/call_center_interactions_20240518.csv,377,21,76820
call_center_interactions,dataset/call_center_interactions/year=2024/month=05/day=19/call_center_interactions_20240519.csv,320,21,65060
call_center_interactions,dataset/call_center_interactions/year=2024/month=05/day=20/call_center_interactions_20240520.csv,780,21,159671
call_center_interactions,dataset/call_center_interactions/year=2024/month=05/day=21/call_center_interactions_20240521.csv,664,21,135644
call_center_interactions,dataset/call_center_interactions/year=2024/month=05/day=22/call_center_interactions_20240522.csv,623,21,127135
call_center_interactions,dataset/call_center_interactions/year=2024/month=05/day=23/call_center_interactions_20240523.csv,692,21,140473
call_center_interactions,dataset/call_center_interactions/year=2024/month=05/day=24/call_center_interactions_20240524.csv,805,21,163112
call_center_interactions,dataset/call_center_interactions/year=2024/month=05/day=25/call_center_interactions_20240525.csv,311,21,63605
call_center_interactions,dataset/call_center_interactions/year=2024/month=05/day=26/call_center_interactions_20240526.csv,323,21,66705
call_center_interactions,dataset/call_center_interactions/year=2024/month=05/day=27/call_center_interactions_20240527.csv,698,21,142883
call_center_interactions,dataset/call_center_interactions/year=2024/month=05/day=28/call_center_interactions_20240528.csv,714,21,146019
call_center_interactions,dataset/call_center_interactions/year=2024/month=05/day=29/call_center_interactions_20240529.csv,770,21,157199
call_center_interactions,dataset/call_center_interactions/year=2024/month=05/day=30/call_center_interactions_20240530.csv,751,21,153241
call_center_interactions,dataset/call_center_interactions/year=2024/month=05/day=31/call_center_interactions_20240531.csv,851,21,173683
call_center_interactions,dataset/call_center_interactions/year=2024/month=06/day=01/call_center_interactions_20240601.csv,419,21,85820
call_center_interactions,dataset/call_center_interactions/year=2024/month=06/day=02/call_center_interactions_20240602.csv,359,21,72751
call_center_interactions,dataset/call_center_interactions/year=2024/month=06/day=03/call_center_interactions_20240603.csv,650,21,132217
call_center_interactions,dataset/call_center_interactions/year=2024/month=06/day=04/call_center_interactions_20240604.csv,744,21,150974
call_center_interactions,dataset/call_center_interactions/year=2024/month=06/day=05/call_center_interactions_20240605.csv,766,21,156028
call_center_interactions,dataset/call_center_interactions/year=2024/month=06/day=06/call_center_interactions_20240606.csv,720,21,146156
call_center_interactions,dataset/call_center_interactions/year=2024/month=06/day=07/call_center_interactions_20240607.csv,802,21,162451
call_center_interactions,dataset/call_center_interactions/year=2024/month=06/day=08/call_center_interactions_20240608.csv,308,21,63022
call_center_interactions,dataset/call_center_interactions/year=2024/month=06/day=09/call_center_interactions_20240609.csv,365,21,74603
call_center_interactions,dataset/call_center_interactions/year=2024/month=06/day=10/call_center_interactions_20240610.csv,683,21,140002
call_center_interactions,dataset/call_center_interactions/year=2024/month=06/day=11/call_center_interactions_20240611.csv,733,21,149301
call_center_interactions,dataset/call_center_interactions/year=2024/month=06/day=12/call_center_interactions_20240612.csv,818,21,166391
call_center_interactions,dataset/call_center_interactions/year=2024/month=06/day=13/call_center_interactions_20240613.csv,610,21,123521
call_center_interactions,dataset/call_center_interactions/year=2024/month=06/day=14/call_center_interactions_20240614.csv,649,21,131625
call_center_interactions,dataset/call_center_interactions/year=2024/month=06/day=15/call_center_interactions_20240615.csv,373,21,76046
call_center_interactions,dataset/call_center_interactions/year=2024/month=06/day=16/call_center_interactions_20240616.csv,358,21,73028
call_center_interactions,dataset/call_center_interactions/year=2024/month=06/day=17/call_center_interactions_20240617.csv,834,21,170646
call_center_interactions,dataset/call_center_interactions/year=2024/month=06/day=18/call_center_interactions_20240618.csv,677,21,137050
call_center_interactions,dataset/call_center_interactions/year=2024/month=06/day=19/call_center_interactions_20240619.csv,857,21,174024
call_center_interactions,dataset/call_center_interactions/year=2024/month=06/day=20/call_center_interactions_20240620.csv,685,21,139287
call_center_interactions,dataset/call_center_interactions/year=2024/month=06/day=21/call_center_interactions_20240621.csv,625,21,126839
call_center_interactions,dataset/call_center_interactions/year=2024/month=06/day=22/call_center_interactions_20240622.csv,417,21,85091
call_center_interactions,dataset/call_center_interactions/year=2024/month=06/day=23/call_center_interactions_20240623.csv,410,21,83505
call_center_interactions,dataset/call_center_interactions/year=2024/month=06/day=24/call_center_interactions_20240624.csv,763,21,154243
call_center_interactions,dataset/call_center_interactions/year=2024/month=06/day=25/call_center_interactions_20240625.csv,620,21,126083
call_center_interactions,dataset/call_center_interactions/year=2024/month=06/day=26/call_center_interactions_20240626.csv,786,21,160031
call_center_interactions,dataset/call_center_interactions/year=2024/month=06/day=27/call_center_interactions_20240627.csv,670,21,136866
call_center_interactions,dataset/call_center_interactions/year=2024/month=06/day=28/call_center_interactions_20240628.csv,710,21,144229
call_center_interactions,dataset/call_center_interactions/year=2024/month=06/day=29/call_center_interactions_20240629.csv,364,21,73968
call_center_interactions,dataset/call_center_interactions/year=2024/month=06/day=30/call_center_interactions_20240630.csv,299,21,60479
call_center_interactions,dataset/call_center_interactions/year=2024/month=07/day=01/call_center_interactions_20240701.csv,844,21,172243
call_center_interactions,dataset/call_center_interactions/year=2024/month=07/day=02/call_center_interactions_20240702.csv,798,21,162284
call_center_interactions,dataset/call_center_interactions/year=2024/month=07/day=03/call_center_interactions_20240703.csv,612,21,125813
call_center_interactions,dataset/call_center_interactions/year=2024/month=07/day=04/call_center_interactions_20240704.csv,740,21,150798
call_center_interactions,dataset/call_center_interactions/year=2024/month=07/day=05/call_center_interactions_20240705.csv,772,21,157577
call_center_interactions,dataset/call_center_interactions/year=2024/month=07/day=06/call_center_interactions_20240706.csv,371,21,75857
call_center_interactions,dataset/call_center_interactions/year=2024/month=07/day=07/call_center_interactions_20240707.csv,368,21,75252
call_center_interactions,dataset/call_center_interactions/year=2024/month=07/day=08/call_center_interactions_20240708.csv,604,21,122748
call_center_interactions,dataset/call_center_interactions/year=2024/month=07/day=09/call_center_interactions_20240709.csv,762,21,155269
call_center_interactions,dataset/call_center_interactions/year=2024/month=07/day=10/call_center_interactions_20240710.csv,700,21,142441
call_center_interactions,dataset/call_center_interactions/year=2024/month=07/day=11/call_center_interactions_20240711.csv,745,21,151382
call_center_interactions,dataset/call_center_interactions/year=2024/month=07/day=12/call_center_interactions_20240712.csv,638,21,130190
call_center_interactions,dataset/call_center_interactions/year=2024/month=07/day=13/call_center_interactions_20240713.csv,384,21,78325
call_center_interactions,dataset/call_center_interactions/year=2024/month=07/day=14/call_center_interactions_20240714.csv,366,21,75020
call_center_interactions,dataset/call_center_interactions/year=2024/month=07/day=15/call_center_interactions_20240715.csv,610,21,123989
call_center_interactions,dataset/call_center_interactions/year=2024/month=07/day=16/call_center_interactions_20240716.csv,593,21,121561
call_center_interactions,dataset/call_center_interactions/year=2024/month=07/day=17/call_center_interactions_20240717.csv,759,21,154177
call_center_interactions,dataset/call_center_interactions/year=2024/month=07/day=18/call_center_interactions_20240718.csv,702,21,144135
call_center_interactions,dataset/call_center_interactions/year=2024/month=07/day=19/call_center_interactions_20240719.csv,831,21,168955
call_center_interactions,dataset/call_center_interactions/year=2024/month=07/day=20/call_center_interactions_20240720.csv,317,21,64752
call_center_interactions,dataset/call_center_interactions/year=2024/month=07/day=21/call_center_interactions_20240721.csv,364,21,74437
call_center_interactions,dataset/call_center_interactions/year=2024/month=07/day=22/call_center_interactions_20240722.csv,818,21,166350
call_center_interactions,dataset/call_center_interactions/year=2024/month=07/day=23/call_center_interactions_20240723.csv,832,21,169285
call_center_interactions,dataset/call_center_interactions/year=2024/month=07/day=24/call_center_interactions_20240724.csv,584,21,118923
call_center_interactions,dataset/call_center_interactions/year=2024/month=07/day=25/call_center_interactions_20240725.csv,611,21,124258
call_center_interactions,dataset/call_center_interactions/year=2024/month=07/day=26/call_center_interactions_20240726.csv,848,21,171895
call_center_interactions,dataset/call_center_interactions/year=2024/month=07/day=27/call_center_interactions_20240727.csv,396,21,79969
call_center_interactions,dataset/call_center_interactions/year=2024/month=07/day=28/call_center_interactions_20240728.csv,396,21,80158
call_center_interactions,dataset/call_center_interactions/year=2024/month=07/day=29/call_center_interactions_20240729.csv,854,21,173835
call_center_interactions,dataset/call_center_interactions/year=2024/month=07/day=30/call_center_interactions_20240730.csv,746,21,151829
call_center_interactions,dataset/call_center_interactions/year=2024/month=07/day=31/call_center_interactions_20240731.csv,764,21,156558
call_center_interactions,dataset/call_center_interactions/year=2024/month=08/day=01/call_center_interactions_20240801.csv,868,21,178173
call_center_interactions,dataset/call_center_interactions/year=2024/month=08/day=02/call_center_interactions_20240802.csv,756,21,153305
call_center_interactions,dataset/call_center_interactions/year=2024/month=08/day=03/call_center_interactions_20240803.csv,423,21,86191
call_center_interactions,dataset/call_center_interactions/year=2024/month=08/day=04/call_center_interactions_20240804.csv,392,21,79734
call_center_interactions,dataset/call_center_interactions/year=2024/month=08/day=05/call_center_interactions_20240805.csv,692,21,139462
call_center_interactions,dataset/call_center_interactions/year=2024/month=08/day=06/call_center_interactions_20240806.csv,841,21,170473
call_center_interactions,dataset/call_center_interactions/year=2024/month=08/day=07/call_center_interactions_20240807.csv,706,21,144079
call_center_interactions,dataset/call_center_interactions/year=2024/month=08/day=08/call_center_interactions_20240808.csv,822,21,167554
call_center_interactions,dataset/call_center_interactions/year=2024/month=08/day=09/call_center_interactions_20240809.csv,655,21,133401
call_center_interactions,dataset/call_center_interactions/year=2024/month=08/day=10/call_center_interactions_20240810.csv,363,21,73500
call_center_interactions,dataset/call_center_interactions/year=2024/month=08/day=11/call_center_interactions_20240811.csv,419,21,85509
call_center_interactions,dataset/call_center_interactions/year=2024/month=08/day=12/call_center_interactions_20240812.csv,852,21,174210
call_center_interactions,dataset/call_center_interactions/year=2024/month=08/day=13/call_center_interactions_20240813.csv,663,21,133866
call_center_interactions,dataset/call_center_interactions/year=2024/month=08/day=14/call_center_interactions_20240814.csv,742,21,150679
call_center_interactions,dataset/call_center_interactions/year=2024/month=08/day=15/call_center_interactions_20240815.csv,667,21,135566
call_center_interactions,dataset/call_center_interactions/year=2024/month=08/day=16/call_center_interactions_20240816.csv,833,21,169891
call_center_interactions,dataset/call_center_interactions/year=2024/month=08/day=17/call_center_interactions_20240817.csv,303,21,62157
call_center_interactions,dataset/call_center_interactions/year=2024/month=08/day=18/call_center_interactions_20240818.csv,398,21,80435
call_center_interactions,dataset/call_center_interactions/year=2024/month=08/day=19/call_center_interactions_20240819.csv,690,21,139574
call_center_interactions,dataset/call_center_interactions/year=2024/month=08/day=20/call_center_interactions_20240820.csv,825,21,167467
call_center_interactions,dataset/call_center_interactions/year=2024/month=08/day=21/call_center_interactions_20240821.csv,774,21,158092
call_center_interactions,dataset/call_center_interactions/year=2024/month=08/day=22/call_center_interactions_20240822.csv,692,21,140305
call_center_interactions,dataset/call_center_interactions/year=2024/month=08/day=23/call_center_interactions_20240823.csv,874,21,178155
call_center_interactions,dataset/call_center_interactions/year=2024/month=08/day=24/call_center_interactions_20240824.csv,351,21,72163
call_center_interactions,dataset/call_center_interactions/year=2024/month=08/day=25/call_center_interactions_20240825.csv,351,21,71698
call_center_interactions,dataset/call_center_interactions/year=2024/month=08/day=26/call_center_interactions_20240826.csv,668,21,135944
call_center_interactions,dataset/call_center_interactions/year=2024/month=08/day=27/call_center_interactions_20240827.csv,590,21,119457
call_center_interactions,dataset/call_center_interactions/year=2024/month=08/day=28/call_center_interactions_20240828.csv,866,21,176626
call_center_interactions,dataset/call_center_interactions/year=2024/month=08/day=29/call_center_interactions_20240829.csv,706,21,142932
call_center_interactions,dataset/call_center_interactions/year=2024/month=08/day=30/call_center_interactions_20240830.csv,655,21,133252
call_center_interactions,dataset/call_center_interactions/year=2024/month=08/day=31/call_center_interactions_20240831.csv,359,21,73443
call_center_interactions,dataset/call_center_interactions/year=2024/month=09/day=01/call_center_interactions_20240901.csv,385,21,78290
call_center_interactions,dataset/call_center_interactions/year=2024/month=09/day=02/call_center_interactions_20240902.csv,785,21,159693
call_center_interactions,dataset/call_center_interactions/year=2024/month=09/day=03/call_center_interactions_20240903.csv,639,21,130644
call_center_interactions,dataset/call_center_interactions/year=2024/month=09/day=04/call_center_interactions_20240904.csv,649,21,131818
call_center_interactions,dataset/call_center_interactions/year=2024/month=09/day=05/call_center_interactions_20240905.csv,855,21,173345
call_center_interactions,dataset/call_center_interactions/year=2024/month=09/day=06/call_center_interactions_20240906.csv,841,21,171639
call_center_interactions,dataset/call_center_interactions/year=2024/month=09/day=07/call_center_interactions_20240907.csv,350,21,71860
call_center_interactions,dataset/call_center_interactions/year=2024/month=09/day=08/call_center_interactions_20240908.csv,414,21,84824
call_center_interactions,dataset/call_center_interactions/year=2024/month=09/day=09/call_center_interactions_20240909.csv,587,21,119270
call_center_interactions,dataset/call_center_interactions/year=2024/month=09/day=10/call_center_interactions_20240910.csv,854,21,173738
call_center_interactions,dataset/call_center_interactions/year=2024/month=09/day=11/call_center_interactions_20240911.csv,701,21,142331
call_center_interactions,dataset/call_center_interactions/year=2024/month=09/day=12/call_center_interactions_20240912.csv,818,21,166852
call_center_interactions,dataset/call_center_interactions/year=2024/month=09/day=13/call_center_interactions_20240913.csv,845,21,172592
call_center_interactions,dataset/call_center_interactions/year=2024/month=09/day=14/call_center_interactions_20240914.csv,338,21,70577
call_center_interactions,dataset/call_center_interactions/year=2024/month=09/day=15/call_center_interactions_20240915.csv,311,21,63314
call_center_interactions,dataset/call_center_interactions/year=2024/month=09/day=16/call_center_interactions_20240916.csv,625,21,127001
call_center_interactions,dataset/call_center_interactions/year=2024/month=09/day=17/call_center_interactions_20240917.csv,766,21,155709
call_center_interactions,dataset/call_center_interactions/year=2024/month=09/day=18/call_center_interactions_20240918.csv,810,21,164372
call_center_interactions,dataset/call_center_interactions/year=2024/month=09/day=19/call_center_interactions_20240919.csv,668,21,136029
call_center_interactions,dataset/call_center_interactions/year=2024/month=09/day=20/call_center_interactions_20240920.csv,868,21,176034
call_center_interactions,dataset/call_center_interactions/year=2024/month=09/day=21/call_center_interactions_20240921.csv,382,21,77346
call_center_interactions,dataset/call_center_interactions/year=2024/month=09/day=22/call_center_interactions_20240922.csv,323,21,65863
call_center_interactions,dataset/call_center_interactions/year=2024/month=09/day=23/call_center_interactions_20240923.csv,656,21,133761
call_center_interactions,dataset/call_center_interactions/year=2024/month=09/day=24/call_center_interactions_20240924.csv,809,21,164147
call_center_interactions,dataset/call_center_interactions/year=2024/month=09/day=25/call_center_interactions_20240925.csv,631,21,129089
call_center_interactions,dataset/call_center_interactions/year=2024/month=09/day=26/call_center_interactions_20240926.csv,763,21,155295
call_center_interactions,dataset/call_center_interactions/year=2024/month=09/day=27/call_center_interactions_20240927.csv,816,21,166331
call_center_interactions,dataset/call_center_interactions/year=2024/month=09/day=28/call_center_interactions_20240928.csv,403,21,81993
call_center_interactions,dataset/call_center_interactions/year=2024/month=09/day=29/call_center_interactions_20240929.csv,353,21,72106
call_center_interactions,dataset/call_center_interactions/year=2024/month=09/day=30/call_center_interactions_20240930.csv,699,21,143106
call_center_interactions,dataset/call_center_interactions/year=2024/month=10/day=01/call_center_interactions_20241001.csv,637,21,129843
call_center_interactions,dataset/call_center_interactions/year=2024/month=10/day=02/call_center_interactions_20241002.csv,724,21,147307
call_center_interactions,dataset/call_center_interactions/year=2024/month=10/day=03/call_center_interactions_20241003.csv,866,21,175855
call_center_interactions,dataset/call_center_interactions/year=2024/month=10/day=04/call_center_interactions_20241004.csv,831,21,169206
call_center_interactions,dataset/call_center_interactions/year=2024/month=10/day=05/call_center_interactions_20241005.csv,345,21,70163
call_center_interactions,dataset/call_center_interactions/year=2024/month=10/day=06/call_center_interactions_20241006.csv,386,21,79160
call_center_interactions,dataset/call_center_interactions/year=2024/month=10/day=07/call_center_interactions_20241007.csv,814,21,166887
call_center_interactions,dataset/call_center_interactions/year=2024/month=10/day=08/call_center_interactions_20241008.csv,748,21,152905
call_center_interactions,dataset/call_center_interactions/year=2024/month=10/day=09/call_center_interactions_20241009.csv,845,21,172299
call_center_interactions,dataset/call_center_interactions/year=2024/month=10/day=10/call_center_interactions_20241010.csv,748,21,152194
call_center_interactions,dataset/call_center_interactions/year=2024/month=10/day=11/call_center_interactions_20241011.csv,633,21,128873
call_center_interactions,dataset/call_center_interactions/year=2024/month=10/day=12/call_center_interactions_20241012.csv,393,21,80040
call_center_interactions,dataset/call_center_interactions/year=2024/month=10/day=13/call_center_interactions_20241013.csv,424,21,86983
call_center_interactions,dataset/call_center_interactions/year=2024/month=10/day=14/call_center_interactions_20241014.csv,659,21,133413
call_center_interactions,dataset/call_center_interactions/year=2024/month=10/day=15/call_center_interactions_20241015.csv,786,21,159640
call_center_interactions,dataset/call_center_interactions/year=2024/month=10/day=16/call_center_interactions_20241016.csv,788,21,160850
call_center_interactions,dataset/call_center_interactions/year=2024/month=10/day=17/call_center_interactions_20241017.csv,588,21,119487
call_center_interactions,dataset/call_center_interactions/year=2024/month=10/day=18/call_center_interactions_20241018.csv,813,21,165350
call_center_interactions,dataset/call_center_interactions/year=2024/month=10/day=19/call_center_interactions_20241019.csv,338,21,69079
call_center_interactions,dataset/call_center_interactions/year=2024/month=10/day=20/call_center_interactions_20241020.csv,350,21,71715
call_center_interactions,dataset/call_center_interactions/year=2024/month=10/day=21/call_center_interactions_20241021.csv,589,21,120137
call_center_interactions,dataset/call_center_interactions/year=2024/month=10/day=22/call_center_interactions_20241022.csv,760,21,153753
call_center_interactions,dataset/call_center_interactions/year=2024/month=10/day=23/call_center_interactions_20241023.csv,667,21,135121
call_center_interactions,dataset/call_center_interactions/year=2024/month=10/day=24/call_center_interactions_20241024.csv,625,21,127621
call_center_interactions,dataset/call_center_interactions/year=2024/month=10/day=25/call_center_interactions_20241025.csv,609,21,123376
call_center_interactions,dataset/call_center_interactions/year=2024/month=10/day=26/call_center_interactions_20241026.csv,372,21,76832
call_center_interactions,dataset/call_center_interactions/year=2024/month=10/day=27/call_center_interactions_20241027.csv,327,21,67932
call_center_interactions,dataset/call_center_interactions/year=2024/month=10/day=28/call_center_interactions_20241028.csv,729,21,148075
call_center_interactions,dataset/call_center_interactions/year=2024/month=10/day=29/call_center_interactions_20241029.csv,657,21,133948
call_center_interactions,dataset/call_center_interactions/year=2024/month=10/day=30/call_center_interactions_20241030.csv,861,21,175200
call_center_interactions,dataset/call_center_interactions/year=2024/month=10/day=31/call_center_interactions_20241031.csv,643,21,130311
call_center_interactions,dataset/call_center_interactions/year=2024/month=11/day=01/call_center_interactions_20241101.csv,700,21,142100
call_center_interactions,dataset/call_center_interactions/year=2024/month=11/day=02/call_center_interactions_20241102.csv,376,21,77078
call_center_interactions,dataset/call_center_interactions/year=2024/month=11/day=03/call_center_interactions_20241103.csv,384,21,78873
call_center_interactions,dataset/call_center_interactions/year=2024/month=11/day=04/call_center_interactions_20241104.csv,624,21,126519
call_center_interactions,dataset/call_center_interactions/year=2024/month=11/day=05/call_center_interactions_20241105.csv,770,21,156305
call_center_interactions,dataset/call_center_interactions/year=2024/month=11/day=06/call_center_interactions_20241106.csv,585,21,119362
call_center_interactions,dataset/call_center_interactions/year=2024/month=11/day=07/call_center_interactions_20241107.csv,762,21,155532
call_center_interactions,dataset/call_center_interactions/year=2024/month=11/day=08/call_center_interactions_20241108.csv,670,21,136720
call_center_interactions,dataset/call_center_interactions/year=2024/month=11/day=09/call_center_interactions_20241109.csv,383,21,78506
call_center_interactions,dataset/call_center_interactions/year=2024/month=11/day=10/call_center_interactions_20241110.csv,335,21,68000
call_center_interactions,dataset/call_center_interactions/year=2024/month=11/day=11/call_center_interactions_20241111.csv,739,21,149889
call_center_interactions,dataset/call_center_interactions/year=2024/month=11/day=12/call_center_interactions_20241112.csv,590,21,120632
call_center_interactions,dataset/call_center_interactions/year=2024/month=11/day=13/call_center_interactions_20241113.csv,646,21,131245
call_center_interactions,dataset/call_center_interactions/year=2024/month=11/day=14/call_center_interactions_20241114.csv,736,21,150106
call_center_interactions,dataset/call_center_interactions/year=2024/month=11/day=15/call_center_interactions_20241115.csv,644,21,131152
call_center_interactions,dataset/call_center_interactions/year=2024/month=11/day=16/call_center_interactions_20241116.csv,392,21,79738
call_center_interactions,dataset/call_center_interactions/year=2024/month=11/day=17/call_center_interactions_20241117.csv,421,21,86107
call_center_interactions,dataset/call_center_interactions/year=2024/month=11/day=18/call_center_interactions_20241118.csv,760,21,154850
call_center_interactions,dataset/call_center_interactions/year=2024/month=11/day=19/call_center_interactions_20241119.csv,792,21,160989
call_center_interactions,dataset/call_center_interactions/year=2024/month=11/day=20/call_center_interactions_20241120.csv,641,21,130244
call_center_interactions,dataset/call_center_interactions/year=2024/month=11/day=21/call_center_interactions_20241121.csv,589,21,119964
call_center_interactions,dataset/call_center_interactions/year=2024/month=11/day=22/call_center_interactions_20241122.csv,762,21,155845
call_center_interactions,dataset/call_center_interactions/year=2024/month=11/day=23/call_center_interactions_20241123.csv,365,21,74598
call_center_interactions,dataset/call_center_interactions/year=2024/month=11/day=24/call_center_interactions_20241124.csv,434,21,89623
call_center_interactions,dataset/call_center_interactions/year=2024/month=11/day=25/call_center_interactions_20241125.csv,644,21,131691
call_center_interactions,dataset/call_center_interactions/year=2024/month=11/day=26/call_center_interactions_20241126.csv,620,21,127139
call_center_interactions,dataset/call_center_interactions/year=2024/month=11/day=27/call_center_interactions_20241127.csv,673,21,137114
call_center_interactions,dataset/call_center_interactions/year=2024/month=11/day=28/call_center_interactions_20241128.csv,614,21,124503
call_center_interactions,dataset/call_center_interactions/year=2024/month=11/day=29/call_center_interactions_20241129.csv,625,21,126971
call_center_interactions,dataset/call_center_interactions/year=2024/month=11/day=30/call_center_interactions_20241130.csv,348,21,70952
call_center_interactions,dataset/call_center_interactions/year=2024/month=12/day=01/call_center_interactions_20241201.csv,340,21,69092
call_center_interactions,dataset/call_center_interactions/year=2024/month=12/day=02/call_center_interactions_20241202.csv,853,21,172198
call_center_interactions,dataset/call_center_interactions/year=2024/month=12/day=03/call_center_interactions_20241203.csv,848,21,172725
call_center_interactions,dataset/call_center_interactions/year=2024/month=12/day=04/call_center_interactions_20241204.csv,590,21,119803
call_center_interactions,dataset/call_center_interactions/year=2024/month=12/day=05/call_center_interactions_20241205.csv,758,21,154388
call_center_interactions,dataset/call_center_interactions/year=2024/month=12/day=06/call_center_interactions_20241206.csv,728,21,148226
call_center_interactions,dataset/call_center_interactions/year=2024/month=12/day=07/call_center_interactions_20241207.csv,405,21,82288
call_center_interactions,dataset/call_center_interactions/year=2024/month=12/day=08/call_center_interactions_20241208.csv,423,21,86525
call_center_interactions,dataset/call_center_interactions/year=2024/month=12/day=09/call_center_interactions_20241209.csv,748,21,152049
call_center_interactions,dataset/call_center_interactions/year=2024/month=12/day=10/call_center_interactions_20241210.csv,790,21,160951
call_center_interactions,dataset/call_center_interactions/year=2024/month=12/day=11/call_center_interactions_20241211.csv,647,21,130703
call_center_interactions,dataset/call_center_interactions/year=2024/month=12/day=12/call_center_interactions_20241212.csv,653,21,132867
call_center_interactions,dataset/call_center_interactions/year=2024/month=12/day=13/call_center_interactions_20241213.csv,809,21,164482
call_center_interactions,dataset/call_center_interactions/year=2024/month=12/day=14/call_center_interactions_20241214.csv,316,21,64569
call_center_interactions,dataset/call_center_interactions/year=2024/month=12/day=15/call_center_interactions_20241215.csv,364,21,74393
call_center_interactions,dataset/call_center_interactions/year=2024/month=12/day=16/call_center_interactions_20241216.csv,621,21,126267
call_center_interactions,dataset/call_center_interactions/year=2024/month=12/day=17/call_center_interactions_20241217.csv,608,21,123553
call_center_interactions,dataset/call_center_interactions/year=2024/month=12/day=18/call_center_interactions_20241218.csv,610,21,124437
call_center_interactions,dataset/call_center_interactions/year=2024/month=12/day=19/call_center_interactions_20241219.csv,767,21,154902
call_center_interactions,dataset/call_center_interactions/year=2024/month=12/day=20/call_center_interactions_20241220.csv,606,21,123502
call_center_interactions,dataset/call_center_interactions/year=2024/month=12/day=21/call_center_interactions_20241221.csv,415,21,85009
call_center_interactions,dataset/call_center_interactions/year=2024/month=12/day=22/call_center_interactions_20241222.csv,344,21,70103
call_center_interactions,dataset/call_center_interactions/year=2024/month=12/day=23/call_center_interactions_20241223.csv,863,21,174445
call_center_interactions,dataset/call_center_interactions/year=2024/month=12/day=24/call_center_interactions_20241224.csv,854,21,173759
call_center_interactions,dataset/call_center_interactions/year=2024/month=12/day=25/call_center_interactions_20241225.csv,622,21,126315
call_center_interactions,dataset/call_center_interactions/year=2024/month=12/day=26/call_center_interactions_20241226.csv,688,21,139781
call_center_interactions,dataset/call_center_interactions/year=2024/month=12/day=27/call_center_interactions_20241227.csv,742,21,151805
call_center_interactions,dataset/call_center_interactions/year=2024/month=12/day=28/call_center_interactions_20241228.csv,332,21,67982
call_center_interactions,dataset/call_center_interactions/year=2024/month=12/day=29/call_center_interactions_20241229.csv,332,21,68065
call_center_interactions,dataset/call_center_interactions/year=2024/month=12/day=30/call_center_interactions_20241230.csv,740,21,150322
call_center_interactions,dataset/call_center_interactions/year=2024/month=12/day=31/call_center_interactions_20241231.csv,685,21,140114
call_center_interactions,dataset/call_center_interactions/year=2025/month=01/day=01/call_center_interactions_20250101.csv,866,21,176009
call_center_interactions,dataset/call_center_interactions/year=2025/month=01/day=02/call_center_interactions_20250102.csv,868,21,176406
call_center_interactions,dataset/call_center_interactions/year=2025/month=01/day=03/call_center_interactions_20250103.csv,724,21,147678
call_center_interactions,dataset/call_center_interactions/year=2025/month=01/day=04/call_center_interactions_20250104.csv,301,21,60731
call_center_interactions,dataset/call_center_interactions/year=2025/month=01/day=05/call_center_interactions_20250105.csv,324,21,66237
call_center_interactions,dataset/call_center_interactions/year=2025/month=01/day=06/call_center_interactions_20250106.csv,592,21,120440
call_center_interactions,dataset/call_center_interactions/year=2025/month=01/day=07/call_center_interactions_20250107.csv,871,21,176826
call_center_interactions,dataset/call_center_interactions/year=2025/month=01/day=08/call_center_interactions_20250108.csv,601,21,121420
call_center_interactions,dataset/call_center_interactions/year=2025/month=01/day=09/call_center_interactions_20250109.csv,872,21,178172
call_center_interactions,dataset/call_center_interactions/year=2025/month=01/day=10/call_center_interactions_20250110.csv,787,21,160568
call_center_interactions,dataset/call_center_interactions/year=2025/month=01/day=11/call_center_interactions_20250111.csv,328,21,67236
call_center_interactions,dataset/call_center_interactions/year=2025/month=01/day=12/call_center_interactions_20250112.csv,363,21,73957
call_center_interactions,dataset/call_center_interactions/year=2025/month=01/day=13/call_center_interactions_20250113.csv,851,21,173820
call_center_interactions,dataset/call_center_interactions/year=2025/month=01/day=14/call_center_interactions_20250114.csv,654,21,133063
call_center_interactions,dataset/call_center_interactions/year=2025/month=01/day=15/call_center_interactions_20250115.csv,633,21,129492
call_center_interactions,dataset/call_center_interactions/year=2025/month=01/day=16/call_center_interactions_20250116.csv,701,21,142406
call_center_interactions,dataset/call_center_interactions/year=2025/month=01/day=17/call_center_interactions_20250117.csv,616,21,124636
call_center_interactions,dataset/call_center_interactions/year=2025/month=01/day=18/call_center_interactions_20250118.csv,367,21,74123
call_center_interactions,dataset/call_center_interactions/year=2025/month=01/day=19/call_center_interactions_20250119.csv,396,21,80935
call_center_interactions,dataset/call_center_interactions/year=2025/month=01/day=20/call_center_interactions_20250120.csv,688,21,139874
call_center_interactions,dataset/call_center_interactions/year=2025/month=01/day=21/call_center_interactions_20250121.csv,591,21,119670
call_center_interactions,dataset/call_center_interactions/year=2025/month=01/day=22/call_center_interactions_20250122.csv,602,21,124258
call_center_interactions,dataset/call_center_interactions/year=2025/month=01/day=23/call_center_interactions_20250123.csv,801,21,162823
call_center_interactions,dataset/call_center_interactions/year=2025/month=01/day=24/call_center_interactions_20250124.csv,594,21,120413
call_center_interactions,dataset/call_center_interactions/year=2025/month=01/day=25/call_center_interactions_20250125.csv,427,21,86690
call_center_interactions,dataset/call_center_interactions/year=2025/month=01/day=26/call_center_interactions_20250126.csv,361,21,73981
call_center_interactions,dataset/call_center_interactions/year=2025/month=01/day=27/call_center_interactions_20250127.csv,808,21,163862
call_center_interactions,dataset/call_center_interactions/year=2025/month=01/day=28/call_center_interactions_20250128.csv,670,21,135964
call_center_interactions,dataset/call_center_interactions/year=2025/month=01/day=29/call_center_interactions_20250129.csv,765,21,156147
call_center_interactions,dataset/call_center_interactions/year=2025/month=01/day=30/call_center_interactions_20250130.csv,820,21,166741
call_center_interactions,dataset/call_center_interactions/year=2025/month=01/day=31/call_center_interactions_20250131.csv,654,21,133416
call_center_interactions,dataset/call_center_interactions/year=2025/month=02/day=01/call_center_interactions_20250201.csv,304,21,61749
call_center_interactions,dataset/call_center_interactions/year=2025/month=02/day=02/call_center_interactions_20250202.csv,359,21,73861
call_center_interactions,dataset/call_center_interactions/year=2025/month=02/day=03/call_center_interactions_20250203.csv,797,21,162470
call_center_interactions,dataset/call_center_interactions/year=2025/month=02/day=04/call_center_interactions_20250204.csv,623,21,126640
call_center_interactions,dataset/call_center_interactions/year=2025/month=02/day=05/call_center_interactions_20250205.csv,670,21,137950
call_center_interactions,dataset/call_center_interactions/year=2025/month=02/day=06/call_center_interactions_20250206.csv,693,21,140765
call_center_interactions,dataset/call_center_interactions/year=2025/month=02/day=07/call_center_interactions_20250207.csv,714,21,146343
call_center_interactions,dataset/call_center_interactions/year=2025/month=02/day=08/call_center_interactions_20250208.csv,392,21,79697
call_center_interactions,dataset/call_center_interactions/year=2025/month=02/day=09/call_center_interactions_20250209.csv,337,21,68519
call_center_interactions,dataset/call_center_interactions/year=2025/month=02/day=10/call_center_interactions_20250210.csv,856,21,173912
call_center_interactions,dataset/call_center_interactions/year=2025/month=02/day=11/call_center_interactions_20250211.csv,833,21,169935
call_center_interactions,dataset/call_center_interactions/year=2025/month=02/day=12/call_center_interactions_20250212.csv,679,21,138605
call_center_interactions,dataset/call_center_interactions/year=2025/month=02/day=13/call_center_interactions_20250213.csv,684,21,139196
call_center_interactions,dataset/call_center_interactions/year=2025/month=02/day=14/call_center_interactions_20250214.csv,819,21,166298
call_center_interactions,dataset/call_center_interactions/year=2025/month=02/day=15/call_center_interactions_20250215.csv,331,21,67872
call_center_interactions,dataset/call_center_interactions/year=2025/month=02/day=16/call_center_interactions_20250216.csv,315,21,63841
call_center_interactions,dataset/call_center_interactions/year=2025/month=02/day=17/call_center_interactions_20250217.csv,843,21,171898
call_center_interactions,dataset/call_center_interactions/year=2025/month=02/day=18/call_center_interactions_20250218.csv,608,21,124836
call_center_interactions,dataset/call_center_interactions/year=2025/month=02/day=19/call_center_interactions_20250219.csv,730,21,147464
call_center_interactions,dataset/call_center_interactions/year=2025/month=02/day=20/call_center_interactions_20250220.csv,758,21,155181
call_center_interactions,dataset/call_center_interactions/year=2025/month=02/day=21/call_center_interactions_20250221.csv,718,21,145379
call_center_interactions,dataset/call_center_interactions/year=2025/month=02/day=22/call_center_interactions_20250222.csv,333,21,67815
call_center_interactions,dataset/call_center_interactions/year=2025/month=02/day=23/call_center_interactions_20250223.csv,304,21,61964
call_center_interactions,dataset/call_center_interactions/year=2025/month=02/day=24/call_center_interactions_20250224.csv,650,21,132219
call_center_interactions,dataset/call_center_interactions/year=2025/month=02/day=25/call_center_interactions_20250225.csv,685,21,140408
call_center_interactions,dataset/call_center_interactions/year=2025/month=02/day=26/call_center_interactions_20250226.csv,741,21,149726
call_center_interactions,dataset/call_center_interactions/year=2025/month=02/day=27/call_center_interactions_20250227.csv,713,21,146504
call_center_interactions,dataset/call_center_interactions/year=2025/month=02/day=28/call_center_interactions_20250228.csv,722,21,146903
call_center_interactions,dataset/call_center_interactions/year=2025/month=03/day=01/call_center_interactions_20250301.csv,414,21,84417
call_center_interactions,dataset/call_center_interactions/year=2025/month=03/day=02/call_center_interactions_20250302.csv,298,21,60375
call_center_interactions,dataset/call_center_interactions/year=2025/month=03/day=03/call_center_interactions_20250303.csv,702,21,142931
call_center_interactions,dataset/call_center_interactions/year=2025/month=03/day=04/call_center_interactions_20250304.csv,748,21,151881
call_center_interactions,dataset/call_center_interactions/year=2025/month=03/day=05/call_center_interactions_20250305.csv,858,21,174658
call_center_interactions,dataset/call_center_interactions/year=2025/month=03/day=06/call_center_interactions_20250306.csv,755,21,153767
call_center_interactions,dataset/call_center_interactions/year=2025/month=03/day=07/call_center_interactions_20250307.csv,657,21,133326
call_center_interactions,dataset/call_center_interactions/year=2025/month=03/day=08/call_center_interactions_20250308.csv,364,21,74479
call_center_interactions,dataset/call_center_interactions/year=2025/month=03/day=09/call_center_interactions_20250309.csv,388,21,79472
call_center_interactions,dataset/call_center_interactions/year=2025/month=03/day=10/call_center_interactions_20250310.csv,768,21,156009
call_center_interactions,dataset/call_center_interactions/year=2025/month=03/day=11/call_center_interactions_20250311.csv,839,21,170380
call_center_interactions,dataset/call_center_interactions/year=2025/month=03/day=12/call_center_interactions_20250312.csv,864,21,176120
call_center_interactions,dataset/call_center_interactions/year=2025/month=03/day=13/call_center_interactions_20250313.csv,833,21,170669
call_center_interactions,dataset/call_center_interactions/year=2025/month=03/day=14/call_center_interactions_20250314.csv,673,21,137278
call_center_interactions,dataset/call_center_interactions/year=2025/month=03/day=15/call_center_interactions_20250315.csv,413,21,83645
call_center_interactions,dataset/call_center_interactions/year=2025/month=03/day=16/call_center_interactions_20250316.csv,298,21,60497
call_center_interactions,dataset/call_center_interactions/year=2025/month=03/day=17/call_center_interactions_20250317.csv,719,21,145906
call_center_interactions,dataset/call_center_interactions/year=2025/month=03/day=18/call_center_interactions_20250318.csv,672,21,137781
call_center_interactions,dataset/call_center_interactions/year=2025/month=03/day=19/call_center_interactions_20250319.csv,701,21,142615
call_center_interactions,dataset/call_center_interactions/year=2025/month=03/day=20/call_center_interactions_20250320.csv,865,21,175661
call_center_interactions,dataset/call_center_interactions/year=2025/month=03/day=21/call_center_interactions_20250321.csv,623,21,126800
call_center_interactions,dataset/call_center_interactions/year=2025/month=03/day=22/call_center_interactions_20250322.csv,333,21,68518
call_center_interactions,dataset/call_center_interactions/year=2025/month=03/day=23/call_center_interactions_20250323.csv,430,21,87396
call_center_interactions,dataset/call_center_interactions/year=2025/month=03/day=24/call_center_interactions_20250324.csv,754,21,153012
call_center_interactions,dataset/call_center_interactions/year=2025/month=03/day=25/call_center_interactions_20250325.csv,832,21,168757
call_center_interactions,dataset/call_center_interactions/year=2025/month=03/day=26/call_center_interactions_20250326.csv,765,21,156404
call_center_interactions,dataset/call_center_interactions/year=2025/month=03/day=27/call_center_interactions_20250327.csv,858,21,174398
call_center_interactions,dataset/call_center_interactions/year=2025/month=03/day=28/call_center_interactions_20250328.csv,699,21,142132
call_center_interactions,dataset/call_center_interactions/year=2025/month=03/day=29/call_center_interactions_20250329.csv,323,21,66412
call_center_interactions,dataset/call_center_interactions/year=2025/month=03/day=30/call_center_interactions_20250330.csv,397,21,81259
call_center_interactions,dataset/call_center_interactions/year=2025/month=03/day=31/call_center_interactions_20250331.csv,655,21,132774
call_center_interactions,dataset/call_center_interactions/year=2025/month=04/day=01/call_center_interactions_20250401.csv,767,21,155409
call_center_interactions,dataset/call_center_interactions/year=2025/month=04/day=02/call_center_interactions_20250402.csv,752,21,152665
call_center_interactions,dataset/call_center_interactions/year=2025/month=04/day=03/call_center_interactions_20250403.csv,868,21,175116
call_center_interactions,dataset/call_center_interactions/year=2025/month=04/day=04/call_center_interactions_20250404.csv,603,21,122923
call_center_interactions,dataset/call_center_interactions/year=2025/month=04/day=05/call_center_interactions_20250405.csv,429,21,87599
call_center_interactions,dataset/call_center_interactions/year=2025/month=04/day=06/call_center_interactions_20250406.csv,363,21,73484
call_center_interactions,dataset/call_center_interactions/year=2025/month=04/day=07/call_center_interactions_20250407.csv,699,21,142930
call_center_interactions,dataset/call_center_interactions/year=2025/month=04/day=08/call_center_interactions_20250408.csv,826,21,168123
call_center_interactions,dataset/call_center_interactions/year=2025/month=04/day=09/call_center_interactions_20250409.csv,656,21,134490
call_center_interactions,dataset/call_center_interactions/year=2025/month=04/day=10/call_center_interactions_20250410.csv,822,21,167615
call_center_interactions,dataset/call_center_interactions/year=2025/month=04/day=11/call_center_interactions_20250411.csv,599,21,121563
call_center_interactions,dataset/call_center_interactions/year=2025/month=04/day=12/call_center_interactions_20250412.csv,302,21,61967
call_center_interactions,dataset/call_center_interactions/year=2025/month=04/day=13/call_center_interactions_20250413.csv,330,21,67846
call_center_interactions,dataset/call_center_interactions/year=2025/month=04/day=14/call_center_interactions_20250414.csv,847,21,172569
call_center_interactions,dataset/call_center_interactions/year=2025/month=04/day=15/call_center_interactions_20250415.csv,666,21,135058
call_center_interactions,dataset/call_center_interactions/year=2025/month=04/day=16/call_center_interactions_20250416.csv,815,21,166006
call_center_interactions,dataset/call_center_interactions/year=2025/month=04/day=17/call_center_interactions_20250417.csv,745,21,153092
call_center_interactions,dataset/call_center_interactions/year=2025/month=04/day=18/call_center_interactions_20250418.csv,645,21,131709
call_center_interactions,dataset/call_center_interactions/year=2025/month=04/day=19/call_center_interactions_20250419.csv,396,21,81039
call_center_interactions,dataset/call_center_interactions/year=2025/month=04/day=20/call_center_interactions_20250420.csv,341,21,69409
call_center_interactions,dataset/call_center_interactions/year=2025/month=04/day=21/call_center_interactions_20250421.csv,659,21,134649
call_center_interactions,dataset/call_center_interactions/year=2025/month=04/day=22/call_center_interactions_20250422.csv,834,21,168718
call_center_interactions,dataset/call_center_interactions/year=2025/month=04/day=23/call_center_interactions_20250423.csv,615,21,124546
call_center_interactions,dataset/call_center_interactions/year=2025/month=04/day=24/call_center_interactions_20250424.csv,779,21,158860
call_center_interactions,dataset/call_center_interactions/year=2025/month=04/day=25/call_center_interactions_20250425.csv,810,21,165069
call_center_interactions,dataset/call_center_interactions/year=2025/month=04/day=26/call_center_interactions_20250426.csv,400,21,80997
call_center_interactions,dataset/call_center_interactions/year=2025/month=04/day=27/call_center_interactions_20250427.csv,354,21,72436
call_center_interactions,dataset/call_center_interactions/year=2025/month=04/day=28/call_center_interactions_20250428.csv,790,21,161870
call_center_interactions,dataset/call_center_interactions/year=2025/month=04/day=29/call_center_interactions_20250429.csv,743,21,150692
call_center_interactions,dataset/call_center_interactions/year=2025/month=04/day=30/call_center_interactions_20250430.csv,722,21,146931
call_center_interactions,dataset/call_center_interactions/year=2025/month=05/day=01/call_center_interactions_20250501.csv,770,21,157075
call_center_interactions,dataset/call_center_interactions/year=2025/month=05/day=02/call_center_interactions_20250502.csv,757,21,155601
call_center_interactions,dataset/call_center_interactions/year=2025/month=05/day=03/call_center_interactions_20250503.csv,427,21,86709
call_center_interactions,dataset/call_center_interactions/year=2025/month=05/day=04/call_center_interactions_20250504.csv,312,21,63174
call_center_interactions,dataset/call_center_interactions/year=2025/month=05/day=05/call_center_interactions_20250505.csv,793,21,161347
call_center_interactions,dataset/call_center_interactions/year=2025/month=05/day=06/call_center_interactions_20250506.csv,633,21,129358
call_center_interactions,dataset/call_center_interactions/year=2025/month=05/day=07/call_center_interactions_20250507.csv,617,21,125654
call_center_interactions,dataset/call_center_interactions/year=2025/month=05/day=08/call_center_interactions_20250508.csv,599,21,122126
call_center_interactions,dataset/call_center_interactions/year=2025/month=05/day=09/call_center_interactions_20250509.csv,618,21,125933
call_center_interactions,dataset/call_center_interactions/year=2025/month=05/day=10/call_center_interactions_20250510.csv,342,21,68772
call_center_interactions,dataset/call_center_interactions/year=2025/month=05/day=11/call_center_interactions_20250511.csv,431,21,87947
call_center_interactions,dataset/call_center_interactions/year=2025/month=05/day=12/call_center_interactions_20250512.csv,832,21,169642
call_center_interactions,dataset/call_center_interactions/year=2025/month=05/day=13/call_center_interactions_20250513.csv,637,21,129177
call_center_interactions,dataset/call_center_interactions/year=2025/month=05/day=14/call_center_interactions_20250514.csv,735,21,149501
call_center_interactions,dataset/call_center_interactions/year=2025/month=05/day=15/call_center_interactions_20250515.csv,829,21,168966
call_center_interactions,dataset/call_center_interactions/year=2025/month=05/day=16/call_center_interactions_20250516.csv,730,21,148891
call_center_interactions,dataset/call_center_interactions/year=2025/month=05/day=17/call_center_interactions_20250517.csv,312,21,64079
call_center_interactions,dataset/call_center_interactions/year=2025/month=05/day=18/call_center_interactions_20250518.csv,309,21,63360
call_center_interactions,dataset/call_center_interactions/year=2025/month=05/day=19/call_center_interactions_20250519.csv,737,21,150999
call_center_interactions,dataset/call_center_interactions/year=2025/month=05/day=20/call_center_interactions_20250520.csv,666,21,135387
call_center_interactions,dataset/call_center_interactions/year=2025/month=05/day=21/call_center_interactions_20250521.csv,814,21,164938
call_center_interactions,dataset/call_center_interactions/year=2025/month=05/day=22/call_center_interactions_20250522.csv,841,21,171137
call_center_interactions,dataset/call_center_interactions/year=2025/month=05/day=23/call_center_interactions_20250523.csv,790,21,161193
call_center_interactions,dataset/call_center_interactions/year=2025/month=05/day=24/call_center_interactions_20250524.csv,424,21,86112
call_center_interactions,dataset/call_center_interactions/year=2025/month=05/day=25/call_center_interactions_20250525.csv,432,21,87667
call_center_interactions,dataset/call_center_interactions/year=2025/month=05/day=26/call_center_interactions_20250526.csv,755,21,152633
call_center_interactions,dataset/call_center_interactions/year=2025/month=05/day=27/call_center_interactions_20250527.csv,831,21,168416
call_center_interactions,dataset/call_center_interactions/year=2025/month=05/day=28/call_center_interactions_20250528.csv,742,21,150861
call_center_interactions,dataset/call_center_interactions/year=2025/month=05/day=29/call_center_interactions_20250529.csv,834,21,169932
call_center_interactions,dataset/call_center_interactions/year=2025/month=05/day=30/call_center_interactions_20250530.csv,677,21,138150
call_center_interactions,dataset/call_center_interactions/year=2025/month=05/day=31/call_center_interactions_20250531.csv,408,21,83682
call_center_interactions,dataset/call_center_interactions/year=2025/month=06/day=01/call_center_interactions_20250601.csv,372,21,75990
call_center_interactions,dataset/call_center_interactions/year=2025/month=06/day=02/call_center_interactions_20250602.csv,605,21,124368
call_center_interactions,dataset/call_center_interactions/year=2025/month=06/day=03/call_center_interactions_20250603.csv,613,21,124116
call_center_interactions,dataset/call_center_interactions/year=2025/month=06/day=04/call_center_interactions_20250604.csv,683,21,139147
call_center_interactions,dataset/call_center_interactions/year=2025/month=06/day=05/call_center_interactions_20250605.csv,627,21,128055
call_center_interactions,dataset/call_center_interactions/year=2025/month=06/day=06/call_center_interactions_20250606.csv,643,21,130117
call_center_interactions,dataset/call_center_interactions/year=2025/month=06/day=07/call_center_interactions_20250607.csv,403,21,82210
call_center_interactions,dataset/call_center_interactions/year=2025/month=06/day=08/call_center_interactions_20250608.csv,407,21,82839
call_center_interactions,dataset/call_center_interactions/year=2025/month=06/day=09/call_center_interactions_20250609.csv,632,21,128670
call_center_interactions,dataset/call_center_interactions/year=2025/month=06/day=10/call_center_interactions_20250610.csv,784,21,159242
call_center_interactions,dataset/call_center_interactions/year=2025/month=06/day=11/call_center_interactions_20250611.csv,768,21,156252
call_center_interactions,dataset/call_center_interactions/year=2025/month=06/day=12/call_center_interactions_20250612.csv,731,21,149153
call_center_interactions,dataset/call_center_interactions/year=2025/month=06/day=13/call_center_interactions_20250613.csv,728,21,149328
call_center_interactions,dataset/call_center_interactions/year=2025/month=06/day=14/call_center_interactions_20250614.csv,311,21,63217
call_center_interactions,dataset/call_center_interactions/year=2025/month=06/day=15/call_center_interactions_20250615.csv,309,21,62480
call_center_interactions,dataset/call_center_interactions/year=2025/month=06/day=16/call_center_interactions_20250616.csv,713,21,145038
call_center_interactions,dataset/call_center_interactions/year=2025/month=06/day=17/call_center_interactions_20250617.csv,624,21,128113
call_center_interactions,dataset/call_center_interactions/year=2025/month=06/day=18/call_center_interactions_20250618.csv,727,21,147432
call_center_interactions,dataset/call_center_interactions/year=2025/month=06/day=19/call_center_interactions_20250619.csv,804,21,163502
call_center_interactions,dataset/call_center_interactions/year=2025/month=06/day=20/call_center_interactions_20250620.csv,864,21,174961
call_center_interactions,dataset/call_center_interactions/year=2025/month=06/day=21/call_center_interactions_20250621.csv,317,21,64462
call_center_interactions,dataset/call_center_interactions/year=2025/month=06/day=22/call_center_interactions_20250622.csv,337,21,68578
call_center_interactions,dataset/call_center_interactions/year=2025/month=06/day=23/call_center_interactions_20250623.csv,793,21,160790
call_center_interactions,dataset/call_center_interactions/year=2025/month=06/day=24/call_center_interactions_20250624.csv,658,21,133362
call_center_interactions,dataset/call_center_interactions/year=2025/month=06/day=25/call_center_interactions_20250625.csv,828,21,168503
call_center_interactions,dataset/call_center_interactions/year=2025/month=06/day=26/call_center_interactions_20250626.csv,643,21,131545
call_center_interactions,dataset/call_center_interactions/year=2025/month=06/day=27/call_center_interactions_20250627.csv,872,21,176715
call_center_interactions,dataset/call_center_interactions/year=2025/month=06/day=28/call_center_interactions_20250628.csv,412,21,85328
call_center_interactions,dataset/call_center_interactions/year=2025/month=06/day=29/call_center_interactions_20250629.csv,352,21,71864
call_center_interactions,dataset/call_center_interactions/year=2025/month=06/day=30/call_center_interactions_20250630.csv,677,21,138465
call_center_interactions,dataset/call_center_interactions/year=2025/month=07/day=01/call_center_interactions_20250701.csv,747,21,151214
call_center_interactions,dataset/call_center_interactions/year=2025/month=07/day=02/call_center_interactions_20250702.csv,768,21,156242
call_center_interactions,dataset/call_center_interactions/year=2025/month=07/day=03/call_center_interactions_20250703.csv,683,21,138016
call_center_interactions,dataset/call_center_interactions/year=2025/month=07/day=04/call_center_interactions_20250704.csv,591,21,120697
call_center_interactions,dataset/call_center_interactions/year=2025/month=07/day=05/call_center_interactions_20250705.csv,313,21,63720
call_center_interactions,dataset/call_center_interactions/year=2025/month=07/day=06/call_center_interactions_20250706.csv,366,21,73922
call_center_interactions,dataset/call_center_interactions/year=2025/month=07/day=07/call_center_interactions_20250707.csv,820,21,167105
call_center_interactions,dataset/call_center_interactions/year=2025/month=07/day=08/call_center_interactions_20250708.csv,678,21,137945
call_center_interactions,dataset/call_center_interactions/year=2025/month=07/day=09/call_center_interactions_20250709.csv,722,21,146933
call_center_interactions,dataset/call_center_interactions/year=2025/month=07/day=10/call_center_interactions_20250710.csv,606,21,122905
call_center_interactions,dataset/call_center_interactions/year=2025/month=07/day=11/call_center_interactions_20250711.csv,773,21,158369
call_center_interactions,dataset/call_center_interactions/year=2025/month=07/day=12/call_center_interactions_20250712.csv,386,21,78246
call_center_interactions,dataset/call_center_interactions/year=2025/month=07/day=13/call_center_interactions_20250713.csv,397,21,80726
call_center_interactions,dataset/call_center_interactions/year=2025/month=07/day=14/call_center_interactions_20250714.csv,666,21,135009
call_center_interactions,dataset/call_center_interactions/year=2025/month=07/day=15/call_center_interactions_20250715.csv,780,21,158321
call_center_interactions,dataset/call_center_interactions/year=2025/month=07/day=16/call_center_interactions_20250716.csv,848,21,171717
call_center_interactions,dataset/call_center_interactions/year=2025/month=07/day=17/call_center_interactions_20250717.csv,689,21,140805
call_center_interactions,dataset/call_center_interactions/year=2025/month=07/day=18/call_center_interactions_20250718.csv,733,21,148935
call_center_interactions,dataset/call_center_interactions/year=2025/month=07/day=19/call_center_interactions_20250719.csv,349,21,71876
call_center_interactions,dataset/call_center_interactions/year=2025/month=07/day=20/call_center_interactions_20250720.csv,364,21,74426
call_center_interactions,dataset/call_center_interactions/year=2025/month=07/day=21/call_center_interactions_20250721.csv,680,21,138133
call_center_interactions,dataset/call_center_interactions/year=2025/month=07/day=22/call_center_interactions_20250722.csv,802,21,163161
call_center_interactions,dataset/call_center_interactions/year=2025/month=07/day=23/call_center_interactions_20250723.csv,811,21,164803
call_center_interactions,dataset/call_center_interactions/year=2025/month=07/day=24/call_center_interactions_20250724.csv,806,21,163264
call_center_interactions,dataset/call_center_interactions/year=2025/month=07/day=25/call_center_interactions_20250725.csv,786,21,159899
call_center_interactions,dataset/call_center_interactions/year=2025/month=07/day=26/call_center_interactions_20250726.csv,406,21,82930
call_center_interactions,dataset/call_center_interactions/year=2025/month=07/day=27/call_center_interactions_20250727.csv,389,21,79218
call_center_interactions,dataset/call_center_interactions/year=2025/month=07/day=28/call_center_interactions_20250728.csv,696,21,142173
call_center_interactions,dataset/call_center_interactions/year=2025/month=07/day=29/call_center_interactions_20250729.csv,805,21,164603
call_center_interactions,dataset/call_center_interactions/year=2025/month=07/day=30/call_center_interactions_20250730.csv,607,21,122987
call_center_interactions,dataset/call_center_interactions/year=2025/month=07/day=31/call_center_interactions_20250731.csv,619,21,127147
call_center_interactions,dataset/call_center_interactions/year=2025/month=08/day=01/call_center_interactions_20250801.csv,668,21,135870
call_center_interactions,dataset/call_center_interactions/year=2025/month=08/day=02/call_center_interactions_20250802.csv,407,21,82860
call_center_interactions,dataset/call_center_interactions/year=2025/month=08/day=03/call_center_interactions_20250803.csv,372,21,75805
call_center_interactions,dataset/call_center_interactions/year=2025/month=08/day=04/call_center_interactions_20250804.csv,627,21,127856
call_center_interactions,dataset/call_center_interactions/year=2025/month=08/day=05/call_center_interactions_20250805.csv,869,21,176387
call_center_interactions,dataset/call_center_interactions/year=2025/month=08/day=06/call_center_interactions_20250806.csv,824,21,167945
call_center_interactions,dataset/call_center_interactions/year=2025/month=08/day=07/call_center_interactions_20250807.csv,768,21,156785
call_center_interactions,dataset/call_center_interactions/year=2025/month=08/day=08/call_center_interactions_20250808.csv,643,21,130459
call_center_interactions,dataset/call_center_interactions/year=2025/month=08/day=09/call_center_interactions_20250809.csv,412,21,83375
call_center_interactions,dataset/call_center_interactions/year=2025/month=08/day=10/call_center_interactions_20250810.csv,342,21,69567
call_center_interactions,dataset/call_center_interactions/year=2025/month=08/day=11/call_center_interactions_20250811.csv,781,21,158672
call_center_interactions,dataset/call_center_interactions/year=2025/month=08/day=12/call_center_interactions_20250812.csv,714,21,146122
call_center_interactions,dataset/call_center_interactions/year=2025/month=08/day=13/call_center_interactions_20250813.csv,646,21,131651
call_center_interactions,dataset/call_center_interactions/year=2025/month=08/day=14/call_center_interactions_20250814.csv,649,21,131680
call_center_interactions,dataset/call_center_interactions/year=2025/month=08/day=15/call_center_interactions_20250815.csv,648,21,131035
call_center_interactions,dataset/call_center_interactions/year=2025/month=08/day=16/call_center_interactions_20250816.csv,409,21,84046
call_center_interactions,dataset/call_center_interactions/year=2025/month=08/day=17/call_center_interactions_20250817.csv,331,21,67867
call_center_interactions,dataset/call_center_interactions/year=2025/month=08/day=18/call_center_interactions_20250818.csv,841,21,171590
call_center_interactions,dataset/call_center_interactions/year=2025/month=08/day=19/call_center_interactions_20250819.csv,588,21,119401
call_center_interactions,dataset/call_center_interactions/year=2025/month=08/day=20/call_center_interactions_20250820.csv,816,21,165990
call_center_interactions,dataset/call_center_interactions/year=2025/month=08/day=21/call_center_interactions_20250821.csv,690,21,140289
call_center_interactions,dataset/call_center_interactions/year=2025/month=08/day=22/call_center_interactions_20250822.csv,863,21,176350
call_center_interactions,dataset/call_center_interactions/year=2025/month=08/day=23/call_center_interactions_20250823.csv,339,21,68906
call_center_interactions,dataset/call_center_interactions/year=2025/month=08/day=24/call_center_interactions_20250824.csv,302,21,61464
call_center_interactions,dataset/call_center_interactions/year=2025/month=08/day=25/call_center_interactions_20250825.csv,688,21,140323
call_center_interactions,dataset/call_center_interactions/year=2025/month=08/day=26/call_center_interactions_20250826.csv,842,21,171388
call_center_interactions,dataset/call_center_interactions/year=2025/month=08/day=27/call_center_interactions_20250827.csv,822,21,166823
call_center_interactions,dataset/call_center_interactions/year=2025/month=08/day=28/call_center_interactions_20250828.csv,788,21,160587
call_center_interactions,dataset/call_center_interactions/year=2025/month=08/day=29/call_center_interactions_20250829.csv,610,21,122833
call_center_interactions,dataset/call_center_interactions/year=2025/month=08/day=30/call_center_interactions_20250830.csv,326,21,66025
call_center_interactions,dataset/call_center_interactions/year=2025/month=08/day=31/call_center_interactions_20250831.csv,389,21,79152
call_center_interactions,dataset/call_center_interactions/year=2025/month=09/day=01/call_center_interactions_20250901.csv,787,21,160737
call_center_interactions,dataset/call_center_interactions/year=2025/month=09/day=02/call_center_interactions_20250902.csv,646,21,131257
call_center_interactions,dataset/call_center_interactions/year=2025/month=09/day=03/call_center_interactions_20250903.csv,783,21,158003
call_center_interactions,dataset/call_center_interactions/year=2025/month=09/day=04/call_center_interactions_20250904.csv,832,21,169100
call_center_interactions,dataset/call_center_interactions/year=2025/month=09/day=05/call_center_interactions_20250905.csv,656,21,133183
call_center_interactions,dataset/call_center_interactions/year=2025/month=09/day=06/call_center_interactions_20250906.csv,370,21,75157
call_center_interactions,dataset/call_center_interactions/year=2025/month=09/day=07/call_center_interactions_20250907.csv,327,21,67156
call_center_interactions,dataset/call_center_interactions/year=2025/month=09/day=08/call_center_interactions_20250908.csv,666,21,136771
call_center_interactions,dataset/call_center_interactions/year=2025/month=09/day=09/call_center_interactions_20250909.csv,841,21,171670
call_center_interactions,dataset/call_center_interactions/year=2025/month=09/day=10/call_center_interactions_20250910.csv,628,21,127153
call_center_interactions,dataset/call_center_interactions/year=2025/month=09/day=11/call_center_interactions_20250911.csv,732,21,148812
call_center_interactions,dataset/call_center_interactions/year=2025/month=09/day=12/call_center_interactions_20250912.csv,732,21,150186
call_center_interactions,dataset/call_center_interactions/year=2025/month=09/day=13/call_center_interactions_20250913.csv,368,21,75250
call_center_interactions,dataset/call_center_interactions/year=2025/month=09/day=14/call_center_interactions_20250914.csv,341,21,69026
call_center_interactions,dataset/call_center_interactions/year=2025/month=09/day=15/call_center_interactions_20250915.csv,604,21,122777
call_center_interactions,dataset/call_center_interactions/year=2025/month=09/day=16/call_center_interactions_20250916.csv,667,21,135039
call_center_interactions,dataset/call_center_interactions/year=2025/month=09/day=17/call_center_interactions_20250917.csv,856,21,174406
call_center_interactions,dataset/call_center_interactions/year=2025/month=09/day=18/call_center_interactions_20250918.csv,812,21,164956
call_center_interactions,dataset/call_center_interactions/year=2025/month=09/day=19/call_center_interactions_20250919.csv,677,21,138522
call_center_interactions,dataset/call_center_interactions/year=2025/month=09/day=20/call_center_interactions_20250920.csv,381,21,77759
call_center_interactions,dataset/call_center_interactions/year=2025/month=09/day=21/call_center_interactions_20250921.csv,420,21,85336
call_center_interactions,dataset/call_center_interactions/year=2025/month=09/day=22/call_center_interactions_20250922.csv,831,21,169844
call_center_interactions,dataset/call_center_interactions/year=2025/month=09/day=23/call_center_interactions_20250923.csv,862,21,175307
call_center_interactions,dataset/call_center_interactions/year=2025/month=09/day=24/call_center_interactions_20250924.csv,778,21,158677
call_center_interactions,dataset/call_center_interactions/year=2025/month=09/day=25/call_center_interactions_20250925.csv,824,21,167799
call_center_interactions,dataset/call_center_interactions/year=2025/month=09/day=26/call_center_interactions_20250926.csv,802,21,162258
call_center_interactions,dataset/call_center_interactions/year=2025/month=09/day=27/call_center_interactions_20250927.csv,396,21,80491
call_center_interactions,dataset/call_center_interactions/year=2025/month=09/day=28/call_center_interactions_20250928.csv,352,21,72308
call_center_interactions,dataset/call_center_interactions/year=2025/month=09/day=29/call_center_interactions_20250929.csv,804,21,163664
call_center_interactions,dataset/call_center_interactions/year=2025/month=09/day=30/call_center_interactions_20250930.csv,619,21,125471
call_center_interactions,dataset/call_center_interactions/year=2025/month=10/day=01/call_center_interactions_20251001.csv,593,21,120668
call_center_interactions,dataset/call_center_interactions/year=2025/month=10/day=02/call_center_interactions_20251002.csv,735,21,149640
call_center_interactions,dataset/call_center_interactions/year=2025/month=10/day=03/call_center_interactions_20251003.csv,793,21,161184
call_center_interactions,dataset/call_center_interactions/year=2025/month=10/day=04/call_center_interactions_20251004.csv,377,21,76335
call_center_interactions,dataset/call_center_interactions/year=2025/month=10/day=05/call_center_interactions_20251005.csv,419,21,85652
call_center_interactions,dataset/call_center_interactions/year=2025/month=10/day=06/call_center_interactions_20251006.csv,791,21,159949
call_center_interactions,dataset/call_center_interactions/year=2025/month=10/day=07/call_center_interactions_20251007.csv,710,21,144933
call_center_interactions,dataset/call_center_interactions/year=2025/month=10/day=08/call_center_interactions_20251008.csv,720,21,146194
call_center_interactions,dataset/call_center_interactions/year=2025/month=10/day=09/call_center_interactions_20251009.csv,607,21,123382
call_center_interactions,dataset/call_center_interactions/year=2025/month=10/day=10/call_center_interactions_20251010.csv,675,21,137747
call_center_interactions,dataset/call_center_interactions/year=2025/month=10/day=11/call_center_interactions_20251011.csv,343,21,69156
call_center_interactions,dataset/call_center_interactions/year=2025/month=10/day=12/call_center_interactions_20251012.csv,332,21,67370
call_center_interactions,dataset/call_center_interactions/year=2025/month=10/day=13/call_center_interactions_20251013.csv,854,21,173238
call_center_interactions,dataset/call_center_interactions/year=2025/month=10/day=14/call_center_interactions_20251014.csv,743,21,151742
call_center_interactions,dataset/call_center_interactions/year=2025/month=10/day=15/call_center_interactions_20251015.csv,833,21,169813
call_center_interactions,dataset/call_center_interactions/year=2025/month=10/day=16/call_center_interactions_20251016.csv,801,21,161416
call_center_interactions,dataset/call_center_interactions/year=2025/month=10/day=17/call_center_interactions_20251017.csv,739,21,150956
call_center_interactions,dataset/call_center_interactions/year=2025/month=10/day=18/call_center_interactions_20251018.csv,360,21,73733
call_center_interactions,dataset/call_center_interactions/year=2025/month=10/day=19/call_center_interactions_20251019.csv,319,21,65157
call_center_interactions,dataset/call_center_interactions/year=2025/month=10/day=20/call_center_interactions_20251020.csv,832,21,169559
call_center_interactions,dataset/call_center_interactions/year=2025/month=10/day=21/call_center_interactions_20251021.csv,721,21,147093
call_center_interactions,dataset/call_center_interactions/year=2025/month=10/day=22/call_center_interactions_20251022.csv,591,21,120392
call_center_interactions,dataset/call_center_interactions/year=2025/month=10/day=23/call_center_interactions_20251023.csv,736,21,149850
call_center_interactions,dataset/call_center_interactions/year=2025/month=10/day=24/call_center_interactions_20251024.csv,636,21,129438
call_center_interactions,dataset/call_center_interactions/year=2025/month=10/day=25/call_center_interactions_20251025.csv,298,21,60882
call_center_interactions,dataset/call_center_interactions/year=2025/month=10/day=26/call_center_interactions_20251026.csv,310,21,63365
call_center_interactions,dataset/call_center_interactions/year=2025/month=10/day=27/call_center_interactions_20251027.csv,648,21,131983
call_center_interactions,dataset/call_center_interactions/year=2025/month=10/day=28/call_center_interactions_20251028.csv,584,21,119394
call_center_interactions,dataset/call_center_interactions/year=2025/month=10/day=29/call_center_interactions_20251029.csv,655,21,132777
call_center_interactions,dataset/call_center_interactions/year=2025/month=10/day=30/call_center_interactions_20251030.csv,680,21,138387
call_center_interactions,dataset/call_center_interactions/year=2025/month=10/day=31/call_center_interactions_20251031.csv,587,21,119671
call_center_interactions,dataset/call_center_interactions/year=2025/month=11/day=01/call_center_interactions_20251101.csv,302,21,61377
call_center_interactions,dataset/call_center_interactions/year=2025/month=11/day=02/call_center_interactions_20251102.csv,320,21,65103
call_center_interactions,dataset/call_center_interactions/year=2025/month=11/day=03/call_center_interactions_20251103.csv,832,21,169613
call_center_interactions,dataset/call_center_interactions/year=2025/month=11/day=04/call_center_interactions_20251104.csv,737,21,150392
call_center_interactions,dataset/call_center_interactions/year=2025/month=11/day=05/call_center_interactions_20251105.csv,769,21,156427
call_center_interactions,dataset/call_center_interactions/year=2025/month=11/day=06/call_center_interactions_20251106.csv,755,21,153442
call_center_interactions,dataset/call_center_interactions/year=2025/month=11/day=07/call_center_interactions_20251107.csv,854,21,175261
call_center_interactions,dataset/call_center_interactions/year=2025/month=11/day=08/call_center_interactions_20251108.csv,399,21,81030
call_center_interactions,dataset/call_center_interactions/year=2025/month=11/day=09/call_center_interactions_20251109.csv,403,21,81794
call_center_interactions,dataset/call_center_interactions/year=2025/month=11/day=10/call_center_interactions_20251110.csv,607,21,124627
call_center_interactions,dataset/call_center_interactions/year=2025/month=11/day=11/call_center_interactions_20251111.csv,848,21,172748
call_center_interactions,dataset/call_center_interactions/year=2025/month=11/day=12/call_center_interactions_20251112.csv,652,21,132724
call_center_interactions,dataset/call_center_interactions/year=2025/month=11/day=13/call_center_interactions_20251113.csv,766,21,155014
call_center_interactions,dataset/call_center_interactions/year=2025/month=11/day=14/call_center_interactions_20251114.csv,711,21,144637
call_center_interactions,dataset/call_center_interactions/year=2025/month=11/day=15/call_center_interactions_20251115.csv,310,21,63001
call_center_interactions,dataset/call_center_interactions/year=2025/month=11/day=16/call_center_interactions_20251116.csv,293,21,59854
call_center_interactions,dataset/call_center_interactions/year=2025/month=11/day=17/call_center_interactions_20251117.csv,718,21,146712
call_center_interactions,dataset/call_center_interactions/year=2025/month=11/day=18/call_center_interactions_20251118.csv,869,21,176068
call_center_interactions,dataset/call_center_interactions/year=2025/month=11/day=19/call_center_interactions_20251119.csv,795,21,161991
call_center_interactions,dataset/call_center_interactions/year=2025/month=11/day=20/call_center_interactions_20251120.csv,820,21,166769
call_center_interactions,dataset/call_center_interactions/year=2025/month=11/day=21/call_center_interactions_20251121.csv,795,21,161581
call_center_interactions,dataset/call_center_interactions/year=2025/month=11/day=22/call_center_interactions_20251122.csv,324,21,65918
call_center_interactions,dataset/call_center_interactions/year=2025/month=11/day=23/call_center_interactions_20251123.csv,420,21,85984
call_center_interactions,dataset/call_center_interactions/year=2025/month=11/day=24/call_center_interactions_20251124.csv,852,21,173939
call_center_interactions,dataset/call_center_interactions/year=2025/month=11/day=25/call_center_interactions_20251125.csv,794,21,160939
call_center_interactions,dataset/call_center_interactions/year=2025/month=11/day=26/call_center_interactions_20251126.csv,860,21,175456
call_center_interactions,dataset/call_center_interactions/year=2025/month=11/day=27/call_center_interactions_20251127.csv,627,21,127355
call_center_interactions,dataset/call_center_interactions/year=2025/month=11/day=28/call_center_interactions_20251128.csv,706,21,144892
call_center_interactions,dataset/call_center_interactions/year=2025/month=11/day=29/call_center_interactions_20251129.csv,420,21,84708
call_center_interactions,dataset/call_center_interactions/year=2025/month=11/day=30/call_center_interactions_20251130.csv,394,21,80457
call_center_interactions,dataset/call_center_interactions/year=2025/month=12/day=01/call_center_interactions_20251201.csv,678,21,137468
call_center_interactions,dataset/call_center_interactions/year=2025/month=12/day=02/call_center_interactions_20251202.csv,804,21,163230
call_center_interactions,dataset/call_center_interactions/year=2025/month=12/day=03/call_center_interactions_20251203.csv,631,21,129062
call_center_interactions,dataset/call_center_interactions/year=2025/month=12/day=04/call_center_interactions_20251204.csv,736,21,149994
call_center_interactions,dataset/call_center_interactions/year=2025/month=12/day=05/call_center_interactions_20251205.csv,776,21,158273
call_center_interactions,dataset/call_center_interactions/year=2025/month=12/day=06/call_center_interactions_20251206.csv,341,21,69229
call_center_interactions,dataset/call_center_interactions/year=2025/month=12/day=07/call_center_interactions_20251207.csv,326,21,66770
call_center_interactions,dataset/call_center_interactions/year=2025/month=12/day=08/call_center_interactions_20251208.csv,831,21,168236
call_center_interactions,dataset/call_center_interactions/year=2025/month=12/day=09/call_center_interactions_20251209.csv,832,21,169657
call_center_interactions,dataset/call_center_interactions/year=2025/month=12/day=10/call_center_interactions_20251210.csv,731,21,148378
call_center_interactions,dataset/call_center_interactions/year=2025/month=12/day=11/call_center_interactions_20251211.csv,839,21,170404
call_center_interactions,dataset/call_center_interactions/year=2025/month=12/day=12/call_center_interactions_20251212.csv,641,21,130466
call_center_interactions,dataset/call_center_interactions/year=2025/month=12/day=13/call_center_interactions_20251213.csv,364,21,73043
call_center_interactions,dataset/call_center_interactions/year=2025/month=12/day=14/call_center_interactions_20251214.csv,344,21,69797
call_center_interactions,dataset/call_center_interactions/year=2025/month=12/day=15/call_center_interactions_20251215.csv,722,21,146732
call_center_interactions,dataset/call_center_interactions/year=2025/month=12/day=16/call_center_interactions_20251216.csv,784,21,159538
call_center_interactions,dataset/call_center_interactions/year=2025/month=12/day=17/call_center_interactions_20251217.csv,611,21,124578
call_center_interactions,dataset/call_center_interactions/year=2025/month=12/day=18/call_center_interactions_20251218.csv,760,21,154350
call_center_interactions,dataset/call_center_interactions/year=2025/month=12/day=19/call_center_interactions_20251219.csv,693,21,141373
call_center_interactions,dataset/call_center_interactions/year=2025/month=12/day=20/call_center_interactions_20251220.csv,386,21,78076
call_center_interactions,dataset/call_center_interactions/year=2025/month=12/day=21/call_center_interactions_20251221.csv,419,21,85872
call_center_interactions,dataset/call_center_interactions/year=2025/month=12/day=22/call_center_interactions_20251222.csv,730,21,149499
call_center_interactions,dataset/call_center_interactions/year=2025/month=12/day=23/call_center_interactions_20251223.csv,802,21,162903
call_center_interactions,dataset/call_center_interactions/year=2025/month=12/day=24/call_center_interactions_20251224.csv,690,21,140712
call_center_interactions,dataset/call_center_interactions/year=2025/month=12/day=25/call_center_interactions_20251225.csv,592,21,121278
call_center_interactions,dataset/call_center_interactions/year=2025/month=12/day=26/call_center_interactions_20251226.csv,766,21,155504
call_center_interactions,dataset/call_center_interactions/year=2025/month=12/day=27/call_center_interactions_20251227.csv,297,21,60418
call_center_interactions,dataset/call_center_interactions/year=2025/month=12/day=28/call_center_interactions_20251228.csv,363,21,74144
call_center_interactions,dataset/call_center_interactions/year=2025/month=12/day=29/call_center_interactions_20251229.csv,732,21,148568
call_center_interactions,dataset/call_center_interactions/year=2025/month=12/day=30/call_center_interactions_20251230.csv,687,21,139259
call_center_interactions,dataset/call_center_interactions/year=2025/month=12/day=31/call_center_interactions_20251231.csv,827,21,166757
call_center_interactions,dataset/call_center_interactions/year=2026/month=01/day=01/call_center_interactions_20260101.csv,829,21,168526
call_center_interactions,dataset/call_center_interactions/year=2026/month=01/day=02/call_center_interactions_20260102.csv,636,21,129242
call_center_interactions,dataset/call_center_interactions/year=2026/month=01/day=03/call_center_interactions_20260103.csv,423,21,86284
call_center_interactions,dataset/call_center_interactions/year=2026/month=01/day=04/call_center_interactions_20260104.csv,425,21,86789
call_center_interactions,dataset/call_center_interactions/year=2026/month=01/day=05/call_center_interactions_20260105.csv,596,21,121037
call_center_interactions,dataset/call_center_interactions/year=2026/month=01/day=06/call_center_interactions_20260106.csv,601,21,122027
call_center_interactions,dataset/call_center_interactions/year=2026/month=01/day=07/call_center_interactions_20260107.csv,723,21,147915
call_center_interactions,dataset/call_center_interactions/year=2026/month=01/day=08/call_center_interactions_20260108.csv,595,21,120625
call_center_interactions,dataset/call_center_interactions/year=2026/month=01/day=09/call_center_interactions_20260109.csv,695,21,141023
call_center_interactions,dataset/call_center_interactions/year=2026/month=01/day=10/call_center_interactions_20260110.csv,348,21,70981
call_center_interactions,dataset/call_center_interactions/year=2026/month=01/day=11/call_center_interactions_20260111.csv,334,21,67908
call_center_interactions,dataset/call_center_interactions/year=2026/month=01/day=12/call_center_interactions_20260112.csv,645,21,131460
call_center_interactions,dataset/call_center_interactions/year=2026/month=01/day=13/call_center_interactions_20260113.csv,589,21,119706
call_center_interactions,dataset/call_center_interactions/year=2026/month=01/day=14/call_center_interactions_20260114.csv,660,21,134836
call_center_interactions,dataset/call_center_interactions/year=2026/month=01/day=15/call_center_interactions_20260115.csv,849,21,173610
call_center_interactions,dataset/call_center_interactions/year=2026/month=01/day=16/call_center_interactions_20260116.csv,695,21,141949
call_center_interactions,dataset/call_center_interactions/year=2026/month=01/day=17/call_center_interactions_20260117.csv,381,21,78330
call_center_interactions,dataset/call_center_interactions/year=2026/month=01/day=18/call_center_interactions_20260118.csv,356,21,72285
call_center_interactions,dataset/call_center_interactions/year=2026/month=01/day=19/call_center_interactions_20260119.csv,833,21,171079
call_center_interactions,dataset/call_center_interactions/year=2026/month=01/day=20/call_center_interactions_20260120.csv,806,21,164420
call_center_interactions,dataset/call_center_interactions/year=2026/month=01/day=21/call_center_interactions_20260121.csv,700,21,142055
call_center_interactions,dataset/call_center_interactions/year=2026/month=01/day=22/call_center_interactions_20260122.csv,853,21,173060
call_center_interactions,dataset/call_center_interactions/year=2026/month=01/day=23/call_center_interactions_20260123.csv,608,21,124169
call_center_interactions,dataset/call_center_interactions/year=2026/month=01/day=24/call_center_interactions_20260124.csv,308,21,63173
call_center_interactions,dataset/call_center_interactions/year=2026/month=01/day=25/call_center_interactions_20260125.csv,303,21,61492
call_center_interactions,dataset/call_center_interactions/year=2026/month=01/day=26/call_center_interactions_20260126.csv,850,21,171858
call_center_interactions,dataset/call_center_interactions/year=2026/month=01/day=27/call_center_interactions_20260127.csv,754,21,153390
call_center_interactions,dataset/call_center_interactions/year=2026/month=01/day=28/call_center_interactions_20260128.csv,589,21,119590
call_center_interactions,dataset/call_center_interactions/year=2026/month=01/day=29/call_center_interactions_20260129.csv,609,21,124557
call_center_interactions,dataset/call_center_interactions/year=2026/month=01/day=30/call_center_interactions_20260130.csv,766,21,155249
call_center_interactions,dataset/call_center_interactions/year=2026/month=01/day=31/call_center_interactions_20260131.csv,322,21,65278
call_center_interactions,dataset/call_center_interactions/year=2026/month=02/day=01/call_center_interactions_20260201.csv,420,21,86107
call_center_interactions,dataset/call_center_interactions/year=2026/month=02/day=02/call_center_interactions_20260202.csv,627,21,127968
call_center_interactions,dataset/call_center_interactions/year=2026/month=02/day=03/call_center_interactions_20260203.csv,690,21,140170
call_center_interactions,dataset/call_center_interactions/year=2026/month=02/day=04/call_center_interactions_20260204.csv,585,21,119187
call_center_interactions,dataset/call_center_interactions/year=2026/month=02/day=05/call_center_interactions_20260205.csv,856,21,172995
call_center_interactions,dataset/call_center_interactions/year=2026/month=02/day=06/call_center_interactions_20260206.csv,833,21,169196
call_center_interactions,dataset/call_center_interactions/year=2026/month=02/day=07/call_center_interactions_20260207.csv,409,21,83568
call_center_interactions,dataset/call_center_interactions/year=2026/month=02/day=08/call_center_interactions_20260208.csv,387,21,79134
call_center_interactions,dataset/call_center_interactions/year=2026/month=02/day=09/call_center_interactions_20260209.csv,660,21,134627
call_center_interactions,dataset/call_center_interactions/year=2026/month=02/day=10/call_center_interactions_20260210.csv,762,21,155417
call_center_interactions,dataset/call_center_interactions/year=2026/month=02/day=11/call_center_interactions_20260211.csv,859,21,174673
call_center_interactions,dataset/call_center_interactions/year=2026/month=02/day=12/call_center_interactions_20260212.csv,608,21,123606
call_center_interactions,dataset/call_center_interactions/year=2026/month=02/day=13/call_center_interactions_20260213.csv,873,21,178002
call_center_interactions,dataset/call_center_interactions/year=2026/month=02/day=14/call_center_interactions_20260214.csv,407,21,83126
call_center_interactions,dataset/call_center_interactions/year=2026/month=02/day=15/call_center_interactions_20260215.csv,383,21,78286
call_center_interactions,dataset/call_center_interactions/year=2026/month=02/day=16/call_center_interactions_20260216.csv,661,21,135038
call_center_interactions,dataset/call_center_interactions/year=2026/month=02/day=17/call_center_interactions_20260217.csv,598,21,122326
call_center_interactions,dataset/call_center_interactions/year=2026/month=02/day=18/call_center_interactions_20260218.csv,621,21,126514
call_center_interactions,dataset/call_center_interactions/year=2026/month=02/day=19/call_center_interactions_20260219.csv,657,21,133759
call_center_interactions,dataset/call_center_interactions/year=2026/month=02/day=20/call_center_interactions_20260220.csv,659,21,134240
call_center_interactions,dataset/call_center_interactions/year=2026/month=02/day=21/call_center_interactions_20260221.csv,428,21,87649
call_center_interactions,dataset/call_center_interactions/year=2026/month=02/day=22/call_center_interactions_20260222.csv,363,21,74265
call_center_interactions,dataset/call_center_interactions/year=2026/month=02/day=23/call_center_interactions_20260223.csv,819,21,167723
call_center_interactions,dataset/call_center_interactions/year=2026/month=02/day=24/call_center_interactions_20260224.csv,786,21,159747
call_center_interactions,dataset/call_center_interactions/year=2026/month=02/day=25/call_center_interactions_20260225.csv,852,21,172841
call_center_interactions,dataset/call_center_interactions/year=2026/month=02/day=26/call_center_interactions_20260226.csv,707,21,144048
call_center_interactions,dataset/call_center_interactions/year=2026/month=02/day=27/call_center_interactions_20260227.csv,865,21,175772
call_center_interactions,dataset/call_center_interactions/year=2026/month=02/day=28/call_center_interactions_20260228.csv,414,21,85106
call_center_interactions,dataset/call_center_interactions/year=2026/month=03/day=01/call_center_interactions_20260301.csv,414,21,85063
call_center_interactions,dataset/call_center_interactions/year=2026/month=03/day=02/call_center_interactions_20260302.csv,837,21,169378
call_center_interactions,dataset/call_center_interactions/year=2026/month=03/day=03/call_center_interactions_20260303.csv,738,21,149901
call_center_interactions,dataset/call_center_interactions/year=2026/month=03/day=04/call_center_interactions_20260304.csv,848,21,172800
call_center_interactions,dataset/call_center_interactions/year=2026/month=03/day=05/call_center_interactions_20260305.csv,842,21,171343
call_center_interactions,dataset/call_center_interactions/year=2026/month=03/day=06/call_center_interactions_20260306.csv,679,21,137474
call_center_interactions,dataset/call_center_interactions/year=2026/month=03/day=07/call_center_interactions_20260307.csv,306,21,62297
call_center_interactions,dataset/call_center_interactions/year=2026/month=03/day=08/call_center_interactions_20260308.csv,409,21,83181
call_center_interactions,dataset/call_center_interactions/year=2026/month=03/day=09/call_center_interactions_20260309.csv,776,21,156997
call_center_interactions,dataset/call_center_interactions/year=2026/month=03/day=10/call_center_interactions_20260310.csv,600,21,121748
call_center_interactions,dataset/call_center_interactions/year=2026/month=03/day=11/call_center_interactions_20260311.csv,870,21,177389
call_center_interactions,dataset/call_center_interactions/year=2026/month=03/day=12/call_center_interactions_20260312.csv,856,21,173949
call_center_interactions,dataset/call_center_interactions/year=2026/month=03/day=13/call_center_interactions_20260313.csv,802,21,164148
call_center_interactions,dataset/call_center_interactions/year=2026/month=03/day=14/call_center_interactions_20260314.csv,370,21,75596
call_center_interactions,dataset/call_center_interactions/year=2026/month=03/day=15/call_center_interactions_20260315.csv,407,21,82944
call_center_interactions,dataset/call_center_interactions/year=2026/month=03/day=16/call_center_interactions_20260316.csv,800,21,162425
call_center_interactions,dataset/call_center_interactions/year=2026/month=03/day=17/call_center_interactions_20260317.csv,830,21,169903
call_center_interactions,dataset/call_center_interactions/year=2026/month=03/day=18/call_center_interactions_20260318.csv,758,21,153997
call_center_interactions,dataset/call_center_interactions/year=2026/month=03/day=19/call_center_interactions_20260319.csv,748,21,152788
call_center_interactions,dataset/call_center_interactions/year=2026/month=03/day=20/call_center_interactions_20260320.csv,845,21,172448
call_center_interactions,dataset/call_center_interactions/year=2026/month=03/day=21/call_center_interactions_20260321.csv,366,21,74773
call_center_interactions,dataset/call_center_interactions/year=2026/month=03/day=22/call_center_interactions_20260322.csv,383,21,78274
call_center_interactions,dataset/call_center_interactions/year=2026/month=03/day=23/call_center_interactions_20260323.csv,832,21,167997
call_center_interactions,dataset/call_center_interactions/year=2026/month=03/day=24/call_center_interactions_20260324.csv,701,21,142138
call_center_interactions,dataset/call_center_interactions/year=2026/month=03/day=25/call_center_interactions_20260325.csv,752,21,152957
call_center_interactions,dataset/call_center_interactions/year=2026/month=03/day=26/call_center_interactions_20260326.csv,823,21,166841
call_center_interactions,dataset/call_center_interactions/year=2026/month=03/day=27/call_center_interactions_20260327.csv,605,21,123169
call_center_interactions,dataset/call_center_interactions/year=2026/month=03/day=28/call_center_interactions_20260328.csv,394,21,80412
call_center_interactions,dataset/call_center_interactions/year=2026/month=03/day=29/call_center_interactions_20260329.csv,436,21,87775
call_center_interactions,dataset/call_center_interactions/year=2026/month=03/day=30/call_center_interactions_20260330.csv,781,21,160012
call_center_interactions,dataset/call_center_interactions/year=2026/month=03/day=31/call_center_interactions_20260331.csv,739,21,150946
call_center_interactions,dataset/call_center_interactions/year=2026/month=04/day=01/call_center_interactions_20260401.csv,684,21,138820
call_center_interactions,dataset/call_center_interactions/year=2026/month=04/day=02/call_center_interactions_20260402.csv,777,21,157657
call_center_interactions,dataset/call_center_interactions/year=2026/month=04/day=03/call_center_interactions_20260403.csv,591,21,119775
call_center_interactions,dataset/call_center_interactions/year=2026/month=04/day=04/call_center_interactions_20260404.csv,369,21,75327
call_center_interactions,dataset/call_center_interactions/year=2026/month=04/day=05/call_center_interactions_20260405.csv,422,21,85974
call_center_interactions,dataset/call_center_interactions/year=2026/month=04/day=06/call_center_interactions_20260406.csv,602,21,123209
call_center_interactions,dataset/call_center_interactions/year=2026/month=04/day=07/call_center_interactions_20260407.csv,779,21,159023
call_center_interactions,dataset/call_center_interactions/year=2026/month=04/day=08/call_center_interactions_20260408.csv,619,21,125702
call_center_interactions,dataset/call_center_interactions/year=2026/month=04/day=09/call_center_interactions_20260409.csv,587,21,120246
call_center_interactions,dataset/call_center_interactions/year=2026/month=04/day=10/call_center_interactions_20260410.csv,702,21,143348
call_center_interactions,dataset/call_center_interactions/year=2026/month=04/day=11/call_center_interactions_20260411.csv,405,21,81819
call_center_interactions,dataset/call_center_interactions/year=2026/month=04/day=12/call_center_interactions_20260412.csv,351,21,71819
call_center_interactions,dataset/call_center_interactions/year=2026/month=04/day=13/call_center_interactions_20260413.csv,852,21,172581
call_center_interactions,dataset/call_center_interactions/year=2026/month=04/day=14/call_center_interactions_20260414.csv,720,21,147276
call_center_interactions,dataset/call_center_interactions/year=2026/month=04/day=15/call_center_interactions_20260415.csv,639,21,130038
call_center_interactions,dataset/call_center_interactions/year=2026/month=04/day=16/call_center_interactions_20260416.csv,619,21,125918
call_center_interactions,dataset/call_center_interactions/year=2026/month=04/day=17/call_center_interactions_20260417.csv,689,21,139749
call_center_interactions,dataset/call_center_interactions/year=2026/month=04/day=18/call_center_interactions_20260418.csv,429,21,86815
call_center_interactions,dataset/call_center_interactions/year=2026/month=04/day=19/call_center_interactions_20260419.csv,294,21,59952
call_center_interactions,dataset/call_center_interactions/year=2026/month=04/day=20/call_center_interactions_20260420.csv,827,21,167546
call_center_interactions,dataset/call_center_interactions/year=2026/month=04/day=21/call_center_interactions_20260421.csv,623,21,127175
call_center_interactions,dataset/call_center_interactions/year=2026/month=04/day=22/call_center_interactions_20260422.csv,843,21,171350
call_center_interactions,dataset/call_center_interactions/year=2026/month=04/day=23/call_center_interactions_20260423.csv,694,21,141608
call_center_interactions,dataset/call_center_interactions/year=2026/month=04/day=24/call_center_interactions_20260424.csv,851,21,172643
call_center_interactions,dataset/call_center_interactions/year=2026/month=04/day=25/call_center_interactions_20260425.csv,397,21,80882
call_center_interactions,dataset/call_center_interactions/year=2026/month=04/day=26/call_center_interactions_20260426.csv,380,21,78145
call_center_interactions,dataset/call_center_interactions/year=2026/month=04/day=27/call_center_interactions_20260427.csv,726,21,148808
call_center_interactions,dataset/call_center_interactions/year=2026/month=04/day=28/call_center_interactions_20260428.csv,742,21,151570
call_center_interactions,dataset/call_center_interactions/year=2026/month=04/day=29/call_center_interactions_20260429.csv,861,21,175829
call_center_interactions,dataset/call_center_interactions/year=2026/month=04/day=30/call_center_interactions_20260430.csv,716,21,145470
call_center_interactions,dataset/call_center_interactions/year=2026/month=05/day=01/call_center_interactions_20260501.csv,609,21,123966
call_center_interactions,dataset/call_center_interactions/year=2026/month=05/day=02/call_center_interactions_20260502.csv,325,21,65894
call_center_interactions,dataset/call_center_interactions/year=2026/month=05/day=03/call_center_interactions_20260503.csv,429,21,87512
call_center_interactions,dataset/call_center_interactions/year=2026/month=05/day=04/call_center_interactions_20260504.csv,657,21,134129
call_center_interactions,dataset/call_center_interactions/year=2026/month=05/day=05/call_center_interactions_20260505.csv,816,21,166395
call_center_interactions,dataset/call_center_interactions/year=2026/month=05/day=06/call_center_interactions_20260506.csv,662,21,135926
call_center_interactions,dataset/call_center_interactions/year=2026/month=05/day=07/call_center_interactions_20260507.csv,618,21,125781
call_center_interactions,dataset/call_center_interactions/year=2026/month=05/day=08/call_center_interactions_20260508.csv,787,21,159462
call_center_interactions,dataset/call_center_interactions/year=2026/month=05/day=09/call_center_interactions_20260509.csv,371,21,75599
call_center_interactions,dataset/call_center_interactions/year=2026/month=05/day=10/call_center_interactions_20260510.csv,412,21,84253
call_center_interactions,dataset/call_center_interactions/year=2026/month=05/day=11/call_center_interactions_20260511.csv,670,21,136477
call_center_interactions,dataset/call_center_interactions/year=2026/month=05/day=12/call_center_interactions_20260512.csv,657,21,133456
call_center_interactions,dataset/call_center_interactions/year=2026/month=05/day=13/call_center_interactions_20260513.csv,702,21,143141
call_center_interactions,dataset/call_center_interactions/year=2026/month=05/day=14/call_center_interactions_20260514.csv,657,21,133803
call_center_interactions,dataset/call_center_interactions/year=2026/month=05/day=15/call_center_interactions_20260515.csv,822,21,167642
call_center_interactions,dataset/call_center_interactions/year=2026/month=05/day=16/call_center_interactions_20260516.csv,394,21,81335
call_center_interactions,dataset/call_center_interactions/year=2026/month=05/day=17/call_center_interactions_20260517.csv,413,21,84141
call_center_interactions,dataset/call_center_interactions/year=2026/month=05/day=18/call_center_interactions_20260518.csv,698,21,141965
call_center_interactions,dataset/call_center_interactions/year=2026/month=05/day=19/call_center_interactions_20260519.csv,605,21,122116
call_center_interactions,dataset/call_center_interactions/year=2026/month=05/day=20/call_center_interactions_20260520.csv,856,21,174219
call_center_interactions,dataset/call_center_interactions/year=2026/month=05/day=21/call_center_interactions_20260521.csv,672,21,137766
call_center_interactions,dataset/call_center_interactions/year=2026/month=05/day=22/call_center_interactions_20260522.csv,636,21,129589
call_center_interactions,dataset/call_center_interactions/year=2026/month=05/day=23/call_center_interactions_20260523.csv,419,21,85784
call_center_interactions,dataset/call_center_interactions/year=2026/month=05/day=24/call_center_interactions_20260524.csv,383,21,78075
call_center_interactions,dataset/call_center_interactions/year=2026/month=05/day=25/call_center_interactions_20260525.csv,836,21,169518
call_center_interactions,dataset/call_center_interactions/year=2026/month=05/day=26/call_center_interactions_20260526.csv,725,21,147822
call_center_interactions,dataset/call_center_interactions/year=2026/month=05/day=27/call_center_interactions_20260527.csv,791,21,161405
call_center_interactions,dataset/call_center_interactions/year=2026/month=05/day=28/call_center_interactions_20260528.csv,588,21,119701
call_center_interactions,dataset/call_center_interactions/year=2026/month=05/day=29/call_center_interactions_20260529.csv,708,21,144104
call_center_interactions,dataset/call_center_interactions/year=2026/month=05/day=30/call_center_interactions_20260530.csv,339,21,68877
call_center_interactions,dataset/call_center_interactions/year=2026/month=05/day=31/call_center_interactions_20260531.csv,400,21,81139
call_center_interactions,dataset/call_center_interactions/year=2026/month=06/day=01/call_center_interactions_20260601.csv,857,21,174553
call_center_interactions,dataset/call_center_interactions/year=2026/month=06/day=02/call_center_interactions_20260602.csv,731,21,149453
call_center_interactions,dataset/call_center_interactions/year=2026/month=06/day=03/call_center_interactions_20260603.csv,664,21,134635
call_center_interactions,dataset/call_center_interactions/year=2026/month=06/day=04/call_center_interactions_20260604.csv,710,21,143913
call_center_interactions,dataset/call_center_interactions/year=2026/month=06/day=05/call_center_interactions_20260605.csv,592,21,119915
call_center_interactions,dataset/call_center_interactions/year=2026/month=06/day=06/call_center_interactions_20260606.csv,403,21,81343
call_center_interactions,dataset/call_center_interactions/year=2026/month=06/day=07/call_center_interactions_20260607.csv,414,21,84439
call_center_interactions,dataset/call_center_interactions/year=2026/month=06/day=08/call_center_interactions_20260608.csv,864,21,176159
call_center_interactions,dataset/call_center_interactions/year=2026/month=06/day=09/call_center_interactions_20260609.csv,668,21,135602
call_center_interactions,dataset/call_center_interactions/year=2026/month=06/day=10/call_center_interactions_20260610.csv,785,21,159372
call_center_interactions,dataset/call_center_interactions/year=2026/month=06/day=11/call_center_interactions_20260611.csv,741,21,150655
call_center_interactions,dataset/call_center_interactions/year=2026/month=06/day=12/call_center_interactions_20260612.csv,627,21,127441
call_center_interactions,dataset/call_center_interactions/year=2026/month=06/day=13/call_center_interactions_20260613.csv,377,21,77219
call_center_interactions,dataset/call_center_interactions/year=2026/month=06/day=14/call_center_interactions_20260614.csv,349,21,71008
call_center_interactions,dataset/call_center_interactions/year=2026/month=06/day=15/call_center_interactions_20260615.csv,839,21,170457
call_center_interactions,dataset/call_center_interactions/year=2026/month=06/day=16/call_center_interactions_20260616.csv,810,21,165050
call_center_interactions,dataset/call_center_interactions/year=2026/month=06/day=17/call_center_interactions_20260617.csv,590,21,120535
call_transcripts,dataset/call_transcripts/year=2023/month=06/day=17/call_transcripts_20230617.csv,88,18,71071
call_transcripts,dataset/call_transcripts/year=2023/month=06/day=18/call_transcripts_20230618.csv,111,18,91648
call_transcripts,dataset/call_transcripts/year=2023/month=06/day=19/call_transcripts_20230619.csv,192,18,155026
call_transcripts,dataset/call_transcripts/year=2023/month=06/day=20/call_transcripts_20230620.csv,200,18,160452
call_transcripts,dataset/call_transcripts/year=2023/month=06/day=21/call_transcripts_20230621.csv,162,18,130588
call_transcripts,dataset/call_transcripts/year=2023/month=06/day=22/call_transcripts_20230622.csv,154,18,120520
call_transcripts,dataset/call_transcripts/year=2023/month=06/day=23/call_transcripts_20230623.csv,191,18,154068
call_transcripts,dataset/call_transcripts/year=2023/month=06/day=24/call_transcripts_20230624.csv,84,18,66729
call_transcripts,dataset/call_transcripts/year=2023/month=06/day=25/call_transcripts_20230625.csv,77,18,62135
call_transcripts,dataset/call_transcripts/year=2023/month=06/day=26/call_transcripts_20230626.csv,215,18,172182
call_transcripts,dataset/call_transcripts/year=2023/month=06/day=27/call_transcripts_20230627.csv,212,18,171532
call_transcripts,dataset/call_transcripts/year=2023/month=06/day=28/call_transcripts_20230628.csv,192,18,154356
call_transcripts,dataset/call_transcripts/year=2023/month=06/day=29/call_transcripts_20230629.csv,209,18,170557
call_transcripts,dataset/call_transcripts/year=2023/month=06/day=30/call_transcripts_20230630.csv,192,18,149624
call_transcripts,dataset/call_transcripts/year=2023/month=07/day=01/call_transcripts_20230701.csv,87,18,70701
call_transcripts,dataset/call_transcripts/year=2023/month=07/day=02/call_transcripts_20230702.csv,92,18,73503
call_transcripts,dataset/call_transcripts/year=2023/month=07/day=03/call_transcripts_20230703.csv,202,18,165263
call_transcripts,dataset/call_transcripts/year=2023/month=07/day=04/call_transcripts_20230704.csv,208,18,164800
call_transcripts,dataset/call_transcripts/year=2023/month=07/day=05/call_transcripts_20230705.csv,190,18,152323
call_transcripts,dataset/call_transcripts/year=2023/month=07/day=06/call_transcripts_20230706.csv,210,18,169138
call_transcripts,dataset/call_transcripts/year=2023/month=07/day=07/call_transcripts_20230707.csv,200,18,160591
call_transcripts,dataset/call_transcripts/year=2023/month=07/day=08/call_transcripts_20230708.csv,100,18,82332
call_transcripts,dataset/call_transcripts/year=2023/month=07/day=09/call_transcripts_20230709.csv,88,18,70925
call_transcripts,dataset/call_transcripts/year=2023/month=07/day=10/call_transcripts_20230710.csv,205,18,161985
call_transcripts,dataset/call_transcripts/year=2023/month=07/day=11/call_transcripts_20230711.csv,210,18,168312
call_transcripts,dataset/call_transcripts/year=2023/month=07/day=12/call_transcripts_20230712.csv,163,18,133807
call_transcripts,dataset/call_transcripts/year=2023/month=07/day=13/call_transcripts_20230713.csv,206,18,159199
call_transcripts,dataset/call_transcripts/year=2023/month=07/day=14/call_transcripts_20230714.csv,237,18,192015
call_transcripts,dataset/call_transcripts/year=2023/month=07/day=15/call_transcripts_20230715.csv,95,18,75637
call_transcripts,dataset/call_transcripts/year=2023/month=07/day=16/call_transcripts_20230716.csv,91,18,72550
call_transcripts,dataset/call_transcripts/year=2023/month=07/day=17/call_transcripts_20230717.csv,182,18,144837
call_transcripts,dataset/call_transcripts/year=2023/month=07/day=18/call_transcripts_20230718.csv,213,18,172030
call_transcripts,dataset/call_transcripts/year=2023/month=07/day=19/call_transcripts_20230719.csv,152,18,124651
call_transcripts,dataset/call_transcripts/year=2023/month=07/day=20/call_transcripts_20230720.csv,184,18,147613
call_transcripts,dataset/call_transcripts/year=2023/month=07/day=21/call_transcripts_20230721.csv,186,18,152356
call_transcripts,dataset/call_transcripts/year=2023/month=07/day=22/call_transcripts_20230722.csv,101,18,79272
call_transcripts,dataset/call_transcripts/year=2023/month=07/day=23/call_transcripts_20230723.csv,81,18,65521
call_transcripts,dataset/call_transcripts/year=2023/month=07/day=24/call_transcripts_20230724.csv,149,18,118191
call_transcripts,dataset/call_transcripts/year=2023/month=07/day=25/call_transcripts_20230725.csv,176,18,144238
call_transcripts,dataset/call_transcripts/year=2023/month=07/day=26/call_transcripts_20230726.csv,201,18,158169
call_transcripts,dataset/call_transcripts/year=2023/month=07/day=27/call_transcripts_20230727.csv,139,18,115756
call_transcripts,dataset/call_transcripts/year=2023/month=07/day=28/call_transcripts_20230728.csv,170,18,134934
call_transcripts,dataset/call_transcripts/year=2023/month=07/day=29/call_transcripts_20230729.csv,78,18,63062
call_transcripts,dataset/call_transcripts/year=2023/month=07/day=30/call_transcripts_20230730.csv,88,18,72696
call_transcripts,dataset/call_transcripts/year=2023/month=07/day=31/call_transcripts_20230731.csv,146,18,117399
call_transcripts,dataset/call_transcripts/year=2023/month=08/day=01/call_transcripts_20230801.csv,205,18,165052
call_transcripts,dataset/call_transcripts/year=2023/month=08/day=02/call_transcripts_20230802.csv,151,18,122384
call_transcripts,dataset/call_transcripts/year=2023/month=08/day=03/call_transcripts_20230803.csv,204,18,164724
call_transcripts,dataset/call_transcripts/year=2023/month=08/day=04/call_transcripts_20230804.csv,162,18,129869
call_transcripts,dataset/call_transcripts/year=2023/month=08/day=05/call_transcripts_20230805.csv,112,18,92488
call_transcripts,dataset/call_transcripts/year=2023/month=08/day=06/call_transcripts_20230806.csv,112,18,91302
call_transcripts,dataset/call_transcripts/year=2023/month=08/day=07/call_transcripts_20230807.csv,167,18,134883
call_transcripts,dataset/call_transcripts/year=2023/month=08/day=08/call_transcripts_20230808.csv,208,18,168458
call_transcripts,dataset/call_transcripts/year=2023/month=08/day=09/call_transcripts_20230809.csv,150,18,120550
call_transcripts,dataset/call_transcripts/year=2023/month=08/day=10/call_transcripts_20230810.csv,156,18,126326
call_transcripts,dataset/call_transcripts/year=2023/month=08/day=11/call_transcripts_20230811.csv,219,18,174517
call_transcripts,dataset/call_transcripts/year=2023/month=08/day=12/call_transcripts_20230812.csv,79,18,63118
call_transcripts,dataset/call_transcripts/year=2023/month=08/day=13/call_transcripts_20230813.csv,86,18,69305
call_transcripts,dataset/call_transcripts/year=2023/month=08/day=14/call_transcripts_20230814.csv,193,18,152546
call_transcripts,dataset/call_transcripts/year=2023/month=08/day=15/call_transcripts_20230815.csv,197,18,161417
call_transcripts,dataset/call_transcripts/year=2023/month=08/day=16/call_transcripts_20230816.csv,153,18,122463
call_transcripts,dataset/call_transcripts/year=2023/month=08/day=17/call_transcripts_20230817.csv,196,18,158384
call_transcripts,dataset/call_transcripts/year=2023/month=08/day=18/call_transcripts_20230818.csv,205,18,164928
call_transcripts,dataset/call_transcripts/year=2023/month=08/day=19/call_transcripts_20230819.csv,89,18,69761
call_transcripts,dataset/call_transcripts/year=2023/month=08/day=20/call_transcripts_20230820.csv,82,18,66314
call_transcripts,dataset/call_transcripts/year=2023/month=08/day=21/call_transcripts_20230821.csv,196,18,154960
call_transcripts,dataset/call_transcripts/year=2023/month=08/day=22/call_transcripts_20230822.csv,183,18,146425
call_transcripts,dataset/call_transcripts/year=2023/month=08/day=23/call_transcripts_20230823.csv,199,18,158328
call_transcripts,dataset/call_transcripts/year=2023/month=08/day=24/call_transcripts_20230824.csv,204,18,162488
call_transcripts,dataset/call_transcripts/year=2023/month=08/day=25/call_transcripts_20230825.csv,141,18,110263
call_transcripts,dataset/call_transcripts/year=2023/month=08/day=26/call_transcripts_20230826.csv,76,18,61056
call_transcripts,dataset/call_transcripts/year=2023/month=08/day=27/call_transcripts_20230827.csv,99,18,78910
call_transcripts,dataset/call_transcripts/year=2023/month=08/day=28/call_transcripts_20230828.csv,170,18,139083
call_transcripts,dataset/call_transcripts/year=2023/month=08/day=29/call_transcripts_20230829.csv,195,18,155302
call_transcripts,dataset/call_transcripts/year=2023/month=08/day=30/call_transcripts_20230830.csv,204,18,164231
call_transcripts,dataset/call_transcripts/year=2023/month=08/day=31/call_transcripts_20230831.csv,160,18,128182
call_transcripts,dataset/call_transcripts/year=2023/month=09/day=01/call_transcripts_20230901.csv,179,18,144455
call_transcripts,dataset/call_transcripts/year=2023/month=09/day=02/call_transcripts_20230902.csv,76,18,59783
call_transcripts,dataset/call_transcripts/year=2023/month=09/day=03/call_transcripts_20230903.csv,80,18,65769
call_transcripts,dataset/call_transcripts/year=2023/month=09/day=04/call_transcripts_20230904.csv,156,18,124257
call_transcripts,dataset/call_transcripts/year=2023/month=09/day=05/call_transcripts_20230905.csv,215,18,173190
call_transcripts,dataset/call_transcripts/year=2023/month=09/day=06/call_transcripts_20230906.csv,221,18,179777
call_transcripts,dataset/call_transcripts/year=2023/month=09/day=07/call_transcripts_20230907.csv,189,18,150825
call_transcripts,dataset/call_transcripts/year=2023/month=09/day=08/call_transcripts_20230908.csv,185,18,150645
call_transcripts,dataset/call_transcripts/year=2023/month=09/day=09/call_transcripts_20230909.csv,86,18,66884
call_transcripts,dataset/call_transcripts/year=2023/month=09/day=10/call_transcripts_20230910.csv,79,18,64494
call_transcripts,dataset/call_transcripts/year=2023/month=09/day=11/call_transcripts_20230911.csv,161,18,127165
call_transcripts,dataset/call_transcripts/year=2023/month=09/day=12/call_transcripts_20230912.csv,168,18,132478
call_transcripts,dataset/call_transcripts/year=2023/month=09/day=13/call_transcripts_20230913.csv,163,18,130912
call_transcripts,dataset/call_transcripts/year=2023/month=09/day=14/call_transcripts_20230914.csv,168,18,134656
call_transcripts,dataset/call_transcripts/year=2023/month=09/day=15/call_transcripts_20230915.csv,223,18,176611
call_transcripts,dataset/call_transcripts/year=2023/month=09/day=16/call_transcripts_20230916.csv,67,18,54202
call_transcripts,dataset/call_transcripts/year=2023/month=09/day=17/call_transcripts_20230917.csv,70,18,58939
call_transcripts,dataset/call_transcripts/year=2023/month=09/day=18/call_transcripts_20230918.csv,172,18,139726
call_transcripts,dataset/call_transcripts/year=2023/month=09/day=19/call_transcripts_20230919.csv,195,18,158899
call_transcripts,dataset/call_transcripts/year=2023/month=09/day=20/call_transcripts_20230920.csv,165,18,128380
call_transcripts,dataset/call_transcripts/year=2023/month=09/day=21/call_transcripts_20230921.csv,162,18,132594
call_transcripts,dataset/call_transcripts/year=2023/month=09/day=22/call_transcripts_20230922.csv,230,18,181541
call_transcripts,dataset/call_transcripts/year=2023/month=09/day=23/call_transcripts_20230923.csv,109,18,87033
call_transcripts,dataset/call_transcripts/year=2023/month=09/day=24/call_transcripts_20230924.csv,88,18,69263
call_transcripts,dataset/call_transcripts/year=2023/month=09/day=25/call_transcripts_20230925.csv,167,18,132917
call_transcripts,dataset/call_transcripts/year=2023/month=09/day=26/call_transcripts_20230926.csv,160,18,128322
call_transcripts,dataset/call_transcripts/year=2023/month=09/day=27/call_transcripts_20230927.csv,180,18,145025
call_transcripts,dataset/call_transcripts/year=2023/month=09/day=28/call_transcripts_20230928.csv,156,18,123834
call_transcripts,dataset/call_transcripts/year=2023/month=09/day=29/call_transcripts_20230929.csv,201,18,161366
call_transcripts,dataset/call_transcripts/year=2023/month=09/day=30/call_transcripts_20230930.csv,86,18,69779
call_transcripts,dataset/call_transcripts/year=2023/month=10/day=01/call_transcripts_20231001.csv,102,18,81711
call_transcripts,dataset/call_transcripts/year=2023/month=10/day=02/call_transcripts_20231002.csv,209,18,168492
call_transcripts,dataset/call_transcripts/year=2023/month=10/day=03/call_transcripts_20231003.csv,189,18,151186
call_transcripts,dataset/call_transcripts/year=2023/month=10/day=04/call_transcripts_20231004.csv,154,18,121636
call_transcripts,dataset/call_transcripts/year=2023/month=10/day=05/call_transcripts_20231005.csv,199,18,158506
call_transcripts,dataset/call_transcripts/year=2023/month=10/day=06/call_transcripts_20231006.csv,151,18,118687
call_transcripts,dataset/call_transcripts/year=2023/month=10/day=07/call_transcripts_20231007.csv,84,18,65517
call_transcripts,dataset/call_transcripts/year=2023/month=10/day=08/call_transcripts_20231008.csv,102,18,81761
call_transcripts,dataset/call_transcripts/year=2023/month=10/day=09/call_transcripts_20231009.csv,159,18,129218
call_transcripts,dataset/call_transcripts/year=2023/month=10/day=10/call_transcripts_20231010.csv,148,18,118709
call_transcripts,dataset/call_transcripts/year=2023/month=10/day=11/call_transcripts_20231011.csv,196,18,155156
call_transcripts,dataset/call_transcripts/year=2023/month=10/day=12/call_transcripts_20231012.csv,177,18,143193
call_transcripts,dataset/call_transcripts/year=2023/month=10/day=13/call_transcripts_20231013.csv,155,18,122126
call_transcripts,dataset/call_transcripts/year=2023/month=10/day=14/call_transcripts_20231014.csv,80,18,64538
call_transcripts,dataset/call_transcripts/year=2023/month=10/day=15/call_transcripts_20231015.csv,106,18,83640
call_transcripts,dataset/call_transcripts/year=2023/month=10/day=16/call_transcripts_20231016.csv,172,18,140691
call_transcripts,dataset/call_transcripts/year=2023/month=10/day=17/call_transcripts_20231017.csv,185,18,147708
call_transcripts,dataset/call_transcripts/year=2023/month=10/day=18/call_transcripts_20231018.csv,171,18,138377
call_transcripts,dataset/call_transcripts/year=2023/month=10/day=19/call_transcripts_20231019.csv,224,18,179315
call_transcripts,dataset/call_transcripts/year=2023/month=10/day=20/call_transcripts_20231020.csv,186,18,150040
call_transcripts,dataset/call_transcripts/year=2023/month=10/day=21/call_transcripts_20231021.csv,81,18,64157
call_transcripts,dataset/call_transcripts/year=2023/month=10/day=22/call_transcripts_20231022.csv,87,18,68516
call_transcripts,dataset/call_transcripts/year=2023/month=10/day=23/call_transcripts_20231023.csv,197,18,157050
call_transcripts,dataset/call_transcripts/year=2023/month=10/day=24/call_transcripts_20231024.csv,201,18,160285
call_transcripts,dataset/call_transcripts/year=2023/month=10/day=25/call_transcripts_20231025.csv,182,18,145125
call_transcripts,dataset/call_transcripts/year=2023/month=10/day=26/call_transcripts_20231026.csv,168,18,133601
call_transcripts,dataset/call_transcripts/year=2023/month=10/day=27/call_transcripts_20231027.csv,188,18,150483
call_transcripts,dataset/call_transcripts/year=2023/month=10/day=28/call_transcripts_20231028.csv,82,18,64752
call_transcripts,dataset/call_transcripts/year=2023/month=10/day=29/call_transcripts_20231029.csv,99,18,81229
call_transcripts,dataset/call_transcripts/year=2023/month=10/day=30/call_transcripts_20231030.csv,204,18,162142
call_transcripts,dataset/call_transcripts/year=2023/month=10/day=31/call_transcripts_20231031.csv,143,18,113220
call_transcripts,dataset/call_transcripts/year=2023/month=11/day=01/call_transcripts_20231101.csv,190,18,152893
call_transcripts,dataset/call_transcripts/year=2023/month=11/day=02/call_transcripts_20231102.csv,164,18,131034
call_transcripts,dataset/call_transcripts/year=2023/month=11/day=03/call_transcripts_20231103.csv,200,18,163249
call_transcripts,dataset/call_transcripts/year=2023/month=11/day=04/call_transcripts_20231104.csv,80,18,61984
call_transcripts,dataset/call_transcripts/year=2023/month=11/day=05/call_transcripts_20231105.csv,88,18,71156
call_transcripts,dataset/call_transcripts/year=2023/month=11/day=06/call_transcripts_20231106.csv,201,18,159889
call_transcripts,dataset/call_transcripts/year=2023/month=11/day=07/call_transcripts_20231107.csv,181,18,142255
call_transcripts,dataset/call_transcripts/year=2023/month=11/day=08/call_transcripts_20231108.csv,183,18,146019
call_transcripts,dataset/call_transcripts/year=2023/month=11/day=09/call_transcripts_20231109.csv,149,18,117401
call_transcripts,dataset/call_transcripts/year=2023/month=11/day=10/call_transcripts_20231110.csv,140,18,113016
call_transcripts,dataset/call_transcripts/year=2023/month=11/day=11/call_transcripts_20231111.csv,93,18,74598
call_transcripts,dataset/call_transcripts/year=2023/month=11/day=12/call_transcripts_20231112.csv,83,18,67067
call_transcripts,dataset/call_transcripts/year=2023/month=11/day=13/call_transcripts_20231113.csv,150,18,119176
call_transcripts,dataset/call_transcripts/year=2023/month=11/day=14/call_transcripts_20231114.csv,194,18,156098
call_transcripts,dataset/call_transcripts/year=2023/month=11/day=15/call_transcripts_20231115.csv,202,18,158893
call_transcripts,dataset/call_transcripts/year=2023/month=11/day=16/call_transcripts_20231116.csv,222,18,178870
call_transcripts,dataset/call_transcripts/year=2023/month=11/day=17/call_transcripts_20231117.csv,144,18,114018
call_transcripts,dataset/call_transcripts/year=2023/month=11/day=18/call_transcripts_20231118.csv,82,18,66232
call_transcripts,dataset/call_transcripts/year=2023/month=11/day=19/call_transcripts_20231119.csv,79,18,63975
call_transcripts,dataset/call_transcripts/year=2023/month=11/day=20/call_transcripts_20231120.csv,171,18,135960
call_transcripts,dataset/call_transcripts/year=2023/month=11/day=21/call_transcripts_20231121.csv,215,18,172951
call_transcripts,dataset/call_transcripts/year=2023/month=11/day=22/call_transcripts_20231122.csv,161,18,126511
call_transcripts,dataset/call_transcripts/year=2023/month=11/day=23/call_transcripts_20231123.csv,178,18,143845
call_transcripts,dataset/call_transcripts/year=2023/month=11/day=24/call_transcripts_20231124.csv,193,18,152501
call_transcripts,dataset/call_transcripts/year=2023/month=11/day=25/call_transcripts_20231125.csv,119,18,96217
call_transcripts,dataset/call_transcripts/year=2023/month=11/day=26/call_transcripts_20231126.csv,76,18,60241
call_transcripts,dataset/call_transcripts/year=2023/month=11/day=27/call_transcripts_20231127.csv,191,18,153469
call_transcripts,dataset/call_transcripts/year=2023/month=11/day=28/call_transcripts_20231128.csv,225,18,178016
call_transcripts,dataset/call_transcripts/year=2023/month=11/day=29/call_transcripts_20231129.csv,146,18,119088
call_transcripts,dataset/call_transcripts/year=2023/month=11/day=30/call_transcripts_20231130.csv,155,18,123469
call_transcripts,dataset/call_transcripts/year=2023/month=12/day=01/call_transcripts_20231201.csv,181,18,144490
call_transcripts,dataset/call_transcripts/year=2023/month=12/day=02/call_transcripts_20231202.csv,94,18,74213
call_transcripts,dataset/call_transcripts/year=2023/month=12/day=03/call_transcripts_20231203.csv,93,18,76376
call_transcripts,dataset/call_transcripts/year=2023/month=12/day=04/call_transcripts_20231204.csv,178,18,145618
call_transcripts,dataset/call_transcripts/year=2023/month=12/day=05/call_transcripts_20231205.csv,140,18,110576
call_transcripts,dataset/call_transcripts/year=2023/month=12/day=06/call_transcripts_20231206.csv,199,18,156452
call_transcripts,dataset/call_transcripts/year=2023/month=12/day=07/call_transcripts_20231207.csv,177,18,142469
call_transcripts,dataset/call_transcripts/year=2023/month=12/day=08/call_transcripts_20231208.csv,200,18,158971
call_transcripts,dataset/call_transcripts/year=2023/month=12/day=09/call_transcripts_20231209.csv,76,18,60970
call_transcripts,dataset/call_transcripts/year=2023/month=12/day=10/call_transcripts_20231210.csv,104,18,83578
call_transcripts,dataset/call_transcripts/year=2023/month=12/day=11/call_transcripts_20231211.csv,145,18,115532
call_transcripts,dataset/call_transcripts/year=2023/month=12/day=12/call_transcripts_20231212.csv,205,18,165184
call_transcripts,dataset/call_transcripts/year=2023/month=12/day=13/call_transcripts_20231213.csv,201,18,161507
call_transcripts,dataset/call_transcripts/year=2023/month=12/day=14/call_transcripts_20231214.csv,212,18,171871
call_transcripts,dataset/call_transcripts/year=2023/month=12/day=15/call_transcripts_20231215.csv,138,18,107701
call_transcripts,dataset/call_transcripts/year=2023/month=12/day=16/call_transcripts_20231216.csv,92,18,73687
call_transcripts,dataset/call_transcripts/year=2023/month=12/day=17/call_transcripts_20231217.csv,110,18,89026
call_transcripts,dataset/call_transcripts/year=2023/month=12/day=18/call_transcripts_20231218.csv,227,18,183557
call_transcripts,dataset/call_transcripts/year=2023/month=12/day=19/call_transcripts_20231219.csv,188,18,149842
call_transcripts,dataset/call_transcripts/year=2023/month=12/day=20/call_transcripts_20231220.csv,203,18,165650
call_transcripts,dataset/call_transcripts/year=2023/month=12/day=21/call_transcripts_20231221.csv,165,18,130476
call_transcripts,dataset/call_transcripts/year=2023/month=12/day=22/call_transcripts_20231222.csv,218,18,173036
call_transcripts,dataset/call_transcripts/year=2023/month=12/day=23/call_transcripts_20231223.csv,97,18,77870
call_transcripts,dataset/call_transcripts/year=2023/month=12/day=24/call_transcripts_20231224.csv,104,18,82989
call_transcripts,dataset/call_transcripts/year=2023/month=12/day=25/call_transcripts_20231225.csv,147,18,116777
call_transcripts,dataset/call_transcripts/year=2023/month=12/day=26/call_transcripts_20231226.csv,172,18,138623
call_transcripts,dataset/call_transcripts/year=2023/month=12/day=27/call_transcripts_20231227.csv,160,18,129097
call_transcripts,dataset/call_transcripts/year=2023/month=12/day=28/call_transcripts_20231228.csv,166,18,130627
call_transcripts,dataset/call_transcripts/year=2023/month=12/day=29/call_transcripts_20231229.csv,150,18,124216
call_transcripts,dataset/call_transcripts/year=2023/month=12/day=30/call_transcripts_20231230.csv,109,18,90870
call_transcripts,dataset/call_transcripts/year=2023/month=12/day=31/call_transcripts_20231231.csv,107,18,86901
call_transcripts,dataset/call_transcripts/year=2024/month=01/day=01/call_transcripts_20240101.csv,215,18,169523
call_transcripts,dataset/call_transcripts/year=2024/month=01/day=02/call_transcripts_20240102.csv,144,18,111655
call_transcripts,dataset/call_transcripts/year=2024/month=01/day=03/call_transcripts_20240103.csv,185,18,150518
call_transcripts,dataset/call_transcripts/year=2024/month=01/day=04/call_transcripts_20240104.csv,151,18,123161
call_transcripts,dataset/call_transcripts/year=2024/month=01/day=05/call_transcripts_20240105.csv,179,18,143191
call_transcripts,dataset/call_transcripts/year=2024/month=01/day=06/call_transcripts_20240106.csv,77,18,60341
call_transcripts,dataset/call_transcripts/year=2024/month=01/day=07/call_transcripts_20240107.csv,76,18,61037
call_transcripts,dataset/call_transcripts/year=2024/month=01/day=08/call_transcripts_20240108.csv,178,18,143023
call_transcripts,dataset/call_transcripts/year=2024/month=01/day=09/call_transcripts_20240109.csv,157,18,126410
call_transcripts,dataset/call_transcripts/year=2024/month=01/day=10/call_transcripts_20240110.csv,132,18,103862
call_transcripts,dataset/call_transcripts/year=2024/month=01/day=11/call_transcripts_20240111.csv,195,18,157407
call_transcripts,dataset/call_transcripts/year=2024/month=01/day=12/call_transcripts_20240112.csv,173,18,139291
call_transcripts,dataset/call_transcripts/year=2024/month=01/day=13/call_transcripts_20240113.csv,113,18,89746
call_transcripts,dataset/call_transcripts/year=2024/month=01/day=14/call_transcripts_20240114.csv,100,18,80187
call_transcripts,dataset/call_transcripts/year=2024/month=01/day=15/call_transcripts_20240115.csv,169,18,137385
call_transcripts,dataset/call_transcripts/year=2024/month=01/day=16/call_transcripts_20240116.csv,227,18,182248
call_transcripts,dataset/call_transcripts/year=2024/month=01/day=17/call_transcripts_20240117.csv,211,18,169509
call_transcripts,dataset/call_transcripts/year=2024/month=01/day=18/call_transcripts_20240118.csv,190,18,151287
call_transcripts,dataset/call_transcripts/year=2024/month=01/day=19/call_transcripts_20240119.csv,153,18,120805
call_transcripts,dataset/call_transcripts/year=2024/month=01/day=20/call_transcripts_20240120.csv,83,18,68421
call_transcripts,dataset/call_transcripts/year=2024/month=01/day=21/call_transcripts_20240121.csv,105,18,85526
call_transcripts,dataset/call_transcripts/year=2024/month=01/day=22/call_transcripts_20240122.csv,206,18,167024
call_transcripts,dataset/call_transcripts/year=2024/month=01/day=23/call_transcripts_20240123.csv,160,18,125686
call_transcripts,dataset/call_transcripts/year=2024/month=01/day=24/call_transcripts_20240124.csv,157,18,123642
call_transcripts,dataset/call_transcripts/year=2024/month=01/day=25/call_transcripts_20240125.csv,160,18,127188
call_transcripts,dataset/call_transcripts/year=2024/month=01/day=26/call_transcripts_20240126.csv,168,18,135027
call_transcripts,dataset/call_transcripts/year=2024/month=01/day=27/call_transcripts_20240127.csv,82,18,63694
call_transcripts,dataset/call_transcripts/year=2024/month=01/day=28/call_transcripts_20240128.csv,114,18,89686
call_transcripts,dataset/call_transcripts/year=2024/month=01/day=29/call_transcripts_20240129.csv,170,18,140045
call_transcripts,dataset/call_transcripts/year=2024/month=01/day=30/call_transcripts_20240130.csv,160,18,126019
call_transcripts,dataset/call_transcripts/year=2024/month=01/day=31/call_transcripts_20240131.csv,156,18,127230
call_transcripts,dataset/call_transcripts/year=2024/month=02/day=01/call_transcripts_20240201.csv,145,18,118073
call_transcripts,dataset/call_transcripts/year=2024/month=02/day=02/call_transcripts_20240202.csv,150,18,117764
call_transcripts,dataset/call_transcripts/year=2024/month=02/day=03/call_transcripts_20240203.csv,84,18,65440
call_transcripts,dataset/call_transcripts/year=2024/month=02/day=04/call_transcripts_20240204.csv,98,18,79087
call_transcripts,dataset/call_transcripts/year=2024/month=02/day=05/call_transcripts_20240205.csv,221,18,175788
call_transcripts,dataset/call_transcripts/year=2024/month=02/day=06/call_transcripts_20240206.csv,181,18,146092
call_transcripts,dataset/call_transcripts/year=2024/month=02/day=07/call_transcripts_20240207.csv,193,18,154510
call_transcripts,dataset/call_transcripts/year=2024/month=02/day=08/call_transcripts_20240208.csv,178,18,144051
call_transcripts,dataset/call_transcripts/year=2024/month=02/day=09/call_transcripts_20240209.csv,197,18,154578
call_transcripts,dataset/call_transcripts/year=2024/month=02/day=10/call_transcripts_20240210.csv,99,18,78323
call_transcripts,dataset/call_transcripts/year=2024/month=02/day=11/call_transcripts_20240211.csv,84,18,67672
call_transcripts,dataset/call_transcripts/year=2024/month=02/day=12/call_transcripts_20240212.csv,189,18,148209
call_transcripts,dataset/call_transcripts/year=2024/month=02/day=13/call_transcripts_20240213.csv,144,18,115792
call_transcripts,dataset/call_transcripts/year=2024/month=02/day=14/call_transcripts_20240214.csv,207,18,164423
call_transcripts,dataset/call_transcripts/year=2024/month=02/day=15/call_transcripts_20240215.csv,216,18,172802
call_transcripts,dataset/call_transcripts/year=2024/month=02/day=16/call_transcripts_20240216.csv,183,18,145208
call_transcripts,dataset/call_transcripts/year=2024/month=02/day=17/call_transcripts_20240217.csv,96,18,76033
call_transcripts,dataset/call_transcripts/year=2024/month=02/day=18/call_transcripts_20240218.csv,93,18,75661
call_transcripts,dataset/call_transcripts/year=2024/month=02/day=19/call_transcripts_20240219.csv,236,18,189059
call_transcripts,dataset/call_transcripts/year=2024/month=02/day=20/call_transcripts_20240220.csv,193,18,153411
call_transcripts,dataset/call_transcripts/year=2024/month=02/day=21/call_transcripts_20240221.csv,165,18,134068
call_transcripts,dataset/call_transcripts/year=2024/month=02/day=22/call_transcripts_20240222.csv,155,18,123825
call_transcripts,dataset/call_transcripts/year=2024/month=02/day=23/call_transcripts_20240223.csv,177,18,142866
call_transcripts,dataset/call_transcripts/year=2024/month=02/day=24/call_transcripts_20240224.csv,83,18,66271
call_transcripts,dataset/call_transcripts/year=2024/month=02/day=25/call_transcripts_20240225.csv,78,18,63326
call_transcripts,dataset/call_transcripts/year=2024/month=02/day=26/call_transcripts_20240226.csv,216,18,174707
call_transcripts,dataset/call_transcripts/year=2024/month=02/day=27/call_transcripts_20240227.csv,195,18,154522
call_transcripts,dataset/call_transcripts/year=2024/month=02/day=28/call_transcripts_20240228.csv,164,18,130421
call_transcripts,dataset/call_transcripts/year=2024/month=02/day=29/call_transcripts_20240229.csv,147,18,117541
call_transcripts,dataset/call_transcripts/year=2024/month=03/day=01/call_transcripts_20240301.csv,196,18,156549
call_transcripts,dataset/call_transcripts/year=2024/month=03/day=02/call_transcripts_20240302.csv,83,18,67872
call_transcripts,dataset/call_transcripts/year=2024/month=03/day=03/call_transcripts_20240303.csv,105,18,85622
call_transcripts,dataset/call_transcripts/year=2024/month=03/day=04/call_transcripts_20240304.csv,168,18,131816
call_transcripts,dataset/call_transcripts/year=2024/month=03/day=05/call_transcripts_20240305.csv,190,18,152828
call_transcripts,dataset/call_transcripts/year=2024/month=03/day=06/call_transcripts_20240306.csv,162,18,130515
call_transcripts,dataset/call_transcripts/year=2024/month=03/day=07/call_transcripts_20240307.csv,165,18,133989
call_transcripts,dataset/call_transcripts/year=2024/month=03/day=08/call_transcripts_20240308.csv,188,18,148895
call_transcripts,dataset/call_transcripts/year=2024/month=03/day=09/call_transcripts_20240309.csv,79,18,63973
call_transcripts,dataset/call_transcripts/year=2024/month=03/day=10/call_transcripts_20240310.csv,77,18,61243
call_transcripts,dataset/call_transcripts/year=2024/month=03/day=11/call_transcripts_20240311.csv,193,18,154038
call_transcripts,dataset/call_transcripts/year=2024/month=03/day=12/call_transcripts_20240312.csv,175,18,140646
call_transcripts,dataset/call_transcripts/year=2024/month=03/day=13/call_transcripts_20240313.csv,171,18,137621
call_transcripts,dataset/call_transcripts/year=2024/month=03/day=14/call_transcripts_20240314.csv,183,18,148348
call_transcripts,dataset/call_transcripts/year=2024/month=03/day=15/call_transcripts_20240315.csv,166,18,130567
call_transcripts,dataset/call_transcripts/year=2024/month=03/day=16/call_transcripts_20240316.csv,77,18,63774
call_transcripts,dataset/call_transcripts/year=2024/month=03/day=17/call_transcripts_20240317.csv,89,18,71601
call_transcripts,dataset/call_transcripts/year=2024/month=03/day=18/call_transcripts_20240318.csv,188,18,150899
call_transcripts,dataset/call_transcripts/year=2024/month=03/day=19/call_transcripts_20240319.csv,148,18,115210
call_transcripts,dataset/call_transcripts/year=2024/month=03/day=20/call_transcripts_20240320.csv,155,18,125900
call_transcripts,dataset/call_transcripts/year=2024/month=03/day=21/call_transcripts_20240321.csv,150,18,119741
call_transcripts,dataset/call_transcripts/year=2024/month=03/day=22/call_transcripts_20240322.csv,186,18,148368
call_transcripts,dataset/call_transcripts/year=2024/month=03/day=23/call_transcripts_20240323.csv,81,18,65317
call_transcripts,dataset/call_transcripts/year=2024/month=03/day=24/call_transcripts_20240324.csv,122,18,96119
call_transcripts,dataset/call_transcripts/year=2024/month=03/day=25/call_transcripts_20240325.csv,217,18,173166
call_transcripts,dataset/call_transcripts/year=2024/month=03/day=26/call_transcripts_20240326.csv,202,18,165415
call_transcripts,dataset/call_transcripts/year=2024/month=03/day=27/call_transcripts_20240327.csv,229,18,180789
call_transcripts,dataset/call_transcripts/year=2024/month=03/day=28/call_transcripts_20240328.csv,207,18,163891
call_transcripts,dataset/call_transcripts/year=2024/month=03/day=29/call_transcripts_20240329.csv,192,18,150462
call_transcripts,dataset/call_transcripts/year=2024/month=03/day=30/call_transcripts_20240330.csv,96,18,78096
call_transcripts,dataset/call_transcripts/year=2024/month=03/day=31/call_transcripts_20240331.csv,100,18,77556
call_transcripts,dataset/call_transcripts/year=2024/month=04/day=01/call_transcripts_20240401.csv,226,18,181496
call_transcripts,dataset/call_transcripts/year=2024/month=04/day=02/call_transcripts_20240402.csv,196,18,158309
call_transcripts,dataset/call_transcripts/year=2024/month=04/day=03/call_transcripts_20240403.csv,195,18,152574
call_transcripts,dataset/call_transcripts/year=2024/month=04/day=04/call_transcripts_20240404.csv,152,18,122125
call_transcripts,dataset/call_transcripts/year=2024/month=04/day=05/call_transcripts_20240405.csv,220,18,177863
call_transcripts,dataset/call_transcripts/year=2024/month=04/day=06/call_transcripts_20240406.csv,100,18,80292
call_transcripts,dataset/call_transcripts/year=2024/month=04/day=07/call_transcripts_20240407.csv,93,18,73295
call_transcripts,dataset/call_transcripts/year=2024/month=04/day=08/call_transcripts_20240408.csv,158,18,127643
call_transcripts,dataset/call_transcripts/year=2024/month=04/day=09/call_transcripts_20240409.csv,205,18,165223
call_transcripts,dataset/call_transcripts/year=2024/month=04/day=10/call_transcripts_20240410.csv,192,18,152034
call_transcripts,dataset/call_transcripts/year=2024/month=04/day=11/call_transcripts_20240411.csv,224,18,179468
call_transcripts,dataset/call_transcripts/year=2024/month=04/day=12/call_transcripts_20240412.csv,207,18,168368
call_transcripts,dataset/call_transcripts/year=2024/month=04/day=13/call_transcripts_20240413.csv,97,18,78445
call_transcripts,dataset/call_transcripts/year=2024/month=04/day=14/call_transcripts_20240414.csv,104,18,80848
call_transcripts,dataset/call_transcripts/year=2024/month=04/day=15/call_transcripts_20240415.csv,218,18,174457
call_transcripts,dataset/call_transcripts/year=2024/month=04/day=16/call_transcripts_20240416.csv,174,18,137238
call_transcripts,dataset/call_transcripts/year=2024/month=04/day=17/call_transcripts_20240417.csv,177,18,142931
call_transcripts,dataset/call_transcripts/year=2024/month=04/day=18/call_transcripts_20240418.csv,192,18,153534
call_transcripts,dataset/call_transcripts/year=2024/month=04/day=19/call_transcripts_20240419.csv,165,18,132309
call_transcripts,dataset/call_transcripts/year=2024/month=04/day=20/call_transcripts_20240420.csv,82,18,67043
call_transcripts,dataset/call_transcripts/year=2024/month=04/day=21/call_transcripts_20240421.csv,99,18,79707
call_transcripts,dataset/call_transcripts/year=2024/month=04/day=22/call_transcripts_20240422.csv,167,18,132286
call_transcripts,dataset/call_transcripts/year=2024/month=04/day=23/call_transcripts_20240423.csv,190,18,151881
call_transcripts,dataset/call_transcripts/year=2024/month=04/day=24/call_transcripts_20240424.csv,163,18,132762
call_transcripts,dataset/call_transcripts/year=2024/month=04/day=25/call_transcripts_20240425.csv,185,18,149286
call_transcripts,dataset/call_transcripts/year=2024/month=04/day=26/call_transcripts_20240426.csv,189,18,151438
call_transcripts,dataset/call_transcripts/year=2024/month=04/day=27/call_transcripts_20240427.csv,89,18,72952
call_transcripts,dataset/call_transcripts/year=2024/month=04/day=28/call_transcripts_20240428.csv,96,18,78537
call_transcripts,dataset/call_transcripts/year=2024/month=04/day=29/call_transcripts_20240429.csv,199,18,157989
call_transcripts,dataset/call_transcripts/year=2024/month=04/day=30/call_transcripts_20240430.csv,199,18,160118
call_transcripts,dataset/call_transcripts/year=2024/month=05/day=01/call_transcripts_20240501.csv,158,18,127281
call_transcripts,dataset/call_transcripts/year=2024/month=05/day=02/call_transcripts_20240502.csv,165,18,133914
call_transcripts,dataset/call_transcripts/year=2024/month=05/day=03/call_transcripts_20240503.csv,198,18,158343
call_transcripts,dataset/call_transcripts/year=2024/month=05/day=04/call_transcripts_20240504.csv,72,18,57629
call_transcripts,dataset/call_transcripts/year=2024/month=05/day=05/call_transcripts_20240505.csv,88,18,69839
call_transcripts,dataset/call_transcripts/year=2024/month=05/day=06/call_transcripts_20240506.csv,169,18,134740
call_transcripts,dataset/call_transcripts/year=2024/month=05/day=07/call_transcripts_20240507.csv,179,18,142153
call_transcripts,dataset/call_transcripts/year=2024/month=05/day=08/call_transcripts_20240508.csv,220,18,179220
call_transcripts,dataset/call_transcripts/year=2024/month=05/day=09/call_transcripts_20240509.csv,170,18,132613
call_transcripts,dataset/call_transcripts/year=2024/month=05/day=10/call_transcripts_20240510.csv,213,18,169039
call_transcripts,dataset/call_transcripts/year=2024/month=05/day=11/call_transcripts_20240511.csv,89,18,70887
call_transcripts,dataset/call_transcripts/year=2024/month=05/day=12/call_transcripts_20240512.csv,92,18,72117
call_transcripts,dataset/call_transcripts/year=2024/month=05/day=13/call_transcripts_20240513.csv,146,18,117790
call_transcripts,dataset/call_transcripts/year=2024/month=05/day=14/call_transcripts_20240514.csv,146,18,116312
call_transcripts,dataset/call_transcripts/year=2024/month=05/day=15/call_transcripts_20240515.csv,154,18,123009
call_transcripts,dataset/call_transcripts/year=2024/month=05/day=16/call_transcripts_20240516.csv,154,18,124217
call_transcripts,dataset/call_transcripts/year=2024/month=05/day=17/call_transcripts_20240517.csv,150,18,120387
call_transcripts,dataset/call_transcripts/year=2024/month=05/day=18/call_transcripts_20240518.csv,99,18,78591
call_transcripts,dataset/call_transcripts/year=2024/month=05/day=19/call_transcripts_20240519.csv,79,18,63869
call_transcripts,dataset/call_transcripts/year=2024/month=05/day=20/call_transcripts_20240520.csv,205,18,163192
call_transcripts,dataset/call_transcripts/year=2024/month=05/day=21/call_transcripts_20240521.csv,168,18,129780
call_transcripts,dataset/call_transcripts/year=2024/month=05/day=22/call_transcripts_20240522.csv,170,18,136976
call_transcripts,dataset/call_transcripts/year=2024/month=05/day=23/call_transcripts_20240523.csv,155,18,124294
call_transcripts,dataset/call_transcripts/year=2024/month=05/day=24/call_transcripts_20240524.csv,208,18,165188
call_transcripts,dataset/call_transcripts/year=2024/month=05/day=25/call_transcripts_20240525.csv,82,18,63816
call_transcripts,dataset/call_transcripts/year=2024/month=05/day=26/call_transcripts_20240526.csv,78,18,65074
call_transcripts,dataset/call_transcripts/year=2024/month=05/day=27/call_transcripts_20240527.csv,178,18,142043
call_transcripts,dataset/call_transcripts/year=2024/month=05/day=28/call_transcripts_20240528.csv,177,18,141827
call_transcripts,dataset/call_transcripts/year=2024/month=05/day=29/call_transcripts_20240529.csv,180,18,146346
call_transcripts,dataset/call_transcripts/year=2024/month=05/day=30/call_transcripts_20240530.csv,171,18,139407
call_transcripts,dataset/call_transcripts/year=2024/month=05/day=31/call_transcripts_20240531.csv,207,18,161539
call_transcripts,dataset/call_transcripts/year=2024/month=06/day=01/call_transcripts_20240601.csv,119,18,95090
call_transcripts,dataset/call_transcripts/year=2024/month=06/day=02/call_transcripts_20240602.csv,101,18,80854
call_transcripts,dataset/call_transcripts/year=2024/month=06/day=03/call_transcripts_20240603.csv,162,18,128275
call_transcripts,dataset/call_transcripts/year=2024/month=06/day=04/call_transcripts_20240604.csv,175,18,140693
call_transcripts,dataset/call_transcripts/year=2024/month=06/day=05/call_transcripts_20240605.csv,195,18,154927
call_transcripts,dataset/call_transcripts/year=2024/month=06/day=06/call_transcripts_20240606.csv,197,18,157890
call_transcripts,dataset/call_transcripts/year=2024/month=06/day=07/call_transcripts_20240607.csv,192,18,156442
call_transcripts,dataset/call_transcripts/year=2024/month=06/day=08/call_transcripts_20240608.csv,66,18,53818
call_transcripts,dataset/call_transcripts/year=2024/month=06/day=09/call_transcripts_20240609.csv,93,18,75678
call_transcripts,dataset/call_transcripts/year=2024/month=06/day=10/call_transcripts_20240610.csv,175,18,138321
call_transcripts,dataset/call_transcripts/year=2024/month=06/day=11/call_transcripts_20240611.csv,189,18,155083
call_transcripts,dataset/call_transcripts/year=2024/month=06/day=12/call_transcripts_20240612.csv,209,18,168695
call_transcripts,dataset/call_transcripts/year=2024/month=06/day=13/call_transcripts_20240613.csv,162,18,132058
call_transcripts,dataset/call_transcripts/year=2024/month=06/day=14/call_transcripts_20240614.csv,139,18,110680
call_transcripts,dataset/call_transcripts/year=2024/month=06/day=15/call_transcripts_20240615.csv,86,18,69568
call_transcripts,dataset/call_transcripts/year=2024/month=06/day=16/call_transcripts_20240616.csv,90,18,72366
call_transcripts,dataset/call_transcripts/year=2024/month=06/day=17/call_transcripts_20240617.csv,210,18,165806
call_transcripts,dataset/call_transcripts/year=2024/month=06/day=18/call_transcripts_20240618.csv,194,18,153758
call_transcripts,dataset/call_transcripts/year=2024/month=06/day=19/call_transcripts_20240619.csv,235,18,187015
call_transcripts,dataset/call_transcripts/year=2024/month=06/day=20/call_transcripts_20240620.csv,180,18,146092
call_transcripts,dataset/call_transcripts/year=2024/month=06/day=21/call_transcripts_20240621.csv,155,18,126325
call_transcripts,dataset/call_transcripts/year=2024/month=06/day=22/call_transcripts_20240622.csv,120,18,98039
call_transcripts,dataset/call_transcripts/year=2024/month=06/day=23/call_transcripts_20240623.csv,93,18,72002
call_transcripts,dataset/call_transcripts/year=2024/month=06/day=24/call_transcripts_20240624.csv,186,18,150123
call_transcripts,dataset/call_transcripts/year=2024/month=06/day=25/call_transcripts_20240625.csv,154,18,124287
call_transcripts,dataset/call_transcripts/year=2024/month=06/day=26/call_transcripts_20240626.csv,203,18,166142
call_transcripts,dataset/call_transcripts/year=2024/month=06/day=27/call_transcripts_20240627.csv,175,18,137358
call_transcripts,dataset/call_transcripts/year=2024/month=06/day=28/call_transcripts_20240628.csv,184,18,147230
call_transcripts,dataset/call_transcripts/year=2024/month=06/day=29/call_transcripts_20240629.csv,81,18,64380
call_transcripts,dataset/call_transcripts/year=2024/month=06/day=30/call_transcripts_20240630.csv,71,18,56360
call_transcripts,dataset/call_transcripts/year=2024/month=07/day=01/call_transcripts_20240701.csv,203,18,161069
call_transcripts,dataset/call_transcripts/year=2024/month=07/day=02/call_transcripts_20240702.csv,197,18,161552
call_transcripts,dataset/call_transcripts/year=2024/month=07/day=03/call_transcripts_20240703.csv,155,18,123451
call_transcripts,dataset/call_transcripts/year=2024/month=07/day=04/call_transcripts_20240704.csv,198,18,160612
call_transcripts,dataset/call_transcripts/year=2024/month=07/day=05/call_transcripts_20240705.csv,190,18,151880
call_transcripts,dataset/call_transcripts/year=2024/month=07/day=06/call_transcripts_20240706.csv,93,18,76566
call_transcripts,dataset/call_transcripts/year=2024/month=07/day=07/call_transcripts_20240707.csv,97,18,80274
call_transcripts,dataset/call_transcripts/year=2024/month=07/day=08/call_transcripts_20240708.csv,155,18,122359
call_transcripts,dataset/call_transcripts/year=2024/month=07/day=09/call_transcripts_20240709.csv,215,18,170793
call_transcripts,dataset/call_transcripts/year=2024/month=07/day=10/call_transcripts_20240710.csv,195,18,159213
call_transcripts,dataset/call_transcripts/year=2024/month=07/day=11/call_transcripts_20240711.csv,154,18,121859
call_transcripts,dataset/call_transcripts/year=2024/month=07/day=12/call_transcripts_20240712.csv,168,18,135414
call_transcripts,dataset/call_transcripts/year=2024/month=07/day=13/call_transcripts_20240713.csv,91,18,72018
call_transcripts,dataset/call_transcripts/year=2024/month=07/day=14/call_transcripts_20240714.csv,90,18,71322
call_transcripts,dataset/call_transcripts/year=2024/month=07/day=15/call_transcripts_20240715.csv,164,18,130703
call_transcripts,dataset/call_transcripts/year=2024/month=07/day=16/call_transcripts_20240716.csv,170,18,138192
call_transcripts,dataset/call_transcripts/year=2024/month=07/day=17/call_transcripts_20240717.csv,219,18,174454
call_transcripts,dataset/call_transcripts/year=2024/month=07/day=18/call_transcripts_20240718.csv,165,18,131800
call_transcripts,dataset/call_transcripts/year=2024/month=07/day=19/call_transcripts_20240719.csv,205,18,169255
call_transcripts,dataset/call_transcripts/year=2024/month=07/day=20/call_transcripts_20240720.csv,68,18,56183
call_transcripts,dataset/call_transcripts/year=2024/month=07/day=21/call_transcripts_20240721.csv,88,18,70199
call_transcripts,dataset/call_transcripts/year=2024/month=07/day=22/call_transcripts_20240722.csv,219,18,175334
call_transcripts,dataset/call_transcripts/year=2024/month=07/day=23/call_transcripts_20240723.csv,218,18,173991
call_transcripts,dataset/call_transcripts/year=2024/month=07/day=24/call_transcripts_20240724.csv,143,18,115519
call_transcripts,dataset/call_transcripts/year=2024/month=07/day=25/call_transcripts_20240725.csv,171,18,134690
call_transcripts,dataset/call_transcripts/year=2024/month=07/day=26/call_transcripts_20240726.csv,213,18,170201
call_transcripts,dataset/call_transcripts/year=2024/month=07/day=27/call_transcripts_20240727.csv,83,18,67291
call_transcripts,dataset/call_transcripts/year=2024/month=07/day=28/call_transcripts_20240728.csv,104,18,84481
call_transcripts,dataset/call_transcripts/year=2024/month=07/day=29/call_transcripts_20240729.csv,220,18,174539
call_transcripts,dataset/call_transcripts/year=2024/month=07/day=30/call_transcripts_20240730.csv,197,18,155914
call_transcripts,dataset/call_transcripts/year=2024/month=07/day=31/call_transcripts_20240731.csv,185,18,147073
call_transcripts,dataset/call_transcripts/year=2024/month=08/day=01/call_transcripts_20240801.csv,198,18,157339
call_transcripts,dataset/call_transcripts/year=2024/month=08/day=02/call_transcripts_20240802.csv,184,18,147949
call_transcripts,dataset/call_transcripts/year=2024/month=08/day=03/call_transcripts_20240803.csv,101,18,80323
call_transcripts,dataset/call_transcripts/year=2024/month=08/day=04/call_transcripts_20240804.csv,102,18,80174
call_transcripts,dataset/call_transcripts/year=2024/month=08/day=05/call_transcripts_20240805.csv,178,18,143633
call_transcripts,dataset/call_transcripts/year=2024/month=08/day=06/call_transcripts_20240806.csv,199,18,161501
call_transcripts,dataset/call_transcripts/year=2024/month=08/day=07/call_transcripts_20240807.csv,170,18,136323
call_transcripts,dataset/call_transcripts/year=2024/month=08/day=08/call_transcripts_20240808.csv,213,18,166955
call_transcripts,dataset/call_transcripts/year=2024/month=08/day=09/call_transcripts_20240809.csv,165,18,132560
call_transcripts,dataset/call_transcripts/year=2024/month=08/day=10/call_transcripts_20240810.csv,96,18,80887
call_transcripts,dataset/call_transcripts/year=2024/month=08/day=11/call_transcripts_20240811.csv,108,18,87057
call_transcripts,dataset/call_transcripts/year=2024/month=08/day=12/call_transcripts_20240812.csv,207,18,167950
call_transcripts,dataset/call_transcripts/year=2024/month=08/day=13/call_transcripts_20240813.csv,140,18,111116
call_transcripts,dataset/call_transcripts/year=2024/month=08/day=14/call_transcripts_20240814.csv,187,18,147312
call_transcripts,dataset/call_transcripts/year=2024/month=08/day=15/call_transcripts_20240815.csv,179,18,143336
call_transcripts,dataset/call_transcripts/year=2024/month=08/day=16/call_transcripts_20240816.csv,199,18,155491
call_transcripts,dataset/call_transcripts/year=2024/month=08/day=17/call_transcripts_20240817.csv,71,18,56776
call_transcripts,dataset/call_transcripts/year=2024/month=08/day=18/call_transcripts_20240818.csv,109,18,86510
call_transcripts,dataset/call_transcripts/year=2024/month=08/day=19/call_transcripts_20240819.csv,155,18,120552
call_transcripts,dataset/call_transcripts/year=2024/month=08/day=20/call_transcripts_20240820.csv,212,18,168624
call_transcripts,dataset/call_transcripts/year=2024/month=08/day=21/call_transcripts_20240821.csv,202,18,160935
call_transcripts,dataset/call_transcripts/year=2024/month=08/day=22/call_transcripts_20240822.csv,178,18,141686
call_transcripts,dataset/call_transcripts/year=2024/month=08/day=23/call_transcripts_20240823.csv,214,18,173696
call_transcripts,dataset/call_transcripts/year=2024/month=08/day=24/call_transcripts_20240824.csv,90,18,73934
call_transcripts,dataset/call_transcripts/year=2024/month=08/day=25/call_transcripts_20240825.csv,83,18,67613
call_transcripts,dataset/call_transcripts/year=2024/month=08/day=26/call_transcripts_20240826.csv,154,18,121153
call_transcripts,dataset/call_transcripts/year=2024/month=08/day=27/call_transcripts_20240827.csv,132,18,105656
call_transcripts,dataset/call_transcripts/year=2024/month=08/day=28/call_transcripts_20240828.csv,217,18,175295
call_transcripts,dataset/call_transcripts/year=2024/month=08/day=29/call_transcripts_20240829.csv,175,18,140424
call_transcripts,dataset/call_transcripts/year=2024/month=08/day=30/call_transcripts_20240830.csv,171,18,137492
call_transcripts,dataset/call_transcripts/year=2024/month=08/day=31/call_transcripts_20240831.csv,83,18,66043
call_transcripts,dataset/call_transcripts/year=2024/month=09/day=01/call_transcripts_20240901.csv,100,18,80899
call_transcripts,dataset/call_transcripts/year=2024/month=09/day=02/call_transcripts_20240902.csv,193,18,153368
call_transcripts,dataset/call_transcripts/year=2024/month=09/day=03/call_transcripts_20240903.csv,135,18,110709
call_transcripts,dataset/call_transcripts/year=2024/month=09/day=04/call_transcripts_20240904.csv,158,18,126692
call_transcripts,dataset/call_transcripts/year=2024/month=09/day=05/call_transcripts_20240905.csv,198,18,158845
call_transcripts,dataset/call_transcripts/year=2024/month=09/day=06/call_transcripts_20240906.csv,208,18,163709
call_transcripts,dataset/call_transcripts/year=2024/month=09/day=07/call_transcripts_20240907.csv,97,18,75618
call_transcripts,dataset/call_transcripts/year=2024/month=09/day=08/call_transcripts_20240908.csv,105,18,82257
call_transcripts,dataset/call_transcripts/year=2024/month=09/day=09/call_transcripts_20240909.csv,143,18,112555
call_transcripts,dataset/call_transcripts/year=2024/month=09/day=10/call_transcripts_20240910.csv,222,18,176939
call_transcripts,dataset/call_transcripts/year=2024/month=09/day=11/call_transcripts_20240911.csv,199,18,160162
call_transcripts,dataset/call_transcripts/year=2024/month=09/day=12/call_transcripts_20240912.csv,190,18,152577
call_transcripts,dataset/call_transcripts/year=2024/month=09/day=13/call_transcripts_20240913.csv,217,18,174401
call_transcripts,dataset/call_transcripts/year=2024/month=09/day=14/call_transcripts_20240914.csv,87,18,70634
call_transcripts,dataset/call_transcripts/year=2024/month=09/day=15/call_transcripts_20240915.csv,73,18,59789
call_transcripts,dataset/call_transcripts/year=2024/month=09/day=16/call_transcripts_20240916.csv,164,18,133308
call_transcripts,dataset/call_transcripts/year=2024/month=09/day=17/call_transcripts_20240917.csv,193,18,154440
call_transcripts,dataset/call_transcripts/year=2024/month=09/day=18/call_transcripts_20240918.csv,208,18,167096
call_transcripts,dataset/call_transcripts/year=2024/month=09/day=19/call_transcripts_20240919.csv,150,18,118602
call_transcripts,dataset/call_transcripts/year=2024/month=09/day=20/call_transcripts_20240920.csv,234,18,185785
call_transcripts,dataset/call_transcripts/year=2024/month=09/day=21/call_transcripts_20240921.csv,98,18,77675
call_transcripts,dataset/call_transcripts/year=2024/month=09/day=22/call_transcripts_20240922.csv,82,18,66072
call_transcripts,dataset/call_transcripts/year=2024/month=09/day=23/call_transcripts_20240923.csv,170,18,136639
call_transcripts,dataset/call_transcripts/year=2024/month=09/day=24/call_transcripts_20240924.csv,220,18,175540
call_transcripts,dataset/call_transcripts/year=2024/month=09/day=25/call_transcripts_20240925.csv,159,18,129993
call_transcripts,dataset/call_transcripts/year=2024/month=09/day=26/call_transcripts_20240926.csv,184,18,149402
call_transcripts,dataset/call_transcripts/year=2024/month=09/day=27/call_transcripts_20240927.csv,193,18,157572
call_transcripts,dataset/call_transcripts/year=2024/month=09/day=28/call_transcripts_20240928.csv,94,18,74883
call_transcripts,dataset/call_transcripts/year=2024/month=09/day=29/call_transcripts_20240929.csv,89,18,71347
call_transcripts,dataset/call_transcripts/year=2024/month=09/day=30/call_transcripts_20240930.csv,174,18,139164
call_transcripts,dataset/call_transcripts/year=2024/month=10/day=01/call_transcripts_20241001.csv,157,18,126206
call_transcripts,dataset/call_transcripts/year=2024/month=10/day=02/call_transcripts_20241002.csv,173,18,140863
call_transcripts,dataset/call_transcripts/year=2024/month=10/day=03/call_transcripts_20241003.csv,217,18,173975
call_transcripts,dataset/call_transcripts/year=2024/month=10/day=04/call_transcripts_20241004.csv,217,18,170815
call_transcripts,dataset/call_transcripts/year=2024/month=10/day=05/call_transcripts_20241005.csv,88,18,68995
call_transcripts,dataset/call_transcripts/year=2024/month=10/day=06/call_transcripts_20241006.csv,102,18,82393
call_transcripts,dataset/call_transcripts/year=2024/month=10/day=07/call_transcripts_20241007.csv,199,18,160022
call_transcripts,dataset/call_transcripts/year=2024/month=10/day=08/call_transcripts_20241008.csv,186,18,149788
call_transcripts,dataset/call_transcripts/year=2024/month=10/day=09/call_transcripts_20241009.csv,210,18,167345
call_transcripts,dataset/call_transcripts/year=2024/month=10/day=10/call_transcripts_20241010.csv,191,18,154270
call_transcripts,dataset/call_transcripts/year=2024/month=10/day=11/call_transcripts_20241011.csv,135,18,109194
call_transcripts,dataset/call_transcripts/year=2024/month=10/day=12/call_transcripts_20241012.csv,105,18,86032
call_transcripts,dataset/call_transcripts/year=2024/month=10/day=13/call_transcripts_20241013.csv,101,18,80129
call_transcripts,dataset/call_transcripts/year=2024/month=10/day=14/call_transcripts_20241014.csv,152,18,121476
call_transcripts,dataset/call_transcripts/year=2024/month=10/day=15/call_transcripts_20241015.csv,206,18,162373
call_transcripts,dataset/call_transcripts/year=2024/month=10/day=16/call_transcripts_20241016.csv,189,18,150969
call_transcripts,dataset/call_transcripts/year=2024/month=10/day=17/call_transcripts_20241017.csv,134,18,107110
call_transcripts,dataset/call_transcripts/year=2024/month=10/day=18/call_transcripts_20241018.csv,197,18,158830
call_transcripts,dataset/call_transcripts/year=2024/month=10/day=19/call_transcripts_20241019.csv,91,18,73338
call_transcripts,dataset/call_transcripts/year=2024/month=10/day=20/call_transcripts_20241020.csv,94,18,76378
call_transcripts,dataset/call_transcripts/year=2024/month=10/day=21/call_transcripts_20241021.csv,145,18,116373
call_transcripts,dataset/call_transcripts/year=2024/month=10/day=22/call_transcripts_20241022.csv,197,18,153715
call_transcripts,dataset/call_transcripts/year=2024/month=10/day=23/call_transcripts_20241023.csv,168,18,136543
call_transcripts,dataset/call_transcripts/year=2024/month=10/day=24/call_transcripts_20241024.csv,158,18,126030
call_transcripts,dataset/call_transcripts/year=2024/month=10/day=25/call_transcripts_20241025.csv,164,18,133397
call_transcripts,dataset/call_transcripts/year=2024/month=10/day=26/call_transcripts_20241026.csv,113,18,91398
call_transcripts,dataset/call_transcripts/year=2024/month=10/day=27/call_transcripts_20241027.csv,66,18,54774
call_transcripts,dataset/call_transcripts/year=2024/month=10/day=28/call_transcripts_20241028.csv,165,18,132645
call_transcripts,dataset/call_transcripts/year=2024/month=10/day=29/call_transcripts_20241029.csv,160,18,129575
call_transcripts,dataset/call_transcripts/year=2024/month=10/day=30/call_transcripts_20241030.csv,205,18,166294
call_transcripts,dataset/call_transcripts/year=2024/month=10/day=31/call_transcripts_20241031.csv,170,18,136802
call_transcripts,dataset/call_transcripts/year=2024/month=11/day=01/call_transcripts_20241101.csv,175,18,142193
call_transcripts,dataset/call_transcripts/year=2024/month=11/day=02/call_transcripts_20241102.csv,77,18,61968
call_transcripts,dataset/call_transcripts/year=2024/month=11/day=03/call_transcripts_20241103.csv,104,18,83353
call_transcripts,dataset/call_transcripts/year=2024/month=11/day=04/call_transcripts_20241104.csv,155,18,124723
call_transcripts,dataset/call_transcripts/year=2024/month=11/day=05/call_transcripts_20241105.csv,192,18,156433
call_transcripts,dataset/call_transcripts/year=2024/month=11/day=06/call_transcripts_20241106.csv,121,18,97377
call_transcripts,dataset/call_transcripts/year=2024/month=11/day=07/call_transcripts_20241107.csv,204,18,160314
call_transcripts,dataset/call_transcripts/year=2024/month=11/day=08/call_transcripts_20241108.csv,148,18,117947
call_transcripts,dataset/call_transcripts/year=2024/month=11/day=09/call_transcripts_20241109.csv,103,18,82988
call_transcripts,dataset/call_transcripts/year=2024/month=11/day=10/call_transcripts_20241110.csv,75,18,60066
call_transcripts,dataset/call_transcripts/year=2024/month=11/day=11/call_transcripts_20241111.csv,182,18,145538
call_transcripts,dataset/call_transcripts/year=2024/month=11/day=12/call_transcripts_20241112.csv,154,18,122357
call_transcripts,dataset/call_transcripts/year=2024/month=11/day=13/call_transcripts_20241113.csv,149,18,118877
call_transcripts,dataset/call_transcripts/year=2024/month=11/day=14/call_transcripts_20241114.csv,158,18,124975
call_transcripts,dataset/call_transcripts/year=2024/month=11/day=15/call_transcripts_20241115.csv,163,18,130655
call_transcripts,dataset/call_transcripts/year=2024/month=11/day=16/call_transcripts_20241116.csv,104,18,83631
call_transcripts,dataset/call_transcripts/year=2024/month=11/day=17/call_transcripts_20241117.csv,106,18,87306
call_transcripts,dataset/call_transcripts/year=2024/month=11/day=18/call_transcripts_20241118.csv,199,18,160366
call_transcripts,dataset/call_transcripts/year=2024/month=11/day=19/call_transcripts_20241119.csv,212,18,173444
call_transcripts,dataset/call_transcripts/year=2024/month=11/day=20/call_transcripts_20241120.csv,152,18,124417
call_transcripts,dataset/call_transcripts/year=2024/month=11/day=21/call_transcripts_20241121.csv,150,18,120551
call_transcripts,dataset/call_transcripts/year=2024/month=11/day=22/call_transcripts_20241122.csv,167,18,133955
call_transcripts,dataset/call_transcripts/year=2024/month=11/day=23/call_transcripts_20241123.csv,97,18,78312
call_transcripts,dataset/call_transcripts/year=2024/month=11/day=24/call_transcripts_20241124.csv,114,18,90157
call_transcripts,dataset/call_transcripts/year=2024/month=11/day=25/call_transcripts_20241125.csv,167,18,135761
call_transcripts,dataset/call_transcripts/year=2024/month=11/day=26/call_transcripts_20241126.csv,169,18,132778
call_transcripts,dataset/call_transcripts/year=2024/month=11/day=27/call_transcripts_20241127.csv,169,18,135001
call_transcripts,dataset/call_transcripts/year=2024/month=11/day=28/call_transcripts_20241128.csv,161,18,128920
call_transcripts,dataset/call_transcripts/year=2024/month=11/day=29/call_transcripts_20241129.csv,135,18,107624
call_transcripts,dataset/call_transcripts/year=2024/month=11/day=30/call_transcripts_20241130.csv,82,18,64333
call_transcripts,dataset/call_transcripts/year=2024/month=12/day=01/call_transcripts_20241201.csv,84,18,68006
call_transcripts,dataset/call_transcripts/year=2024/month=12/day=02/call_transcripts_20241202.csv,228,18,180462
call_transcripts,dataset/call_transcripts/year=2024/month=12/day=03/call_transcripts_20241203.csv,216,18,174593
call_transcripts,dataset/call_transcripts/year=2024/month=12/day=04/call_transcripts_20241204.csv,135,18,108250
call_transcripts,dataset/call_transcripts/year=2024/month=12/day=05/call_transcripts_20241205.csv,185,18,150872
call_transcripts,dataset/call_transcripts/year=2024/month=12/day=06/call_transcripts_20241206.csv,172,18,134575
call_transcripts,dataset/call_transcripts/year=2024/month=12/day=07/call_transcripts_20241207.csv,108,18,87445
call_transcripts,dataset/call_transcripts/year=2024/month=12/day=08/call_transcripts_20241208.csv,121,18,98215
call_transcripts,dataset/call_transcripts/year=2024/month=12/day=09/call_transcripts_20241209.csv,181,18,147750
call_transcripts,dataset/call_transcripts/year=2024/month=12/day=10/call_transcripts_20241210.csv,217,18,177330
call_transcripts,dataset/call_transcripts/year=2024/month=12/day=11/call_transcripts_20241211.csv,174,18,140762
call_transcripts,dataset/call_transcripts/year=2024/month=12/day=12/call_transcripts_20241212.csv,174,18,138107
call_transcripts,dataset/call_transcripts/year=2024/month=12/day=13/call_transcripts_20241213.csv,182,18,146763
call_transcripts,dataset/call_transcripts/year=2024/month=12/day=14/call_transcripts_20241214.csv,74,18,58242
call_transcripts,dataset/call_transcripts/year=2024/month=12/day=15/call_transcripts_20241215.csv,100,18,79679
call_transcripts,dataset/call_transcripts/year=2024/month=12/day=16/call_transcripts_20241216.csv,149,18,120671
call_transcripts,dataset/call_transcripts/year=2024/month=12/day=17/call_transcripts_20241217.csv,153,18,122330
call_transcripts,dataset/call_transcripts/year=2024/month=12/day=18/call_transcripts_20241218.csv,154,18,122042
call_transcripts,dataset/call_transcripts/year=2024/month=12/day=19/call_transcripts_20241219.csv,197,18,155408
call_transcripts,dataset/call_transcripts/year=2024/month=12/day=20/call_transcripts_20241220.csv,154,18,124102
call_transcripts,dataset/call_transcripts/year=2024/month=12/day=21/call_transcripts_20241221.csv,97,18,74866
call_transcripts,dataset/call_transcripts/year=2024/month=12/day=22/call_transcripts_20241222.csv,85,18,69528
call_transcripts,dataset/call_transcripts/year=2024/month=12/day=23/call_transcripts_20241223.csv,217,18,173018
call_transcripts,dataset/call_transcripts/year=2024/month=12/day=24/call_transcripts_20241224.csv,239,18,189532
call_transcripts,dataset/call_transcripts/year=2024/month=12/day=25/call_transcripts_20241225.csv,165,18,131695
call_transcripts,dataset/call_transcripts/year=2024/month=12/day=26/call_transcripts_20241226.csv,180,18,140821
call_transcripts,dataset/call_transcripts/year=2024/month=12/day=27/call_transcripts_20241227.csv,187,18,150707
call_transcripts,dataset/call_transcripts/year=2024/month=12/day=28/call_transcripts_20241228.csv,74,18,57994
call_transcripts,dataset/call_transcripts/year=2024/month=12/day=29/call_transcripts_20241229.csv,87,18,68468
call_transcripts,dataset/call_transcripts/year=2024/month=12/day=30/call_transcripts_20241230.csv,166,18,132300
call_transcripts,dataset/call_transcripts/year=2024/month=12/day=31/call_transcripts_20241231.csv,169,18,134491
call_transcripts,dataset/call_transcripts/year=2025/month=01/day=01/call_transcripts_20250101.csv,234,18,185919
call_transcripts,dataset/call_transcripts/year=2025/month=01/day=02/call_transcripts_20250102.csv,223,18,182356
call_transcripts,dataset/call_transcripts/year=2025/month=01/day=03/call_transcripts_20250103.csv,173,18,136114
call_transcripts,dataset/call_transcripts/year=2025/month=01/day=04/call_transcripts_20250104.csv,69,18,54815
call_transcripts,dataset/call_transcripts/year=2025/month=01/day=05/call_transcripts_20250105.csv,71,18,54432
call_transcripts,dataset/call_transcripts/year=2025/month=01/day=06/call_transcripts_20250106.csv,154,18,124316
call_transcripts,dataset/call_transcripts/year=2025/month=01/day=07/call_transcripts_20250107.csv,229,18,187159
call_transcripts,dataset/call_transcripts/year=2025/month=01/day=08/call_transcripts_20250108.csv,156,18,124075
call_transcripts,dataset/call_transcripts/year=2025/month=01/day=09/call_transcripts_20250109.csv,213,18,171128
call_transcripts,dataset/call_transcripts/year=2025/month=01/day=10/call_transcripts_20250110.csv,197,18,157998
call_transcripts,dataset/call_transcripts/year=2025/month=01/day=11/call_transcripts_20250111.csv,92,18,71317
call_transcripts,dataset/call_transcripts/year=2025/month=01/day=12/call_transcripts_20250112.csv,83,18,68353
call_transcripts,dataset/call_transcripts/year=2025/month=01/day=13/call_transcripts_20250113.csv,218,18,172375
call_transcripts,dataset/call_transcripts/year=2025/month=01/day=14/call_transcripts_20250114.csv,150,18,119501
call_transcripts,dataset/call_transcripts/year=2025/month=01/day=15/call_transcripts_20250115.csv,154,18,125898
call_transcripts,dataset/call_transcripts/year=2025/month=01/day=16/call_transcripts_20250116.csv,182,18,143441
call_transcripts,dataset/call_transcripts/year=2025/month=01/day=17/call_transcripts_20250117.csv,158,18,126743
call_transcripts,dataset/call_transcripts/year=2025/month=01/day=18/call_transcripts_20250118.csv,94,18,78316
call_transcripts,dataset/call_transcripts/year=2025/month=01/day=19/call_transcripts_20250119.csv,91,18,74154
call_transcripts,dataset/call_transcripts/year=2025/month=01/day=20/call_transcripts_20250120.csv,172,18,138249
call_transcripts,dataset/call_transcripts/year=2025/month=01/day=21/call_transcripts_20250121.csv,132,18,104791
call_transcripts,dataset/call_transcripts/year=2025/month=01/day=22/call_transcripts_20250122.csv,160,18,128164
call_transcripts,dataset/call_transcripts/year=2025/month=01/day=23/call_transcripts_20250123.csv,211,18,169244
call_transcripts,dataset/call_transcripts/year=2025/month=01/day=24/call_transcripts_20250124.csv,146,18,113885
call_transcripts,dataset/call_transcripts/year=2025/month=01/day=25/call_transcripts_20250125.csv,106,18,85222
call_transcripts,dataset/call_transcripts/year=2025/month=01/day=26/call_transcripts_20250126.csv,92,18,71696
call_transcripts,dataset/call_transcripts/year=2025/month=01/day=27/call_transcripts_20250127.csv,215,18,171243
call_transcripts,dataset/call_transcripts/year=2025/month=01/day=28/call_transcripts_20250128.csv,166,18,132130
call_transcripts,dataset/call_transcripts/year=2025/month=01/day=29/call_transcripts_20250129.csv,181,18,143575
call_transcripts,dataset/call_transcripts/year=2025/month=01/day=30/call_transcripts_20250130.csv,208,18,167398
call_transcripts,dataset/call_transcripts/year=2025/month=01/day=31/call_transcripts_20250131.csv,173,18,138239
call_transcripts,dataset/call_transcripts/year=2025/month=02/day=01/call_transcripts_20250201.csv,80,18,61797
call_transcripts,dataset/call_transcripts/year=2025/month=02/day=02/call_transcripts_20250202.csv,96,18,76440
call_transcripts,dataset/call_transcripts/year=2025/month=02/day=03/call_transcripts_20250203.csv,199,18,157394
call_transcripts,dataset/call_transcripts/year=2025/month=02/day=04/call_transcripts_20250204.csv,158,18,127391
call_transcripts,dataset/call_transcripts/year=2025/month=02/day=05/call_transcripts_20250205.csv,178,18,143458
call_transcripts,dataset/call_transcripts/year=2025/month=02/day=06/call_transcripts_20250206.csv,172,18,141481
call_transcripts,dataset/call_transcripts/year=2025/month=02/day=07/call_transcripts_20250207.csv,160,18,126076
call_transcripts,dataset/call_transcripts/year=2025/month=02/day=08/call_transcripts_20250208.csv,112,18,92956
call_transcripts,dataset/call_transcripts/year=2025/month=02/day=09/call_transcripts_20250209.csv,88,18,71313
call_transcripts,dataset/call_transcripts/year=2025/month=02/day=10/call_transcripts_20250210.csv,213,18,171860
call_transcripts,dataset/call_transcripts/year=2025/month=02/day=11/call_transcripts_20250211.csv,198,18,160154
call_transcripts,dataset/call_transcripts/year=2025/month=02/day=12/call_transcripts_20250212.csv,167,18,133082
call_transcripts,dataset/call_transcripts/year=2025/month=02/day=13/call_transcripts_20250213.csv,169,18,136237
call_transcripts,dataset/call_transcripts/year=2025/month=02/day=14/call_transcripts_20250214.csv,193,18,155764
call_transcripts,dataset/call_transcripts/year=2025/month=02/day=15/call_transcripts_20250215.csv,82,18,64908
call_transcripts,dataset/call_transcripts/year=2025/month=02/day=16/call_transcripts_20250216.csv,70,18,55562
call_transcripts,dataset/call_transcripts/year=2025/month=02/day=17/call_transcripts_20250217.csv,206,18,164400
call_transcripts,dataset/call_transcripts/year=2025/month=02/day=18/call_transcripts_20250218.csv,161,18,126742
call_transcripts,dataset/call_transcripts/year=2025/month=02/day=19/call_transcripts_20250219.csv,160,18,134567
call_transcripts,dataset/call_transcripts/year=2025/month=02/day=20/call_transcripts_20250220.csv,174,18,140293
call_transcripts,dataset/call_transcripts/year=2025/month=02/day=21/call_transcripts_20250221.csv,161,18,127263
call_transcripts,dataset/call_transcripts/year=2025/month=02/day=22/call_transcripts_20250222.csv,83,18,63954
call_transcripts,dataset/call_transcripts/year=2025/month=02/day=23/call_transcripts_20250223.csv,74,18,58432
call_transcripts,dataset/call_transcripts/year=2025/month=02/day=24/call_transcripts_20250224.csv,167,18,132949
call_transcripts,dataset/call_transcripts/year=2025/month=02/day=25/call_transcripts_20250225.csv,176,18,139355
call_transcripts,dataset/call_transcripts/year=2025/month=02/day=26/call_transcripts_20250226.csv,167,18,132030
call_transcripts,dataset/call_transcripts/year=2025/month=02/day=27/call_transcripts_20250227.csv,173,18,136323
call_transcripts,dataset/call_transcripts/year=2025/month=02/day=28/call_transcripts_20250228.csv,179,18,143821
call_transcripts,dataset/call_transcripts/year=2025/month=03/day=01/call_transcripts_20250301.csv,93,18,73156
call_transcripts,dataset/call_transcripts/year=2025/month=03/day=02/call_transcripts_20250302.csv,77,18,60577
call_transcripts,dataset/call_transcripts/year=2025/month=03/day=03/call_transcripts_20250303.csv,166,18,132946
call_transcripts,dataset/call_transcripts/year=2025/month=03/day=04/call_transcripts_20250304.csv,207,18,168240
call_transcripts,dataset/call_transcripts/year=2025/month=03/day=05/call_transcripts_20250305.csv,218,18,172366
call_transcripts,dataset/call_transcripts/year=2025/month=03/day=06/call_transcripts_20250306.csv,199,18,156928
call_transcripts,dataset/call_transcripts/year=2025/month=03/day=07/call_transcripts_20250307.csv,155,18,125940
call_transcripts,dataset/call_transcripts/year=2025/month=03/day=08/call_transcripts_20250308.csv,94,18,73728
call_transcripts,dataset/call_transcripts/year=2025/month=03/day=09/call_transcripts_20250309.csv,84,18,67796
call_transcripts,dataset/call_transcripts/year=2025/month=03/day=10/call_transcripts_20250310.csv,170,18,138226
call_transcripts,dataset/call_transcripts/year=2025/month=03/day=11/call_transcripts_20250311.csv,192,18,154836
call_transcripts,dataset/call_transcripts/year=2025/month=03/day=12/call_transcripts_20250312.csv,210,18,169786
call_transcripts,dataset/call_transcripts/year=2025/month=03/day=13/call_transcripts_20250313.csv,220,18,175665
call_transcripts,dataset/call_transcripts/year=2025/month=03/day=14/call_transcripts_20250314.csv,179,18,143323
call_transcripts,dataset/call_transcripts/year=2025/month=03/day=15/call_transcripts_20250315.csv,113,18,91111
call_transcripts,dataset/call_transcripts/year=2025/month=03/day=16/call_transcripts_20250316.csv,66,18,53219
call_transcripts,dataset/call_transcripts/year=2025/month=03/day=17/call_transcripts_20250317.csv,193,18,154115
call_transcripts,dataset/call_transcripts/year=2025/month=03/day=18/call_transcripts_20250318.csv,162,18,129509
call_transcripts,dataset/call_transcripts/year=2025/month=03/day=19/call_transcripts_20250319.csv,177,18,146546
call_transcripts,dataset/call_transcripts/year=2025/month=03/day=20/call_transcripts_20250320.csv,229,18,184221
call_transcripts,dataset/call_transcripts/year=2025/month=03/day=21/call_transcripts_20250321.csv,145,18,115984
call_transcripts,dataset/call_transcripts/year=2025/month=03/day=22/call_transcripts_20250322.csv,76,18,59768
call_transcripts,dataset/call_transcripts/year=2025/month=03/day=23/call_transcripts_20250323.csv,97,18,78777
call_transcripts,dataset/call_transcripts/year=2025/month=03/day=24/call_transcripts_20250324.csv,190,18,152085
call_transcripts,dataset/call_transcripts/year=2025/month=03/day=25/call_transcripts_20250325.csv,228,18,182958
call_transcripts,dataset/call_transcripts/year=2025/month=03/day=26/call_transcripts_20250326.csv,177,18,144555
call_transcripts,dataset/call_transcripts/year=2025/month=03/day=27/call_transcripts_20250327.csv,204,18,165379
call_transcripts,dataset/call_transcripts/year=2025/month=03/day=28/call_transcripts_20250328.csv,174,18,141868
call_transcripts,dataset/call_transcripts/year=2025/month=03/day=29/call_transcripts_20250329.csv,76,18,61554
call_transcripts,dataset/call_transcripts/year=2025/month=03/day=30/call_transcripts_20250330.csv,100,18,80166
call_transcripts,dataset/call_transcripts/year=2025/month=03/day=31/call_transcripts_20250331.csv,172,18,139438
call_transcripts,dataset/call_transcripts/year=2025/month=04/day=01/call_transcripts_20250401.csv,199,18,161113
call_transcripts,dataset/call_transcripts/year=2025/month=04/day=02/call_transcripts_20250402.csv,191,18,149019
call_transcripts,dataset/call_transcripts/year=2025/month=04/day=03/call_transcripts_20250403.csv,224,18,182166
call_transcripts,dataset/call_transcripts/year=2025/month=04/day=04/call_transcripts_20250404.csv,134,18,106117
call_transcripts,dataset/call_transcripts/year=2025/month=04/day=05/call_transcripts_20250405.csv,85,18,69066
call_transcripts,dataset/call_transcripts/year=2025/month=04/day=06/call_transcripts_20250406.csv,107,18,89453
call_transcripts,dataset/call_transcripts/year=2025/month=04/day=07/call_transcripts_20250407.csv,176,18,137640
call_transcripts,dataset/call_transcripts/year=2025/month=04/day=08/call_transcripts_20250408.csv,220,18,174065
call_transcripts,dataset/call_transcripts/year=2025/month=04/day=09/call_transcripts_20250409.csv,143,18,113199
call_transcripts,dataset/call_transcripts/year=2025/month=04/day=10/call_transcripts_20250410.csv,207,18,164720
call_transcripts,dataset/call_transcripts/year=2025/month=04/day=11/call_transcripts_20250411.csv,152,18,122852
call_transcripts,dataset/call_transcripts/year=2025/month=04/day=12/call_transcripts_20250412.csv,82,18,65069
call_transcripts,dataset/call_transcripts/year=2025/month=04/day=13/call_transcripts_20250413.csv,70,18,54027
call_transcripts,dataset/call_transcripts/year=2025/month=04/day=14/call_transcripts_20250414.csv,194,18,153403
call_transcripts,dataset/call_transcripts/year=2025/month=04/day=15/call_transcripts_20250415.csv,161,18,129322
call_transcripts,dataset/call_transcripts/year=2025/month=04/day=16/call_transcripts_20250416.csv,194,18,152793
call_transcripts,dataset/call_transcripts/year=2025/month=04/day=17/call_transcripts_20250417.csv,162,18,130898
call_transcripts,dataset/call_transcripts/year=2025/month=04/day=18/call_transcripts_20250418.csv,154,18,120623
call_transcripts,dataset/call_transcripts/year=2025/month=04/day=19/call_transcripts_20250419.csv,112,18,86325
call_transcripts,dataset/call_transcripts/year=2025/month=04/day=20/call_transcripts_20250420.csv,75,18,58410
call_transcripts,dataset/call_transcripts/year=2025/month=04/day=21/call_transcripts_20250421.csv,165,18,130340
call_transcripts,dataset/call_transcripts/year=2025/month=04/day=22/call_transcripts_20250422.csv,214,18,169513
call_transcripts,dataset/call_transcripts/year=2025/month=04/day=23/call_transcripts_20250423.csv,158,18,127287
call_transcripts,dataset/call_transcripts/year=2025/month=04/day=24/call_transcripts_20250424.csv,217,18,174772
call_transcripts,dataset/call_transcripts/year=2025/month=04/day=25/call_transcripts_20250425.csv,204,18,158749
call_transcripts,dataset/call_transcripts/year=2025/month=04/day=26/call_transcripts_20250426.csv,92,18,74069
call_transcripts,dataset/call_transcripts/year=2025/month=04/day=27/call_transcripts_20250427.csv,94,18,76558
call_transcripts,dataset/call_transcripts/year=2025/month=04/day=28/call_transcripts_20250428.csv,202,18,159539
call_transcripts,dataset/call_transcripts/year=2025/month=04/day=29/call_transcripts_20250429.csv,166,18,135358
call_transcripts,dataset/call_transcripts/year=2025/month=04/day=30/call_transcripts_20250430.csv,181,18,145983
call_transcripts,dataset/call_transcripts/year=2025/month=05/day=01/call_transcripts_20250501.csv,190,18,153421
call_transcripts,dataset/call_transcripts/year=2025/month=05/day=02/call_transcripts_20250502.csv,175,18,140573
call_transcripts,dataset/call_transcripts/year=2025/month=05/day=03/call_transcripts_20250503.csv,84,18,70283
call_transcripts,dataset/call_transcripts/year=2025/month=05/day=04/call_transcripts_20250504.csv,65,18,52052
call_transcripts,dataset/call_transcripts/year=2025/month=05/day=05/call_transcripts_20250505.csv,215,18,171242
call_transcripts,dataset/call_transcripts/year=2025/month=05/day=06/call_transcripts_20250506.csv,171,18,137493
call_transcripts,dataset/call_transcripts/year=2025/month=05/day=07/call_transcripts_20250507.csv,162,18,126906
call_transcripts,dataset/call_transcripts/year=2025/month=05/day=08/call_transcripts_20250508.csv,149,18,119113
call_transcripts,dataset/call_transcripts/year=2025/month=05/day=09/call_transcripts_20250509.csv,171,18,134379
call_transcripts,dataset/call_transcripts/year=2025/month=05/day=10/call_transcripts_20250510.csv,83,18,67353
call_transcripts,dataset/call_transcripts/year=2025/month=05/day=11/call_transcripts_20250511.csv,103,18,84220
call_transcripts,dataset/call_transcripts/year=2025/month=05/day=12/call_transcripts_20250512.csv,199,18,161630
call_transcripts,dataset/call_transcripts/year=2025/month=05/day=13/call_transcripts_20250513.csv,172,18,138488
call_transcripts,dataset/call_transcripts/year=2025/month=05/day=14/call_transcripts_20250514.csv,177,18,142088
call_transcripts,dataset/call_transcripts/year=2025/month=05/day=15/call_transcripts_20250515.csv,228,18,185426
call_transcripts,dataset/call_transcripts/year=2025/month=05/day=16/call_transcripts_20250516.csv,167,18,130945
call_transcripts,dataset/call_transcripts/year=2025/month=05/day=17/call_transcripts_20250517.csv,72,18,58532
call_transcripts,dataset/call_transcripts/year=2025/month=05/day=18/call_transcripts_20250518.csv,76,18,60163
call_transcripts,dataset/call_transcripts/year=2025/month=05/day=19/call_transcripts_20250519.csv,172,18,141554
call_transcripts,dataset/call_transcripts/year=2025/month=05/day=20/call_transcripts_20250520.csv,170,18,138124
call_transcripts,dataset/call_transcripts/year=2025/month=05/day=21/call_transcripts_20250521.csv,190,18,147200
call_transcripts,dataset/call_transcripts/year=2025/month=05/day=22/call_transcripts_20250522.csv,208,18,167756
call_transcripts,dataset/call_transcripts/year=2025/month=05/day=23/call_transcripts_20250523.csv,199,18,162058
call_transcripts,dataset/call_transcripts/year=2025/month=05/day=24/call_transcripts_20250524.csv,111,18,89625
call_transcripts,dataset/call_transcripts/year=2025/month=05/day=25/call_transcripts_20250525.csv,115,18,92735
call_transcripts,dataset/call_transcripts/year=2025/month=05/day=26/call_transcripts_20250526.csv,206,18,164702
call_transcripts,dataset/call_transcripts/year=2025/month=05/day=27/call_transcripts_20250527.csv,208,18,169644
call_transcripts,dataset/call_transcripts/year=2025/month=05/day=28/call_transcripts_20250528.csv,183,18,144298
call_transcripts,dataset/call_transcripts/year=2025/month=05/day=29/call_transcripts_20250529.csv,180,18,147602
call_transcripts,dataset/call_transcripts/year=2025/month=05/day=30/call_transcripts_20250530.csv,165,18,134218
call_transcripts,dataset/call_transcripts/year=2025/month=05/day=31/call_transcripts_20250531.csv,99,18,77744
call_transcripts,dataset/call_transcripts/year=2025/month=06/day=01/call_transcripts_20250601.csv,91,18,71661
call_transcripts,dataset/call_transcripts/year=2025/month=06/day=02/call_transcripts_20250602.csv,177,18,141520
call_transcripts,dataset/call_transcripts/year=2025/month=06/day=03/call_transcripts_20250603.csv,160,18,130205
call_transcripts,dataset/call_transcripts/year=2025/month=06/day=04/call_transcripts_20250604.csv,156,18,125180
call_transcripts,dataset/call_transcripts/year=2025/month=06/day=05/call_transcripts_20250605.csv,173,18,140793
call_transcripts,dataset/call_transcripts/year=2025/month=06/day=06/call_transcripts_20250606.csv,168,18,132291
call_transcripts,dataset/call_transcripts/year=2025/month=06/day=07/call_transcripts_20250607.csv,96,18,79180
call_transcripts,dataset/call_transcripts/year=2025/month=06/day=08/call_transcripts_20250608.csv,102,18,79487
call_transcripts,dataset/call_transcripts/year=2025/month=06/day=09/call_transcripts_20250609.csv,148,18,118762
call_transcripts,dataset/call_transcripts/year=2025/month=06/day=10/call_transcripts_20250610.csv,218,18,175207
call_transcripts,dataset/call_transcripts/year=2025/month=06/day=11/call_transcripts_20250611.csv,180,18,143845
call_transcripts,dataset/call_transcripts/year=2025/month=06/day=12/call_transcripts_20250612.csv,190,18,151175
call_transcripts,dataset/call_transcripts/year=2025/month=06/day=13/call_transcripts_20250613.csv,204,18,160911
call_transcripts,dataset/call_transcripts/year=2025/month=06/day=14/call_transcripts_20250614.csv,73,18,59584
call_transcripts,dataset/call_transcripts/year=2025/month=06/day=15/call_transcripts_20250615.csv,68,18,56435
call_transcripts,dataset/call_transcripts/year=2025/month=06/day=16/call_transcripts_20250616.csv,171,18,138681
call_transcripts,dataset/call_transcripts/year=2025/month=06/day=17/call_transcripts_20250617.csv,145,18,115271
call_transcripts,dataset/call_transcripts/year=2025/month=06/day=18/call_transcripts_20250618.csv,191,18,154349
call_transcripts,dataset/call_transcripts/year=2025/month=06/day=19/call_transcripts_20250619.csv,220,18,175812
call_transcripts,dataset/call_transcripts/year=2025/month=06/day=20/call_transcripts_20250620.csv,228,18,180690
call_transcripts,dataset/call_transcripts/year=2025/month=06/day=21/call_transcripts_20250621.csv,75,18,59031
call_transcripts,dataset/call_transcripts/year=2025/month=06/day=22/call_transcripts_20250622.csv,83,18,68073
call_transcripts,dataset/call_transcripts/year=2025/month=06/day=23/call_transcripts_20250623.csv,200,18,162081
call_transcripts,dataset/call_transcripts/year=2025/month=06/day=24/call_transcripts_20250624.csv,156,18,122996
call_transcripts,dataset/call_transcripts/year=2025/month=06/day=25/call_transcripts_20250625.csv,201,18,160206
call_transcripts,dataset/call_transcripts/year=2025/month=06/day=26/call_transcripts_20250626.csv,168,18,134189
call_transcripts,dataset/call_transcripts/year=2025/month=06/day=27/call_transcripts_20250627.csv,210,18,172180
call_transcripts,dataset/call_transcripts/year=2025/month=06/day=28/call_transcripts_20250628.csv,90,18,72622
call_transcripts,dataset/call_transcripts/year=2025/month=06/day=29/call_transcripts_20250629.csv,84,18,66743
call_transcripts,dataset/call_transcripts/year=2025/month=06/day=30/call_transcripts_20250630.csv,155,18,124441
call_transcripts,dataset/call_transcripts/year=2025/month=07/day=01/call_transcripts_20250701.csv,179,18,143975
call_transcripts,dataset/call_transcripts/year=2025/month=07/day=02/call_transcripts_20250702.csv,194,18,154543
call_transcripts,dataset/call_transcripts/year=2025/month=07/day=03/call_transcripts_20250703.csv,162,18,128052
call_transcripts,dataset/call_transcripts/year=2025/month=07/day=04/call_transcripts_20250704.csv,169,18,135840
call_transcripts,dataset/call_transcripts/year=2025/month=07/day=05/call_transcripts_20250705.csv,79,18,65302
call_transcripts,dataset/call_transcripts/year=2025/month=07/day=06/call_transcripts_20250706.csv,84,18,66266
call_transcripts,dataset/call_transcripts/year=2025/month=07/day=07/call_transcripts_20250707.csv,212,18,169979
call_transcripts,dataset/call_transcripts/year=2025/month=07/day=08/call_transcripts_20250708.csv,156,18,120412
call_transcripts,dataset/call_transcripts/year=2025/month=07/day=09/call_transcripts_20250709.csv,190,18,153497
call_transcripts,dataset/call_transcripts/year=2025/month=07/day=10/call_transcripts_20250710.csv,161,18,129377
call_transcripts,dataset/call_transcripts/year=2025/month=07/day=11/call_transcripts_20250711.csv,208,18,165987
call_transcripts,dataset/call_transcripts/year=2025/month=07/day=12/call_transcripts_20250712.csv,81,18,66774
call_transcripts,dataset/call_transcripts/year=2025/month=07/day=13/call_transcripts_20250713.csv,102,18,81573
call_transcripts,dataset/call_transcripts/year=2025/month=07/day=14/call_transcripts_20250714.csv,157,18,126306
call_transcripts,dataset/call_transcripts/year=2025/month=07/day=15/call_transcripts_20250715.csv,210,18,167900
call_transcripts,dataset/call_transcripts/year=2025/month=07/day=16/call_transcripts_20250716.csv,220,18,179689
call_transcripts,dataset/call_transcripts/year=2025/month=07/day=17/call_transcripts_20250717.csv,184,18,150372
call_transcripts,dataset/call_transcripts/year=2025/month=07/day=18/call_transcripts_20250718.csv,178,18,145104
call_transcripts,dataset/call_transcripts/year=2025/month=07/day=19/call_transcripts_20250719.csv,81,18,64696
call_transcripts,dataset/call_transcripts/year=2025/month=07/day=20/call_transcripts_20250720.csv,83,18,65431
call_transcripts,dataset/call_transcripts/year=2025/month=07/day=21/call_transcripts_20250721.csv,155,18,122694
call_transcripts,dataset/call_transcripts/year=2025/month=07/day=22/call_transcripts_20250722.csv,218,18,175152
call_transcripts,dataset/call_transcripts/year=2025/month=07/day=23/call_transcripts_20250723.csv,189,18,152109
call_transcripts,dataset/call_transcripts/year=2025/month=07/day=24/call_transcripts_20250724.csv,212,18,168622
call_transcripts,dataset/call_transcripts/year=2025/month=07/day=25/call_transcripts_20250725.csv,217,18,176144
call_transcripts,dataset/call_transcripts/year=2025/month=07/day=26/call_transcripts_20250726.csv,106,18,83400
call_transcripts,dataset/call_transcripts/year=2025/month=07/day=27/call_transcripts_20250727.csv,97,18,77515
call_transcripts,dataset/call_transcripts/year=2025/month=07/day=28/call_transcripts_20250728.csv,168,18,134761
call_transcripts,dataset/call_transcripts/year=2025/month=07/day=29/call_transcripts_20250729.csv,193,18,153872
call_transcripts,dataset/call_transcripts/year=2025/month=07/day=30/call_transcripts_20250730.csv,156,18,123889
call_transcripts,dataset/call_transcripts/year=2025/month=07/day=31/call_transcripts_20250731.csv,164,18,129632
call_transcripts,dataset/call_transcripts/year=2025/month=08/day=01/call_transcripts_20250801.csv,158,18,122892
call_transcripts,dataset/call_transcripts/year=2025/month=08/day=02/call_transcripts_20250802.csv,111,18,88683
call_transcripts,dataset/call_transcripts/year=2025/month=08/day=03/call_transcripts_20250803.csv,90,18,72781
call_transcripts,dataset/call_transcripts/year=2025/month=08/day=04/call_transcripts_20250804.csv,158,18,125492
call_transcripts,dataset/call_transcripts/year=2025/month=08/day=05/call_transcripts_20250805.csv,211,18,169153
call_transcripts,dataset/call_transcripts/year=2025/month=08/day=06/call_transcripts_20250806.csv,219,18,177532
call_transcripts,dataset/call_transcripts/year=2025/month=08/day=07/call_transcripts_20250807.csv,188,18,151583
call_transcripts,dataset/call_transcripts/year=2025/month=08/day=08/call_transcripts_20250808.csv,162,18,128481
call_transcripts,dataset/call_transcripts/year=2025/month=08/day=09/call_transcripts_20250809.csv,98,18,76645
call_transcripts,dataset/call_transcripts/year=2025/month=08/day=10/call_transcripts_20250810.csv,97,18,78709
call_transcripts,dataset/call_transcripts/year=2025/month=08/day=11/call_transcripts_20250811.csv,183,18,148011
call_transcripts,dataset/call_transcripts/year=2025/month=08/day=12/call_transcripts_20250812.csv,177,18,144612
call_transcripts,dataset/call_transcripts/year=2025/month=08/day=13/call_transcripts_20250813.csv,156,18,128429
call_transcripts,dataset/call_transcripts/year=2025/month=08/day=14/call_transcripts_20250814.csv,145,18,112960
call_transcripts,dataset/call_transcripts/year=2025/month=08/day=15/call_transcripts_20250815.csv,179,18,144365
call_transcripts,dataset/call_transcripts/year=2025/month=08/day=16/call_transcripts_20250816.csv,96,18,76800
call_transcripts,dataset/call_transcripts/year=2025/month=08/day=17/call_transcripts_20250817.csv,80,18,64724
call_transcripts,dataset/call_transcripts/year=2025/month=08/day=18/call_transcripts_20250818.csv,202,18,158458
call_transcripts,dataset/call_transcripts/year=2025/month=08/day=19/call_transcripts_20250819.csv,137,18,110356
call_transcripts,dataset/call_transcripts/year=2025/month=08/day=20/call_transcripts_20250820.csv,202,18,159984
call_transcripts,dataset/call_transcripts/year=2025/month=08/day=21/call_transcripts_20250821.csv,192,18,154278
call_transcripts,dataset/call_transcripts/year=2025/month=08/day=22/call_transcripts_20250822.csv,217,18,174964
call_transcripts,dataset/call_transcripts/year=2025/month=08/day=23/call_transcripts_20250823.csv,80,18,63703
call_transcripts,dataset/call_transcripts/year=2025/month=08/day=24/call_transcripts_20250824.csv,82,18,65861
call_transcripts,dataset/call_transcripts/year=2025/month=08/day=25/call_transcripts_20250825.csv,169,18,135618
call_transcripts,dataset/call_transcripts/year=2025/month=08/day=26/call_transcripts_20250826.csv,222,18,176842
call_transcripts,dataset/call_transcripts/year=2025/month=08/day=27/call_transcripts_20250827.csv,212,18,170262
call_transcripts,dataset/call_transcripts/year=2025/month=08/day=28/call_transcripts_20250828.csv,185,18,148531
call_transcripts,dataset/call_transcripts/year=2025/month=08/day=29/call_transcripts_20250829.csv,166,18,135279
call_transcripts,dataset/call_transcripts/year=2025/month=08/day=30/call_transcripts_20250830.csv,77,18,62429
call_transcripts,dataset/call_transcripts/year=2025/month=08/day=31/call_transcripts_20250831.csv,88,18,70704
call_transcripts,dataset/call_transcripts/year=2025/month=09/day=01/call_transcripts_20250901.csv,172,18,135984
call_transcripts,dataset/call_transcripts/year=2025/month=09/day=02/call_transcripts_20250902.csv,167,18,135010
call_transcripts,dataset/call_transcripts/year=2025/month=09/day=03/call_transcripts_20250903.csv,192,18,154323
call_transcripts,dataset/call_transcripts/year=2025/month=09/day=04/call_transcripts_20250904.csv,186,18,147904
call_transcripts,dataset/call_transcripts/year=2025/month=09/day=05/call_transcripts_20250905.csv,184,18,145368
call_transcripts,dataset/call_transcripts/year=2025/month=09/day=06/call_transcripts_20250906.csv,86,18,68497
call_transcripts,dataset/call_transcripts/year=2025/month=09/day=07/call_transcripts_20250907.csv,74,18,59441
call_transcripts,dataset/call_transcripts/year=2025/month=09/day=08/call_transcripts_20250908.csv,159,18,125815
call_transcripts,dataset/call_transcripts/year=2025/month=09/day=09/call_transcripts_20250909.csv,205,18,167498
call_transcripts,dataset/call_transcripts/year=2025/month=09/day=10/call_transcripts_20250910.csv,168,18,134424
call_transcripts,dataset/call_transcripts/year=2025/month=09/day=11/call_transcripts_20250911.csv,180,18,144037
call_transcripts,dataset/call_transcripts/year=2025/month=09/day=12/call_transcripts_20250912.csv,163,18,129758
call_transcripts,dataset/call_transcripts/year=2025/month=09/day=13/call_transcripts_20250913.csv,87,18,68128
call_transcripts,dataset/call_transcripts/year=2025/month=09/day=14/call_transcripts_20250914.csv,86,18,69507
call_transcripts,dataset/call_transcripts/year=2025/month=09/day=15/call_transcripts_20250915.csv,145,18,116550
call_transcripts,dataset/call_transcripts/year=2025/month=09/day=16/call_transcripts_20250916.csv,174,18,140140
call_transcripts,dataset/call_transcripts/year=2025/month=09/day=17/call_transcripts_20250917.csv,213,18,172142
call_transcripts,dataset/call_transcripts/year=2025/month=09/day=18/call_transcripts_20250918.csv,200,18,158244
call_transcripts,dataset/call_transcripts/year=2025/month=09/day=19/call_transcripts_20250919.csv,181,18,144465
call_transcripts,dataset/call_transcripts/year=2025/month=09/day=20/call_transcripts_20250920.csv,88,18,70610
call_transcripts,dataset/call_transcripts/year=2025/month=09/day=21/call_transcripts_20250921.csv,94,18,75419
call_transcripts,dataset/call_transcripts/year=2025/month=09/day=22/call_transcripts_20250922.csv,207,18,165328
call_transcripts,dataset/call_transcripts/year=2025/month=09/day=23/call_transcripts_20250923.csv,207,18,165766
call_transcripts,dataset/call_transcripts/year=2025/month=09/day=24/call_transcripts_20250924.csv,201,18,161883
call_transcripts,dataset/call_transcripts/year=2025/month=09/day=25/call_transcripts_20250925.csv,214,18,172422
call_transcripts,dataset/call_transcripts/year=2025/month=09/day=26/call_transcripts_20250926.csv,192,18,152912
call_transcripts,dataset/call_transcripts/year=2025/month=09/day=27/call_transcripts_20250927.csv,92,18,72620
call_transcripts,dataset/call_transcripts/year=2025/month=09/day=28/call_transcripts_20250928.csv,76,18,60018
call_transcripts,dataset/call_transcripts/year=2025/month=09/day=29/call_transcripts_20250929.csv,210,18,164820
call_transcripts,dataset/call_transcripts/year=2025/month=09/day=30/call_transcripts_20250930.csv,142,18,114537
call_transcripts,dataset/call_transcripts/year=2025/month=10/day=01/call_transcripts_20251001.csv,117,18,95735
call_transcripts,dataset/call_transcripts/year=2025/month=10/day=02/call_transcripts_20251002.csv,194,18,154495
call_transcripts,dataset/call_transcripts/year=2025/month=10/day=03/call_transcripts_20251003.csv,190,18,151413
call_transcripts,dataset/call_transcripts/year=2025/month=10/day=04/call_transcripts_20251004.csv,96,18,75699
call_transcripts,dataset/call_transcripts/year=2025/month=10/day=05/call_transcripts_20251005.csv,112,18,90386
call_transcripts,dataset/call_transcripts/year=2025/month=10/day=06/call_transcripts_20251006.csv,212,18,170587
call_transcripts,dataset/call_transcripts/year=2025/month=10/day=07/call_transcripts_20251007.csv,183,18,148532
call_transcripts,dataset/call_transcripts/year=2025/month=10/day=08/call_transcripts_20251008.csv,183,18,147484
call_transcripts,dataset/call_transcripts/year=2025/month=10/day=09/call_transcripts_20251009.csv,145,18,115685
call_transcripts,dataset/call_transcripts/year=2025/month=10/day=10/call_transcripts_20251010.csv,185,18,146059
call_transcripts,dataset/call_transcripts/year=2025/month=10/day=11/call_transcripts_20251011.csv,89,18,70775
call_transcripts,dataset/call_transcripts/year=2025/month=10/day=12/call_transcripts_20251012.csv,81,18,65419
call_transcripts,dataset/call_transcripts/year=2025/month=10/day=13/call_transcripts_20251013.csv,224,18,178527
call_transcripts,dataset/call_transcripts/year=2025/month=10/day=14/call_transcripts_20251014.csv,170,18,138333
call_transcripts,dataset/call_transcripts/year=2025/month=10/day=15/call_transcripts_20251015.csv,204,18,161075
call_transcripts,dataset/call_transcripts/year=2025/month=10/day=16/call_transcripts_20251016.csv,214,18,167222
call_transcripts,dataset/call_transcripts/year=2025/month=10/day=17/call_transcripts_20251017.csv,168,18,133236
call_transcripts,dataset/call_transcripts/year=2025/month=10/day=18/call_transcripts_20251018.csv,97,18,74807
call_transcripts,dataset/call_transcripts/year=2025/month=10/day=19/call_transcripts_20251019.csv,86,18,67685
call_transcripts,dataset/call_transcripts/year=2025/month=10/day=20/call_transcripts_20251020.csv,208,18,166524
call_transcripts,dataset/call_transcripts/year=2025/month=10/day=21/call_transcripts_20251021.csv,168,18,133148
call_transcripts,dataset/call_transcripts/year=2025/month=10/day=22/call_transcripts_20251022.csv,155,18,122885
call_transcripts,dataset/call_transcripts/year=2025/month=10/day=23/call_transcripts_20251023.csv,190,18,154308
call_transcripts,dataset/call_transcripts/year=2025/month=10/day=24/call_transcripts_20251024.csv,166,18,134643
call_transcripts,dataset/call_transcripts/year=2025/month=10/day=25/call_transcripts_20251025.csv,72,18,58730
call_transcripts,dataset/call_transcripts/year=2025/month=10/day=26/call_transcripts_20251026.csv,66,18,54083
call_transcripts,dataset/call_transcripts/year=2025/month=10/day=27/call_transcripts_20251027.csv,152,18,121851
call_transcripts,dataset/call_transcripts/year=2025/month=10/day=28/call_transcripts_20251028.csv,129,18,103450
call_transcripts,dataset/call_transcripts/year=2025/month=10/day=29/call_transcripts_20251029.csv,165,18,127825
call_transcripts,dataset/call_transcripts/year=2025/month=10/day=30/call_transcripts_20251030.csv,175,18,141068
call_transcripts,dataset/call_transcripts/year=2025/month=10/day=31/call_transcripts_20251031.csv,150,18,120714
call_transcripts,dataset/call_transcripts/year=2025/month=11/day=01/call_transcripts_20251101.csv,80,18,62637
call_transcripts,dataset/call_transcripts/year=2025/month=11/day=02/call_transcripts_20251102.csv,71,18,57682
call_transcripts,dataset/call_transcripts/year=2025/month=11/day=03/call_transcripts_20251103.csv,195,18,154651
call_transcripts,dataset/call_transcripts/year=2025/month=11/day=04/call_transcripts_20251104.csv,175,18,139067
call_transcripts,dataset/call_transcripts/year=2025/month=11/day=05/call_transcripts_20251105.csv,171,18,135305
call_transcripts,dataset/call_transcripts/year=2025/month=11/day=06/call_transcripts_20251106.csv,183,18,147192
call_transcripts,dataset/call_transcripts/year=2025/month=11/day=07/call_transcripts_20251107.csv,193,18,155951
call_transcripts,dataset/call_transcripts/year=2025/month=11/day=08/call_transcripts_20251108.csv,98,18,77748
call_transcripts,dataset/call_transcripts/year=2025/month=11/day=09/call_transcripts_20251109.csv,87,18,70762
call_transcripts,dataset/call_transcripts/year=2025/month=11/day=10/call_transcripts_20251110.csv,148,18,116740
call_transcripts,dataset/call_transcripts/year=2025/month=11/day=11/call_transcripts_20251111.csv,206,18,162285
call_transcripts,dataset/call_transcripts/year=2025/month=11/day=12/call_transcripts_20251112.csv,176,18,144884
call_transcripts,dataset/call_transcripts/year=2025/month=11/day=13/call_transcripts_20251113.csv,212,18,170685
call_transcripts,dataset/call_transcripts/year=2025/month=11/day=14/call_transcripts_20251114.csv,167,18,129667
call_transcripts,dataset/call_transcripts/year=2025/month=11/day=15/call_transcripts_20251115.csv,76,18,59131
call_transcripts,dataset/call_transcripts/year=2025/month=11/day=16/call_transcripts_20251116.csv,67,18,53394
call_transcripts,dataset/call_transcripts/year=2025/month=11/day=17/call_transcripts_20251117.csv,185,18,148449
call_transcripts,dataset/call_transcripts/year=2025/month=11/day=18/call_transcripts_20251118.csv,224,18,180850
call_transcripts,dataset/call_transcripts/year=2025/month=11/day=19/call_transcripts_20251119.csv,205,18,163405
call_transcripts,dataset/call_transcripts/year=2025/month=11/day=20/call_transcripts_20251120.csv,186,18,147773
call_transcripts,dataset/call_transcripts/year=2025/month=11/day=21/call_transcripts_20251121.csv,214,18,172304
call_transcripts,dataset/call_transcripts/year=2025/month=11/day=22/call_transcripts_20251122.csv,92,18,74362
call_transcripts,dataset/call_transcripts/year=2025/month=11/day=23/call_transcripts_20251123.csv,92,18,72602
call_transcripts,dataset/call_transcripts/year=2025/month=11/day=24/call_transcripts_20251124.csv,208,18,165803
call_transcripts,dataset/call_transcripts/year=2025/month=11/day=25/call_transcripts_20251125.csv,195,18,155613
call_transcripts,dataset/call_transcripts/year=2025/month=11/day=26/call_transcripts_20251126.csv,229,18,183435
call_transcripts,dataset/call_transcripts/year=2025/month=11/day=27/call_transcripts_20251127.csv,160,18,125798
call_transcripts,dataset/call_transcripts/year=2025/month=11/day=28/call_transcripts_20251128.csv,168,18,136211
call_transcripts,dataset/call_transcripts/year=2025/month=11/day=29/call_transcripts_20251129.csv,97,18,75072
call_transcripts,dataset/call_transcripts/year=2025/month=11/day=30/call_transcripts_20251130.csv,94,18,74119
call_transcripts,dataset/call_transcripts/year=2025/month=12/day=01/call_transcripts_20251201.csv,169,18,136639
call_transcripts,dataset/call_transcripts/year=2025/month=12/day=02/call_transcripts_20251202.csv,209,18,168937
call_transcripts,dataset/call_transcripts/year=2025/month=12/day=03/call_transcripts_20251203.csv,140,18,111518
call_transcripts,dataset/call_transcripts/year=2025/month=12/day=04/call_transcripts_20251204.csv,192,18,154942
call_transcripts,dataset/call_transcripts/year=2025/month=12/day=05/call_transcripts_20251205.csv,186,18,149829
call_transcripts,dataset/call_transcripts/year=2025/month=12/day=06/call_transcripts_20251206.csv,87,18,68262
call_transcripts,dataset/call_transcripts/year=2025/month=12/day=07/call_transcripts_20251207.csv,75,18,61688
call_transcripts,dataset/call_transcripts/year=2025/month=12/day=08/call_transcripts_20251208.csv,193,18,155518
call_transcripts,dataset/call_transcripts/year=2025/month=12/day=09/call_transcripts_20251209.csv,210,18,166043
call_transcripts,dataset/call_transcripts/year=2025/month=12/day=10/call_transcripts_20251210.csv,193,18,152197
call_transcripts,dataset/call_transcripts/year=2025/month=12/day=11/call_transcripts_20251211.csv,201,18,162550
call_transcripts,dataset/call_transcripts/year=2025/month=12/day=12/call_transcripts_20251212.csv,178,18,139651
call_transcripts,dataset/call_transcripts/year=2025/month=12/day=13/call_transcripts_20251213.csv,94,18,74458
call_transcripts,dataset/call_transcripts/year=2025/month=12/day=14/call_transcripts_20251214.csv,84,18,67525
call_transcripts,dataset/call_transcripts/year=2025/month=12/day=15/call_transcripts_20251215.csv,175,18,139534
call_transcripts,dataset/call_transcripts/year=2025/month=12/day=16/call_transcripts_20251216.csv,206,18,166282
call_transcripts,dataset/call_transcripts/year=2025/month=12/day=17/call_transcripts_20251217.csv,147,18,118162
call_transcripts,dataset/call_transcripts/year=2025/month=12/day=18/call_transcripts_20251218.csv,203,18,163181
call_transcripts,dataset/call_transcripts/year=2025/month=12/day=19/call_transcripts_20251219.csv,174,18,139877
call_transcripts,dataset/call_transcripts/year=2025/month=12/day=20/call_transcripts_20251220.csv,95,18,74265
call_transcripts,dataset/call_transcripts/year=2025/month=12/day=21/call_transcripts_20251221.csv,96,18,75337
call_transcripts,dataset/call_transcripts/year=2025/month=12/day=22/call_transcripts_20251222.csv,182,18,147293
call_transcripts,dataset/call_transcripts/year=2025/month=12/day=23/call_transcripts_20251223.csv,227,18,185179
call_transcripts,dataset/call_transcripts/year=2025/month=12/day=24/call_transcripts_20251224.csv,166,18,133426
call_transcripts,dataset/call_transcripts/year=2025/month=12/day=25/call_transcripts_20251225.csv,152,18,122384
call_transcripts,dataset/call_transcripts/year=2025/month=12/day=26/call_transcripts_20251226.csv,196,18,157964
call_transcripts,dataset/call_transcripts/year=2025/month=12/day=27/call_transcripts_20251227.csv,78,18,62817
call_transcripts,dataset/call_transcripts/year=2025/month=12/day=28/call_transcripts_20251228.csv,92,18,71750
call_transcripts,dataset/call_transcripts/year=2025/month=12/day=29/call_transcripts_20251229.csv,187,18,149126
call_transcripts,dataset/call_transcripts/year=2025/month=12/day=30/call_transcripts_20251230.csv,171,18,135419
call_transcripts,dataset/call_transcripts/year=2025/month=12/day=31/call_transcripts_20251231.csv,224,18,179504
call_transcripts,dataset/call_transcripts/year=2026/month=01/day=01/call_transcripts_20260101.csv,200,18,160632
call_transcripts,dataset/call_transcripts/year=2026/month=01/day=02/call_transcripts_20260102.csv,137,18,107947
call_transcripts,dataset/call_transcripts/year=2026/month=01/day=03/call_transcripts_20260103.csv,105,18,84889
call_transcripts,dataset/call_transcripts/year=2026/month=01/day=04/call_transcripts_20260104.csv,101,18,80414
call_transcripts,dataset/call_transcripts/year=2026/month=01/day=05/call_transcripts_20260105.csv,145,18,117193
call_transcripts,dataset/call_transcripts/year=2026/month=01/day=06/call_transcripts_20260106.csv,157,18,124456
call_transcripts,dataset/call_transcripts/year=2026/month=01/day=07/call_transcripts_20260107.csv,178,18,139114
call_transcripts,dataset/call_transcripts/year=2026/month=01/day=08/call_transcripts_20260108.csv,155,18,121161
call_transcripts,dataset/call_transcripts/year=2026/month=01/day=09/call_transcripts_20260109.csv,160,18,127548
call_transcripts,dataset/call_transcripts/year=2026/month=01/day=10/call_transcripts_20260110.csv,73,18,59055
call_transcripts,dataset/call_transcripts/year=2026/month=01/day=11/call_transcripts_20260111.csv,72,18,57774
call_transcripts,dataset/call_transcripts/year=2026/month=01/day=12/call_transcripts_20260112.csv,165,18,133446
call_transcripts,dataset/call_transcripts/year=2026/month=01/day=13/call_transcripts_20260113.csv,145,18,115443
call_transcripts,dataset/call_transcripts/year=2026/month=01/day=14/call_transcripts_20260114.csv,168,18,131385
call_transcripts,dataset/call_transcripts/year=2026/month=01/day=15/call_transcripts_20260115.csv,217,18,170663
call_transcripts,dataset/call_transcripts/year=2026/month=01/day=16/call_transcripts_20260116.csv,178,18,146533
call_transcripts,dataset/call_transcripts/year=2026/month=01/day=17/call_transcripts_20260117.csv,94,18,76024
call_transcripts,dataset/call_transcripts/year=2026/month=01/day=18/call_transcripts_20260118.csv,82,18,64987
call_transcripts,dataset/call_transcripts/year=2026/month=01/day=19/call_transcripts_20260119.csv,205,18,163178
call_transcripts,dataset/call_transcripts/year=2026/month=01/day=20/call_transcripts_20260120.csv,198,18,156923
call_transcripts,dataset/call_transcripts/year=2026/month=01/day=21/call_transcripts_20260121.csv,189,18,151850
call_transcripts,dataset/call_transcripts/year=2026/month=01/day=22/call_transcripts_20260122.csv,218,18,175178
call_transcripts,dataset/call_transcripts/year=2026/month=01/day=23/call_transcripts_20260123.csv,166,18,133308
call_transcripts,dataset/call_transcripts/year=2026/month=01/day=24/call_transcripts_20260124.csv,80,18,63994
call_transcripts,dataset/call_transcripts/year=2026/month=01/day=25/call_transcripts_20260125.csv,71,18,56847
call_transcripts,dataset/call_transcripts/year=2026/month=01/day=26/call_transcripts_20260126.csv,216,18,170712
call_transcripts,dataset/call_transcripts/year=2026/month=01/day=27/call_transcripts_20260127.csv,183,18,146920
call_transcripts,dataset/call_transcripts/year=2026/month=01/day=28/call_transcripts_20260128.csv,143,18,117421
call_transcripts,dataset/call_transcripts/year=2026/month=01/day=29/call_transcripts_20260129.csv,162,18,130897
call_transcripts,dataset/call_transcripts/year=2026/month=01/day=30/call_transcripts_20260130.csv,196,18,156325
call_transcripts,dataset/call_transcripts/year=2026/month=01/day=31/call_transcripts_20260131.csv,79,18,63733
call_transcripts,dataset/call_transcripts/year=2026/month=02/day=01/call_transcripts_20260201.csv,100,18,81350
call_transcripts,dataset/call_transcripts/year=2026/month=02/day=02/call_transcripts_20260202.csv,165,18,131594
call_transcripts,dataset/call_transcripts/year=2026/month=02/day=03/call_transcripts_20260203.csv,182,18,147052
call_transcripts,dataset/call_transcripts/year=2026/month=02/day=04/call_transcripts_20260204.csv,135,18,109339
call_transcripts,dataset/call_transcripts/year=2026/month=02/day=05/call_transcripts_20260205.csv,209,18,169371
call_transcripts,dataset/call_transcripts/year=2026/month=02/day=06/call_transcripts_20260206.csv,193,18,154013
call_transcripts,dataset/call_transcripts/year=2026/month=02/day=07/call_transcripts_20260207.csv,107,18,86155
call_transcripts,dataset/call_transcripts/year=2026/month=02/day=08/call_transcripts_20260208.csv,99,18,78772
call_transcripts,dataset/call_transcripts/year=2026/month=02/day=09/call_transcripts_20260209.csv,163,18,130529
call_transcripts,dataset/call_transcripts/year=2026/month=02/day=10/call_transcripts_20260210.csv,186,18,147608
call_transcripts,dataset/call_transcripts/year=2026/month=02/day=11/call_transcripts_20260211.csv,214,18,171291
call_transcripts,dataset/call_transcripts/year=2026/month=02/day=12/call_transcripts_20260212.csv,149,18,120750
call_transcripts,dataset/call_transcripts/year=2026/month=02/day=13/call_transcripts_20260213.csv,208,18,171586
call_transcripts,dataset/call_transcripts/year=2026/month=02/day=14/call_transcripts_20260214.csv,98,18,77220
call_transcripts,dataset/call_transcripts/year=2026/month=02/day=15/call_transcripts_20260215.csv,90,18,70523
call_transcripts,dataset/call_transcripts/year=2026/month=02/day=16/call_transcripts_20260216.csv,158,18,127163
call_transcripts,dataset/call_transcripts/year=2026/month=02/day=17/call_transcripts_20260217.csv,152,18,124591
call_transcripts,dataset/call_transcripts/year=2026/month=02/day=18/call_transcripts_20260218.csv,169,18,135321
call_transcripts,dataset/call_transcripts/year=2026/month=02/day=19/call_transcripts_20260219.csv,166,18,133791
call_transcripts,dataset/call_transcripts/year=2026/month=02/day=20/call_transcripts_20260220.csv,163,18,130035
call_transcripts,dataset/call_transcripts/year=2026/month=02/day=21/call_transcripts_20260221.csv,107,18,85885
call_transcripts,dataset/call_transcripts/year=2026/month=02/day=22/call_transcripts_20260222.csv,89,18,68893
call_transcripts,dataset/call_transcripts/year=2026/month=02/day=23/call_transcripts_20260223.csv,204,18,162398
call_transcripts,dataset/call_transcripts/year=2026/month=02/day=24/call_transcripts_20260224.csv,215,18,169643
call_transcripts,dataset/call_transcripts/year=2026/month=02/day=25/call_transcripts_20260225.csv,230,18,183662
call_transcripts,dataset/call_transcripts/year=2026/month=02/day=26/call_transcripts_20260226.csv,205,18,165134
call_transcripts,dataset/call_transcripts/year=2026/month=02/day=27/call_transcripts_20260227.csv,228,18,181714
call_transcripts,dataset/call_transcripts/year=2026/month=02/day=28/call_transcripts_20260228.csv,95,18,75359
call_transcripts,dataset/call_transcripts/year=2026/month=03/day=01/call_transcripts_20260301.csv,108,18,87751
call_transcripts,dataset/call_transcripts/year=2026/month=03/day=02/call_transcripts_20260302.csv,213,18,170857
call_transcripts,dataset/call_transcripts/year=2026/month=03/day=03/call_transcripts_20260303.csv,183,18,148704
call_transcripts,dataset/call_transcripts/year=2026/month=03/day=04/call_transcripts_20260304.csv,227,18,178795
call_transcripts,dataset/call_transcripts/year=2026/month=03/day=05/call_transcripts_20260305.csv,217,18,174633
call_transcripts,dataset/call_transcripts/year=2026/month=03/day=06/call_transcripts_20260306.csv,178,18,143386
call_transcripts,dataset/call_transcripts/year=2026/month=03/day=07/call_transcripts_20260307.csv,83,18,66542
call_transcripts,dataset/call_transcripts/year=2026/month=03/day=08/call_transcripts_20260308.csv,122,18,99754
call_transcripts,dataset/call_transcripts/year=2026/month=03/day=09/call_transcripts_20260309.csv,194,18,153106
call_transcripts,dataset/call_transcripts/year=2026/month=03/day=10/call_transcripts_20260310.csv,152,18,118996
call_transcripts,dataset/call_transcripts/year=2026/month=03/day=11/call_transcripts_20260311.csv,230,18,182310
call_transcripts,dataset/call_transcripts/year=2026/month=03/day=12/call_transcripts_20260312.csv,236,18,191071
call_transcripts,dataset/call_transcripts/year=2026/month=03/day=13/call_transcripts_20260313.csv,201,18,156215
call_transcripts,dataset/call_transcripts/year=2026/month=03/day=14/call_transcripts_20260314.csv,93,18,75735
call_transcripts,dataset/call_transcripts/year=2026/month=03/day=15/call_transcripts_20260315.csv,98,18,79309
call_transcripts,dataset/call_transcripts/year=2026/month=03/day=16/call_transcripts_20260316.csv,213,18,172757
call_transcripts,dataset/call_transcripts/year=2026/month=03/day=17/call_transcripts_20260317.csv,187,18,148351
call_transcripts,dataset/call_transcripts/year=2026/month=03/day=18/call_transcripts_20260318.csv,186,18,147883
call_transcripts,dataset/call_transcripts/year=2026/month=03/day=19/call_transcripts_20260319.csv,178,18,139864
call_transcripts,dataset/call_transcripts/year=2026/month=03/day=20/call_transcripts_20260320.csv,207,18,165534
call_transcripts,dataset/call_transcripts/year=2026/month=03/day=21/call_transcripts_20260321.csv,88,18,70602
call_transcripts,dataset/call_transcripts/year=2026/month=03/day=22/call_transcripts_20260322.csv,94,18,75634
call_transcripts,dataset/call_transcripts/year=2026/month=03/day=23/call_transcripts_20260323.csv,205,18,161861
call_transcripts,dataset/call_transcripts/year=2026/month=03/day=24/call_transcripts_20260324.csv,180,18,144797
call_transcripts,dataset/call_transcripts/year=2026/month=03/day=25/call_transcripts_20260325.csv,208,18,164310
call_transcripts,dataset/call_transcripts/year=2026/month=03/day=26/call_transcripts_20260326.csv,203,18,160680
call_transcripts,dataset/call_transcripts/year=2026/month=03/day=27/call_transcripts_20260327.csv,145,18,113411
call_transcripts,dataset/call_transcripts/year=2026/month=03/day=28/call_transcripts_20260328.csv,104,18,85270
call_transcripts,dataset/call_transcripts/year=2026/month=03/day=29/call_transcripts_20260329.csv,106,18,87227
call_transcripts,dataset/call_transcripts/year=2026/month=03/day=30/call_transcripts_20260330.csv,207,18,166024
call_transcripts,dataset/call_transcripts/year=2026/month=03/day=31/call_transcripts_20260331.csv,195,18,156240
call_transcripts,dataset/call_transcripts/year=2026/month=04/day=01/call_transcripts_20260401.csv,180,18,141192
call_transcripts,dataset/call_transcripts/year=2026/month=04/day=02/call_transcripts_20260402.csv,206,18,163473
call_transcripts,dataset/call_transcripts/year=2026/month=04/day=03/call_transcripts_20260403.csv,135,18,106225
call_transcripts,dataset/call_transcripts/year=2026/month=04/day=04/call_transcripts_20260404.csv,99,18,78897
call_transcripts,dataset/call_transcripts/year=2026/month=04/day=05/call_transcripts_20260405.csv,98,18,78983
call_transcripts,dataset/call_transcripts/year=2026/month=04/day=06/call_transcripts_20260406.csv,128,18,104047
call_transcripts,dataset/call_transcripts/year=2026/month=04/day=07/call_transcripts_20260407.csv,207,18,167475
call_transcripts,dataset/call_transcripts/year=2026/month=04/day=08/call_transcripts_20260408.csv,158,18,123801
call_transcripts,dataset/call_transcripts/year=2026/month=04/day=09/call_transcripts_20260409.csv,168,18,136651
call_transcripts,dataset/call_transcripts/year=2026/month=04/day=10/call_transcripts_20260410.csv,183,18,148926
call_transcripts,dataset/call_transcripts/year=2026/month=04/day=11/call_transcripts_20260411.csv,110,18,87343
call_transcripts,dataset/call_transcripts/year=2026/month=04/day=12/call_transcripts_20260412.csv,82,18,64963
call_transcripts,dataset/call_transcripts/year=2026/month=04/day=13/call_transcripts_20260413.csv,191,18,150469
call_transcripts,dataset/call_transcripts/year=2026/month=04/day=14/call_transcripts_20260414.csv,205,18,167813
call_transcripts,dataset/call_transcripts/year=2026/month=04/day=15/call_transcripts_20260415.csv,167,18,134981
call_transcripts,dataset/call_transcripts/year=2026/month=04/day=16/call_transcripts_20260416.csv,141,18,112875
call_transcripts,dataset/call_transcripts/year=2026/month=04/day=17/call_transcripts_20260417.csv,178,18,142777
call_transcripts,dataset/call_transcripts/year=2026/month=04/day=18/call_transcripts_20260418.csv,114,18,91133
call_transcripts,dataset/call_transcripts/year=2026/month=04/day=19/call_transcripts_20260419.csv,67,18,53022
call_transcripts,dataset/call_transcripts/year=2026/month=04/day=20/call_transcripts_20260420.csv,218,18,174480
call_transcripts,dataset/call_transcripts/year=2026/month=04/day=21/call_transcripts_20260421.csv,145,18,116507
call_transcripts,dataset/call_transcripts/year=2026/month=04/day=22/call_transcripts_20260422.csv,213,18,170522
call_transcripts,dataset/call_transcripts/year=2026/month=04/day=23/call_transcripts_20260423.csv,186,18,146213
call_transcripts,dataset/call_transcripts/year=2026/month=04/day=24/call_transcripts_20260424.csv,196,18,157087
call_transcripts,dataset/call_transcripts/year=2026/month=04/day=25/call_transcripts_20260425.csv,99,18,78640
call_transcripts,dataset/call_transcripts/year=2026/month=04/day=26/call_transcripts_20260426.csv,103,18,81341
call_transcripts,dataset/call_transcripts/year=2026/month=04/day=27/call_transcripts_20260427.csv,191,18,152137
call_transcripts,dataset/call_transcripts/year=2026/month=04/day=28/call_transcripts_20260428.csv,188,18,150945
call_transcripts,dataset/call_transcripts/year=2026/month=04/day=29/call_transcripts_20260429.csv,201,18,160937
call_transcripts,dataset/call_transcripts/year=2026/month=04/day=30/call_transcripts_20260430.csv,183,18,147799
call_transcripts,dataset/call_transcripts/year=2026/month=05/day=01/call_transcripts_20260501.csv,153,18,121976
call_transcripts,dataset/call_transcripts/year=2026/month=05/day=02/call_transcripts_20260502.csv,101,18,82554
call_transcripts,dataset/call_transcripts/year=2026/month=05/day=03/call_transcripts_20260503.csv,93,18,74095
call_transcripts,dataset/call_transcripts/year=2026/month=05/day=04/call_transcripts_20260504.csv,176,18,142661
call_transcripts,dataset/call_transcripts/year=2026/month=05/day=05/call_transcripts_20260505.csv,213,18,168908
call_transcripts,dataset/call_transcripts/year=2026/month=05/day=06/call_transcripts_20260506.csv,170,18,136552
call_transcripts,dataset/call_transcripts/year=2026/month=05/day=07/call_transcripts_20260507.csv,154,18,124647
call_transcripts,dataset/call_transcripts/year=2026/month=05/day=08/call_transcripts_20260508.csv,214,18,170936
call_transcripts,dataset/call_transcripts/year=2026/month=05/day=09/call_transcripts_20260509.csv,101,18,81270
call_transcripts,dataset/call_transcripts/year=2026/month=05/day=10/call_transcripts_20260510.csv,98,18,79861
call_transcripts,dataset/call_transcripts/year=2026/month=05/day=11/call_transcripts_20260511.csv,167,18,137551
call_transcripts,dataset/call_transcripts/year=2026/month=05/day=12/call_transcripts_20260512.csv,174,18,136106
call_transcripts,dataset/call_transcripts/year=2026/month=05/day=13/call_transcripts_20260513.csv,178,18,144262
call_transcripts,dataset/call_transcripts/year=2026/month=05/day=14/call_transcripts_20260514.csv,160,18,128126
call_transcripts,dataset/call_transcripts/year=2026/month=05/day=15/call_transcripts_20260515.csv,199,18,160719
call_transcripts,dataset/call_transcripts/year=2026/month=05/day=16/call_transcripts_20260516.csv,91,18,72640
call_transcripts,dataset/call_transcripts/year=2026/month=05/day=17/call_transcripts_20260517.csv,102,18,82113
call_transcripts,dataset/call_transcripts/year=2026/month=05/day=18/call_transcripts_20260518.csv,141,18,111234
call_transcripts,dataset/call_transcripts/year=2026/month=05/day=19/call_transcripts_20260519.csv,165,18,131206
call_transcripts,dataset/call_transcripts/year=2026/month=05/day=20/call_transcripts_20260520.csv,202,18,163735
call_transcripts,dataset/call_transcripts/year=2026/month=05/day=21/call_transcripts_20260521.csv,165,18,132820
call_transcripts,dataset/call_transcripts/year=2026/month=05/day=22/call_transcripts_20260522.csv,159,18,130340
call_transcripts,dataset/call_transcripts/year=2026/month=05/day=23/call_transcripts_20260523.csv,89,18,70574
call_transcripts,dataset/call_transcripts/year=2026/month=05/day=24/call_transcripts_20260524.csv,96,18,77423
call_transcripts,dataset/call_transcripts/year=2026/month=05/day=25/call_transcripts_20260525.csv,197,18,159058
call_transcripts,dataset/call_transcripts/year=2026/month=05/day=26/call_transcripts_20260526.csv,181,18,143706
call_transcripts,dataset/call_transcripts/year=2026/month=05/day=27/call_transcripts_20260527.csv,209,18,165885
call_transcripts,dataset/call_transcripts/year=2026/month=05/day=28/call_transcripts_20260528.csv,156,18,129649
call_transcripts,dataset/call_transcripts/year=2026/month=05/day=29/call_transcripts_20260529.csv,188,18,153259
call_transcripts,dataset/call_transcripts/year=2026/month=05/day=30/call_transcripts_20260530.csv,81,18,65872
call_transcripts,dataset/call_transcripts/year=2026/month=05/day=31/call_transcripts_20260531.csv,97,18,77546
call_transcripts,dataset/call_transcripts/year=2026/month=06/day=01/call_transcripts_20260601.csv,222,18,179577
call_transcripts,dataset/call_transcripts/year=2026/month=06/day=02/call_transcripts_20260602.csv,180,18,144791
call_transcripts,dataset/call_transcripts/year=2026/month=06/day=03/call_transcripts_20260603.csv,148,18,117521
call_transcripts,dataset/call_transcripts/year=2026/month=06/day=04/call_transcripts_20260604.csv,163,18,126090
call_transcripts,dataset/call_transcripts/year=2026/month=06/day=05/call_transcripts_20260605.csv,150,18,118734
call_transcripts,dataset/call_transcripts/year=2026/month=06/day=06/call_transcripts_20260606.csv,104,18,81937
call_transcripts,dataset/call_transcripts/year=2026/month=06/day=07/call_transcripts_20260607.csv,95,18,74745
call_transcripts,dataset/call_transcripts/year=2026/month=06/day=08/call_transcripts_20260608.csv,229,18,186156
call_transcripts,dataset/call_transcripts/year=2026/month=06/day=09/call_transcripts_20260609.csv,160,18,127685
call_transcripts,dataset/call_transcripts/year=2026/month=06/day=10/call_transcripts_20260610.csv,204,18,167878
call_transcripts,dataset/call_transcripts/year=2026/month=06/day=11/call_transcripts_20260611.csv,200,18,158790
call_transcripts,dataset/call_transcripts/year=2026/month=06/day=12/call_transcripts_20260612.csv,167,18,136334
call_transcripts,dataset/call_transcripts/year=2026/month=06/day=13/call_transcripts_20260613.csv,96,18,75382
call_transcripts,dataset/call_transcripts/year=2026/month=06/day=14/call_transcripts_20260614.csv,83,18,65786
call_transcripts,dataset/call_transcripts/year=2026/month=06/day=15/call_transcripts_20260615.csv,229,18,183611
call_transcripts,dataset/call_transcripts/year=2026/month=06/day=16/call_transcripts_20260616.csv,203,18,164035
call_transcripts,dataset/call_transcripts/year=2026/month=06/day=17/call_transcripts_20260617.csv,151,18,124401
campaign_sends,dataset/campaign_sends/year=2023/month=07/day=01/campaign_sends_20230701.csv,1159,22,243438
campaign_sends,dataset/campaign_sends/year=2023/month=07/day=02/campaign_sends_20230702.csv,1189,22,233215
campaign_sends,dataset/campaign_sends/year=2023/month=07/day=03/campaign_sends_20230703.csv,1632,22,320061
campaign_sends,dataset/campaign_sends/year=2023/month=07/day=04/campaign_sends_20230704.csv,2177,22,426080
campaign_sends,dataset/campaign_sends/year=2023/month=07/day=05/campaign_sends_20230705.csv,1599,22,313450
campaign_sends,dataset/campaign_sends/year=2023/month=07/day=06/campaign_sends_20230706.csv,1553,22,292320
campaign_sends,dataset/campaign_sends/year=2023/month=07/day=07/campaign_sends_20230707.csv,1646,22,311538
campaign_sends,dataset/campaign_sends/year=2023/month=07/day=08/campaign_sends_20230708.csv,1288,22,244152
campaign_sends,dataset/campaign_sends/year=2023/month=07/day=09/campaign_sends_20230709.csv,1089,22,206229
campaign_sends,dataset/campaign_sends/year=2023/month=07/day=10/campaign_sends_20230710.csv,1715,22,319819
campaign_sends,dataset/campaign_sends/year=2023/month=07/day=11/campaign_sends_20230711.csv,2059,22,385556
campaign_sends,dataset/campaign_sends/year=2023/month=07/day=12/campaign_sends_20230712.csv,1770,22,330761
campaign_sends,dataset/campaign_sends/year=2023/month=07/day=13/campaign_sends_20230713.csv,1939,22,361209
campaign_sends,dataset/campaign_sends/year=2023/month=07/day=14/campaign_sends_20230714.csv,2057,22,385215
campaign_sends,dataset/campaign_sends/year=2023/month=07/day=15/campaign_sends_20230715.csv,968,22,180450
campaign_sends,dataset/campaign_sends/year=2023/month=07/day=16/campaign_sends_20230716.csv,1119,22,208716
campaign_sends,dataset/campaign_sends/year=2023/month=07/day=17/campaign_sends_20230717.csv,2028,22,377560
campaign_sends,dataset/campaign_sends/year=2023/month=07/day=18/campaign_sends_20230718.csv,1931,22,361366
campaign_sends,dataset/campaign_sends/year=2023/month=07/day=19/campaign_sends_20230719.csv,1517,22,284187
campaign_sends,dataset/campaign_sends/year=2023/month=07/day=20/campaign_sends_20230720.csv,1649,22,309285
campaign_sends,dataset/campaign_sends/year=2023/month=07/day=21/campaign_sends_20230721.csv,1679,22,313285
campaign_sends,dataset/campaign_sends/year=2023/month=07/day=22/campaign_sends_20230722.csv,915,22,171522
campaign_sends,dataset/campaign_sends/year=2023/month=07/day=23/campaign_sends_20230723.csv,1032,22,194028
campaign_sends,dataset/campaign_sends/year=2023/month=07/day=24/campaign_sends_20230724.csv,1680,22,314556
campaign_sends,dataset/campaign_sends/year=2023/month=07/day=25/campaign_sends_20230725.csv,1518,22,284585
campaign_sends,dataset/campaign_sends/year=2023/month=07/day=26/campaign_sends_20230726.csv,1603,22,299711
campaign_sends,dataset/campaign_sends/year=2023/month=07/day=27/campaign_sends_20230727.csv,1793,22,332706
campaign_sends,dataset/campaign_sends/year=2023/month=07/day=28/campaign_sends_20230728.csv,1683,22,313030
campaign_sends,dataset/campaign_sends/year=2023/month=07/day=29/campaign_sends_20230729.csv,1211,22,225645
campaign_sends,dataset/campaign_sends/year=2023/month=07/day=30/campaign_sends_20230730.csv,1020,22,188861
campaign_sends,dataset/campaign_sends/year=2023/month=07/day=31/campaign_sends_20230731.csv,1523,22,282852
campaign_sends,dataset/campaign_sends/year=2023/month=08/day=01/campaign_sends_20230801.csv,1891,22,351308
campaign_sends,dataset/campaign_sends/year=2023/month=08/day=02/campaign_sends_20230802.csv,2174,22,403084
campaign_sends,dataset/campaign_sends/year=2023/month=08/day=03/campaign_sends_20230803.csv,1850,22,343613
campaign_sends,dataset/campaign_sends/year=2023/month=08/day=04/campaign_sends_20230804.csv,1837,22,341106
campaign_sends,dataset/campaign_sends/year=2023/month=08/day=05/campaign_sends_20230805.csv,985,22,184384
campaign_sends,dataset/campaign_sends/year=2023/month=08/day=06/campaign_sends_20230806.csv,1013,22,188496
campaign_sends,dataset/campaign_sends/year=2023/month=08/day=07/campaign_sends_20230807.csv,1745,22,324193
campaign_sends,dataset/campaign_sends/year=2023/month=08/day=08/campaign_sends_20230808.csv,2153,22,400214
campaign_sends,dataset/campaign_sends/year=2023/month=08/day=09/campaign_sends_20230809.csv,1896,22,353164
campaign_sends,dataset/campaign_sends/year=2023/month=08/day=10/campaign_sends_20230810.csv,1663,22,309378
campaign_sends,dataset/campaign_sends/year=2023/month=08/day=11/campaign_sends_20230811.csv,1984,22,370634
campaign_sends,dataset/campaign_sends/year=2023/month=08/day=12/campaign_sends_20230812.csv,1203,22,225074
campaign_sends,dataset/campaign_sends/year=2023/month=08/day=13/campaign_sends_20230813.csv,892,22,166824
campaign_sends,dataset/campaign_sends/year=2023/month=08/day=14/campaign_sends_20230814.csv,1957,22,364389
campaign_sends,dataset/campaign_sends/year=2023/month=08/day=15/campaign_sends_20230815.csv,1592,22,294740
campaign_sends,dataset/campaign_sends/year=2023/month=08/day=16/campaign_sends_20230816.csv,1651,22,305192
campaign_sends,dataset/campaign_sends/year=2023/month=08/day=17/campaign_sends_20230817.csv,1972,22,367009
campaign_sends,dataset/campaign_sends/year=2023/month=08/day=18/campaign_sends_20230818.csv,2073,22,385228
campaign_sends,dataset/campaign_sends/year=2023/month=08/day=19/campaign_sends_20230819.csv,1235,22,233411
campaign_sends,dataset/campaign_sends/year=2023/month=08/day=20/campaign_sends_20230820.csv,1170,22,221588
campaign_sends,dataset/campaign_sends/year=2023/month=08/day=21/campaign_sends_20230821.csv,1559,22,291583
campaign_sends,dataset/campaign_sends/year=2023/month=08/day=22/campaign_sends_20230822.csv,2082,22,402499
campaign_sends,dataset/campaign_sends/year=2023/month=08/day=23/campaign_sends_20230823.csv,1741,22,338324
campaign_sends,dataset/campaign_sends/year=2023/month=08/day=24/campaign_sends_20230824.csv,2106,22,407510
campaign_sends,dataset/campaign_sends/year=2023/month=08/day=25/campaign_sends_20230825.csv,1578,22,306232
campaign_sends,dataset/campaign_sends/year=2023/month=08/day=26/campaign_sends_20230826.csv,1251,22,240672
campaign_sends,dataset/campaign_sends/year=2023/month=08/day=27/campaign_sends_20230827.csv,1280,22,248035
campaign_sends,dataset/campaign_sends/year=2023/month=08/day=28/campaign_sends_20230828.csv,1586,22,305611
campaign_sends,dataset/campaign_sends/year=2023/month=08/day=29/campaign_sends_20230829.csv,1987,22,381657
campaign_sends,dataset/campaign_sends/year=2023/month=08/day=30/campaign_sends_20230830.csv,2115,22,405559
campaign_sends,dataset/campaign_sends/year=2023/month=08/day=31/campaign_sends_20230831.csv,1963,22,373281
campaign_sends,dataset/campaign_sends/year=2023/month=09/day=01/campaign_sends_20230901.csv,2038,22,385976
campaign_sends,dataset/campaign_sends/year=2023/month=09/day=02/campaign_sends_20230902.csv,1246,22,236671
campaign_sends,dataset/campaign_sends/year=2023/month=09/day=03/campaign_sends_20230903.csv,903,22,170918
campaign_sends,dataset/campaign_sends/year=2023/month=09/day=04/campaign_sends_20230904.csv,1531,22,292544
campaign_sends,dataset/campaign_sends/year=2023/month=09/day=05/campaign_sends_20230905.csv,1626,22,304548
campaign_sends,dataset/campaign_sends/year=2023/month=09/day=06/campaign_sends_20230906.csv,1649,22,313120
campaign_sends,dataset/campaign_sends/year=2023/month=09/day=07/campaign_sends_20230907.csv,1714,22,325889
campaign_sends,dataset/campaign_sends/year=2023/month=09/day=08/campaign_sends_20230908.csv,1915,22,364133
campaign_sends,dataset/campaign_sends/year=2023/month=09/day=09/campaign_sends_20230909.csv,882,22,167650
campaign_sends,dataset/campaign_sends/year=2023/month=09/day=10/campaign_sends_20230910.csv,1091,22,202179
campaign_sends,dataset/campaign_sends/year=2023/month=09/day=11/campaign_sends_20230911.csv,1800,22,335917
campaign_sends,dataset/campaign_sends/year=2023/month=09/day=12/campaign_sends_20230912.csv,1506,22,280096
campaign_sends,dataset/campaign_sends/year=2023/month=09/day=13/campaign_sends_20230913.csv,1710,22,315754
campaign_sends,dataset/campaign_sends/year=2023/month=09/day=14/campaign_sends_20230914.csv,1632,22,302803
campaign_sends,dataset/campaign_sends/year=2023/month=09/day=15/campaign_sends_20230915.csv,1802,22,332784
campaign_sends,dataset/campaign_sends/year=2023/month=09/day=16/campaign_sends_20230916.csv,1129,22,208002
campaign_sends,dataset/campaign_sends/year=2023/month=09/day=17/campaign_sends_20230917.csv,1283,22,237490
campaign_sends,dataset/campaign_sends/year=2023/month=09/day=18/campaign_sends_20230918.csv,1488,22,275450
campaign_sends,dataset/campaign_sends/year=2023/month=09/day=19/campaign_sends_20230919.csv,1576,22,290310
campaign_sends,dataset/campaign_sends/year=2023/month=09/day=20/campaign_sends_20230920.csv,2149,22,398571
campaign_sends,dataset/campaign_sends/year=2023/month=09/day=21/campaign_sends_20230921.csv,2157,22,398966
campaign_sends,dataset/campaign_sends/year=2023/month=09/day=22/campaign_sends_20230922.csv,1545,22,286421
campaign_sends,dataset/campaign_sends/year=2023/month=09/day=23/campaign_sends_20230923.csv,1201,22,222872
campaign_sends,dataset/campaign_sends/year=2023/month=09/day=24/campaign_sends_20230924.csv,1042,22,191839
campaign_sends,dataset/campaign_sends/year=2023/month=09/day=25/campaign_sends_20230925.csv,1501,22,277375
campaign_sends,dataset/campaign_sends/year=2023/month=09/day=26/campaign_sends_20230926.csv,1658,22,305316
campaign_sends,dataset/campaign_sends/year=2023/month=09/day=27/campaign_sends_20230927.csv,1890,22,348393
campaign_sends,dataset/campaign_sends/year=2023/month=09/day=28/campaign_sends_20230928.csv,1580,22,291016
campaign_sends,dataset/campaign_sends/year=2023/month=09/day=29/campaign_sends_20230929.csv,1994,22,371661
campaign_sends,dataset/campaign_sends/year=2023/month=09/day=30/campaign_sends_20230930.csv,983,22,182303
campaign_sends,dataset/campaign_sends/year=2023/month=10/day=01/campaign_sends_20231001.csv,1009,22,188617
campaign_sends,dataset/campaign_sends/year=2023/month=10/day=02/campaign_sends_20231002.csv,1501,22,279989
campaign_sends,dataset/campaign_sends/year=2023/month=10/day=03/campaign_sends_20231003.csv,1931,22,358819
campaign_sends,dataset/campaign_sends/year=2023/month=10/day=04/campaign_sends_20231004.csv,2146,22,404684
campaign_sends,dataset/campaign_sends/year=2023/month=10/day=05/campaign_sends_20231005.csv,2073,22,384489
campaign_sends,dataset/campaign_sends/year=2023/month=10/day=06/campaign_sends_20231006.csv,1596,22,298043
campaign_sends,dataset/campaign_sends/year=2023/month=10/day=07/campaign_sends_20231007.csv,1257,22,233821
campaign_sends,dataset/campaign_sends/year=2023/month=10/day=08/campaign_sends_20231008.csv,1300,22,243031
campaign_sends,dataset/campaign_sends/year=2023/month=10/day=09/campaign_sends_20231009.csv,1714,22,318279
campaign_sends,dataset/campaign_sends/year=2023/month=10/day=10/campaign_sends_20231010.csv,1564,22,292723
campaign_sends,dataset/campaign_sends/year=2023/month=10/day=11/campaign_sends_20231011.csv,2008,22,373412
campaign_sends,dataset/campaign_sends/year=2023/month=10/day=12/campaign_sends_20231012.csv,1522,22,285156
campaign_sends,dataset/campaign_sends/year=2023/month=10/day=13/campaign_sends_20231013.csv,1964,22,366552
campaign_sends,dataset/campaign_sends/year=2023/month=10/day=14/campaign_sends_20231014.csv,1282,22,238829
campaign_sends,dataset/campaign_sends/year=2023/month=10/day=15/campaign_sends_20231015.csv,1243,22,231086
campaign_sends,dataset/campaign_sends/year=2023/month=10/day=16/campaign_sends_20231016.csv,1503,22,280378
campaign_sends,dataset/campaign_sends/year=2023/month=10/day=17/campaign_sends_20231017.csv,1632,22,303091
campaign_sends,dataset/campaign_sends/year=2023/month=10/day=18/campaign_sends_20231018.csv,2168,22,404430
campaign_sends,dataset/campaign_sends/year=2023/month=10/day=19/campaign_sends_20231019.csv,1855,22,345248
campaign_sends,dataset/campaign_sends/year=2023/month=10/day=20/campaign_sends_20231020.csv,2055,22,384305
campaign_sends,dataset/campaign_sends/year=2023/month=10/day=21/campaign_sends_20231021.csv,954,22,177319
campaign_sends,dataset/campaign_sends/year=2023/month=10/day=22/campaign_sends_20231022.csv,1021,22,191664
campaign_sends,dataset/campaign_sends/year=2023/month=10/day=23/campaign_sends_20231023.csv,1799,22,336231
campaign_sends,dataset/campaign_sends/year=2023/month=10/day=24/campaign_sends_20231024.csv,1732,22,325488
campaign_sends,dataset/campaign_sends/year=2023/month=10/day=25/campaign_sends_20231025.csv,1859,22,349967
campaign_sends,dataset/campaign_sends/year=2023/month=10/day=26/campaign_sends_20231026.csv,1989,22,373976
campaign_sends,dataset/campaign_sends/year=2023/month=10/day=27/campaign_sends_20231027.csv,1753,22,334270
campaign_sends,dataset/campaign_sends/year=2023/month=10/day=28/campaign_sends_20231028.csv,1255,22,239485
campaign_sends,dataset/campaign_sends/year=2023/month=10/day=29/campaign_sends_20231029.csv,985,22,188387
campaign_sends,dataset/campaign_sends/year=2023/month=10/day=30/campaign_sends_20231030.csv,1644,22,314534
campaign_sends,dataset/campaign_sends/year=2023/month=10/day=31/campaign_sends_20231031.csv,1474,22,284041
campaign_sends,dataset/campaign_sends/year=2023/month=11/day=01/campaign_sends_20231101.csv,2044,22,387339
campaign_sends,dataset/campaign_sends/year=2023/month=11/day=02/campaign_sends_20231102.csv,1822,22,344751
campaign_sends,dataset/campaign_sends/year=2023/month=11/day=03/campaign_sends_20231103.csv,1994,22,377052
campaign_sends,dataset/campaign_sends/year=2023/month=11/day=04/campaign_sends_20231104.csv,1168,22,221189
campaign_sends,dataset/campaign_sends/year=2023/month=11/day=05/campaign_sends_20231105.csv,1284,22,243335
campaign_sends,dataset/campaign_sends/year=2023/month=11/day=06/campaign_sends_20231106.csv,1656,22,317811
campaign_sends,dataset/campaign_sends/year=2023/month=11/day=07/campaign_sends_20231107.csv,1694,22,323262
campaign_sends,dataset/campaign_sends/year=2023/month=11/day=08/campaign_sends_20231108.csv,1544,22,303325
campaign_sends,dataset/campaign_sends/year=2023/month=11/day=09/campaign_sends_20231109.csv,1718,22,334281
campaign_sends,dataset/campaign_sends/year=2023/month=11/day=10/campaign_sends_20231110.csv,2047,22,401126
campaign_sends,dataset/campaign_sends/year=2023/month=11/day=11/campaign_sends_20231111.csv,1034,22,205318
campaign_sends,dataset/campaign_sends/year=2023/month=11/day=12/campaign_sends_20231112.csv,1231,22,243510
campaign_sends,dataset/campaign_sends/year=2023/month=11/day=13/campaign_sends_20231113.csv,1642,22,324396
campaign_sends,dataset/campaign_sends/year=2023/month=11/day=14/campaign_sends_20231114.csv,1796,22,352728
campaign_sends,dataset/campaign_sends/year=2023/month=11/day=15/campaign_sends_20231115.csv,1854,22,366854
campaign_sends,dataset/campaign_sends/year=2023/month=11/day=16/campaign_sends_20231116.csv,1580,22,313905
campaign_sends,dataset/campaign_sends/year=2023/month=11/day=17/campaign_sends_20231117.csv,1834,22,362837
campaign_sends,dataset/campaign_sends/year=2023/month=11/day=18/campaign_sends_20231118.csv,1283,22,252952
campaign_sends,dataset/campaign_sends/year=2023/month=11/day=19/campaign_sends_20231119.csv,1264,22,251199
campaign_sends,dataset/campaign_sends/year=2023/month=11/day=20/campaign_sends_20231120.csv,1912,22,377419
campaign_sends,dataset/campaign_sends/year=2023/month=11/day=21/campaign_sends_20231121.csv,1839,22,366672
campaign_sends,dataset/campaign_sends/year=2023/month=11/day=22/campaign_sends_20231122.csv,2062,22,409561
campaign_sends,dataset/campaign_sends/year=2023/month=11/day=23/campaign_sends_20231123.csv,1632,22,324055
campaign_sends,dataset/campaign_sends/year=2023/month=11/day=24/campaign_sends_20231124.csv,1674,22,330598
campaign_sends,dataset/campaign_sends/year=2023/month=11/day=25/campaign_sends_20231125.csv,988,22,196341
campaign_sends,dataset/campaign_sends/year=2023/month=11/day=26/campaign_sends_20231126.csv,1302,22,254275
campaign_sends,dataset/campaign_sends/year=2023/month=11/day=27/campaign_sends_20231127.csv,1875,22,364091
campaign_sends,dataset/campaign_sends/year=2023/month=11/day=28/campaign_sends_20231128.csv,1993,22,386030
campaign_sends,dataset/campaign_sends/year=2023/month=11/day=29/campaign_sends_20231129.csv,1514,22,292694
campaign_sends,dataset/campaign_sends/year=2023/month=11/day=30/campaign_sends_20231130.csv,1898,22,366371
campaign_sends,dataset/campaign_sends/year=2023/month=12/day=01/campaign_sends_20231201.csv,2137,22,398360
campaign_sends,dataset/campaign_sends/year=2023/month=12/day=02/campaign_sends_20231202.csv,1171,22,218608
campaign_sends,dataset/campaign_sends/year=2023/month=12/day=03/campaign_sends_20231203.csv,1149,22,215876
campaign_sends,dataset/campaign_sends/year=2023/month=12/day=04/campaign_sends_20231204.csv,1552,22,289738
campaign_sends,dataset/campaign_sends/year=2023/month=12/day=05/campaign_sends_20231205.csv,1769,22,329682
campaign_sends,dataset/campaign_sends/year=2023/month=12/day=06/campaign_sends_20231206.csv,2067,22,386216
campaign_sends,dataset/campaign_sends/year=2023/month=12/day=07/campaign_sends_20231207.csv,2078,22,388467
campaign_sends,dataset/campaign_sends/year=2023/month=12/day=08/campaign_sends_20231208.csv,2016,22,378936
campaign_sends,dataset/campaign_sends/year=2023/month=12/day=09/campaign_sends_20231209.csv,1270,22,236983
campaign_sends,dataset/campaign_sends/year=2023/month=12/day=10/campaign_sends_20231210.csv,1074,22,199536
campaign_sends,dataset/campaign_sends/year=2023/month=12/day=11/campaign_sends_20231211.csv,1736,22,330868
campaign_sends,dataset/campaign_sends/year=2023/month=12/day=12/campaign_sends_20231212.csv,2129,22,402892
campaign_sends,dataset/campaign_sends/year=2023/month=12/day=13/campaign_sends_20231213.csv,1625,22,310618
campaign_sends,dataset/campaign_sends/year=2023/month=12/day=14/campaign_sends_20231214.csv,1460,22,276272
campaign_sends,dataset/campaign_sends/year=2023/month=12/day=15/campaign_sends_20231215.csv,1475,22,280987
campaign_sends,dataset/campaign_sends/year=2023/month=12/day=16/campaign_sends_20231216.csv,1019,22,194174
campaign_sends,dataset/campaign_sends/year=2023/month=12/day=17/campaign_sends_20231217.csv,1180,22,219993
campaign_sends,dataset/campaign_sends/year=2023/month=12/day=18/campaign_sends_20231218.csv,2019,22,378730
campaign_sends,dataset/campaign_sends/year=2023/month=12/day=19/campaign_sends_20231219.csv,1796,22,336041
campaign_sends,dataset/campaign_sends/year=2023/month=12/day=20/campaign_sends_20231220.csv,1688,22,314176
campaign_sends,dataset/campaign_sends/year=2023/month=12/day=21/campaign_sends_20231221.csv,2081,22,388835
campaign_sends,dataset/campaign_sends/year=2023/month=12/day=22/campaign_sends_20231222.csv,1691,22,314571
campaign_sends,dataset/campaign_sends/year=2023/month=12/day=23/campaign_sends_20231223.csv,913,22,170004
campaign_sends,dataset/campaign_sends/year=2023/month=12/day=24/campaign_sends_20231224.csv,1094,22,203700
campaign_sends,dataset/campaign_sends/year=2023/month=12/day=25/campaign_sends_20231225.csv,1820,22,330125
campaign_sends,dataset/campaign_sends/year=2023/month=12/day=26/campaign_sends_20231226.csv,1884,22,342177
campaign_sends,dataset/campaign_sends/year=2023/month=12/day=27/campaign_sends_20231227.csv,1850,22,336490
campaign_sends,dataset/campaign_sends/year=2023/month=12/day=28/campaign_sends_20231228.csv,2135,22,386865
campaign_sends,dataset/campaign_sends/year=2023/month=12/day=29/campaign_sends_20231229.csv,1758,22,318442
campaign_sends,dataset/campaign_sends/year=2023/month=12/day=30/campaign_sends_20231230.csv,1308,22,228819
campaign_sends,dataset/campaign_sends/year=2023/month=12/day=31/campaign_sends_20231231.csv,1308,22,227682
campaign_sends,dataset/campaign_sends/year=2024/month=01/day=01/campaign_sends_20240101.csv,1546,22,267715
campaign_sends,dataset/campaign_sends/year=2024/month=01/day=02/campaign_sends_20240102.csv,2093,22,362309
campaign_sends,dataset/campaign_sends/year=2024/month=01/day=03/campaign_sends_20240103.csv,1782,22,310093
campaign_sends,dataset/campaign_sends/year=2024/month=01/day=04/campaign_sends_20240104.csv,2079,22,361934
campaign_sends,dataset/campaign_sends/year=2024/month=01/day=05/campaign_sends_20240105.csv,1923,22,333336
campaign_sends,dataset/campaign_sends/year=2024/month=01/day=06/campaign_sends_20240106.csv,1240,22,215442
campaign_sends,dataset/campaign_sends/year=2024/month=01/day=07/campaign_sends_20240107.csv,1115,22,195492
campaign_sends,dataset/campaign_sends/year=2024/month=01/day=08/campaign_sends_20240108.csv,1474,22,267319
campaign_sends,dataset/campaign_sends/year=2024/month=01/day=09/campaign_sends_20240109.csv,1914,22,343674
campaign_sends,dataset/campaign_sends/year=2024/month=01/day=10/campaign_sends_20240110.csv,1847,22,332557
campaign_sends,dataset/campaign_sends/year=2024/month=01/day=11/campaign_sends_20240111.csv,2148,22,389619
campaign_sends,dataset/campaign_sends/year=2024/month=01/day=12/campaign_sends_20240112.csv,1609,22,293043
campaign_sends,dataset/campaign_sends/year=2024/month=01/day=13/campaign_sends_20240113.csv,1013,22,185130
campaign_sends,dataset/campaign_sends/year=2024/month=01/day=14/campaign_sends_20240114.csv,958,22,177211
campaign_sends,dataset/campaign_sends/year=2024/month=01/day=15/campaign_sends_20240115.csv,1601,22,295618
campaign_sends,dataset/campaign_sends/year=2024/month=01/day=16/campaign_sends_20240116.csv,2089,22,377840
campaign_sends,dataset/campaign_sends/year=2024/month=01/day=17/campaign_sends_20240117.csv,1506,22,271546
campaign_sends,dataset/campaign_sends/year=2024/month=01/day=18/campaign_sends_20240118.csv,2113,22,385973
campaign_sends,dataset/campaign_sends/year=2024/month=01/day=19/campaign_sends_20240119.csv,2115,22,384393
campaign_sends,dataset/campaign_sends/year=2024/month=01/day=20/campaign_sends_20240120.csv,1046,22,189670
campaign_sends,dataset/campaign_sends/year=2024/month=01/day=21/campaign_sends_20240121.csv,991,22,179374
campaign_sends,dataset/campaign_sends/year=2024/month=01/day=22/campaign_sends_20240122.csv,2060,22,375309
campaign_sends,dataset/campaign_sends/year=2024/month=01/day=23/campaign_sends_20240123.csv,1956,22,356041
campaign_sends,dataset/campaign_sends/year=2024/month=01/day=24/campaign_sends_20240124.csv,2104,22,382774
campaign_sends,dataset/campaign_sends/year=2024/month=01/day=25/campaign_sends_20240125.csv,1715,22,310868
campaign_sends,dataset/campaign_sends/year=2024/month=01/day=26/campaign_sends_20240126.csv,1869,22,337656
campaign_sends,dataset/campaign_sends/year=2024/month=01/day=27/campaign_sends_20240127.csv,877,22,159499
campaign_sends,dataset/campaign_sends/year=2024/month=01/day=28/campaign_sends_20240128.csv,885,22,161742
campaign_sends,dataset/campaign_sends/year=2024/month=01/day=29/campaign_sends_20240129.csv,1779,22,323904
campaign_sends,dataset/campaign_sends/year=2024/month=01/day=30/campaign_sends_20240130.csv,1683,22,303492
campaign_sends,dataset/campaign_sends/year=2024/month=01/day=31/campaign_sends_20240131.csv,1796,22,332325
campaign_sends,dataset/campaign_sends/year=2024/month=02/day=01/campaign_sends_20240201.csv,1956,22,363674
campaign_sends,dataset/campaign_sends/year=2024/month=02/day=02/campaign_sends_20240202.csv,2039,22,383263
campaign_sends,dataset/campaign_sends/year=2024/month=02/day=03/campaign_sends_20240203.csv,1022,22,193334
campaign_sends,dataset/campaign_sends/year=2024/month=02/day=04/campaign_sends_20240204.csv,990,22,190156
campaign_sends,dataset/campaign_sends/year=2024/month=02/day=05/campaign_sends_20240205.csv,1750,22,333670
campaign_sends,dataset/campaign_sends/year=2024/month=02/day=06/campaign_sends_20240206.csv,2030,22,383395
campaign_sends,dataset/campaign_sends/year=2024/month=02/day=07/campaign_sends_20240207.csv,1582,22,302422
campaign_sends,dataset/campaign_sends/year=2024/month=02/day=08/campaign_sends_20240208.csv,2116,22,400568
campaign_sends,dataset/campaign_sends/year=2024/month=02/day=09/campaign_sends_20240209.csv,2088,22,396643
campaign_sends,dataset/campaign_sends/year=2024/month=02/day=10/campaign_sends_20240210.csv,917,22,173876
campaign_sends,dataset/campaign_sends/year=2024/month=02/day=11/campaign_sends_20240211.csv,1241,22,242062
campaign_sends,dataset/campaign_sends/year=2024/month=02/day=12/campaign_sends_20240212.csv,2123,22,408904
campaign_sends,dataset/campaign_sends/year=2024/month=02/day=13/campaign_sends_20240213.csv,1549,22,298769
campaign_sends,dataset/campaign_sends/year=2024/month=02/day=14/campaign_sends_20240214.csv,1834,22,355432
campaign_sends,dataset/campaign_sends/year=2024/month=02/day=15/campaign_sends_20240215.csv,2146,22,412500
campaign_sends,dataset/campaign_sends/year=2024/month=02/day=16/campaign_sends_20240216.csv,1905,22,367042
campaign_sends,dataset/campaign_sends/year=2024/month=02/day=17/campaign_sends_20240217.csv,894,22,172985
campaign_sends,dataset/campaign_sends/year=2024/month=02/day=18/campaign_sends_20240218.csv,1217,22,236925
campaign_sends,dataset/campaign_sends/year=2024/month=02/day=19/campaign_sends_20240219.csv,1625,22,316261
campaign_sends,dataset/campaign_sends/year=2024/month=02/day=20/campaign_sends_20240220.csv,1932,22,376379
campaign_sends,dataset/campaign_sends/year=2024/month=02/day=21/campaign_sends_20240221.csv,1921,22,374911
campaign_sends,dataset/campaign_sends/year=2024/month=02/day=22/campaign_sends_20240222.csv,1930,22,372192
campaign_sends,dataset/campaign_sends/year=2024/month=02/day=23/campaign_sends_20240223.csv,1780,22,344998
campaign_sends,dataset/campaign_sends/year=2024/month=02/day=24/campaign_sends_20240224.csv,1014,22,197302
campaign_sends,dataset/campaign_sends/year=2024/month=02/day=25/campaign_sends_20240225.csv,925,22,179333
campaign_sends,dataset/campaign_sends/year=2024/month=02/day=26/campaign_sends_20240226.csv,1718,22,333465
campaign_sends,dataset/campaign_sends/year=2024/month=02/day=27/campaign_sends_20240227.csv,1490,22,288603
campaign_sends,dataset/campaign_sends/year=2024/month=02/day=28/campaign_sends_20240228.csv,1998,22,385968
campaign_sends,dataset/campaign_sends/year=2024/month=02/day=29/campaign_sends_20240229.csv,1979,22,383544
campaign_sends,dataset/campaign_sends/year=2024/month=03/day=01/campaign_sends_20240301.csv,1896,22,362530
campaign_sends,dataset/campaign_sends/year=2024/month=03/day=02/campaign_sends_20240302.csv,1197,22,229355
campaign_sends,dataset/campaign_sends/year=2024/month=03/day=03/campaign_sends_20240303.csv,919,22,176996
campaign_sends,dataset/campaign_sends/year=2024/month=03/day=04/campaign_sends_20240304.csv,1965,22,375843
campaign_sends,dataset/campaign_sends/year=2024/month=03/day=05/campaign_sends_20240305.csv,2098,22,402830
campaign_sends,dataset/campaign_sends/year=2024/month=03/day=06/campaign_sends_20240306.csv,1461,22,279264
campaign_sends,dataset/campaign_sends/year=2024/month=03/day=07/campaign_sends_20240307.csv,1825,22,349907
campaign_sends,dataset/campaign_sends/year=2024/month=03/day=08/campaign_sends_20240308.csv,2116,22,408914
campaign_sends,dataset/campaign_sends/year=2024/month=03/day=09/campaign_sends_20240309.csv,1182,22,227805
campaign_sends,dataset/campaign_sends/year=2024/month=03/day=10/campaign_sends_20240310.csv,1107,22,212850
campaign_sends,dataset/campaign_sends/year=2024/month=03/day=11/campaign_sends_20240311.csv,1923,22,371574
campaign_sends,dataset/campaign_sends/year=2024/month=03/day=12/campaign_sends_20240312.csv,1607,22,310344
campaign_sends,dataset/campaign_sends/year=2024/month=03/day=13/campaign_sends_20240313.csv,1884,22,362285
campaign_sends,dataset/campaign_sends/year=2024/month=03/day=14/campaign_sends_20240314.csv,1785,22,342623
campaign_sends,dataset/campaign_sends/year=2024/month=03/day=15/campaign_sends_20240315.csv,1636,22,316130
campaign_sends,dataset/campaign_sends/year=2024/month=03/day=16/campaign_sends_20240316.csv,1204,22,231963
campaign_sends,dataset/campaign_sends/year=2024/month=03/day=17/campaign_sends_20240317.csv,963,22,188747
campaign_sends,dataset/campaign_sends/year=2024/month=03/day=18/campaign_sends_20240318.csv,1838,22,361155
campaign_sends,dataset/campaign_sends/year=2024/month=03/day=19/campaign_sends_20240319.csv,1655,22,324978
campaign_sends,dataset/campaign_sends/year=2024/month=03/day=20/campaign_sends_20240320.csv,1521,22,296741
campaign_sends,dataset/campaign_sends/year=2024/month=03/day=21/campaign_sends_20240321.csv,1956,22,379934
campaign_sends,dataset/campaign_sends/year=2024/month=03/day=22/campaign_sends_20240322.csv,1500,22,292254
campaign_sends,dataset/campaign_sends/year=2024/month=03/day=23/campaign_sends_20240323.csv,942,22,184186
campaign_sends,dataset/campaign_sends/year=2024/month=03/day=24/campaign_sends_20240324.csv,1158,22,221730
campaign_sends,dataset/campaign_sends/year=2024/month=03/day=25/campaign_sends_20240325.csv,1806,22,346974
campaign_sends,dataset/campaign_sends/year=2024/month=03/day=26/campaign_sends_20240326.csv,1662,22,324982
campaign_sends,dataset/campaign_sends/year=2024/month=03/day=27/campaign_sends_20240327.csv,1751,22,340408
campaign_sends,dataset/campaign_sends/year=2024/month=03/day=28/campaign_sends_20240328.csv,1709,22,330526
campaign_sends,dataset/campaign_sends/year=2024/month=03/day=29/campaign_sends_20240329.csv,1690,22,327737
campaign_sends,dataset/campaign_sends/year=2024/month=03/day=30/campaign_sends_20240330.csv,1069,22,207368
campaign_sends,dataset/campaign_sends/year=2024/month=03/day=31/campaign_sends_20240331.csv,943,22,181086
campaign_sends,dataset/campaign_sends/year=2024/month=04/day=01/campaign_sends_20240401.csv,1991,22,386482
campaign_sends,dataset/campaign_sends/year=2024/month=04/day=02/campaign_sends_20240402.csv,1952,22,378265
campaign_sends,dataset/campaign_sends/year=2024/month=04/day=03/campaign_sends_20240403.csv,2178,22,421253
campaign_sends,dataset/campaign_sends/year=2024/month=04/day=04/campaign_sends_20240404.csv,1824,22,348034
campaign_sends,dataset/campaign_sends/year=2024/month=04/day=05/campaign_sends_20240405.csv,1948,22,373766
campaign_sends,dataset/campaign_sends/year=2024/month=04/day=06/campaign_sends_20240406.csv,929,22,178079
campaign_sends,dataset/campaign_sends/year=2024/month=04/day=07/campaign_sends_20240407.csv,1224,22,233592
campaign_sends,dataset/campaign_sends/year=2024/month=04/day=08/campaign_sends_20240408.csv,1600,22,307853
campaign_sends,dataset/campaign_sends/year=2024/month=04/day=09/campaign_sends_20240409.csv,1501,22,290070
campaign_sends,dataset/campaign_sends/year=2024/month=04/day=10/campaign_sends_20240410.csv,1938,22,375504
campaign_sends,dataset/campaign_sends/year=2024/month=04/day=11/campaign_sends_20240411.csv,1899,22,368596
campaign_sends,dataset/campaign_sends/year=2024/month=04/day=12/campaign_sends_20240412.csv,2155,22,417765
campaign_sends,dataset/campaign_sends/year=2024/month=04/day=13/campaign_sends_20240413.csv,1302,22,252492
campaign_sends,dataset/campaign_sends/year=2024/month=04/day=14/campaign_sends_20240414.csv,1105,22,213086
campaign_sends,dataset/campaign_sends/year=2024/month=04/day=15/campaign_sends_20240415.csv,1600,22,306556
campaign_sends,dataset/campaign_sends/year=2024/month=04/day=16/campaign_sends_20240416.csv,1853,22,356493
campaign_sends,dataset/campaign_sends/year=2024/month=04/day=17/campaign_sends_20240417.csv,1698,22,322686
campaign_sends,dataset/campaign_sends/year=2024/month=04/day=18/campaign_sends_20240418.csv,1736,22,328622
campaign_sends,dataset/campaign_sends/year=2024/month=04/day=19/campaign_sends_20240419.csv,1583,22,302543
campaign_sends,dataset/campaign_sends/year=2024/month=04/day=20/campaign_sends_20240420.csv,1177,22,224047
campaign_sends,dataset/campaign_sends/year=2024/month=04/day=21/campaign_sends_20240421.csv,1284,22,243014
campaign_sends,dataset/campaign_sends/year=2024/month=04/day=22/campaign_sends_20240422.csv,1996,22,379422
campaign_sends,dataset/campaign_sends/year=2024/month=04/day=23/campaign_sends_20240423.csv,1853,22,352813
campaign_sends,dataset/campaign_sends/year=2024/month=04/day=24/campaign_sends_20240424.csv,1908,22,360452
campaign_sends,dataset/campaign_sends/year=2024/month=04/day=25/campaign_sends_20240425.csv,1753,22,332945
campaign_sends,dataset/campaign_sends/year=2024/month=04/day=26/campaign_sends_20240426.csv,1591,22,301948
campaign_sends,dataset/campaign_sends/year=2024/month=04/day=27/campaign_sends_20240427.csv,1055,22,200525
campaign_sends,dataset/campaign_sends/year=2024/month=04/day=28/campaign_sends_20240428.csv,1225,22,235499
campaign_sends,dataset/campaign_sends/year=2024/month=04/day=29/campaign_sends_20240429.csv,2019,22,388050
campaign_sends,dataset/campaign_sends/year=2024/month=04/day=30/campaign_sends_20240430.csv,1666,22,320590
campaign_sends,dataset/campaign_sends/year=2024/month=05/day=01/campaign_sends_20240501.csv,1943,22,373753
campaign_sends,dataset/campaign_sends/year=2024/month=05/day=02/campaign_sends_20240502.csv,1828,22,350297
campaign_sends,dataset/campaign_sends/year=2024/month=05/day=03/campaign_sends_20240503.csv,1743,22,336751
campaign_sends,dataset/campaign_sends/year=2024/month=05/day=04/campaign_sends_20240504.csv,883,22,170913
campaign_sends,dataset/campaign_sends/year=2024/month=05/day=05/campaign_sends_20240505.csv,1041,22,201241
campaign_sends,dataset/campaign_sends/year=2024/month=05/day=06/campaign_sends_20240506.csv,1960,22,378434
campaign_sends,dataset/campaign_sends/year=2024/month=05/day=07/campaign_sends_20240507.csv,1817,22,352077
campaign_sends,dataset/campaign_sends/year=2024/month=05/day=08/campaign_sends_20240508.csv,2163,22,419061
campaign_sends,dataset/campaign_sends/year=2024/month=05/day=09/campaign_sends_20240509.csv,1755,22,342468
campaign_sends,dataset/campaign_sends/year=2024/month=05/day=10/campaign_sends_20240510.csv,1979,22,384275
campaign_sends,dataset/campaign_sends/year=2024/month=05/day=11/campaign_sends_20240511.csv,1216,22,236026
campaign_sends,dataset/campaign_sends/year=2024/month=05/day=12/campaign_sends_20240512.csv,1249,22,242312
campaign_sends,dataset/campaign_sends/year=2024/month=05/day=13/campaign_sends_20240513.csv,2028,22,395957
campaign_sends,dataset/campaign_sends/year=2024/month=05/day=14/campaign_sends_20240514.csv,1946,22,385130
campaign_sends,dataset/campaign_sends/year=2024/month=05/day=15/campaign_sends_20240515.csv,1858,22,366220
campaign_sends,dataset/campaign_sends/year=2024/month=05/day=16/campaign_sends_20240516.csv,1701,22,335840
campaign_sends,dataset/campaign_sends/year=2024/month=05/day=17/campaign_sends_20240517.csv,1904,22,375200
campaign_sends,dataset/campaign_sends/year=2024/month=05/day=18/campaign_sends_20240518.csv,931,22,183134
campaign_sends,dataset/campaign_sends/year=2024/month=05/day=19/campaign_sends_20240519.csv,972,22,192417
campaign_sends,dataset/campaign_sends/year=2024/month=05/day=20/campaign_sends_20240520.csv,1931,22,378530
campaign_sends,dataset/campaign_sends/year=2024/month=05/day=21/campaign_sends_20240521.csv,1686,22,328947
campaign_sends,dataset/campaign_sends/year=2024/month=05/day=22/campaign_sends_20240522.csv,2111,22,409358
campaign_sends,dataset/campaign_sends/year=2024/month=05/day=23/campaign_sends_20240523.csv,1844,22,348285
campaign_sends,dataset/campaign_sends/year=2024/month=05/day=24/campaign_sends_20240524.csv,2119,22,398915
campaign_sends,dataset/campaign_sends/year=2024/month=05/day=25/campaign_sends_20240525.csv,903,22,170809
campaign_sends,dataset/campaign_sends/year=2024/month=05/day=26/campaign_sends_20240526.csv,1102,22,207417
campaign_sends,dataset/campaign_sends/year=2024/month=05/day=27/campaign_sends_20240527.csv,2100,22,393675
campaign_sends,dataset/campaign_sends/year=2024/month=05/day=28/campaign_sends_20240528.csv,1503,22,282502
campaign_sends,dataset/campaign_sends/year=2024/month=05/day=29/campaign_sends_20240529.csv,1582,22,297589
campaign_sends,dataset/campaign_sends/year=2024/month=05/day=30/campaign_sends_20240530.csv,2131,22,394616
campaign_sends,dataset/campaign_sends/year=2024/month=05/day=31/campaign_sends_20240531.csv,1773,22,330136
campaign_sends,dataset/campaign_sends/year=2024/month=06/day=01/campaign_sends_20240601.csv,883,22,163301
campaign_sends,dataset/campaign_sends/year=2024/month=06/day=02/campaign_sends_20240602.csv,1254,22,232543
campaign_sends,dataset/campaign_sends/year=2024/month=06/day=03/campaign_sends_20240603.csv,1714,22,316964
campaign_sends,dataset/campaign_sends/year=2024/month=06/day=04/campaign_sends_20240604.csv,2023,22,372236
campaign_sends,dataset/campaign_sends/year=2024/month=06/day=05/campaign_sends_20240605.csv,1828,22,340910
campaign_sends,dataset/campaign_sends/year=2024/month=06/day=06/campaign_sends_20240606.csv,1734,22,320447
campaign_sends,dataset/campaign_sends/year=2024/month=06/day=07/campaign_sends_20240607.csv,1897,22,349189
campaign_sends,dataset/campaign_sends/year=2024/month=06/day=08/campaign_sends_20240608.csv,1293,22,240080
campaign_sends,dataset/campaign_sends/year=2024/month=06/day=09/campaign_sends_20240609.csv,948,22,176937
campaign_sends,dataset/campaign_sends/year=2024/month=06/day=10/campaign_sends_20240610.csv,1463,22,271600
campaign_sends,dataset/campaign_sends/year=2024/month=06/day=11/campaign_sends_20240611.csv,1722,22,321188
campaign_sends,dataset/campaign_sends/year=2024/month=06/day=12/campaign_sends_20240612.csv,2037,22,377674
campaign_sends,dataset/campaign_sends/year=2024/month=06/day=13/campaign_sends_20240613.csv,1618,22,300329
campaign_sends,dataset/campaign_sends/year=2024/month=06/day=14/campaign_sends_20240614.csv,1775,22,328485
campaign_sends,dataset/campaign_sends/year=2024/month=06/day=15/campaign_sends_20240615.csv,920,22,171165
campaign_sends,dataset/campaign_sends/year=2024/month=06/day=16/campaign_sends_20240616.csv,1093,22,203744
campaign_sends,dataset/campaign_sends/year=2024/month=06/day=17/campaign_sends_20240617.csv,1691,22,315068
campaign_sends,dataset/campaign_sends/year=2024/month=06/day=18/campaign_sends_20240618.csv,1532,22,285396
campaign_sends,dataset/campaign_sends/year=2024/month=06/day=19/campaign_sends_20240619.csv,1678,22,314226
campaign_sends,dataset/campaign_sends/year=2024/month=06/day=20/campaign_sends_20240620.csv,1825,22,339528
campaign_sends,dataset/campaign_sends/year=2024/month=06/day=21/campaign_sends_20240621.csv,1884,22,352559
campaign_sends,dataset/campaign_sends/year=2024/month=06/day=22/campaign_sends_20240622.csv,946,22,175933
campaign_sends,dataset/campaign_sends/year=2024/month=06/day=23/campaign_sends_20240623.csv,1040,22,193325
campaign_sends,dataset/campaign_sends/year=2024/month=06/day=24/campaign_sends_20240624.csv,1628,22,305219
campaign_sends,dataset/campaign_sends/year=2024/month=06/day=25/campaign_sends_20240625.csv,2176,22,409082
campaign_sends,dataset/campaign_sends/year=2024/month=06/day=26/campaign_sends_20240626.csv,2138,22,403048
campaign_sends,dataset/campaign_sends/year=2024/month=06/day=27/campaign_sends_20240627.csv,1744,22,326886
campaign_sends,dataset/campaign_sends/year=2024/month=06/day=28/campaign_sends_20240628.csv,1890,22,343835
campaign_sends,dataset/campaign_sends/year=2024/month=06/day=29/campaign_sends_20240629.csv,1279,22,232670
campaign_sends,dataset/campaign_sends/year=2024/month=06/day=30/campaign_sends_20240630.csv,1150,22,207981
campaign_sends,dataset/campaign_sends/year=2024/month=07/day=01/campaign_sends_20240701.csv,1979,22,359908
campaign_sends,dataset/campaign_sends/year=2024/month=07/day=02/campaign_sends_20240702.csv,1979,22,359884
campaign_sends,dataset/campaign_sends/year=2024/month=07/day=03/campaign_sends_20240703.csv,1745,22,317653
campaign_sends,dataset/campaign_sends/year=2024/month=07/day=04/campaign_sends_20240704.csv,1940,22,354218
campaign_sends,dataset/campaign_sends/year=2024/month=07/day=05/campaign_sends_20240705.csv,2172,22,395047
campaign_sends,dataset/campaign_sends/year=2024/month=07/day=06/campaign_sends_20240706.csv,1144,22,213039
campaign_sends,dataset/campaign_sends/year=2024/month=07/day=07/campaign_sends_20240707.csv,1157,22,217601
campaign_sends,dataset/campaign_sends/year=2024/month=07/day=08/campaign_sends_20240708.csv,2038,22,384377
campaign_sends,dataset/campaign_sends/year=2024/month=07/day=09/campaign_sends_20240709.csv,1861,22,347185
campaign_sends,dataset/campaign_sends/year=2024/month=07/day=10/campaign_sends_20240710.csv,2175,22,406475
campaign_sends,dataset/campaign_sends/year=2024/month=07/day=11/campaign_sends_20240711.csv,2110,22,393779
campaign_sends,dataset/campaign_sends/year=2024/month=07/day=12/campaign_sends_20240712.csv,2178,22,408221
campaign_sends,dataset/campaign_sends/year=2024/month=07/day=13/campaign_sends_20240713.csv,1018,22,190814
campaign_sends,dataset/campaign_sends/year=2024/month=07/day=14/campaign_sends_20240714.csv,1026,22,192193
campaign_sends,dataset/campaign_sends/year=2024/month=07/day=15/campaign_sends_20240715.csv,1593,22,298606
campaign_sends,dataset/campaign_sends/year=2024/month=07/day=16/campaign_sends_20240716.csv,2071,22,393528
campaign_sends,dataset/campaign_sends/year=2024/month=07/day=17/campaign_sends_20240717.csv,1846,22,351523
campaign_sends,dataset/campaign_sends/year=2024/month=07/day=18/campaign_sends_20240718.csv,1599,22,306030
campaign_sends,dataset/campaign_sends/year=2024/month=07/day=19/campaign_sends_20240719.csv,1854,22,354169
campaign_sends,dataset/campaign_sends/year=2024/month=07/day=20/campaign_sends_20240720.csv,1311,22,249840
campaign_sends,dataset/campaign_sends/year=2024/month=07/day=21/campaign_sends_20240721.csv,1196,22,229687
campaign_sends,dataset/campaign_sends/year=2024/month=07/day=22/campaign_sends_20240722.csv,1581,22,301781
campaign_sends,dataset/campaign_sends/year=2024/month=07/day=23/campaign_sends_20240723.csv,1980,22,377739
campaign_sends,dataset/campaign_sends/year=2024/month=07/day=24/campaign_sends_20240724.csv,1773,22,341108
campaign_sends,dataset/campaign_sends/year=2024/month=07/day=25/campaign_sends_20240725.csv,1739,22,333144
campaign_sends,dataset/campaign_sends/year=2024/month=07/day=26/campaign_sends_20240726.csv,1688,22,317957
campaign_sends,dataset/campaign_sends/year=2024/month=07/day=27/campaign_sends_20240727.csv,1011,22,189161
campaign_sends,dataset/campaign_sends/year=2024/month=07/day=28/campaign_sends_20240728.csv,1106,22,208489
campaign_sends,dataset/campaign_sends/year=2024/month=07/day=29/campaign_sends_20240729.csv,1991,22,374813
campaign_sends,dataset/campaign_sends/year=2024/month=07/day=30/campaign_sends_20240730.csv,2123,22,399413
campaign_sends,dataset/campaign_sends/year=2024/month=07/day=31/campaign_sends_20240731.csv,1611,22,300960
campaign_sends,dataset/campaign_sends/year=2024/month=08/day=01/campaign_sends_20240801.csv,1609,22,297238
campaign_sends,dataset/campaign_sends/year=2024/month=08/day=02/campaign_sends_20240802.csv,1563,22,290938
campaign_sends,dataset/campaign_sends/year=2024/month=08/day=03/campaign_sends_20240803.csv,914,22,170179
campaign_sends,dataset/campaign_sends/year=2024/month=08/day=04/campaign_sends_20240804.csv,892,22,164941
campaign_sends,dataset/campaign_sends/year=2024/month=08/day=05/campaign_sends_20240805.csv,1621,22,300228
campaign_sends,dataset/campaign_sends/year=2024/month=08/day=06/campaign_sends_20240806.csv,1964,22,362667
campaign_sends,dataset/campaign_sends/year=2024/month=08/day=07/campaign_sends_20240807.csv,1571,22,291119
campaign_sends,dataset/campaign_sends/year=2024/month=08/day=08/campaign_sends_20240808.csv,1989,22,368709
campaign_sends,dataset/campaign_sends/year=2024/month=08/day=09/campaign_sends_20240809.csv,1535,22,284689
campaign_sends,dataset/campaign_sends/year=2024/month=08/day=10/campaign_sends_20240810.csv,1186,22,219822
campaign_sends,dataset/campaign_sends/year=2024/month=08/day=11/campaign_sends_20240811.csv,994,22,183214
campaign_sends,dataset/campaign_sends/year=2024/month=08/day=12/campaign_sends_20240812.csv,1623,22,297521
campaign_sends,dataset/campaign_sends/year=2024/month=08/day=13/campaign_sends_20240813.csv,1524,22,280787
campaign_sends,dataset/campaign_sends/year=2024/month=08/day=14/campaign_sends_20240814.csv,2058,22,379947
campaign_sends,dataset/campaign_sends/year=2024/month=08/day=15/campaign_sends_20240815.csv,2158,22,402125
campaign_sends,dataset/campaign_sends/year=2024/month=08/day=16/campaign_sends_20240816.csv,1625,22,304324
campaign_sends,dataset/campaign_sends/year=2024/month=08/day=17/campaign_sends_20240817.csv,985,22,183598
campaign_sends,dataset/campaign_sends/year=2024/month=08/day=18/campaign_sends_20240818.csv,1245,22,233395
campaign_sends,dataset/campaign_sends/year=2024/month=08/day=19/campaign_sends_20240819.csv,2141,22,393621
campaign_sends,dataset/campaign_sends/year=2024/month=08/day=20/campaign_sends_20240820.csv,1840,22,340170
campaign_sends,dataset/campaign_sends/year=2024/month=08/day=21/campaign_sends_20240821.csv,1570,22,288096
campaign_sends,dataset/campaign_sends/year=2024/month=08/day=22/campaign_sends_20240822.csv,1714,22,314861
campaign_sends,dataset/campaign_sends/year=2024/month=08/day=23/campaign_sends_20240823.csv,1871,22,343757
campaign_sends,dataset/campaign_sends/year=2024/month=08/day=24/campaign_sends_20240824.csv,954,22,175945
campaign_sends,dataset/campaign_sends/year=2024/month=08/day=25/campaign_sends_20240825.csv,1083,22,198694
campaign_sends,dataset/campaign_sends/year=2024/month=08/day=26/campaign_sends_20240826.csv,1662,22,307692
campaign_sends,dataset/campaign_sends/year=2024/month=08/day=27/campaign_sends_20240827.csv,1983,22,364668
campaign_sends,dataset/campaign_sends/year=2024/month=08/day=28/campaign_sends_20240828.csv,2084,22,384286
campaign_sends,dataset/campaign_sends/year=2024/month=08/day=29/campaign_sends_20240829.csv,1942,22,356901
campaign_sends,dataset/campaign_sends/year=2024/month=08/day=30/campaign_sends_20240830.csv,1728,22,319478
campaign_sends,dataset/campaign_sends/year=2024/month=08/day=31/campaign_sends_20240831.csv,1001,22,184373
campaign_sends,dataset/campaign_sends/year=2024/month=09/day=01/campaign_sends_20240901.csv,984,22,181177
campaign_sends,dataset/campaign_sends/year=2024/month=09/day=02/campaign_sends_20240902.csv,2108,22,388665
campaign_sends,dataset/campaign_sends/year=2024/month=09/day=03/campaign_sends_20240903.csv,1527,22,279889
campaign_sends,dataset/campaign_sends/year=2024/month=09/day=04/campaign_sends_20240904.csv,1699,22,308639
campaign_sends,dataset/campaign_sends/year=2024/month=09/day=05/campaign_sends_20240905.csv,1621,22,295072
campaign_sends,dataset/campaign_sends/year=2024/month=09/day=06/campaign_sends_20240906.csv,1987,22,361423
campaign_sends,dataset/campaign_sends/year=2024/month=09/day=07/campaign_sends_20240907.csv,1003,22,182452
campaign_sends,dataset/campaign_sends/year=2024/month=09/day=08/campaign_sends_20240908.csv,1249,22,233146
campaign_sends,dataset/campaign_sends/year=2024/month=09/day=09/campaign_sends_20240909.csv,2145,22,399856
campaign_sends,dataset/campaign_sends/year=2024/month=09/day=10/campaign_sends_20240910.csv,1941,22,362256
campaign_sends,dataset/campaign_sends/year=2024/month=09/day=11/campaign_sends_20240911.csv,1807,22,336893
campaign_sends,dataset/campaign_sends/year=2024/month=09/day=12/campaign_sends_20240912.csv,1785,22,330020
campaign_sends,dataset/campaign_sends/year=2024/month=09/day=13/campaign_sends_20240913.csv,1814,22,337642
campaign_sends,dataset/campaign_sends/year=2024/month=09/day=14/campaign_sends_20240914.csv,892,22,165829
campaign_sends,dataset/campaign_sends/year=2024/month=09/day=15/campaign_sends_20240915.csv,1183,22,219001
campaign_sends,dataset/campaign_sends/year=2024/month=09/day=16/campaign_sends_20240916.csv,1973,22,367560
campaign_sends,dataset/campaign_sends/year=2024/month=09/day=17/campaign_sends_20240917.csv,1560,22,286964
campaign_sends,dataset/campaign_sends/year=2024/month=09/day=18/campaign_sends_20240918.csv,1961,22,368446
campaign_sends,dataset/campaign_sends/year=2024/month=09/day=19/campaign_sends_20240919.csv,2033,22,387194
campaign_sends,dataset/campaign_sends/year=2024/month=09/day=20/campaign_sends_20240920.csv,1562,22,296608
campaign_sends,dataset/campaign_sends/year=2024/month=09/day=21/campaign_sends_20240921.csv,1022,22,194412
campaign_sends,dataset/campaign_sends/year=2024/month=09/day=22/campaign_sends_20240922.csv,1252,22,236504
campaign_sends,dataset/campaign_sends/year=2024/month=09/day=23/campaign_sends_20240923.csv,1641,22,306548
campaign_sends,dataset/campaign_sends/year=2024/month=09/day=24/campaign_sends_20240924.csv,1712,22,318469
campaign_sends,dataset/campaign_sends/year=2024/month=09/day=25/campaign_sends_20240925.csv,1701,22,325001
campaign_sends,dataset/campaign_sends/year=2024/month=09/day=26/campaign_sends_20240926.csv,1850,22,349673
campaign_sends,dataset/campaign_sends/year=2024/month=09/day=27/campaign_sends_20240927.csv,1638,22,308308
campaign_sends,dataset/campaign_sends/year=2024/month=09/day=28/campaign_sends_20240928.csv,1286,22,242964
campaign_sends,dataset/campaign_sends/year=2024/month=09/day=29/campaign_sends_20240929.csv,1003,22,188787
campaign_sends,dataset/campaign_sends/year=2024/month=09/day=30/campaign_sends_20240930.csv,1514,22,282823
campaign_sends,dataset/campaign_sends/year=2024/month=10/day=01/campaign_sends_20241001.csv,1655,22,308461
campaign_sends,dataset/campaign_sends/year=2024/month=10/day=02/campaign_sends_20241002.csv,1944,22,359603
campaign_sends,dataset/campaign_sends/year=2024/month=10/day=03/campaign_sends_20241003.csv,1636,22,307494
campaign_sends,dataset/campaign_sends/year=2024/month=10/day=04/campaign_sends_20241004.csv,1620,22,300852
campaign_sends,dataset/campaign_sends/year=2024/month=10/day=05/campaign_sends_20241005.csv,1137,22,212152
campaign_sends,dataset/campaign_sends/year=2024/month=10/day=06/campaign_sends_20241006.csv,888,22,164696
campaign_sends,dataset/campaign_sends/year=2024/month=10/day=07/campaign_sends_20241007.csv,1496,22,277956
campaign_sends,dataset/campaign_sends/year=2024/month=10/day=08/campaign_sends_20241008.csv,1633,22,302763
campaign_sends,dataset/campaign_sends/year=2024/month=10/day=09/campaign_sends_20241009.csv,2003,22,369975
campaign_sends,dataset/campaign_sends/year=2024/month=10/day=10/campaign_sends_20241010.csv,2171,22,404050
campaign_sends,dataset/campaign_sends/year=2024/month=10/day=11/campaign_sends_20241011.csv,1720,22,318141
campaign_sends,dataset/campaign_sends/year=2024/month=10/day=12/campaign_sends_20241012.csv,921,22,169249
campaign_sends,dataset/campaign_sends/year=2024/month=10/day=13/campaign_sends_20241013.csv,1186,22,217404
campaign_sends,dataset/campaign_sends/year=2024/month=10/day=14/campaign_sends_20241014.csv,1566,22,286430
campaign_sends,dataset/campaign_sends/year=2024/month=10/day=15/campaign_sends_20241015.csv,1630,22,298461
campaign_sends,dataset/campaign_sends/year=2024/month=10/day=16/campaign_sends_20241016.csv,1742,22,319856
campaign_sends,dataset/campaign_sends/year=2024/month=10/day=17/campaign_sends_20241017.csv,1817,22,329802
campaign_sends,dataset/campaign_sends/year=2024/month=10/day=18/campaign_sends_20241018.csv,2004,22,362460
campaign_sends,dataset/campaign_sends/year=2024/month=10/day=19/campaign_sends_20241019.csv,1264,22,231120
campaign_sends,dataset/campaign_sends/year=2024/month=10/day=20/campaign_sends_20241020.csv,1197,22,216230
campaign_sends,dataset/campaign_sends/year=2024/month=10/day=21/campaign_sends_20241021.csv,2009,22,364258
campaign_sends,dataset/campaign_sends/year=2024/month=10/day=22/campaign_sends_20241022.csv,1677,22,305409
campaign_sends,dataset/campaign_sends/year=2024/month=10/day=23/campaign_sends_20241023.csv,1566,22,284585
campaign_sends,dataset/campaign_sends/year=2024/month=10/day=24/campaign_sends_20241024.csv,1874,22,341227
campaign_sends,dataset/campaign_sends/year=2024/month=10/day=25/campaign_sends_20241025.csv,1974,22,360902
campaign_sends,dataset/campaign_sends/year=2024/month=10/day=26/campaign_sends_20241026.csv,1194,22,217309
campaign_sends,dataset/campaign_sends/year=2024/month=10/day=27/campaign_sends_20241027.csv,1234,22,224412
campaign_sends,dataset/campaign_sends/year=2024/month=10/day=28/campaign_sends_20241028.csv,1931,22,352150
campaign_sends,dataset/campaign_sends/year=2024/month=10/day=29/campaign_sends_20241029.csv,2059,22,375846
campaign_sends,dataset/campaign_sends/year=2024/month=10/day=30/campaign_sends_20241030.csv,1950,22,355144
campaign_sends,dataset/campaign_sends/year=2024/month=10/day=31/campaign_sends_20241031.csv,1534,22,279418
campaign_sends,dataset/campaign_sends/year=2024/month=11/day=01/campaign_sends_20241101.csv,2043,22,370722
campaign_sends,dataset/campaign_sends/year=2024/month=11/day=02/campaign_sends_20241102.csv,900,22,163656
campaign_sends,dataset/campaign_sends/year=2024/month=11/day=03/campaign_sends_20241103.csv,1211,22,219483
campaign_sends,dataset/campaign_sends/year=2024/month=11/day=04/campaign_sends_20241104.csv,1659,22,303238
campaign_sends,dataset/campaign_sends/year=2024/month=11/day=05/campaign_sends_20241105.csv,1802,22,328120
campaign_sends,dataset/campaign_sends/year=2024/month=11/day=06/campaign_sends_20241106.csv,2018,22,365445
campaign_sends,dataset/campaign_sends/year=2024/month=11/day=07/campaign_sends_20241107.csv,1594,22,288648
campaign_sends,dataset/campaign_sends/year=2024/month=11/day=08/campaign_sends_20241108.csv,2056,22,371046
campaign_sends,dataset/campaign_sends/year=2024/month=11/day=09/campaign_sends_20241109.csv,1250,22,222907
campaign_sends,dataset/campaign_sends/year=2024/month=11/day=10/campaign_sends_20241110.csv,1176,22,210817
campaign_sends,dataset/campaign_sends/year=2024/month=11/day=11/campaign_sends_20241111.csv,1961,22,347487
campaign_sends,dataset/campaign_sends/year=2024/month=11/day=12/campaign_sends_20241112.csv,1761,22,308778
campaign_sends,dataset/campaign_sends/year=2024/month=11/day=13/campaign_sends_20241113.csv,1944,22,340217
campaign_sends,dataset/campaign_sends/year=2024/month=11/day=14/campaign_sends_20241114.csv,2092,22,366031
campaign_sends,dataset/campaign_sends/year=2024/month=11/day=15/campaign_sends_20241115.csv,1846,22,322578
campaign_sends,dataset/campaign_sends/year=2024/month=11/day=16/campaign_sends_20241116.csv,903,22,158341
campaign_sends,dataset/campaign_sends/year=2024/month=11/day=17/campaign_sends_20241117.csv,921,22,161169
campaign_sends,dataset/campaign_sends/year=2024/month=11/day=18/campaign_sends_20241118.csv,1930,22,339268
campaign_sends,dataset/campaign_sends/year=2024/month=11/day=19/campaign_sends_20241119.csv,2084,22,365007
campaign_sends,dataset/campaign_sends/year=2024/month=11/day=20/campaign_sends_20241120.csv,1814,22,318604
campaign_sends,dataset/campaign_sends/year=2024/month=11/day=21/campaign_sends_20241121.csv,1726,22,301894
campaign_sends,dataset/campaign_sends/year=2024/month=11/day=22/campaign_sends_20241122.csv,1482,22,262862
campaign_sends,dataset/campaign_sends/year=2024/month=11/day=23/campaign_sends_20241123.csv,993,22,176122
campaign_sends,dataset/campaign_sends/year=2024/month=11/day=24/campaign_sends_20241124.csv,1181,22,208339
campaign_sends,dataset/campaign_sends/year=2024/month=11/day=25/campaign_sends_20241125.csv,1537,22,272647
campaign_sends,dataset/campaign_sends/year=2024/month=11/day=26/campaign_sends_20241126.csv,1560,22,276970
campaign_sends,dataset/campaign_sends/year=2024/month=11/day=27/campaign_sends_20241127.csv,1729,22,305503
campaign_sends,dataset/campaign_sends/year=2024/month=11/day=28/campaign_sends_20241128.csv,1757,22,310567
campaign_sends,dataset/campaign_sends/year=2024/month=11/day=29/campaign_sends_20241129.csv,1713,22,301869
campaign_sends,dataset/campaign_sends/year=2024/month=11/day=30/campaign_sends_20241130.csv,1278,22,224842
campaign_sends,dataset/campaign_sends/year=2024/month=12/day=01/campaign_sends_20241201.csv,1175,22,206394
campaign_sends,dataset/campaign_sends/year=2024/month=12/day=02/campaign_sends_20241202.csv,2108,22,367895
campaign_sends,dataset/campaign_sends/year=2024/month=12/day=03/campaign_sends_20241203.csv,2086,22,365152
campaign_sends,dataset/campaign_sends/year=2024/month=12/day=04/campaign_sends_20241204.csv,1598,22,280078
campaign_sends,dataset/campaign_sends/year=2024/month=12/day=05/campaign_sends_20241205.csv,1990,22,352728
campaign_sends,dataset/campaign_sends/year=2024/month=12/day=06/campaign_sends_20241206.csv,1793,22,314575
campaign_sends,dataset/campaign_sends/year=2024/month=12/day=07/campaign_sends_20241207.csv,1234,22,219579
campaign_sends,dataset/campaign_sends/year=2024/month=12/day=08/campaign_sends_20241208.csv,990,22,176913
campaign_sends,dataset/campaign_sends/year=2024/month=12/day=09/campaign_sends_20241209.csv,2087,22,378343
campaign_sends,dataset/campaign_sends/year=2024/month=12/day=10/campaign_sends_20241210.csv,1698,22,309098
campaign_sends,dataset/campaign_sends/year=2024/month=12/day=11/campaign_sends_20241211.csv,2020,22,364968
campaign_sends,dataset/campaign_sends/year=2024/month=12/day=12/campaign_sends_20241212.csv,1977,22,358793
campaign_sends,dataset/campaign_sends/year=2024/month=12/day=13/campaign_sends_20241213.csv,1576,22,284054
campaign_sends,dataset/campaign_sends/year=2024/month=12/day=14/campaign_sends_20241214.csv,1107,22,200847
campaign_sends,dataset/campaign_sends/year=2024/month=12/day=15/campaign_sends_20241215.csv,1050,22,188568
campaign_sends,dataset/campaign_sends/year=2024/month=12/day=16/campaign_sends_20241216.csv,1967,22,356586
campaign_sends,dataset/campaign_sends/year=2024/month=12/day=17/campaign_sends_20241217.csv,1865,22,337027
campaign_sends,dataset/campaign_sends/year=2024/month=12/day=18/campaign_sends_20241218.csv,1680,22,303289
campaign_sends,dataset/campaign_sends/year=2024/month=12/day=19/campaign_sends_20241219.csv,1634,22,297669
campaign_sends,dataset/campaign_sends/year=2024/month=12/day=20/campaign_sends_20241220.csv,1861,22,338486
campaign_sends,dataset/campaign_sends/year=2024/month=12/day=21/campaign_sends_20241221.csv,967,22,174234
campaign_sends,dataset/campaign_sends/year=2024/month=12/day=22/campaign_sends_20241222.csv,916,22,166828
campaign_sends,dataset/campaign_sends/year=2024/month=12/day=23/campaign_sends_20241223.csv,2096,22,381019
campaign_sends,dataset/campaign_sends/year=2024/month=12/day=24/campaign_sends_20241224.csv,1787,22,322667
campaign_sends,dataset/campaign_sends/year=2024/month=12/day=25/campaign_sends_20241225.csv,1582,22,284594
campaign_sends,dataset/campaign_sends/year=2024/month=12/day=26/campaign_sends_20241226.csv,1768,22,316700
campaign_sends,dataset/campaign_sends/year=2024/month=12/day=27/campaign_sends_20241227.csv,1613,22,289784
campaign_sends,dataset/campaign_sends/year=2024/month=12/day=28/campaign_sends_20241228.csv,1086,22,195981
campaign_sends,dataset/campaign_sends/year=2024/month=12/day=29/campaign_sends_20241229.csv,1190,22,213392
campaign_sends,dataset/campaign_sends/year=2024/month=12/day=30/campaign_sends_20241230.csv,1527,22,273073
campaign_sends,dataset/campaign_sends/year=2024/month=12/day=31/campaign_sends_20241231.csv,1593,22,287321
campaign_sends,dataset/campaign_sends/year=2025/month=01/day=01/campaign_sends_20250101.csv,1766,22,314840
campaign_sends,dataset/campaign_sends/year=2025/month=01/day=02/campaign_sends_20250102.csv,1611,22,286445
campaign_sends,dataset/campaign_sends/year=2025/month=01/day=03/campaign_sends_20250103.csv,1844,22,328281
campaign_sends,dataset/campaign_sends/year=2025/month=01/day=04/campaign_sends_20250104.csv,1222,22,217909
campaign_sends,dataset/campaign_sends/year=2025/month=01/day=05/campaign_sends_20250105.csv,1018,22,181664
campaign_sends,dataset/campaign_sends/year=2025/month=01/day=06/campaign_sends_20250106.csv,1870,22,332260
campaign_sends,dataset/campaign_sends/year=2025/month=01/day=07/campaign_sends_20250107.csv,1670,22,297931
campaign_sends,dataset/campaign_sends/year=2025/month=01/day=08/campaign_sends_20250108.csv,1842,22,328878
campaign_sends,dataset/campaign_sends/year=2025/month=01/day=09/campaign_sends_20250109.csv,1631,22,291952
campaign_sends,dataset/campaign_sends/year=2025/month=01/day=10/campaign_sends_20250110.csv,1675,22,299796
campaign_sends,dataset/campaign_sends/year=2025/month=01/day=11/campaign_sends_20250111.csv,1292,22,230996
campaign_sends,dataset/campaign_sends/year=2025/month=01/day=12/campaign_sends_20250112.csv,1173,22,209717
campaign_sends,dataset/campaign_sends/year=2025/month=01/day=13/campaign_sends_20250113.csv,2048,22,377946
campaign_sends,dataset/campaign_sends/year=2025/month=01/day=14/campaign_sends_20250114.csv,1963,22,364141
campaign_sends,dataset/campaign_sends/year=2025/month=01/day=15/campaign_sends_20250115.csv,1667,22,309535
campaign_sends,dataset/campaign_sends/year=2025/month=01/day=16/campaign_sends_20250116.csv,1815,22,335467
campaign_sends,dataset/campaign_sends/year=2025/month=01/day=17/campaign_sends_20250117.csv,1708,22,319165
campaign_sends,dataset/campaign_sends/year=2025/month=01/day=18/campaign_sends_20250118.csv,998,22,182053
campaign_sends,dataset/campaign_sends/year=2025/month=01/day=19/campaign_sends_20250119.csv,1311,22,239331
campaign_sends,dataset/campaign_sends/year=2025/month=01/day=20/campaign_sends_20250120.csv,1843,22,335496
campaign_sends,dataset/campaign_sends/year=2025/month=01/day=21/campaign_sends_20250121.csv,1470,22,268588
campaign_sends,dataset/campaign_sends/year=2025/month=01/day=22/campaign_sends_20250122.csv,1838,22,335141
campaign_sends,dataset/campaign_sends/year=2025/month=01/day=23/campaign_sends_20250123.csv,1947,22,355654
campaign_sends,dataset/campaign_sends/year=2025/month=01/day=24/campaign_sends_20250124.csv,2091,22,382599
campaign_sends,dataset/campaign_sends/year=2025/month=01/day=25/campaign_sends_20250125.csv,922,22,168503
campaign_sends,dataset/campaign_sends/year=2025/month=01/day=26/campaign_sends_20250126.csv,878,22,159012
campaign_sends,dataset/campaign_sends/year=2025/month=01/day=27/campaign_sends_20250127.csv,2074,22,376020
campaign_sends,dataset/campaign_sends/year=2025/month=01/day=28/campaign_sends_20250128.csv,2117,22,384275
campaign_sends,dataset/campaign_sends/year=2025/month=01/day=29/campaign_sends_20250129.csv,1693,22,307272
campaign_sends,dataset/campaign_sends/year=2025/month=01/day=30/campaign_sends_20250130.csv,1907,22,346062
campaign_sends,dataset/campaign_sends/year=2025/month=01/day=31/campaign_sends_20250131.csv,1764,22,319086
campaign_sends,dataset/campaign_sends/year=2025/month=02/day=01/campaign_sends_20250201.csv,904,22,164216
campaign_sends,dataset/campaign_sends/year=2025/month=02/day=02/campaign_sends_20250202.csv,912,22,164093
campaign_sends,dataset/campaign_sends/year=2025/month=02/day=03/campaign_sends_20250203.csv,1872,22,340756
campaign_sends,dataset/campaign_sends/year=2025/month=02/day=04/campaign_sends_20250204.csv,1736,22,310855
campaign_sends,dataset/campaign_sends/year=2025/month=02/day=05/campaign_sends_20250205.csv,1872,22,336473
campaign_sends,dataset/campaign_sends/year=2025/month=02/day=06/campaign_sends_20250206.csv,1750,22,313918
campaign_sends,dataset/campaign_sends/year=2025/month=02/day=07/campaign_sends_20250207.csv,1797,22,319574
campaign_sends,dataset/campaign_sends/year=2025/month=02/day=08/campaign_sends_20250208.csv,1255,22,224985
campaign_sends,dataset/campaign_sends/year=2025/month=02/day=09/campaign_sends_20250209.csv,1113,22,197887
campaign_sends,dataset/campaign_sends/year=2025/month=02/day=10/campaign_sends_20250210.csv,2060,22,362861
campaign_sends,dataset/campaign_sends/year=2025/month=02/day=11/campaign_sends_20250211.csv,1829,22,324500
campaign_sends,dataset/campaign_sends/year=2025/month=02/day=12/campaign_sends_20250212.csv,1502,22,265937
campaign_sends,dataset/campaign_sends/year=2025/month=02/day=13/campaign_sends_20250213.csv,1496,22,266090
campaign_sends,dataset/campaign_sends/year=2025/month=02/day=14/campaign_sends_20250214.csv,1958,22,349245
campaign_sends,dataset/campaign_sends/year=2025/month=02/day=15/campaign_sends_20250215.csv,1129,22,200793
campaign_sends,dataset/campaign_sends/year=2025/month=02/day=16/campaign_sends_20250216.csv,1192,22,209142
campaign_sends,dataset/campaign_sends/year=2025/month=02/day=17/campaign_sends_20250217.csv,1672,22,293350
campaign_sends,dataset/campaign_sends/year=2025/month=02/day=18/campaign_sends_20250218.csv,1677,22,292783
campaign_sends,dataset/campaign_sends/year=2025/month=02/day=19/campaign_sends_20250219.csv,2177,22,381019
campaign_sends,dataset/campaign_sends/year=2025/month=02/day=20/campaign_sends_20250220.csv,1599,22,270907
campaign_sends,dataset/campaign_sends/year=2025/month=02/day=21/campaign_sends_20250221.csv,2114,22,359634
campaign_sends,dataset/campaign_sends/year=2025/month=02/day=22/campaign_sends_20250222.csv,1176,22,199234
campaign_sends,dataset/campaign_sends/year=2025/month=02/day=23/campaign_sends_20250223.csv,1225,22,207041
campaign_sends,dataset/campaign_sends/year=2025/month=02/day=24/campaign_sends_20250224.csv,2040,22,358221
campaign_sends,dataset/campaign_sends/year=2025/month=02/day=25/campaign_sends_20250225.csv,1495,22,264849
campaign_sends,dataset/campaign_sends/year=2025/month=02/day=26/campaign_sends_20250226.csv,1536,22,269597
campaign_sends,dataset/campaign_sends/year=2025/month=02/day=27/campaign_sends_20250227.csv,1889,22,334882
campaign_sends,dataset/campaign_sends/year=2025/month=02/day=28/campaign_sends_20250228.csv,1546,22,274413
campaign_sends,dataset/campaign_sends/year=2025/month=03/day=01/campaign_sends_20250301.csv,1026,22,182900
campaign_sends,dataset/campaign_sends/year=2025/month=03/day=02/campaign_sends_20250302.csv,1293,22,230105
campaign_sends,dataset/campaign_sends/year=2025/month=03/day=03/campaign_sends_20250303.csv,2047,22,364845
campaign_sends,dataset/campaign_sends/year=2025/month=03/day=04/campaign_sends_20250304.csv,1830,22,329546
campaign_sends,dataset/campaign_sends/year=2025/month=03/day=05/campaign_sends_20250305.csv,2082,22,376130
campaign_sends,dataset/campaign_sends/year=2025/month=03/day=06/campaign_sends_20250306.csv,2116,22,381851
campaign_sends,dataset/campaign_sends/year=2025/month=03/day=07/campaign_sends_20250307.csv,1527,22,274212
campaign_sends,dataset/campaign_sends/year=2025/month=03/day=08/campaign_sends_20250308.csv,954,22,171060
campaign_sends,dataset/campaign_sends/year=2025/month=03/day=09/campaign_sends_20250309.csv,1239,22,224270
campaign_sends,dataset/campaign_sends/year=2025/month=03/day=10/campaign_sends_20250310.csv,1679,22,303084
campaign_sends,dataset/campaign_sends/year=2025/month=03/day=11/campaign_sends_20250311.csv,1681,22,302611
campaign_sends,dataset/campaign_sends/year=2025/month=03/day=12/campaign_sends_20250312.csv,2093,22,376587
campaign_sends,dataset/campaign_sends/year=2025/month=03/day=13/campaign_sends_20250313.csv,2122,22,381244
campaign_sends,dataset/campaign_sends/year=2025/month=03/day=14/campaign_sends_20250314.csv,1473,22,270853
campaign_sends,dataset/campaign_sends/year=2025/month=03/day=15/campaign_sends_20250315.csv,1092,22,200322
campaign_sends,dataset/campaign_sends/year=2025/month=03/day=16/campaign_sends_20250316.csv,1158,22,212598
campaign_sends,dataset/campaign_sends/year=2025/month=03/day=17/campaign_sends_20250317.csv,1576,22,289711
campaign_sends,dataset/campaign_sends/year=2025/month=03/day=18/campaign_sends_20250318.csv,1882,22,345824
campaign_sends,dataset/campaign_sends/year=2025/month=03/day=19/campaign_sends_20250319.csv,2146,22,400923
campaign_sends,dataset/campaign_sends/year=2025/month=03/day=20/campaign_sends_20250320.csv,1577,22,295073
campaign_sends,dataset/campaign_sends/year=2025/month=03/day=21/campaign_sends_20250321.csv,1643,22,309193
campaign_sends,dataset/campaign_sends/year=2025/month=03/day=22/campaign_sends_20250322.csv,1200,22,224917
campaign_sends,dataset/campaign_sends/year=2025/month=03/day=23/campaign_sends_20250323.csv,996,22,186069
campaign_sends,dataset/campaign_sends/year=2025/month=03/day=24/campaign_sends_20250324.csv,2123,22,398638
campaign_sends,dataset/campaign_sends/year=2025/month=03/day=25/campaign_sends_20250325.csv,1880,22,353402
campaign_sends,dataset/campaign_sends/year=2025/month=03/day=26/campaign_sends_20250326.csv,1529,22,281414
campaign_sends,dataset/campaign_sends/year=2025/month=03/day=27/campaign_sends_20250327.csv,1652,22,304388
campaign_sends,dataset/campaign_sends/year=2025/month=03/day=28/campaign_sends_20250328.csv,1552,22,285051
campaign_sends,dataset/campaign_sends/year=2025/month=03/day=29/campaign_sends_20250329.csv,1222,22,224967
campaign_sends,dataset/campaign_sends/year=2025/month=03/day=30/campaign_sends_20250330.csv,1249,22,230397
campaign_sends,dataset/campaign_sends/year=2025/month=03/day=31/campaign_sends_20250331.csv,1667,22,313150
campaign_sends,dataset/campaign_sends/year=2025/month=04/day=01/campaign_sends_20250401.csv,1641,22,307298
campaign_sends,dataset/campaign_sends/year=2025/month=04/day=02/campaign_sends_20250402.csv,1876,22,353062
campaign_sends,dataset/campaign_sends/year=2025/month=04/day=03/campaign_sends_20250403.csv,1651,22,310717
campaign_sends,dataset/campaign_sends/year=2025/month=04/day=04/campaign_sends_20250404.csv,1905,22,354745
campaign_sends,dataset/campaign_sends/year=2025/month=04/day=05/campaign_sends_20250405.csv,1194,22,223020
campaign_sends,dataset/campaign_sends/year=2025/month=04/day=06/campaign_sends_20250406.csv,948,22,177672
campaign_sends,dataset/campaign_sends/year=2025/month=04/day=07/campaign_sends_20250407.csv,2008,22,377843
campaign_sends,dataset/campaign_sends/year=2025/month=04/day=08/campaign_sends_20250408.csv,1906,22,357433
campaign_sends,dataset/campaign_sends/year=2025/month=04/day=09/campaign_sends_20250409.csv,1942,22,365530
campaign_sends,dataset/campaign_sends/year=2025/month=04/day=10/campaign_sends_20250410.csv,2083,22,389845
campaign_sends,dataset/campaign_sends/year=2025/month=04/day=11/campaign_sends_20250411.csv,1552,22,291355
campaign_sends,dataset/campaign_sends/year=2025/month=04/day=12/campaign_sends_20250412.csv,916,22,173465
campaign_sends,dataset/campaign_sends/year=2025/month=04/day=13/campaign_sends_20250413.csv,1059,22,202572
campaign_sends,dataset/campaign_sends/year=2025/month=04/day=14/campaign_sends_20250414.csv,1708,22,327135
campaign_sends,dataset/campaign_sends/year=2025/month=04/day=15/campaign_sends_20250415.csv,1727,22,329344
campaign_sends,dataset/campaign_sends/year=2025/month=04/day=16/campaign_sends_20250416.csv,1813,22,353760
campaign_sends,dataset/campaign_sends/year=2025/month=04/day=17/campaign_sends_20250417.csv,2031,22,395087
campaign_sends,dataset/campaign_sends/year=2025/month=04/day=18/campaign_sends_20250418.csv,1540,22,292196
campaign_sends,dataset/campaign_sends/year=2025/month=04/day=19/campaign_sends_20250419.csv,888,22,169057
campaign_sends,dataset/campaign_sends/year=2025/month=04/day=20/campaign_sends_20250420.csv,1131,22,214590
campaign_sends,dataset/campaign_sends/year=2025/month=04/day=21/campaign_sends_20250421.csv,1866,22,356434
campaign_sends,dataset/campaign_sends/year=2025/month=04/day=22/campaign_sends_20250422.csv,2143,22,408461
campaign_sends,dataset/campaign_sends/year=2025/month=04/day=23/campaign_sends_20250423.csv,1837,22,350902
campaign_sends,dataset/campaign_sends/year=2025/month=04/day=24/campaign_sends_20250424.csv,2088,22,398479
campaign_sends,dataset/campaign_sends/year=2025/month=04/day=25/campaign_sends_20250425.csv,2000,22,379878
campaign_sends,dataset/campaign_sends/year=2025/month=04/day=26/campaign_sends_20250426.csv,1171,22,223462
campaign_sends,dataset/campaign_sends/year=2025/month=04/day=27/campaign_sends_20250427.csv,1109,22,212556
campaign_sends,dataset/campaign_sends/year=2025/month=04/day=28/campaign_sends_20250428.csv,1544,22,297777
campaign_sends,dataset/campaign_sends/year=2025/month=04/day=29/campaign_sends_20250429.csv,2149,22,414512
campaign_sends,dataset/campaign_sends/year=2025/month=04/day=30/campaign_sends_20250430.csv,1568,22,302621
campaign_sends,dataset/campaign_sends/year=2025/month=05/day=01/campaign_sends_20250501.csv,1630,22,313030
campaign_sends,dataset/campaign_sends/year=2025/month=05/day=02/campaign_sends_20250502.csv,1711,22,333648
campaign_sends,dataset/campaign_sends/year=2025/month=05/day=03/campaign_sends_20250503.csv,987,22,192563
campaign_sends,dataset/campaign_sends/year=2025/month=05/day=04/campaign_sends_20250504.csv,992,22,194301
campaign_sends,dataset/campaign_sends/year=2025/month=05/day=05/campaign_sends_20250505.csv,1903,22,370699
campaign_sends,dataset/campaign_sends/year=2025/month=05/day=06/campaign_sends_20250506.csv,1539,22,301758
campaign_sends,dataset/campaign_sends/year=2025/month=05/day=07/campaign_sends_20250507.csv,1839,22,359101
campaign_sends,dataset/campaign_sends/year=2025/month=05/day=08/campaign_sends_20250508.csv,1770,22,342994
campaign_sends,dataset/campaign_sends/year=2025/month=05/day=09/campaign_sends_20250509.csv,1513,22,296047
campaign_sends,dataset/campaign_sends/year=2025/month=05/day=10/campaign_sends_20250510.csv,1167,22,228103
campaign_sends,dataset/campaign_sends/year=2025/month=05/day=11/campaign_sends_20250511.csv,1282,22,251426
campaign_sends,dataset/campaign_sends/year=2025/month=05/day=12/campaign_sends_20250512.csv,1692,22,331300
campaign_sends,dataset/campaign_sends/year=2025/month=05/day=13/campaign_sends_20250513.csv,2142,22,418744
campaign_sends,dataset/campaign_sends/year=2025/month=05/day=14/campaign_sends_20250514.csv,2002,22,391255
campaign_sends,dataset/campaign_sends/year=2025/month=05/day=15/campaign_sends_20250515.csv,1495,22,290404
campaign_sends,dataset/campaign_sends/year=2025/month=05/day=16/campaign_sends_20250516.csv,1589,22,294274
campaign_sends,dataset/campaign_sends/year=2025/month=05/day=17/campaign_sends_20250517.csv,909,22,169043
campaign_sends,dataset/campaign_sends/year=2025/month=05/day=18/campaign_sends_20250518.csv,933,22,173007
campaign_sends,dataset/campaign_sends/year=2025/month=05/day=19/campaign_sends_20250519.csv,2141,22,397247
campaign_sends,dataset/campaign_sends/year=2025/month=05/day=20/campaign_sends_20250520.csv,1898,22,350897
campaign_sends,dataset/campaign_sends/year=2025/month=05/day=21/campaign_sends_20250521.csv,1855,22,343218
campaign_sends,dataset/campaign_sends/year=2025/month=05/day=22/campaign_sends_20250522.csv,2041,22,378124
campaign_sends,dataset/campaign_sends/year=2025/month=05/day=23/campaign_sends_20250523.csv,1531,22,281718
campaign_sends,dataset/campaign_sends/year=2025/month=05/day=24/campaign_sends_20250524.csv,1191,22,218686
campaign_sends,dataset/campaign_sends/year=2025/month=05/day=25/campaign_sends_20250525.csv,1234,22,227592
campaign_sends,dataset/campaign_sends/year=2025/month=05/day=26/campaign_sends_20250526.csv,1476,22,273306
campaign_sends,dataset/campaign_sends/year=2025/month=05/day=27/campaign_sends_20250527.csv,1542,22,285417
campaign_sends,dataset/campaign_sends/year=2025/month=05/day=28/campaign_sends_20250528.csv,2141,22,395323
campaign_sends,dataset/campaign_sends/year=2025/month=05/day=29/campaign_sends_20250529.csv,1631,22,300021
campaign_sends,dataset/campaign_sends/year=2025/month=05/day=30/campaign_sends_20250530.csv,2074,22,379896
campaign_sends,dataset/campaign_sends/year=2025/month=05/day=31/campaign_sends_20250531.csv,885,22,162113
campaign_sends,dataset/campaign_sends/year=2025/month=06/day=01/campaign_sends_20250601.csv,1206,22,221636
campaign_sends,dataset/campaign_sends/year=2025/month=06/day=02/campaign_sends_20250602.csv,1985,22,363286
campaign_sends,dataset/campaign_sends/year=2025/month=06/day=03/campaign_sends_20250603.csv,2067,22,380425
campaign_sends,dataset/campaign_sends/year=2025/month=06/day=04/campaign_sends_20250604.csv,2179,22,401753
campaign_sends,dataset/campaign_sends/year=2025/month=06/day=05/campaign_sends_20250605.csv,2035,22,387205
campaign_sends,dataset/campaign_sends/year=2025/month=06/day=06/campaign_sends_20250606.csv,1683,22,301741
campaign_sends,dataset/campaign_sends/year=2025/month=06/day=07/campaign_sends_20250607.csv,1108,22,201338
campaign_sends,dataset/campaign_sends/year=2025/month=06/day=08/campaign_sends_20250608.csv,940,22,170088
campaign_sends,dataset/campaign_sends/year=2025/month=06/day=09/campaign_sends_20250609.csv,2111,22,380380
campaign_sends,dataset/campaign_sends/year=2025/month=06/day=10/campaign_sends_20250610.csv,1565,22,284603
campaign_sends,dataset/campaign_sends/year=2025/month=06/day=11/campaign_sends_20250611.csv,1472,22,267936
campaign_sends,dataset/campaign_sends/year=2025/month=06/day=12/campaign_sends_20250612.csv,1864,22,338138
campaign_sends,dataset/campaign_sends/year=2025/month=06/day=13/campaign_sends_20250613.csv,1804,22,328042
campaign_sends,dataset/campaign_sends/year=2025/month=06/day=14/campaign_sends_20250614.csv,985,22,178187
campaign_sends,dataset/campaign_sends/year=2025/month=06/day=15/campaign_sends_20250615.csv,1056,22,190624
campaign_sends,dataset/campaign_sends/year=2025/month=06/day=16/campaign_sends_20250616.csv,1485,22,269864
campaign_sends,dataset/campaign_sends/year=2025/month=06/day=17/campaign_sends_20250617.csv,1784,22,322802
campaign_sends,dataset/campaign_sends/year=2025/month=06/day=18/campaign_sends_20250618.csv,1768,22,320761
campaign_sends,dataset/campaign_sends/year=2025/month=06/day=19/campaign_sends_20250619.csv,1723,22,312500
campaign_sends,dataset/campaign_sends/year=2025/month=06/day=20/campaign_sends_20250620.csv,2045,22,370449
campaign_sends,dataset/campaign_sends/year=2025/month=06/day=21/campaign_sends_20250621.csv,903,22,164695
campaign_sends,dataset/campaign_sends/year=2025/month=06/day=22/campaign_sends_20250622.csv,1000,22,181931
campaign_sends,dataset/campaign_sends/year=2025/month=06/day=23/campaign_sends_20250623.csv,2068,22,365893
campaign_sends,dataset/campaign_sends/year=2025/month=06/day=24/campaign_sends_20250624.csv,1936,22,343153
campaign_sends,dataset/campaign_sends/year=2025/month=06/day=25/campaign_sends_20250625.csv,1953,22,346741
campaign_sends,dataset/campaign_sends/year=2025/month=06/day=26/campaign_sends_20250626.csv,1518,22,269709
campaign_sends,dataset/campaign_sends/year=2025/month=06/day=27/campaign_sends_20250627.csv,1616,22,287560
campaign_sends,dataset/campaign_sends/year=2025/month=06/day=28/campaign_sends_20250628.csv,1262,22,232410
campaign_sends,dataset/campaign_sends/year=2025/month=06/day=29/campaign_sends_20250629.csv,1225,22,222846
campaign_sends,dataset/campaign_sends/year=2025/month=06/day=30/campaign_sends_20250630.csv,1871,22,342333
campaign_sends,dataset/campaign_sends/year=2025/month=07/day=01/campaign_sends_20250701.csv,1753,22,317587
campaign_sends,dataset/campaign_sends/year=2025/month=07/day=02/campaign_sends_20250702.csv,2070,22,378688
campaign_sends,dataset/campaign_sends/year=2025/month=07/day=03/campaign_sends_20250703.csv,1558,22,283983
campaign_sends,dataset/campaign_sends/year=2025/month=07/day=04/campaign_sends_20250704.csv,2155,22,395704
campaign_sends,dataset/campaign_sends/year=2025/month=07/day=05/campaign_sends_20250705.csv,956,22,176220
campaign_sends,dataset/campaign_sends/year=2025/month=07/day=06/campaign_sends_20250706.csv,932,22,171218
campaign_sends,dataset/campaign_sends/year=2025/month=07/day=07/campaign_sends_20250707.csv,1792,22,328224
campaign_sends,dataset/campaign_sends/year=2025/month=07/day=08/campaign_sends_20250708.csv,2164,22,406533
campaign_sends,dataset/campaign_sends/year=2025/month=07/day=09/campaign_sends_20250709.csv,1555,22,290326
campaign_sends,dataset/campaign_sends/year=2025/month=07/day=10/campaign_sends_20250710.csv,1642,22,307458
campaign_sends,dataset/campaign_sends/year=2025/month=07/day=11/campaign_sends_20250711.csv,1715,22,320868
campaign_sends,dataset/campaign_sends/year=2025/month=07/day=12/campaign_sends_20250712.csv,1077,22,203084
campaign_sends,dataset/campaign_sends/year=2025/month=07/day=13/campaign_sends_20250713.csv,1050,22,199031
campaign_sends,dataset/campaign_sends/year=2025/month=07/day=14/campaign_sends_20250714.csv,1854,22,348831
campaign_sends,dataset/campaign_sends/year=2025/month=07/day=15/campaign_sends_20250715.csv,2003,22,379896
campaign_sends,dataset/campaign_sends/year=2025/month=07/day=16/campaign_sends_20250716.csv,1873,22,355587
campaign_sends,dataset/campaign_sends/year=2025/month=07/day=17/campaign_sends_20250717.csv,1823,22,351120
campaign_sends,dataset/campaign_sends/year=2025/month=07/day=18/campaign_sends_20250718.csv,2141,22,411767
campaign_sends,dataset/campaign_sends/year=2025/month=07/day=19/campaign_sends_20250719.csv,970,22,184638
campaign_sends,dataset/campaign_sends/year=2025/month=07/day=20/campaign_sends_20250720.csv,1218,22,233573
campaign_sends,dataset/campaign_sends/year=2025/month=07/day=21/campaign_sends_20250721.csv,1478,22,283123
campaign_sends,dataset/campaign_sends/year=2025/month=07/day=22/campaign_sends_20250722.csv,1596,22,307238
campaign_sends,dataset/campaign_sends/year=2025/month=07/day=23/campaign_sends_20250723.csv,1728,22,333550
campaign_sends,dataset/campaign_sends/year=2025/month=07/day=24/campaign_sends_20250724.csv,1468,22,271712
campaign_sends,dataset/campaign_sends/year=2025/month=07/day=25/campaign_sends_20250725.csv,1551,22,289193
campaign_sends,dataset/campaign_sends/year=2025/month=07/day=26/campaign_sends_20250726.csv,1281,22,242786
campaign_sends,dataset/campaign_sends/year=2025/month=07/day=27/campaign_sends_20250727.csv,909,22,171390
campaign_sends,dataset/campaign_sends/year=2025/month=07/day=28/campaign_sends_20250728.csv,1794,22,334379
campaign_sends,dataset/campaign_sends/year=2025/month=07/day=29/campaign_sends_20250729.csv,1816,22,342080
campaign_sends,dataset/campaign_sends/year=2025/month=07/day=30/campaign_sends_20250730.csv,2123,22,396390
campaign_sends,dataset/campaign_sends/year=2025/month=07/day=31/campaign_sends_20250731.csv,2151,22,408469
campaign_sends,dataset/campaign_sends/year=2025/month=08/day=01/campaign_sends_20250801.csv,1731,22,329308
campaign_sends,dataset/campaign_sends/year=2025/month=08/day=02/campaign_sends_20250802.csv,877,22,163806
campaign_sends,dataset/campaign_sends/year=2025/month=08/day=03/campaign_sends_20250803.csv,1285,22,237270
campaign_sends,dataset/campaign_sends/year=2025/month=08/day=04/campaign_sends_20250804.csv,1815,22,338642
campaign_sends,dataset/campaign_sends/year=2025/month=08/day=05/campaign_sends_20250805.csv,2140,22,396428
campaign_sends,dataset/campaign_sends/year=2025/month=08/day=06/campaign_sends_20250806.csv,1623,22,300836
campaign_sends,dataset/campaign_sends/year=2025/month=08/day=07/campaign_sends_20250807.csv,2125,22,395130
campaign_sends,dataset/campaign_sends/year=2025/month=08/day=08/campaign_sends_20250808.csv,1700,22,315749
campaign_sends,dataset/campaign_sends/year=2025/month=08/day=09/campaign_sends_20250809.csv,1092,22,203032
campaign_sends,dataset/campaign_sends/year=2025/month=08/day=10/campaign_sends_20250810.csv,1153,22,216185
campaign_sends,dataset/campaign_sends/year=2025/month=08/day=11/campaign_sends_20250811.csv,2184,22,412756
campaign_sends,dataset/campaign_sends/year=2025/month=08/day=12/campaign_sends_20250812.csv,1663,22,313838
campaign_sends,dataset/campaign_sends/year=2025/month=08/day=13/campaign_sends_20250813.csv,1919,22,361514
campaign_sends,dataset/campaign_sends/year=2025/month=08/day=14/campaign_sends_20250814.csv,1535,22,288373
campaign_sends,dataset/campaign_sends/year=2025/month=08/day=15/campaign_sends_20250815.csv,1783,22,334470
campaign_sends,dataset/campaign_sends/year=2025/month=08/day=16/campaign_sends_20250816.csv,1060,22,199882
campaign_sends,dataset/campaign_sends/year=2025/month=08/day=17/campaign_sends_20250817.csv,928,22,176703
campaign_sends,dataset/campaign_sends/year=2025/month=08/day=18/campaign_sends_20250818.csv,1870,22,354692
campaign_sends,dataset/campaign_sends/year=2025/month=08/day=19/campaign_sends_20250819.csv,1557,22,294441
campaign_sends,dataset/campaign_sends/year=2025/month=08/day=20/campaign_sends_20250820.csv,2185,22,416609
campaign_sends,dataset/campaign_sends/year=2025/month=08/day=21/campaign_sends_20250821.csv,1880,22,357330
campaign_sends,dataset/campaign_sends/year=2025/month=08/day=22/campaign_sends_20250822.csv,1986,22,372894
campaign_sends,dataset/campaign_sends/year=2025/month=08/day=23/campaign_sends_20250823.csv,1141,22,214386
campaign_sends,dataset/campaign_sends/year=2025/month=08/day=24/campaign_sends_20250824.csv,1229,22,231451
campaign_sends,dataset/campaign_sends/year=2025/month=08/day=25/campaign_sends_20250825.csv,1850,22,348978
campaign_sends,dataset/campaign_sends/year=2025/month=08/day=26/campaign_sends_20250826.csv,1472,22,280914
campaign_sends,dataset/campaign_sends/year=2025/month=08/day=27/campaign_sends_20250827.csv,2049,22,392506
campaign_sends,dataset/campaign_sends/year=2025/month=08/day=28/campaign_sends_20250828.csv,1938,22,369905
campaign_sends,dataset/campaign_sends/year=2025/month=08/day=29/campaign_sends_20250829.csv,1836,22,346374
campaign_sends,dataset/campaign_sends/year=2025/month=08/day=30/campaign_sends_20250830.csv,971,22,182821
campaign_sends,dataset/campaign_sends/year=2025/month=08/day=31/campaign_sends_20250831.csv,1083,22,204378
campaign_sends,dataset/campaign_sends/year=2025/month=09/day=01/campaign_sends_20250901.csv,2171,22,408456
campaign_sends,dataset/campaign_sends/year=2025/month=09/day=02/campaign_sends_20250902.csv,1927,22,357580
campaign_sends,dataset/campaign_sends/year=2025/month=09/day=03/campaign_sends_20250903.csv,1462,22,272250
campaign_sends,dataset/campaign_sends/year=2025/month=09/day=04/campaign_sends_20250904.csv,1731,22,321617
campaign_sends,dataset/campaign_sends/year=2025/month=09/day=05/campaign_sends_20250905.csv,1633,22,302705
campaign_sends,dataset/campaign_sends/year=2025/month=09/day=06/campaign_sends_20250906.csv,1038,22,191759
campaign_sends,dataset/campaign_sends/year=2025/month=09/day=07/campaign_sends_20250907.csv,1201,22,226902
campaign_sends,dataset/campaign_sends/year=2025/month=09/day=08/campaign_sends_20250908.csv,1831,22,344276
campaign_sends,dataset/campaign_sends/year=2025/month=09/day=09/campaign_sends_20250909.csv,1792,22,337880
campaign_sends,dataset/campaign_sends/year=2025/month=09/day=10/campaign_sends_20250910.csv,2102,22,402335
campaign_sends,dataset/campaign_sends/year=2025/month=09/day=11/campaign_sends_20250911.csv,2077,22,398656
campaign_sends,dataset/campaign_sends/year=2025/month=09/day=12/campaign_sends_20250912.csv,1663,22,316816
campaign_sends,dataset/campaign_sends/year=2025/month=09/day=13/campaign_sends_20250913.csv,1015,22,193486
campaign_sends,dataset/campaign_sends/year=2025/month=09/day=14/campaign_sends_20250914.csv,1241,22,238459
campaign_sends,dataset/campaign_sends/year=2025/month=09/day=15/campaign_sends_20250915.csv,1538,22,292889
campaign_sends,dataset/campaign_sends/year=2025/month=09/day=16/campaign_sends_20250916.csv,1961,22,374988
campaign_sends,dataset/campaign_sends/year=2025/month=09/day=17/campaign_sends_20250917.csv,1873,22,354909
campaign_sends,dataset/campaign_sends/year=2025/month=09/day=18/campaign_sends_20250918.csv,1656,22,314580
campaign_sends,dataset/campaign_sends/year=2025/month=09/day=19/campaign_sends_20250919.csv,1607,22,303558
campaign_sends,dataset/campaign_sends/year=2025/month=09/day=20/campaign_sends_20250920.csv,898,22,170201
campaign_sends,dataset/campaign_sends/year=2025/month=09/day=21/campaign_sends_20250921.csv,1284,22,243771
campaign_sends,dataset/campaign_sends/year=2025/month=09/day=22/campaign_sends_20250922.csv,1578,22,300622
campaign_sends,dataset/campaign_sends/year=2025/month=09/day=23/campaign_sends_20250923.csv,1802,22,341809
campaign_sends,dataset/campaign_sends/year=2025/month=09/day=24/campaign_sends_20250924.csv,1972,22,374992
campaign_sends,dataset/campaign_sends/year=2025/month=09/day=25/campaign_sends_20250925.csv,1570,22,294586
campaign_sends,dataset/campaign_sends/year=2025/month=09/day=26/campaign_sends_20250926.csv,1638,22,303044
campaign_sends,dataset/campaign_sends/year=2025/month=09/day=27/campaign_sends_20250927.csv,1306,22,242907
campaign_sends,dataset/campaign_sends/year=2025/month=09/day=28/campaign_sends_20250928.csv,1055,22,195727
campaign_sends,dataset/campaign_sends/year=2025/month=09/day=29/campaign_sends_20250929.csv,2058,22,379360
campaign_sends,dataset/campaign_sends/year=2025/month=09/day=30/campaign_sends_20250930.csv,1482,22,276106
campaign_sends,dataset/campaign_sends/year=2025/month=10/day=01/campaign_sends_20251001.csv,1721,22,320742
campaign_sends,dataset/campaign_sends/year=2025/month=10/day=02/campaign_sends_20251002.csv,1890,22,350684
campaign_sends,dataset/campaign_sends/year=2025/month=10/day=03/campaign_sends_20251003.csv,1506,22,281074
campaign_sends,dataset/campaign_sends/year=2025/month=10/day=04/campaign_sends_20251004.csv,1263,22,235546
campaign_sends,dataset/campaign_sends/year=2025/month=10/day=05/campaign_sends_20251005.csv,1140,22,213297
campaign_sends,dataset/campaign_sends/year=2025/month=10/day=06/campaign_sends_20251006.csv,2107,22,391738
campaign_sends,dataset/campaign_sends/year=2025/month=10/day=07/campaign_sends_20251007.csv,1771,22,329121
campaign_sends,dataset/campaign_sends/year=2025/month=10/day=08/campaign_sends_20251008.csv,1854,22,344643
campaign_sends,dataset/campaign_sends/year=2025/month=10/day=09/campaign_sends_20251009.csv,1601,22,298588
campaign_sends,dataset/campaign_sends/year=2025/month=10/day=10/campaign_sends_20251010.csv,2077,22,385545
campaign_sends,dataset/campaign_sends/year=2025/month=10/day=11/campaign_sends_20251011.csv,966,22,180105
campaign_sends,dataset/campaign_sends/year=2025/month=10/day=12/campaign_sends_20251012.csv,1132,22,212688
campaign_sends,dataset/campaign_sends/year=2025/month=10/day=13/campaign_sends_20251013.csv,1522,22,282625
campaign_sends,dataset/campaign_sends/year=2025/month=10/day=14/campaign_sends_20251014.csv,1888,22,350303
campaign_sends,dataset/campaign_sends/year=2025/month=10/day=15/campaign_sends_20251015.csv,1682,22,313977
campaign_sends,dataset/campaign_sends/year=2025/month=10/day=16/campaign_sends_20251016.csv,1776,22,331123
campaign_sends,dataset/campaign_sends/year=2025/month=10/day=17/campaign_sends_20251017.csv,1840,22,331269
campaign_sends,dataset/campaign_sends/year=2025/month=10/day=18/campaign_sends_20251018.csv,1041,22,187337
campaign_sends,dataset/campaign_sends/year=2025/month=10/day=19/campaign_sends_20251019.csv,976,22,175517
campaign_sends,dataset/campaign_sends/year=2025/month=10/day=20/campaign_sends_20251020.csv,1698,22,306401
campaign_sends,dataset/campaign_sends/year=2025/month=10/day=21/campaign_sends_20251021.csv,1770,22,317533
campaign_sends,dataset/campaign_sends/year=2025/month=10/day=22/campaign_sends_20251022.csv,1755,22,316660
campaign_sends,dataset/campaign_sends/year=2025/month=10/day=23/campaign_sends_20251023.csv,2096,22,378346
campaign_sends,dataset/campaign_sends/year=2025/month=10/day=24/campaign_sends_20251024.csv,1836,22,329643
campaign_sends,dataset/campaign_sends/year=2025/month=10/day=25/campaign_sends_20251025.csv,928,22,167622
campaign_sends,dataset/campaign_sends/year=2025/month=10/day=26/campaign_sends_20251026.csv,1086,22,195422
campaign_sends,dataset/campaign_sends/year=2025/month=10/day=27/campaign_sends_20251027.csv,2107,22,380463
campaign_sends,dataset/campaign_sends/year=2025/month=10/day=28/campaign_sends_20251028.csv,1940,22,348017
campaign_sends,dataset/campaign_sends/year=2025/month=10/day=29/campaign_sends_20251029.csv,2079,22,374721
campaign_sends,dataset/campaign_sends/year=2025/month=10/day=30/campaign_sends_20251030.csv,1742,22,313698
campaign_sends,dataset/campaign_sends/year=2025/month=10/day=31/campaign_sends_20251031.csv,1628,22,294304
campaign_sends,dataset/campaign_sends/year=2025/month=11/day=01/campaign_sends_20251101.csv,1089,22,198075
campaign_sends,dataset/campaign_sends/year=2025/month=11/day=02/campaign_sends_20251102.csv,925,22,167077
campaign_sends,dataset/campaign_sends/year=2025/month=11/day=03/campaign_sends_20251103.csv,2006,22,361023
campaign_sends,dataset/campaign_sends/year=2025/month=11/day=04/campaign_sends_20251104.csv,1707,22,281338
campaign_sends,dataset/campaign_sends/year=2025/month=11/day=05/campaign_sends_20251105.csv,1641,22,270364
campaign_sends,dataset/campaign_sends/year=2025/month=11/day=06/campaign_sends_20251106.csv,1827,22,300979
campaign_sends,dataset/campaign_sends/year=2025/month=11/day=07/campaign_sends_20251107.csv,2056,22,350050
campaign_sends,dataset/campaign_sends/year=2025/month=11/day=08/campaign_sends_20251108.csv,888,22,150019
campaign_sends,dataset/campaign_sends/year=2025/month=11/day=09/campaign_sends_20251109.csv,911,22,155076
campaign_sends,dataset/campaign_sends/year=2025/month=11/day=10/campaign_sends_20251110.csv,1985,22,337512
campaign_sends,dataset/campaign_sends/year=2025/month=11/day=11/campaign_sends_20251111.csv,2060,22,349852
campaign_sends,dataset/campaign_sends/year=2025/month=11/day=12/campaign_sends_20251112.csv,1822,22,309315
campaign_sends,dataset/campaign_sends/year=2025/month=11/day=13/campaign_sends_20251113.csv,1965,22,332673
campaign_sends,dataset/campaign_sends/year=2025/month=11/day=14/campaign_sends_20251114.csv,1879,22,349565
campaign_sends,dataset/campaign_sends/year=2025/month=11/day=15/campaign_sends_20251115.csv,1279,22,245374
campaign_sends,dataset/campaign_sends/year=2025/month=11/day=16/campaign_sends_20251116.csv,1078,22,207214
campaign_sends,dataset/campaign_sends/year=2025/month=11/day=17/campaign_sends_20251117.csv,1870,22,358195
campaign_sends,dataset/campaign_sends/year=2025/month=11/day=18/campaign_sends_20251118.csv,1747,22,334803
campaign_sends,dataset/campaign_sends/year=2025/month=11/day=19/campaign_sends_20251119.csv,1838,22,352006
campaign_sends,dataset/campaign_sends/year=2025/month=11/day=20/campaign_sends_20251120.csv,1712,22,326905
campaign_sends,dataset/campaign_sends/year=2025/month=11/day=21/campaign_sends_20251121.csv,2049,22,389259
campaign_sends,dataset/campaign_sends/year=2025/month=11/day=22/campaign_sends_20251122.csv,957,22,180547
campaign_sends,dataset/campaign_sends/year=2025/month=11/day=23/campaign_sends_20251123.csv,940,22,172242
campaign_sends,dataset/campaign_sends/year=2025/month=11/day=24/campaign_sends_20251124.csv,1715,22,316948
campaign_sends,dataset/campaign_sends/year=2025/month=11/day=25/campaign_sends_20251125.csv,1891,22,346411
campaign_sends,dataset/campaign_sends/year=2025/month=11/day=26/campaign_sends_20251126.csv,2104,22,384060
campaign_sends,dataset/campaign_sends/year=2025/month=11/day=27/campaign_sends_20251127.csv,2033,22,375477
campaign_sends,dataset/campaign_sends/year=2025/month=11/day=28/campaign_sends_20251128.csv,2014,22,370502
campaign_sends,dataset/campaign_sends/year=2025/month=11/day=29/campaign_sends_20251129.csv,1062,22,194656
campaign_sends,dataset/campaign_sends/year=2025/month=11/day=30/campaign_sends_20251130.csv,1237,22,225491
campaign_sends,dataset/campaign_sends/year=2025/month=12/day=01/campaign_sends_20251201.csv,2036,22,371969
campaign_sends,dataset/campaign_sends/year=2025/month=12/day=02/campaign_sends_20251202.csv,2111,22,386765
campaign_sends,dataset/campaign_sends/year=2025/month=12/day=03/campaign_sends_20251203.csv,1569,22,285477
campaign_sends,dataset/campaign_sends/year=2025/month=12/day=04/campaign_sends_20251204.csv,2157,22,401508
campaign_sends,dataset/campaign_sends/year=2025/month=12/day=05/campaign_sends_20251205.csv,2075,22,384223
campaign_sends,dataset/campaign_sends/year=2025/month=12/day=06/campaign_sends_20251206.csv,910,22,168610
campaign_sends,dataset/campaign_sends/year=2025/month=12/day=07/campaign_sends_20251207.csv,1170,22,215938
campaign_sends,dataset/campaign_sends/year=2025/month=12/day=08/campaign_sends_20251208.csv,1733,22,320891
campaign_sends,dataset/campaign_sends/year=2025/month=12/day=09/campaign_sends_20251209.csv,1554,22,287870
campaign_sends,dataset/campaign_sends/year=2025/month=12/day=10/campaign_sends_20251210.csv,1467,22,271796
campaign_sends,dataset/campaign_sends/year=2025/month=12/day=11/campaign_sends_20251211.csv,1980,22,365293
campaign_sends,dataset/campaign_sends/year=2025/month=12/day=12/campaign_sends_20251212.csv,2075,22,385419
campaign_sends,dataset/campaign_sends/year=2025/month=12/day=13/campaign_sends_20251213.csv,1006,22,186163
campaign_sends,dataset/campaign_sends/year=2025/month=12/day=14/campaign_sends_20251214.csv,1150,22,213527
campaign_sends,dataset/campaign_sends/year=2025/month=12/day=15/campaign_sends_20251215.csv,1496,22,275514
campaign_sends,dataset/campaign_sends/year=2025/month=12/day=16/campaign_sends_20251216.csv,1686,22,312203
campaign_sends,dataset/campaign_sends/year=2025/month=12/day=17/campaign_sends_20251217.csv,1627,22,300959
campaign_sends,dataset/campaign_sends/year=2025/month=12/day=18/campaign_sends_20251218.csv,2142,22,397536
campaign_sends,dataset/campaign_sends/year=2025/month=12/day=19/campaign_sends_20251219.csv,2073,22,384566
campaign_sends,dataset/campaign_sends/year=2025/month=12/day=20/campaign_sends_20251220.csv,921,22,170493
campaign_sends,dataset/campaign_sends/year=2025/month=12/day=21/campaign_sends_20251221.csv,1000,22,185582
campaign_sends,dataset/campaign_sends/year=2025/month=12/day=22/campaign_sends_20251222.csv,1619,22,308797
campaign_sends,dataset/campaign_sends/year=2025/month=12/day=23/campaign_sends_20251223.csv,1504,22,284197
campaign_sends,dataset/campaign_sends/year=2025/month=12/day=24/campaign_sends_20251224.csv,1806,22,342037
campaign_sends,dataset/campaign_sends/year=2025/month=12/day=25/campaign_sends_20251225.csv,1971,22,374950
campaign_sends,dataset/campaign_sends/year=2025/month=12/day=26/campaign_sends_20251226.csv,1679,22,320529
campaign_sends,dataset/campaign_sends/year=2025/month=12/day=27/campaign_sends_20251227.csv,1177,22,222930
campaign_sends,dataset/campaign_sends/year=2025/month=12/day=28/campaign_sends_20251228.csv,1154,22,220886
campaign_sends,dataset/campaign_sends/year=2025/month=12/day=29/campaign_sends_20251229.csv,2025,22,389617
campaign_sends,dataset/campaign_sends/year=2025/month=12/day=30/campaign_sends_20251230.csv,2125,22,409906
campaign_sends,dataset/campaign_sends/year=2025/month=12/day=31/campaign_sends_20251231.csv,1845,22,354507
campaign_sends,dataset/campaign_sends/year=2026/month=01/day=01/campaign_sends_20260101.csv,2134,22,410414
campaign_sends,dataset/campaign_sends/year=2026/month=01/day=02/campaign_sends_20260102.csv,2155,22,413037
campaign_sends,dataset/campaign_sends/year=2026/month=01/day=03/campaign_sends_20260103.csv,976,22,191746
campaign_sends,dataset/campaign_sends/year=2026/month=01/day=04/campaign_sends_20260104.csv,1009,22,197978
campaign_sends,dataset/campaign_sends/year=2026/month=01/day=05/campaign_sends_20260105.csv,1571,22,307848
campaign_sends,dataset/campaign_sends/year=2026/month=01/day=06/campaign_sends_20260106.csv,1900,22,372011
campaign_sends,dataset/campaign_sends/year=2026/month=01/day=07/campaign_sends_20260107.csv,2176,22,425337
campaign_sends,dataset/campaign_sends/year=2026/month=01/day=08/campaign_sends_20260108.csv,1974,22,386126
campaign_sends,dataset/campaign_sends/year=2026/month=01/day=09/campaign_sends_20260109.csv,2008,22,391712
campaign_sends,dataset/campaign_sends/year=2026/month=01/day=10/campaign_sends_20260110.csv,976,22,192978
campaign_sends,dataset/campaign_sends/year=2026/month=01/day=11/campaign_sends_20260111.csv,1036,22,200345
campaign_sends,dataset/campaign_sends/year=2026/month=01/day=12/campaign_sends_20260112.csv,1995,22,386965
campaign_sends,dataset/campaign_sends/year=2026/month=01/day=13/campaign_sends_20260113.csv,1504,22,291110
campaign_sends,dataset/campaign_sends/year=2026/month=01/day=14/campaign_sends_20260114.csv,1562,22,301100
campaign_sends,dataset/campaign_sends/year=2026/month=01/day=15/campaign_sends_20260115.csv,1977,22,379801
campaign_sends,dataset/campaign_sends/year=2026/month=01/day=16/campaign_sends_20260116.csv,1545,22,295653
campaign_sends,dataset/campaign_sends/year=2026/month=01/day=17/campaign_sends_20260117.csv,1210,22,231203
campaign_sends,dataset/campaign_sends/year=2026/month=01/day=18/campaign_sends_20260118.csv,897,22,171418
campaign_sends,dataset/campaign_sends/year=2026/month=01/day=19/campaign_sends_20260119.csv,1611,22,306347
campaign_sends,dataset/campaign_sends/year=2026/month=01/day=20/campaign_sends_20260120.csv,1886,22,359419
campaign_sends,dataset/campaign_sends/year=2026/month=01/day=21/campaign_sends_20260121.csv,1936,22,368301
campaign_sends,dataset/campaign_sends/year=2026/month=01/day=22/campaign_sends_20260122.csv,1832,22,350522
campaign_sends,dataset/campaign_sends/year=2026/month=01/day=23/campaign_sends_20260123.csv,1928,22,368827
campaign_sends,dataset/campaign_sends/year=2026/month=01/day=24/campaign_sends_20260124.csv,1022,22,194480
campaign_sends,dataset/campaign_sends/year=2026/month=01/day=25/campaign_sends_20260125.csv,1093,22,210383
campaign_sends,dataset/campaign_sends/year=2026/month=01/day=26/campaign_sends_20260126.csv,1942,22,371704
campaign_sends,dataset/campaign_sends/year=2026/month=01/day=27/campaign_sends_20260127.csv,1561,22,298345
campaign_sends,dataset/campaign_sends/year=2026/month=01/day=28/campaign_sends_20260128.csv,1855,22,354586
campaign_sends,dataset/campaign_sends/year=2026/month=01/day=29/campaign_sends_20260129.csv,1992,22,379483
campaign_sends,dataset/campaign_sends/year=2026/month=01/day=30/campaign_sends_20260130.csv,2148,22,413488
campaign_sends,dataset/campaign_sends/year=2026/month=01/day=31/campaign_sends_20260131.csv,967,22,187987
campaign_sends,dataset/campaign_sends/year=2026/month=02/day=01/campaign_sends_20260201.csv,883,22,171408
campaign_sends,dataset/campaign_sends/year=2026/month=02/day=02/campaign_sends_20260202.csv,2092,22,410371
campaign_sends,dataset/campaign_sends/year=2026/month=02/day=03/campaign_sends_20260203.csv,2019,22,392296
campaign_sends,dataset/campaign_sends/year=2026/month=02/day=04/campaign_sends_20260204.csv,2080,22,401847
campaign_sends,dataset/campaign_sends/year=2026/month=02/day=05/campaign_sends_20260205.csv,1548,22,303935
campaign_sends,dataset/campaign_sends/year=2026/month=02/day=06/campaign_sends_20260206.csv,2032,22,399435
campaign_sends,dataset/campaign_sends/year=2026/month=02/day=07/campaign_sends_20260207.csv,1023,22,203097
campaign_sends,dataset/campaign_sends/year=2026/month=02/day=08/campaign_sends_20260208.csv,1179,22,234087
campaign_sends,dataset/campaign_sends/year=2026/month=02/day=09/campaign_sends_20260209.csv,2090,22,412546
campaign_sends,dataset/campaign_sends/year=2026/month=02/day=10/campaign_sends_20260210.csv,2077,22,410336
campaign_sends,dataset/campaign_sends/year=2026/month=02/day=11/campaign_sends_20260211.csv,1515,22,299208
campaign_sends,dataset/campaign_sends/year=2026/month=02/day=12/campaign_sends_20260212.csv,1668,22,329438
campaign_sends,dataset/campaign_sends/year=2026/month=02/day=13/campaign_sends_20260213.csv,1733,22,346231
campaign_sends,dataset/campaign_sends/year=2026/month=02/day=14/campaign_sends_20260214.csv,1151,22,227558
campaign_sends,dataset/campaign_sends/year=2026/month=02/day=15/campaign_sends_20260215.csv,926,22,181562
campaign_sends,dataset/campaign_sends/year=2026/month=02/day=16/campaign_sends_20260216.csv,1948,22,381932
campaign_sends,dataset/campaign_sends/year=2026/month=02/day=17/campaign_sends_20260217.csv,1742,22,341207
campaign_sends,dataset/campaign_sends/year=2026/month=02/day=18/campaign_sends_20260218.csv,1887,22,370108
campaign_sends,dataset/campaign_sends/year=2026/month=02/day=19/campaign_sends_20260219.csv,1611,22,313842
campaign_sends,dataset/campaign_sends/year=2026/month=02/day=20/campaign_sends_20260220.csv,1781,22,341691
campaign_sends,dataset/campaign_sends/year=2026/month=02/day=21/campaign_sends_20260221.csv,1206,22,232589
campaign_sends,dataset/campaign_sends/year=2026/month=02/day=22/campaign_sends_20260222.csv,1116,22,211813
campaign_sends,dataset/campaign_sends/year=2026/month=02/day=23/campaign_sends_20260223.csv,1612,22,305040
campaign_sends,dataset/campaign_sends/year=2026/month=02/day=24/campaign_sends_20260224.csv,1830,22,346725
campaign_sends,dataset/campaign_sends/year=2026/month=02/day=25/campaign_sends_20260225.csv,1547,22,293721
campaign_sends,dataset/campaign_sends/year=2026/month=02/day=26/campaign_sends_20260226.csv,1694,22,323167
campaign_sends,dataset/campaign_sends/year=2026/month=02/day=27/campaign_sends_20260227.csv,1508,22,283666
campaign_sends,dataset/campaign_sends/year=2026/month=02/day=28/campaign_sends_20260228.csv,1198,22,226986
campaign_sends,dataset/campaign_sends/year=2026/month=03/day=01/campaign_sends_20260301.csv,932,22,177221
campaign_sends,dataset/campaign_sends/year=2026/month=03/day=02/campaign_sends_20260302.csv,2126,22,408983
campaign_sends,dataset/campaign_sends/year=2026/month=03/day=03/campaign_sends_20260303.csv,1517,22,288843
campaign_sends,dataset/campaign_sends/year=2026/month=03/day=04/campaign_sends_20260304.csv,1562,22,297717
campaign_sends,dataset/campaign_sends/year=2026/month=03/day=05/campaign_sends_20260305.csv,2061,22,393276
campaign_sends,dataset/campaign_sends/year=2026/month=03/day=06/campaign_sends_20260306.csv,2161,22,413400
campaign_sends,dataset/campaign_sends/year=2026/month=03/day=07/campaign_sends_20260307.csv,1093,22,207806
campaign_sends,dataset/campaign_sends/year=2026/month=03/day=08/campaign_sends_20260308.csv,1229,22,234041
campaign_sends,dataset/campaign_sends/year=2026/month=03/day=09/campaign_sends_20260309.csv,2178,22,409659
campaign_sends,dataset/campaign_sends/year=2026/month=03/day=10/campaign_sends_20260310.csv,2119,22,398874
campaign_sends,dataset/campaign_sends/year=2026/month=03/day=11/campaign_sends_20260311.csv,1531,22,289039
campaign_sends,dataset/campaign_sends/year=2026/month=03/day=12/campaign_sends_20260312.csv,1851,22,351320
campaign_sends,dataset/campaign_sends/year=2026/month=03/day=13/campaign_sends_20260313.csv,1761,22,331567
campaign_sends,dataset/campaign_sends/year=2026/month=03/day=14/campaign_sends_20260314.csv,918,22,173727
campaign_sends,dataset/campaign_sends/year=2026/month=03/day=15/campaign_sends_20260315.csv,1120,22,211712
campaign_sends,dataset/campaign_sends/year=2026/month=03/day=16/campaign_sends_20260316.csv,1711,22,322148
campaign_sends,dataset/campaign_sends/year=2026/month=03/day=17/campaign_sends_20260317.csv,1867,22,355974
campaign_sends,dataset/campaign_sends/year=2026/month=03/day=18/campaign_sends_20260318.csv,2049,22,389892
campaign_sends,dataset/campaign_sends/year=2026/month=03/day=19/campaign_sends_20260319.csv,1615,22,311991
campaign_sends,dataset/campaign_sends/year=2026/month=03/day=20/campaign_sends_20260320.csv,1641,22,316500
campaign_sends,dataset/campaign_sends/year=2026/month=03/day=21/campaign_sends_20260321.csv,900,22,170564
campaign_sends,dataset/campaign_sends/year=2026/month=03/day=22/campaign_sends_20260322.csv,1092,22,207779
campaign_sends,dataset/campaign_sends/year=2026/month=03/day=23/campaign_sends_20260323.csv,2109,22,403271
campaign_sends,dataset/campaign_sends/year=2026/month=03/day=24/campaign_sends_20260324.csv,1593,22,305246
campaign_sends,dataset/campaign_sends/year=2026/month=03/day=25/campaign_sends_20260325.csv,1951,22,370991
campaign_sends,dataset/campaign_sends/year=2026/month=03/day=26/campaign_sends_20260326.csv,1858,22,353200
campaign_sends,dataset/campaign_sends/year=2026/month=03/day=27/campaign_sends_20260327.csv,1798,22,342034
campaign_sends,dataset/campaign_sends/year=2026/month=03/day=28/campaign_sends_20260328.csv,1023,22,191979
campaign_sends,dataset/campaign_sends/year=2026/month=03/day=29/campaign_sends_20260329.csv,1307,22,247341
campaign_sends,dataset/campaign_sends/year=2026/month=03/day=30/campaign_sends_20260330.csv,1516,22,284556
campaign_sends,dataset/campaign_sends/year=2026/month=03/day=31/campaign_sends_20260331.csv,1619,22,305328
campaign_sends,dataset/campaign_sends/year=2026/month=04/day=01/campaign_sends_20260401.csv,2042,22,376821
campaign_sends,dataset/campaign_sends/year=2026/month=04/day=02/campaign_sends_20260402.csv,1971,22,362418
campaign_sends,dataset/campaign_sends/year=2026/month=04/day=03/campaign_sends_20260403.csv,1931,22,359930
campaign_sends,dataset/campaign_sends/year=2026/month=04/day=04/campaign_sends_20260404.csv,904,22,167712
campaign_sends,dataset/campaign_sends/year=2026/month=04/day=05/campaign_sends_20260405.csv,1264,22,234428
campaign_sends,dataset/campaign_sends/year=2026/month=04/day=06/campaign_sends_20260406.csv,1669,22,309852
campaign_sends,dataset/campaign_sends/year=2026/month=04/day=07/campaign_sends_20260407.csv,1856,22,345044
campaign_sends,dataset/campaign_sends/year=2026/month=04/day=08/campaign_sends_20260408.csv,2009,22,366915
campaign_sends,dataset/campaign_sends/year=2026/month=04/day=09/campaign_sends_20260409.csv,2075,22,380740
campaign_sends,dataset/campaign_sends/year=2026/month=04/day=10/campaign_sends_20260410.csv,2048,22,379083
campaign_sends,dataset/campaign_sends/year=2026/month=04/day=11/campaign_sends_20260411.csv,1216,22,224346
campaign_sends,dataset/campaign_sends/year=2026/month=04/day=12/campaign_sends_20260412.csv,1164,22,215348
campaign_sends,dataset/campaign_sends/year=2026/month=04/day=13/campaign_sends_20260413.csv,1753,22,326329
campaign_sends,dataset/campaign_sends/year=2026/month=04/day=14/campaign_sends_20260414.csv,1477,22,274623
campaign_sends,dataset/campaign_sends/year=2026/month=04/day=15/campaign_sends_20260415.csv,1665,22,308621
campaign_sends,dataset/campaign_sends/year=2026/month=04/day=16/campaign_sends_20260416.csv,1835,22,342000
campaign_sends,dataset/campaign_sends/year=2026/month=04/day=17/campaign_sends_20260417.csv,1594,22,293537
campaign_sends,dataset/campaign_sends/year=2026/month=04/day=18/campaign_sends_20260418.csv,1173,22,214917
campaign_sends,dataset/campaign_sends/year=2026/month=04/day=19/campaign_sends_20260419.csv,1251,22,230908
campaign_sends,dataset/campaign_sends/year=2026/month=04/day=20/campaign_sends_20260420.csv,2143,22,399486
campaign_sends,dataset/campaign_sends/year=2026/month=04/day=21/campaign_sends_20260421.csv,2028,22,371711
campaign_sends,dataset/campaign_sends/year=2026/month=04/day=22/campaign_sends_20260422.csv,2010,22,369611
campaign_sends,dataset/campaign_sends/year=2026/month=04/day=23/campaign_sends_20260423.csv,1795,22,330655
campaign_sends,dataset/campaign_sends/year=2026/month=04/day=24/campaign_sends_20260424.csv,1569,22,287014
campaign_sends,dataset/campaign_sends/year=2026/month=04/day=25/campaign_sends_20260425.csv,1067,22,197157
campaign_sends,dataset/campaign_sends/year=2026/month=04/day=26/campaign_sends_20260426.csv,1005,22,186056
campaign_sends,dataset/campaign_sends/year=2026/month=04/day=27/campaign_sends_20260427.csv,2130,22,392530
campaign_sends,dataset/campaign_sends/year=2026/month=04/day=28/campaign_sends_20260428.csv,1796,22,329781
campaign_sends,dataset/campaign_sends/year=2026/month=04/day=29/campaign_sends_20260429.csv,1905,22,352923
campaign_sends,dataset/campaign_sends/year=2026/month=04/day=30/campaign_sends_20260430.csv,1767,22,328550
campaign_sends,dataset/campaign_sends/year=2026/month=05/day=01/campaign_sends_20260501.csv,1673,22,312628
campaign_sends,dataset/campaign_sends/year=2026/month=05/day=02/campaign_sends_20260502.csv,1284,22,237929
campaign_sends,dataset/campaign_sends/year=2026/month=05/day=03/campaign_sends_20260503.csv,1177,22,218246
campaign_sends,dataset/campaign_sends/year=2026/month=05/day=04/campaign_sends_20260504.csv,1931,22,359717
campaign_sends,dataset/campaign_sends/year=2026/month=05/day=05/campaign_sends_20260505.csv,1722,22,320534
campaign_sends,dataset/campaign_sends/year=2026/month=05/day=06/campaign_sends_20260506.csv,1992,22,369893
campaign_sends,dataset/campaign_sends/year=2026/month=05/day=07/campaign_sends_20260507.csv,2111,22,401616
campaign_sends,dataset/campaign_sends/year=2026/month=05/day=08/campaign_sends_20260508.csv,2097,22,402157
campaign_sends,dataset/campaign_sends/year=2026/month=05/day=09/campaign_sends_20260509.csv,1017,22,194663
campaign_sends,dataset/campaign_sends/year=2026/month=05/day=10/campaign_sends_20260510.csv,1129,22,209675
campaign_sends,dataset/campaign_sends/year=2026/month=05/day=11/campaign_sends_20260511.csv,1937,22,360694
campaign_sends,dataset/campaign_sends/year=2026/month=05/day=12/campaign_sends_20260512.csv,2053,22,385762
campaign_sends,dataset/campaign_sends/year=2026/month=05/day=13/campaign_sends_20260513.csv,1911,22,357908
campaign_sends,dataset/campaign_sends/year=2026/month=05/day=14/campaign_sends_20260514.csv,1928,22,367010
campaign_sends,dataset/campaign_sends/year=2026/month=05/day=15/campaign_sends_20260515.csv,1498,22,285644
campaign_sends,dataset/campaign_sends/year=2026/month=05/day=16/campaign_sends_20260516.csv,1225,22,235635
campaign_sends,dataset/campaign_sends/year=2026/month=05/day=17/campaign_sends_20260517.csv,1187,22,225957
campaign_sends,dataset/campaign_sends/year=2026/month=05/day=18/campaign_sends_20260518.csv,1459,22,279467
campaign_sends,dataset/campaign_sends/year=2026/month=05/day=19/campaign_sends_20260519.csv,1812,22,344464
campaign_sends,dataset/campaign_sends/year=2026/month=05/day=20/campaign_sends_20260520.csv,1756,22,334204
campaign_sends,dataset/campaign_sends/year=2026/month=05/day=21/campaign_sends_20260521.csv,2045,22,391862
campaign_sends,dataset/campaign_sends/year=2026/month=05/day=22/campaign_sends_20260522.csv,1527,22,293418
campaign_sends,dataset/campaign_sends/year=2026/month=05/day=23/campaign_sends_20260523.csv,1005,22,193285
campaign_sends,dataset/campaign_sends/year=2026/month=05/day=24/campaign_sends_20260524.csv,1161,22,217243
campaign_sends,dataset/campaign_sends/year=2026/month=05/day=25/campaign_sends_20260525.csv,1541,22,287594
campaign_sends,dataset/campaign_sends/year=2026/month=05/day=26/campaign_sends_20260526.csv,2023,22,374606
campaign_sends,dataset/campaign_sends/year=2026/month=05/day=27/campaign_sends_20260527.csv,1705,22,317430
campaign_sends,dataset/campaign_sends/year=2026/month=05/day=28/campaign_sends_20260528.csv,1546,22,286710
campaign_sends,dataset/campaign_sends/year=2026/month=05/day=29/campaign_sends_20260529.csv,2126,22,393445
campaign_sends,dataset/campaign_sends/year=2026/month=05/day=30/campaign_sends_20260530.csv,988,22,183356
campaign_sends,dataset/campaign_sends/year=2026/month=05/day=31/campaign_sends_20260531.csv,1057,22,196440
campaign_sends,dataset/campaign_sends/year=2026/month=06/day=01/campaign_sends_20260601.csv,1631,22,295454
campaign_sends,dataset/campaign_sends/year=2026/month=06/day=02/campaign_sends_20260602.csv,1583,22,287962
campaign_sends,dataset/campaign_sends/year=2026/month=06/day=03/campaign_sends_20260603.csv,1598,22,280161
campaign_sends,dataset/campaign_sends/year=2026/month=06/day=04/campaign_sends_20260604.csv,2075,22,375430
campaign_sends,dataset/campaign_sends/year=2026/month=06/day=05/campaign_sends_20260605.csv,1789,22,323653
campaign_sends,dataset/campaign_sends/year=2026/month=06/day=06/campaign_sends_20260606.csv,1167,22,210636
campaign_sends,dataset/campaign_sends/year=2026/month=06/day=07/campaign_sends_20260607.csv,939,22,170410
campaign_sends,dataset/campaign_sends/year=2026/month=06/day=08/campaign_sends_20260608.csv,1590,22,289098
campaign_sends,dataset/campaign_sends/year=2026/month=06/day=09/campaign_sends_20260609.csv,1892,22,343291
campaign_sends,dataset/campaign_sends/year=2026/month=06/day=10/campaign_sends_20260610.csv,1959,22,356653
campaign_sends,dataset/campaign_sends/year=2026/month=06/day=11/campaign_sends_20260611.csv,2013,22,367721
campaign_sends,dataset/campaign_sends/year=2026/month=06/day=12/campaign_sends_20260612.csv,1545,22,282655
campaign_sends,dataset/campaign_sends/year=2026/month=06/day=13/campaign_sends_20260613.csv,1019,22,185651
campaign_sends,dataset/campaign_sends/year=2026/month=06/day=14/campaign_sends_20260614.csv,1266,22,231125
campaign_sends,dataset/campaign_sends/year=2026/month=06/day=15/campaign_sends_20260615.csv,1856,22,338800
campaign_sends,dataset/campaign_sends/year=2026/month=06/day=16/campaign_sends_20260616.csv,1811,22,328908
campaign_sends,dataset/campaign_sends/year=2026/month=06/day=17/campaign_sends_20260617.csv,1974,22,359044
complaints,dataset/complaints/year=2023/month=06/day=17/complaints_20230617.csv,38,27,10557
complaints,dataset/complaints/year=2023/month=06/day=18/complaints_20230618.csv,33,27,9212
complaints,dataset/complaints/year=2023/month=06/day=19/complaints_20230619.csv,66,27,17613
complaints,dataset/complaints/year=2023/month=06/day=20/complaints_20230620.csv,72,27,18738
complaints,dataset/complaints/year=2023/month=06/day=21/complaints_20230621.csv,79,27,21024
complaints,dataset/complaints/year=2023/month=06/day=22/complaints_20230622.csv,58,27,15991
complaints,dataset/complaints/year=2023/month=06/day=23/complaints_20230623.csv,58,27,15965
complaints,dataset/complaints/year=2023/month=06/day=24/complaints_20230624.csv,29,27,7981
complaints,dataset/complaints/year=2023/month=06/day=25/complaints_20230625.csv,36,27,9848
complaints,dataset/complaints/year=2023/month=06/day=26/complaints_20230626.csv,62,27,16329
complaints,dataset/complaints/year=2023/month=06/day=27/complaints_20230627.csv,61,27,16862
complaints,dataset/complaints/year=2023/month=06/day=28/complaints_20230628.csv,82,27,21800
complaints,dataset/complaints/year=2023/month=06/day=29/complaints_20230629.csv,68,27,18219
complaints,dataset/complaints/year=2023/month=06/day=30/complaints_20230630.csv,84,27,23646
complaints,dataset/complaints/year=2023/month=07/day=01/complaints_20230701.csv,42,27,11057
complaints,dataset/complaints/year=2023/month=07/day=02/complaints_20230702.csv,34,27,9397
complaints,dataset/complaints/year=2023/month=07/day=03/complaints_20230703.csv,67,27,18230
complaints,dataset/complaints/year=2023/month=07/day=04/complaints_20230704.csv,59,27,16182
complaints,dataset/complaints/year=2023/month=07/day=05/complaints_20230705.csv,84,27,22846
complaints,dataset/complaints/year=2023/month=07/day=06/complaints_20230706.csv,61,27,17294
complaints,dataset/complaints/year=2023/month=07/day=07/complaints_20230707.csv,75,27,20117
complaints,dataset/complaints/year=2023/month=07/day=08/complaints_20230708.csv,41,27,11673
complaints,dataset/complaints/year=2023/month=07/day=09/complaints_20230709.csv,33,27,9038
complaints,dataset/complaints/year=2023/month=07/day=10/complaints_20230710.csv,57,27,15288
complaints,dataset/complaints/year=2023/month=07/day=11/complaints_20230711.csv,77,27,20860
complaints,dataset/complaints/year=2023/month=07/day=12/complaints_20230712.csv,77,27,20777
complaints,dataset/complaints/year=2023/month=07/day=13/complaints_20230713.csv,69,27,18117
complaints,dataset/complaints/year=2023/month=07/day=14/complaints_20230714.csv,71,27,19334
complaints,dataset/complaints/year=2023/month=07/day=15/complaints_20230715.csv,30,27,8473
complaints,dataset/complaints/year=2023/month=07/day=16/complaints_20230716.csv,34,27,9181
complaints,dataset/complaints/year=2023/month=07/day=17/complaints_20230717.csv,68,27,17588
complaints,dataset/complaints/year=2023/month=07/day=18/complaints_20230718.csv,80,27,21265
complaints,dataset/complaints/year=2023/month=07/day=19/complaints_20230719.csv,61,27,16628
complaints,dataset/complaints/year=2023/month=07/day=20/complaints_20230720.csv,82,27,21620
complaints,dataset/complaints/year=2023/month=07/day=21/complaints_20230721.csv,83,27,22903
complaints,dataset/complaints/year=2023/month=07/day=22/complaints_20230722.csv,37,27,9775
complaints,dataset/complaints/year=2023/month=07/day=23/complaints_20230723.csv,41,27,10777
complaints,dataset/complaints/year=2023/month=07/day=24/complaints_20230724.csv,57,27,14825
complaints,dataset/complaints/year=2023/month=07/day=25/complaints_20230725.csv,86,27,22524
complaints,dataset/complaints/year=2023/month=07/day=26/complaints_20230726.csv,71,27,18441
complaints,dataset/complaints/year=2023/month=07/day=27/complaints_20230727.csv,77,27,20573
complaints,dataset/complaints/year=2023/month=07/day=28/complaints_20230728.csv,79,27,21010
complaints,dataset/complaints/year=2023/month=07/day=29/complaints_20230729.csv,38,27,10868
complaints,dataset/complaints/year=2023/month=07/day=30/complaints_20230730.csv,31,27,8305
complaints,dataset/complaints/year=2023/month=07/day=31/complaints_20230731.csv,77,27,20971
complaints,dataset/complaints/year=2023/month=08/day=01/complaints_20230801.csv,76,27,20976
complaints,dataset/complaints/year=2023/month=08/day=02/complaints_20230802.csv,63,27,17645
complaints,dataset/complaints/year=2023/month=08/day=03/complaints_20230803.csv,63,27,17295
complaints,dataset/complaints/year=2023/month=08/day=04/complaints_20230804.csv,81,27,21170
complaints,dataset/complaints/year=2023/month=08/day=05/complaints_20230805.csv,31,27,8473
complaints,dataset/complaints/year=2023/month=08/day=06/complaints_20230806.csv,33,27,8823
complaints,dataset/complaints/year=2023/month=08/day=07/complaints_20230807.csv,61,27,16268
complaints,dataset/complaints/year=2023/month=08/day=08/complaints_20230808.csv,79,27,20765
complaints,dataset/complaints/year=2023/month=08/day=09/complaints_20230809.csv,78,27,20640
complaints,dataset/complaints/year=2023/month=08/day=10/complaints_20230810.csv,84,27,22543
complaints,dataset/complaints/year=2023/month=08/day=11/complaints_20230811.csv,81,27,21643
complaints,dataset/complaints/year=2023/month=08/day=12/complaints_20230812.csv,35,27,9192
complaints,dataset/complaints/year=2023/month=08/day=13/complaints_20230813.csv,42,27,10960
complaints,dataset/complaints/year=2023/month=08/day=14/complaints_20230814.csv,68,27,18210
complaints,dataset/complaints/year=2023/month=08/day=15/complaints_20230815.csv,76,27,20856
complaints,dataset/complaints/year=2023/month=08/day=16/complaints_20230816.csv,72,27,18689
complaints,dataset/complaints/year=2023/month=08/day=17/complaints_20230817.csv,63,27,17008
complaints,dataset/complaints/year=2023/month=08/day=18/complaints_20230818.csv,64,27,16508
complaints,dataset/complaints/year=2023/month=08/day=19/complaints_20230819.csv,31,27,8950
complaints,dataset/complaints/year=2023/month=08/day=20/complaints_20230820.csv,36,27,10164
complaints,dataset/complaints/year=2023/month=08/day=21/complaints_20230821.csv,61,27,16950
complaints,dataset/complaints/year=2023/month=08/day=22/complaints_20230822.csv,64,27,17645
complaints,dataset/complaints/year=2023/month=08/day=23/complaints_20230823.csv,77,27,21167
complaints,dataset/complaints/year=2023/month=08/day=24/complaints_20230824.csv,59,27,15619
complaints,dataset/complaints/year=2023/month=08/day=25/complaints_20230825.csv,85,27,21922
complaints,dataset/complaints/year=2023/month=08/day=26/complaints_20230826.csv,42,27,11040
complaints,dataset/complaints/year=2023/month=08/day=27/complaints_20230827.csv,32,27,8479
complaints,dataset/complaints/year=2023/month=08/day=28/complaints_20230828.csv,61,27,16469
complaints,dataset/complaints/year=2023/month=08/day=29/complaints_20230829.csv,80,27,20859
complaints,dataset/complaints/year=2023/month=08/day=30/complaints_20230830.csv,65,27,17951
complaints,dataset/complaints/year=2023/month=08/day=31/complaints_20230831.csv,63,27,16846
complaints,dataset/complaints/year=2023/month=09/day=01/complaints_20230901.csv,59,27,15826
complaints,dataset/complaints/year=2023/month=09/day=02/complaints_20230902.csv,32,27,8298
complaints,dataset/complaints/year=2023/month=09/day=03/complaints_20230903.csv,39,27,10813
complaints,dataset/complaints/year=2023/month=09/day=04/complaints_20230904.csv,74,27,19401
complaints,dataset/complaints/year=2023/month=09/day=05/complaints_20230905.csv,72,27,19924
complaints,dataset/complaints/year=2023/month=09/day=06/complaints_20230906.csv,62,27,17125
complaints,dataset/complaints/year=2023/month=09/day=07/complaints_20230907.csv,66,27,18398
complaints,dataset/complaints/year=2023/month=09/day=08/complaints_20230908.csv,58,27,16011
complaints,dataset/complaints/year=2023/month=09/day=09/complaints_20230909.csv,41,27,11373
complaints,dataset/complaints/year=2023/month=09/day=10/complaints_20230910.csv,39,27,10483
complaints,dataset/complaints/year=2023/month=09/day=11/complaints_20230911.csv,66,27,16817
complaints,dataset/complaints/year=2023/month=09/day=12/complaints_20230912.csv,79,27,21426
complaints,dataset/complaints/year=2023/month=09/day=13/complaints_20230913.csv,71,27,18955
complaints,dataset/complaints/year=2023/month=09/day=14/complaints_20230914.csv,59,27,15791
complaints,dataset/complaints/year=2023/month=09/day=15/complaints_20230915.csv,79,27,20532
complaints,dataset/complaints/year=2023/month=09/day=16/complaints_20230916.csv,38,27,9810
complaints,dataset/complaints/year=2023/month=09/day=17/complaints_20230917.csv,30,27,8337
complaints,dataset/complaints/year=2023/month=09/day=18/complaints_20230918.csv,83,27,22265
complaints,dataset/complaints/year=2023/month=09/day=19/complaints_20230919.csv,67,27,18707
complaints,dataset/complaints/year=2023/month=09/day=20/complaints_20230920.csv,76,27,19821
complaints,dataset/complaints/year=2023/month=09/day=21/complaints_20230921.csv,75,27,19143
complaints,dataset/complaints/year=2023/month=09/day=22/complaints_20230922.csv,82,27,21845
complaints,dataset/complaints/year=2023/month=09/day=23/complaints_20230923.csv,36,27,9459
complaints,dataset/complaints/year=2023/month=09/day=24/complaints_20230924.csv,35,27,10211
complaints,dataset/complaints/year=2023/month=09/day=25/complaints_20230925.csv,60,27,15775
complaints,dataset/complaints/year=2023/month=09/day=26/complaints_20230926.csv,65,27,17035
complaints,dataset/complaints/year=2023/month=09/day=27/complaints_20230927.csv,78,27,21054
complaints,dataset/complaints/year=2023/month=09/day=28/complaints_20230928.csv,69,27,17874
complaints,dataset/complaints/year=2023/month=09/day=29/complaints_20230929.csv,75,27,19491
complaints,dataset/complaints/year=2023/month=09/day=30/complaints_20230930.csv,40,27,11354
complaints,dataset/complaints/year=2023/month=10/day=01/complaints_20231001.csv,37,27,9670
complaints,dataset/complaints/year=2023/month=10/day=02/complaints_20231002.csv,67,27,17800
complaints,dataset/complaints/year=2023/month=10/day=03/complaints_20231003.csv,64,27,16270
complaints,dataset/complaints/year=2023/month=10/day=04/complaints_20231004.csv,66,27,17676
complaints,dataset/complaints/year=2023/month=10/day=05/complaints_20231005.csv,79,27,20614
complaints,dataset/complaints/year=2023/month=10/day=06/complaints_20231006.csv,63,27,16958
complaints,dataset/complaints/year=2023/month=10/day=07/complaints_20231007.csv,28,27,7888
complaints,dataset/complaints/year=2023/month=10/day=08/complaints_20231008.csv,37,27,10226
complaints,dataset/complaints/year=2023/month=10/day=09/complaints_20231009.csv,73,27,19965
complaints,dataset/complaints/year=2023/month=10/day=10/complaints_20231010.csv,84,27,22510
complaints,dataset/complaints/year=2023/month=10/day=11/complaints_20231011.csv,68,27,18197
complaints,dataset/complaints/year=2023/month=10/day=12/complaints_20231012.csv,80,27,21855
complaints,dataset/complaints/year=2023/month=10/day=13/complaints_20231013.csv,70,27,19122
complaints,dataset/complaints/year=2023/month=10/day=14/complaints_20231014.csv,34,27,9357
complaints,dataset/complaints/year=2023/month=10/day=15/complaints_20231015.csv,30,27,8183
complaints,dataset/complaints/year=2023/month=10/day=16/complaints_20231016.csv,76,27,19931
complaints,dataset/complaints/year=2023/month=10/day=17/complaints_20231017.csv,77,27,19591
complaints,dataset/complaints/year=2023/month=10/day=18/complaints_20231018.csv,63,27,17168
complaints,dataset/complaints/year=2023/month=10/day=19/complaints_20231019.csv,66,27,17385
complaints,dataset/complaints/year=2023/month=10/day=20/complaints_20231020.csv,81,27,20938
complaints,dataset/complaints/year=2023/month=10/day=21/complaints_20231021.csv,36,27,9621
complaints,dataset/complaints/year=2023/month=10/day=22/complaints_20231022.csv,39,27,9857
complaints,dataset/complaints/year=2023/month=10/day=23/complaints_20231023.csv,66,27,17827
complaints,dataset/complaints/year=2023/month=10/day=24/complaints_20231024.csv,61,27,16130
complaints,dataset/complaints/year=2023/month=10/day=25/complaints_20231025.csv,73,27,19319
complaints,dataset/complaints/year=2023/month=10/day=26/complaints_20231026.csv,82,27,22443
complaints,dataset/complaints/year=2023/month=10/day=27/complaints_20231027.csv,64,27,17546
complaints,dataset/complaints/year=2023/month=10/day=28/complaints_20231028.csv,31,27,8110
complaints,dataset/complaints/year=2023/month=10/day=29/complaints_20231029.csv,29,27,7905
complaints,dataset/complaints/year=2023/month=10/day=30/complaints_20231030.csv,81,27,21427
complaints,dataset/complaints/year=2023/month=10/day=31/complaints_20231031.csv,76,27,18929
complaints,dataset/complaints/year=2023/month=11/day=01/complaints_20231101.csv,61,27,16444
complaints,dataset/complaints/year=2023/month=11/day=02/complaints_20231102.csv,82,27,22389
complaints,dataset/complaints/year=2023/month=11/day=03/complaints_20231103.csv,69,27,19123
complaints,dataset/complaints/year=2023/month=11/day=04/complaints_20231104.csv,38,27,10488
complaints,dataset/complaints/year=2023/month=11/day=05/complaints_20231105.csv,29,27,8111
complaints,dataset/complaints/year=2023/month=11/day=06/complaints_20231106.csv,68,27,17854
complaints,dataset/complaints/year=2023/month=11/day=07/complaints_20231107.csv,67,27,18031
complaints,dataset/complaints/year=2023/month=11/day=08/complaints_20231108.csv,65,27,16597
complaints,dataset/complaints/year=2023/month=11/day=09/complaints_20231109.csv,81,27,21216
complaints,dataset/complaints/year=2023/month=11/day=10/complaints_20231110.csv,68,27,17653
complaints,dataset/complaints/year=2023/month=11/day=11/complaints_20231111.csv,35,27,9323
complaints,dataset/complaints/year=2023/month=11/day=12/complaints_20231112.csv,31,27,8439
complaints,dataset/complaints/year=2023/month=11/day=13/complaints_20231113.csv,75,27,20194
complaints,dataset/complaints/year=2023/month=11/day=14/complaints_20231114.csv,67,27,17214
complaints,dataset/complaints/year=2023/month=11/day=15/complaints_20231115.csv,68,27,18280
complaints,dataset/complaints/year=2023/month=11/day=16/complaints_20231116.csv,67,27,17670
complaints,dataset/complaints/year=2023/month=11/day=17/complaints_20231117.csv,69,27,18512
complaints,dataset/complaints/year=2023/month=11/day=18/complaints_20231118.csv,36,27,9448
complaints,dataset/complaints/year=2023/month=11/day=19/complaints_20231119.csv,36,27,10305
complaints,dataset/complaints/year=2023/month=11/day=20/complaints_20231120.csv,75,27,20573
complaints,dataset/complaints/year=2023/month=11/day=21/complaints_20231121.csv,61,27,16168
complaints,dataset/complaints/year=2023/month=11/day=22/complaints_20231122.csv,77,27,20108
complaints,dataset/complaints/year=2023/month=11/day=23/complaints_20231123.csv,78,27,21439
complaints,dataset/complaints/year=2023/month=11/day=24/complaints_20231124.csv,75,27,19957
complaints,dataset/complaints/year=2023/month=11/day=25/complaints_20231125.csv,33,27,9077
complaints,dataset/complaints/year=2023/month=11/day=26/complaints_20231126.csv,30,27,8201
complaints,dataset/complaints/year=2023/month=11/day=27/complaints_20231127.csv,66,27,17716
complaints,dataset/complaints/year=2023/month=11/day=28/complaints_20231128.csv,84,27,22757
complaints,dataset/complaints/year=2023/month=11/day=29/complaints_20231129.csv,77,27,20594
complaints,dataset/complaints/year=2023/month=11/day=30/complaints_20231130.csv,68,27,17570
complaints,dataset/complaints/year=2023/month=12/day=01/complaints_20231201.csv,75,27,19681
complaints,dataset/complaints/year=2023/month=12/day=02/complaints_20231202.csv,33,27,9303
complaints,dataset/complaints/year=2023/month=12/day=03/complaints_20231203.csv,31,27,8243
complaints,dataset/complaints/year=2023/month=12/day=04/complaints_20231204.csv,65,27,17500
complaints,dataset/complaints/year=2023/month=12/day=05/complaints_20231205.csv,84,27,22033
complaints,dataset/complaints/year=2023/month=12/day=06/complaints_20231206.csv,63,27,16560
complaints,dataset/complaints/year=2023/month=12/day=07/complaints_20231207.csv,64,27,17306
complaints,dataset/complaints/year=2023/month=12/day=08/complaints_20231208.csv,86,27,21630
complaints,dataset/complaints/year=2023/month=12/day=09/complaints_20231209.csv,41,27,11399
complaints,dataset/complaints/year=2023/month=12/day=10/complaints_20231210.csv,41,27,10990
complaints,dataset/complaints/year=2023/month=12/day=11/complaints_20231211.csv,71,27,18116
complaints,dataset/complaints/year=2023/month=12/day=12/complaints_20231212.csv,83,27,21961
complaints,dataset/complaints/year=2023/month=12/day=13/complaints_20231213.csv,83,27,22117
complaints,dataset/complaints/year=2023/month=12/day=14/complaints_20231214.csv,72,27,18414
complaints,dataset/complaints/year=2023/month=12/day=15/complaints_20231215.csv,82,27,21234
complaints,dataset/complaints/year=2023/month=12/day=16/complaints_20231216.csv,39,27,9811
complaints,dataset/complaints/year=2023/month=12/day=17/complaints_20231217.csv,31,27,8570
complaints,dataset/complaints/year=2023/month=12/day=18/complaints_20231218.csv,82,27,20865
complaints,dataset/complaints/year=2023/month=12/day=19/complaints_20231219.csv,80,27,20755
complaints,dataset/complaints/year=2023/month=12/day=20/complaints_20231220.csv,81,27,20421
complaints,dataset/complaints/year=2023/month=12/day=21/complaints_20231221.csv,73,27,19538
complaints,dataset/complaints/year=2023/month=12/day=22/complaints_20231222.csv,84,27,22526
complaints,dataset/complaints/year=2023/month=12/day=23/complaints_20231223.csv,33,27,8878
complaints,dataset/complaints/year=2023/month=12/day=24/complaints_20231224.csv,34,27,9177
complaints,dataset/complaints/year=2023/month=12/day=25/complaints_20231225.csv,77,27,20604
complaints,dataset/complaints/year=2023/month=12/day=26/complaints_20231226.csv,71,27,18504
complaints,dataset/complaints/year=2023/month=12/day=27/complaints_20231227.csv,74,27,19462
complaints,dataset/complaints/year=2023/month=12/day=28/complaints_20231228.csv,79,27,20310
complaints,dataset/complaints/year=2023/month=12/day=29/complaints_20231229.csv,70,27,19862
complaints,dataset/complaints/year=2023/month=12/day=30/complaints_20231230.csv,31,27,8443
complaints,dataset/complaints/year=2023/month=12/day=31/complaints_20231231.csv,32,27,9087
complaints,dataset/complaints/year=2024/month=01/day=01/complaints_20240101.csv,68,27,19073
complaints,dataset/complaints/year=2024/month=01/day=02/complaints_20240102.csv,62,27,16494
complaints,dataset/complaints/year=2024/month=01/day=03/complaints_20240103.csv,74,27,19608
complaints,dataset/complaints/year=2024/month=01/day=04/complaints_20240104.csv,60,27,15798
complaints,dataset/complaints/year=2024/month=01/day=05/complaints_20240105.csv,60,27,16080
complaints,dataset/complaints/year=2024/month=01/day=06/complaints_20240106.csv,41,27,11082
complaints,dataset/complaints/year=2024/month=01/day=07/complaints_20240107.csv,34,27,9360
complaints,dataset/complaints/year=2024/month=01/day=08/complaints_20240108.csv,73,27,19089
complaints,dataset/complaints/year=2024/month=01/day=09/complaints_20240109.csv,84,27,22451
complaints,dataset/complaints/year=2024/month=01/day=10/complaints_20240110.csv,83,27,21670
complaints,dataset/complaints/year=2024/month=01/day=11/complaints_20240111.csv,80,27,21467
complaints,dataset/complaints/year=2024/month=01/day=12/complaints_20240112.csv,65,27,17165
complaints,dataset/complaints/year=2024/month=01/day=13/complaints_20240113.csv,33,27,10018
complaints,dataset/complaints/year=2024/month=01/day=14/complaints_20240114.csv,32,27,8983
complaints,dataset/complaints/year=2024/month=01/day=15/complaints_20240115.csv,80,27,19957
complaints,dataset/complaints/year=2024/month=01/day=16/complaints_20240116.csv,64,27,17623
complaints,dataset/complaints/year=2024/month=01/day=17/complaints_20240117.csv,64,27,16595
complaints,dataset/complaints/year=2024/month=01/day=18/complaints_20240118.csv,60,27,15760
complaints,dataset/complaints/year=2024/month=01/day=19/complaints_20240119.csv,57,27,15577
complaints,dataset/complaints/year=2024/month=01/day=20/complaints_20240120.csv,35,27,9682
complaints,dataset/complaints/year=2024/month=01/day=21/complaints_20240121.csv,32,27,9066
complaints,dataset/complaints/year=2024/month=01/day=22/complaints_20240122.csv,81,27,21598
complaints,dataset/complaints/year=2024/month=01/day=23/complaints_20240123.csv,73,27,18836
complaints,dataset/complaints/year=2024/month=01/day=24/complaints_20240124.csv,85,27,21942
complaints,dataset/complaints/year=2024/month=01/day=25/complaints_20240125.csv,78,27,20223
complaints,dataset/complaints/year=2024/month=01/day=26/complaints_20240126.csv,61,27,16355
complaints,dataset/complaints/year=2024/month=01/day=27/complaints_20240127.csv,33,27,9346
complaints,dataset/complaints/year=2024/month=01/day=28/complaints_20240128.csv,40,27,11363
complaints,dataset/complaints/year=2024/month=01/day=29/complaints_20240129.csv,62,27,17631
complaints,dataset/complaints/year=2024/month=01/day=30/complaints_20240130.csv,62,27,16184
complaints,dataset/complaints/year=2024/month=01/day=31/complaints_20240131.csv,82,27,20982
complaints,dataset/complaints/year=2024/month=02/day=01/complaints_20240201.csv,80,27,21114
complaints,dataset/complaints/year=2024/month=02/day=02/complaints_20240202.csv,65,27,17842
complaints,dataset/complaints/year=2024/month=02/day=03/complaints_20240203.csv,38,27,10208
complaints,dataset/complaints/year=2024/month=02/day=04/complaints_20240204.csv,35,27,9778
complaints,dataset/complaints/year=2024/month=02/day=05/complaints_20240205.csv,80,27,20580
complaints,dataset/complaints/year=2024/month=02/day=06/complaints_20240206.csv,69,27,18239
complaints,dataset/complaints/year=2024/month=02/day=07/complaints_20240207.csv,67,27,18654
complaints,dataset/complaints/year=2024/month=02/day=08/complaints_20240208.csv,58,27,16265
complaints,dataset/complaints/year=2024/month=02/day=09/complaints_20240209.csv,71,27,19687
complaints,dataset/complaints/year=2024/month=02/day=10/complaints_20240210.csv,40,27,10840
complaints,dataset/complaints/year=2024/month=02/day=11/complaints_20240211.csv,36,27,9362
complaints,dataset/complaints/year=2024/month=02/day=12/complaints_20240212.csv,58,27,15526
complaints,dataset/complaints/year=2024/month=02/day=13/complaints_20240213.csv,82,27,21832
complaints,dataset/complaints/year=2024/month=02/day=14/complaints_20240214.csv,67,27,17821
complaints,dataset/complaints/year=2024/month=02/day=15/complaints_20240215.csv,63,27,17149
complaints,dataset/complaints/year=2024/month=02/day=16/complaints_20240216.csv,60,27,16108
complaints,dataset/complaints/year=2024/month=02/day=17/complaints_20240217.csv,41,27,11223
complaints,dataset/complaints/year=2024/month=02/day=18/complaints_20240218.csv,33,27,9114
complaints,dataset/complaints/year=2024/month=02/day=19/complaints_20240219.csv,78,27,20325
complaints,dataset/complaints/year=2024/month=02/day=20/complaints_20240220.csv,58,27,16108
complaints,dataset/complaints/year=2024/month=02/day=21/complaints_20240221.csv,70,27,18756
complaints,dataset/complaints/year=2024/month=02/day=22/complaints_20240222.csv,68,27,18292
complaints,dataset/complaints/year=2024/month=02/day=23/complaints_20240223.csv,61,27,16044
complaints,dataset/complaints/year=2024/month=02/day=24/complaints_20240224.csv,33,27,9004
complaints,dataset/complaints/year=2024/month=02/day=25/complaints_20240225.csv,31,27,8850
complaints,dataset/complaints/year=2024/month=02/day=26/complaints_20240226.csv,79,27,21365
complaints,dataset/complaints/year=2024/month=02/day=27/complaints_20240227.csv,78,27,21015
complaints,dataset/complaints/year=2024/month=02/day=28/complaints_20240228.csv,63,27,17042
complaints,dataset/complaints/year=2024/month=02/day=29/complaints_20240229.csv,69,27,19156
complaints,dataset/complaints/year=2024/month=03/day=01/complaints_20240301.csv,79,27,21395
complaints,dataset/complaints/year=2024/month=03/day=02/complaints_20240302.csv,34,27,9130
complaints,dataset/complaints/year=2024/month=03/day=03/complaints_20240303.csv,42,27,11345
complaints,dataset/complaints/year=2024/month=03/day=04/complaints_20240304.csv,72,27,18186
complaints,dataset/complaints/year=2024/month=03/day=05/complaints_20240305.csv,62,27,17058
complaints,dataset/complaints/year=2024/month=03/day=06/complaints_20240306.csv,82,27,21606
complaints,dataset/complaints/year=2024/month=03/day=07/complaints_20240307.csv,84,27,21999
complaints,dataset/complaints/year=2024/month=03/day=08/complaints_20240308.csv,60,27,15634
complaints,dataset/complaints/year=2024/month=03/day=09/complaints_20240309.csv,39,27,9798
complaints,dataset/complaints/year=2024/month=03/day=10/complaints_20240310.csv,38,27,10675
complaints,dataset/complaints/year=2024/month=03/day=11/complaints_20240311.csv,82,27,22818
complaints,dataset/complaints/year=2024/month=03/day=12/complaints_20240312.csv,78,27,20943
complaints,dataset/complaints/year=2024/month=03/day=13/complaints_20240313.csv,79,27,21073
complaints,dataset/complaints/year=2024/month=03/day=14/complaints_20240314.csv,77,27,21173
complaints,dataset/complaints/year=2024/month=03/day=15/complaints_20240315.csv,58,27,15222
complaints,dataset/complaints/year=2024/month=03/day=16/complaints_20240316.csv,40,27,10864
complaints,dataset/complaints/year=2024/month=03/day=17/complaints_20240317.csv,38,27,10193
complaints,dataset/complaints/year=2024/month=03/day=18/complaints_20240318.csv,63,27,17308
complaints,dataset/complaints/year=2024/month=03/day=19/complaints_20240319.csv,81,27,20913
complaints,dataset/complaints/year=2024/month=03/day=20/complaints_20240320.csv,65,27,17225
complaints,dataset/complaints/year=2024/month=03/day=21/complaints_20240321.csv,68,27,17911
complaints,dataset/complaints/year=2024/month=03/day=22/complaints_20240322.csv,85,27,23196
complaints,dataset/complaints/year=2024/month=03/day=23/complaints_20240323.csv,31,27,8604
complaints,dataset/complaints/year=2024/month=03/day=24/complaints_20240324.csv,30,27,8740
complaints,dataset/complaints/year=2024/month=03/day=25/complaints_20240325.csv,66,27,17646
complaints,dataset/complaints/year=2024/month=03/day=26/complaints_20240326.csv,69,27,18939
complaints,dataset/complaints/year=2024/month=03/day=27/complaints_20240327.csv,83,27,21971
complaints,dataset/complaints/year=2024/month=03/day=28/complaints_20240328.csv,73,27,19348
complaints,dataset/complaints/year=2024/month=03/day=29/complaints_20240329.csv,82,27,22133
complaints,dataset/complaints/year=2024/month=03/day=30/complaints_20240330.csv,31,27,8525
complaints,dataset/complaints/year=2024/month=03/day=31/complaints_20240331.csv,42,27,11624
complaints,dataset/complaints/year=2024/month=04/day=01/complaints_20240401.csv,62,27,15925
complaints,dataset/complaints/year=2024/month=04/day=02/complaints_20240402.csv,83,27,20888
complaints,dataset/complaints/year=2024/month=04/day=03/complaints_20240403.csv,71,27,19326
complaints,dataset/complaints/year=2024/month=04/day=04/complaints_20240404.csv,84,27,22046
complaints,dataset/complaints/year=2024/month=04/day=05/complaints_20240405.csv,80,27,21721
complaints,dataset/complaints/year=2024/month=04/day=06/complaints_20240406.csv,41,27,11152
complaints,dataset/complaints/year=2024/month=04/day=07/complaints_20240407.csv,32,27,8516
complaints,dataset/complaints/year=2024/month=04/day=08/complaints_20240408.csv,79,27,21323
complaints,dataset/complaints/year=2024/month=04/day=09/complaints_20240409.csv,78,27,20145
complaints,dataset/complaints/year=2024/month=04/day=10/complaints_20240410.csv,82,27,21823
complaints,dataset/complaints/year=2024/month=04/day=11/complaints_20240411.csv,64,27,17669
complaints,dataset/complaints/year=2024/month=04/day=12/complaints_20240412.csv,77,27,20712
complaints,dataset/complaints/year=2024/month=04/day=13/complaints_20240413.csv,37,27,10511
complaints,dataset/complaints/year=2024/month=04/day=14/complaints_20240414.csv,29,27,8326
complaints,dataset/complaints/year=2024/month=04/day=15/complaints_20240415.csv,72,27,18805
complaints,dataset/complaints/year=2024/month=04/day=16/complaints_20240416.csv,68,27,17883
complaints,dataset/complaints/year=2024/month=04/day=17/complaints_20240417.csv,58,27,15844
complaints,dataset/complaints/year=2024/month=04/day=18/complaints_20240418.csv,76,27,19387
complaints,dataset/complaints/year=2024/month=04/day=19/complaints_20240419.csv,69,27,18475
complaints,dataset/complaints/year=2024/month=04/day=20/complaints_20240420.csv,32,27,8992
complaints,dataset/complaints/year=2024/month=04/day=21/complaints_20240421.csv,32,27,8201
complaints,dataset/complaints/year=2024/month=04/day=22/complaints_20240422.csv,70,27,19018
complaints,dataset/complaints/year=2024/month=04/day=23/complaints_20240423.csv,59,27,16356
complaints,dataset/complaints/year=2024/month=04/day=24/complaints_20240424.csv,81,27,21765
complaints,dataset/complaints/year=2024/month=04/day=25/complaints_20240425.csv,77,27,19576
complaints,dataset/complaints/year=2024/month=04/day=26/complaints_20240426.csv,65,27,18151
complaints,dataset/complaints/year=2024/month=04/day=27/complaints_20240427.csv,41,27,11015
complaints,dataset/complaints/year=2024/month=04/day=28/complaints_20240428.csv,42,27,11513
complaints,dataset/complaints/year=2024/month=04/day=29/complaints_20240429.csv,65,27,17454
complaints,dataset/complaints/year=2024/month=04/day=30/complaints_20240430.csv,62,27,16465
complaints,dataset/complaints/year=2024/month=05/day=01/complaints_20240501.csv,67,27,17355
complaints,dataset/complaints/year=2024/month=05/day=02/complaints_20240502.csv,73,27,19003
complaints,dataset/complaints/year=2024/month=05/day=03/complaints_20240503.csv,58,27,16154
complaints,dataset/complaints/year=2024/month=05/day=04/complaints_20240504.csv,29,27,7789
complaints,dataset/complaints/year=2024/month=05/day=05/complaints_20240505.csv,29,27,7873
complaints,dataset/complaints/year=2024/month=05/day=06/complaints_20240506.csv,65,27,17314
complaints,dataset/complaints/year=2024/month=05/day=07/complaints_20240507.csv,64,27,17133
complaints,dataset/complaints/year=2024/month=05/day=08/complaints_20240508.csv,71,27,19567
complaints,dataset/complaints/year=2024/month=05/day=09/complaints_20240509.csv,67,27,17642
complaints,dataset/complaints/year=2024/month=05/day=10/complaints_20240510.csv,78,27,21318
complaints,dataset/complaints/year=2024/month=05/day=11/complaints_20240511.csv,42,27,11337
complaints,dataset/complaints/year=2024/month=05/day=12/complaints_20240512.csv,39,27,10604
complaints,dataset/complaints/year=2024/month=05/day=13/complaints_20240513.csv,79,27,20497
complaints,dataset/complaints/year=2024/month=05/day=14/complaints_20240514.csv,73,27,19908
complaints,dataset/complaints/year=2024/month=05/day=15/complaints_20240515.csv,61,27,16216
complaints,dataset/complaints/year=2024/month=05/day=16/complaints_20240516.csv,69,27,18370
complaints,dataset/complaints/year=2024/month=05/day=17/complaints_20240517.csv,72,27,20272
complaints,dataset/complaints/year=2024/month=05/day=18/complaints_20240518.csv,32,27,9138
complaints,dataset/complaints/year=2024/month=05/day=19/complaints_20240519.csv,32,27,8349
complaints,dataset/complaints/year=2024/month=05/day=20/complaints_20240520.csv,63,27,17056
complaints,dataset/complaints/year=2024/month=05/day=21/complaints_20240521.csv,59,27,16573
complaints,dataset/complaints/year=2024/month=05/day=22/complaints_20240522.csv,76,27,19144
complaints,dataset/complaints/year=2024/month=05/day=23/complaints_20240523.csv,64,27,16796
complaints,dataset/complaints/year=2024/month=05/day=24/complaints_20240524.csv,69,27,17701
complaints,dataset/complaints/year=2024/month=05/day=25/complaints_20240525.csv,29,27,7825
complaints,dataset/complaints/year=2024/month=05/day=26/complaints_20240526.csv,42,27,11935
complaints,dataset/complaints/year=2024/month=05/day=27/complaints_20240527.csv,58,27,15582
complaints,dataset/complaints/year=2024/month=05/day=28/complaints_20240528.csv,64,27,17509
complaints,dataset/complaints/year=2024/month=05/day=29/complaints_20240529.csv,72,27,20245
complaints,dataset/complaints/year=2024/month=05/day=30/complaints_20240530.csv,60,27,16291
complaints,dataset/complaints/year=2024/month=05/day=31/complaints_20240531.csv,67,27,18724
complaints,dataset/complaints/year=2024/month=06/day=01/complaints_20240601.csv,41,27,11174
complaints,dataset/complaints/year=2024/month=06/day=02/complaints_20240602.csv,39,27,10751
complaints,dataset/complaints/year=2024/month=06/day=03/complaints_20240603.csv,68,27,18843
complaints,dataset/complaints/year=2024/month=06/day=04/complaints_20240604.csv,83,27,22179
complaints,dataset/complaints/year=2024/month=06/day=05/complaints_20240605.csv,58,27,16221
complaints,dataset/complaints/year=2024/month=06/day=06/complaints_20240606.csv,82,27,21612
complaints,dataset/complaints/year=2024/month=06/day=07/complaints_20240607.csv,61,27,16532
complaints,dataset/complaints/year=2024/month=06/day=08/complaints_20240608.csv,38,27,10159
complaints,dataset/complaints/year=2024/month=06/day=09/complaints_20240609.csv,37,27,9944
complaints,dataset/complaints/year=2024/month=06/day=10/complaints_20240610.csv,70,27,19650
complaints,dataset/complaints/year=2024/month=06/day=11/complaints_20240611.csv,82,27,22080
complaints,dataset/complaints/year=2024/month=06/day=12/complaints_20240612.csv,62,27,16365
complaints,dataset/complaints/year=2024/month=06/day=13/complaints_20240613.csv,78,27,21362
complaints,dataset/complaints/year=2024/month=06/day=14/complaints_20240614.csv,81,27,22032
complaints,dataset/complaints/year=2024/month=06/day=15/complaints_20240615.csv,41,27,11164
complaints,dataset/complaints/year=2024/month=06/day=16/complaints_20240616.csv,39,27,10492
complaints,dataset/complaints/year=2024/month=06/day=17/complaints_20240617.csv,66,27,17812
complaints,dataset/complaints/year=2024/month=06/day=18/complaints_20240618.csv,64,27,16982
complaints,dataset/complaints/year=2024/month=06/day=19/complaints_20240619.csv,59,27,15888
complaints,dataset/complaints/year=2024/month=06/day=20/complaints_20240620.csv,69,27,18016
complaints,dataset/complaints/year=2024/month=06/day=21/complaints_20240621.csv,82,27,21858
complaints,dataset/complaints/year=2024/month=06/day=22/complaints_20240622.csv,33,27,8872
complaints,dataset/complaints/year=2024/month=06/day=23/complaints_20240623.csv,39,27,10861
complaints,dataset/complaints/year=2024/month=06/day=24/complaints_20240624.csv,80,27,21460
complaints,dataset/complaints/year=2024/month=06/day=25/complaints_20240625.csv,69,27,17664
complaints,dataset/complaints/year=2024/month=06/day=26/complaints_20240626.csv,75,27,20131
complaints,dataset/complaints/year=2024/month=06/day=27/complaints_20240627.csv,64,27,16486
complaints,dataset/complaints/year=2024/month=06/day=28/complaints_20240628.csv,86,27,22880
complaints,dataset/complaints/year=2024/month=06/day=29/complaints_20240629.csv,42,27,11643
complaints,dataset/complaints/year=2024/month=06/day=30/complaints_20240630.csv,41,27,10930
complaints,dataset/complaints/year=2024/month=07/day=01/complaints_20240701.csv,84,27,23269
complaints,dataset/complaints/year=2024/month=07/day=02/complaints_20240702.csv,69,27,18696
complaints,dataset/complaints/year=2024/month=07/day=03/complaints_20240703.csv,64,27,17389
complaints,dataset/complaints/year=2024/month=07/day=04/complaints_20240704.csv,84,27,22321
complaints,dataset/complaints/year=2024/month=07/day=05/complaints_20240705.csv,66,27,18108
complaints,dataset/complaints/year=2024/month=07/day=06/complaints_20240706.csv,40,27,11225
complaints,dataset/complaints/year=2024/month=07/day=07/complaints_20240707.csv,34,27,8868
complaints,dataset/complaints/year=2024/month=07/day=08/complaints_20240708.csv,70,27,18274
complaints,dataset/complaints/year=2024/month=07/day=09/complaints_20240709.csv,61,27,15865
complaints,dataset/complaints/year=2024/month=07/day=10/complaints_20240710.csv,73,27,19568
complaints,dataset/complaints/year=2024/month=07/day=11/complaints_20240711.csv,82,27,22158
complaints,dataset/complaints/year=2024/month=07/day=12/complaints_20240712.csv,60,27,15545
complaints,dataset/complaints/year=2024/month=07/day=13/complaints_20240713.csv,29,27,8138
complaints,dataset/complaints/year=2024/month=07/day=14/complaints_20240714.csv,35,27,9969
complaints,dataset/complaints/year=2024/month=07/day=15/complaints_20240715.csv,76,27,20996
complaints,dataset/complaints/year=2024/month=07/day=16/complaints_20240716.csv,76,27,20497
complaints,dataset/complaints/year=2024/month=07/day=17/complaints_20240717.csv,71,27,19117
complaints,dataset/complaints/year=2024/month=07/day=18/complaints_20240718.csv,69,27,18735
complaints,dataset/complaints/year=2024/month=07/day=19/complaints_20240719.csv,62,27,16575
complaints,dataset/complaints/year=2024/month=07/day=20/complaints_20240720.csv,36,27,9364
complaints,dataset/complaints/year=2024/month=07/day=21/complaints_20240721.csv,34,27,9639
complaints,dataset/complaints/year=2024/month=07/day=22/complaints_20240722.csv,63,27,17006
complaints,dataset/complaints/year=2024/month=07/day=23/complaints_20240723.csv,81,27,21844
complaints,dataset/complaints/year=2024/month=07/day=24/complaints_20240724.csv,58,27,15449
complaints,dataset/complaints/year=2024/month=07/day=25/complaints_20240725.csv,78,27,20504
complaints,dataset/complaints/year=2024/month=07/day=26/complaints_20240726.csv,59,27,15772
complaints,dataset/complaints/year=2024/month=07/day=27/complaints_20240727.csv,37,27,9889
complaints,dataset/complaints/year=2024/month=07/day=28/complaints_20240728.csv,42,27,11228
complaints,dataset/complaints/year=2024/month=07/day=29/complaints_20240729.csv,73,27,19296
complaints,dataset/complaints/year=2024/month=07/day=30/complaints_20240730.csv,79,27,21270
complaints,dataset/complaints/year=2024/month=07/day=31/complaints_20240731.csv,67,27,18182
complaints,dataset/complaints/year=2024/month=08/day=01/complaints_20240801.csv,81,27,20846
complaints,dataset/complaints/year=2024/month=08/day=02/complaints_20240802.csv,68,27,18135
complaints,dataset/complaints/year=2024/month=08/day=03/complaints_20240803.csv,38,27,10343
complaints,dataset/complaints/year=2024/month=08/day=04/complaints_20240804.csv,40,27,10734
complaints,dataset/complaints/year=2024/month=08/day=05/complaints_20240805.csv,72,27,19544
complaints,dataset/complaints/year=2024/month=08/day=06/complaints_20240806.csv,59,27,16251
complaints,dataset/complaints/year=2024/month=08/day=07/complaints_20240807.csv,71,27,19006
complaints,dataset/complaints/year=2024/month=08/day=08/complaints_20240808.csv,82,27,21496
complaints,dataset/complaints/year=2024/month=08/day=09/complaints_20240809.csv,76,27,19830
complaints,dataset/complaints/year=2024/month=08/day=10/complaints_20240810.csv,31,27,8223
complaints,dataset/complaints/year=2024/month=08/day=11/complaints_20240811.csv,42,27,11595
complaints,dataset/complaints/year=2024/month=08/day=12/complaints_20240812.csv,70,27,19673
complaints,dataset/complaints/year=2024/month=08/day=13/complaints_20240813.csv,60,27,16878
complaints,dataset/complaints/year=2024/month=08/day=14/complaints_20240814.csv,81,27,22289
complaints,dataset/complaints/year=2024/month=08/day=15/complaints_20240815.csv,60,27,16557
complaints,dataset/complaints/year=2024/month=08/day=16/complaints_20240816.csv,59,27,15046
complaints,dataset/complaints/year=2024/month=08/day=17/complaints_20240817.csv,40,27,10807
complaints,dataset/complaints/year=2024/month=08/day=18/complaints_20240818.csv,42,27,11280
complaints,dataset/complaints/year=2024/month=08/day=19/complaints_20240819.csv,82,27,21947
complaints,dataset/complaints/year=2024/month=08/day=20/complaints_20240820.csv,68,27,18065
complaints,dataset/complaints/year=2024/month=08/day=21/complaints_20240821.csv,57,27,14967
complaints,dataset/complaints/year=2024/month=08/day=22/complaints_20240822.csv,78,27,20885
complaints,dataset/complaints/year=2024/month=08/day=23/complaints_20240823.csv,68,27,18566
complaints,dataset/complaints/year=2024/month=08/day=24/complaints_20240824.csv,35,27,10208
complaints,dataset/complaints/year=2024/month=08/day=25/complaints_20240825.csv,35,27,9664
complaints,dataset/complaints/year=2024/month=08/day=26/complaints_20240826.csv,62,27,16781
complaints,dataset/complaints/year=2024/month=08/day=27/complaints_20240827.csv,66,27,18062
complaints,dataset/complaints/year=2024/month=08/day=28/complaints_20240828.csv,84,27,22851
complaints,dataset/complaints/year=2024/month=08/day=29/complaints_20240829.csv,76,27,20568
complaints,dataset/complaints/year=2024/month=08/day=30/complaints_20240830.csv,61,27,15864
complaints,dataset/complaints/year=2024/month=08/day=31/complaints_20240831.csv,32,27,8505
complaints,dataset/complaints/year=2024/month=09/day=01/complaints_20240901.csv,33,27,9269
complaints,dataset/complaints/year=2024/month=09/day=02/complaints_20240902.csv,67,27,17631
complaints,dataset/complaints/year=2024/month=09/day=03/complaints_20240903.csv,71,27,18207
complaints,dataset/complaints/year=2024/month=09/day=04/complaints_20240904.csv,72,27,19154
complaints,dataset/complaints/year=2024/month=09/day=05/complaints_20240905.csv,77,27,20572
complaints,dataset/complaints/year=2024/month=09/day=06/complaints_20240906.csv,67,27,16908
complaints,dataset/complaints/year=2024/month=09/day=07/complaints_20240907.csv,32,27,9117
complaints,dataset/complaints/year=2024/month=09/day=08/complaints_20240908.csv,33,27,8583
complaints,dataset/complaints/year=2024/month=09/day=09/complaints_20240909.csv,85,27,23043
complaints,dataset/complaints/year=2024/month=09/day=10/complaints_20240910.csv,82,27,22061
complaints,dataset/complaints/year=2024/month=09/day=11/complaints_20240911.csv,81,27,21921
complaints,dataset/complaints/year=2024/month=09/day=12/complaints_20240912.csv,62,27,17086
complaints,dataset/complaints/year=2024/month=09/day=13/complaints_20240913.csv,68,27,17347
complaints,dataset/complaints/year=2024/month=09/day=14/complaints_20240914.csv,41,27,11466
complaints,dataset/complaints/year=2024/month=09/day=15/complaints_20240915.csv,37,27,10157
complaints,dataset/complaints/year=2024/month=09/day=16/complaints_20240916.csv,59,27,15161
complaints,dataset/complaints/year=2024/month=09/day=17/complaints_20240917.csv,70,27,19005
complaints,dataset/complaints/year=2024/month=09/day=18/complaints_20240918.csv,86,27,23329
complaints,dataset/complaints/year=2024/month=09/day=19/complaints_20240919.csv,63,27,16310
complaints,dataset/complaints/year=2024/month=09/day=20/complaints_20240920.csv,80,27,21319
complaints,dataset/complaints/year=2024/month=09/day=21/complaints_20240921.csv,37,27,10657
complaints,dataset/complaints/year=2024/month=09/day=22/complaints_20240922.csv,40,27,11012
complaints,dataset/complaints/year=2024/month=09/day=23/complaints_20240923.csv,81,27,22309
complaints,dataset/complaints/year=2024/month=09/day=24/complaints_20240924.csv,62,27,16794
complaints,dataset/complaints/year=2024/month=09/day=25/complaints_20240925.csv,71,27,19036
complaints,dataset/complaints/year=2024/month=09/day=26/complaints_20240926.csv,79,27,20744
complaints,dataset/complaints/year=2024/month=09/day=27/complaints_20240927.csv,85,27,22170
complaints,dataset/complaints/year=2024/month=09/day=28/complaints_20240928.csv,31,27,9153
complaints,dataset/complaints/year=2024/month=09/day=29/complaints_20240929.csv,31,27,8347
complaints,dataset/complaints/year=2024/month=09/day=30/complaints_20240930.csv,62,27,16317
complaints,dataset/complaints/year=2024/month=10/day=01/complaints_20241001.csv,68,27,17976
complaints,dataset/complaints/year=2024/month=10/day=02/complaints_20241002.csv,85,27,22143
complaints,dataset/complaints/year=2024/month=10/day=03/complaints_20241003.csv,75,27,20049
complaints,dataset/complaints/year=2024/month=10/day=04/complaints_20241004.csv,68,27,17332
complaints,dataset/complaints/year=2024/month=10/day=05/complaints_20241005.csv,40,27,10929
complaints,dataset/complaints/year=2024/month=10/day=06/complaints_20241006.csv,30,27,8206
complaints,dataset/complaints/year=2024/month=10/day=07/complaints_20241007.csv,60,27,16586
complaints,dataset/complaints/year=2024/month=10/day=08/complaints_20241008.csv,67,27,18223
complaints,dataset/complaints/year=2024/month=10/day=09/complaints_20241009.csv,68,27,18083
complaints,dataset/complaints/year=2024/month=10/day=10/complaints_20241010.csv,78,27,21734
complaints,dataset/complaints/year=2024/month=10/day=11/complaints_20241011.csv,73,27,19564
complaints,dataset/complaints/year=2024/month=10/day=12/complaints_20241012.csv,36,27,9502
complaints,dataset/complaints/year=2024/month=10/day=13/complaints_20241013.csv,33,27,9283
complaints,dataset/complaints/year=2024/month=10/day=14/complaints_20241014.csv,62,27,16936
complaints,dataset/complaints/year=2024/month=10/day=15/complaints_20241015.csv,62,27,16093
complaints,dataset/complaints/year=2024/month=10/day=16/complaints_20241016.csv,75,27,19659
complaints,dataset/complaints/year=2024/month=10/day=17/complaints_20241017.csv,73,27,18633
complaints,dataset/complaints/year=2024/month=10/day=18/complaints_20241018.csv,81,27,21413
complaints,dataset/complaints/year=2024/month=10/day=19/complaints_20241019.csv,35,27,9464
complaints,dataset/complaints/year=2024/month=10/day=20/complaints_20241020.csv,36,27,9952
complaints,dataset/complaints/year=2024/month=10/day=21/complaints_20241021.csv,60,27,16797
complaints,dataset/complaints/year=2024/month=10/day=22/complaints_20241022.csv,58,27,15532
complaints,dataset/complaints/year=2024/month=10/day=23/complaints_20241023.csv,62,27,16930
complaints,dataset/complaints/year=2024/month=10/day=24/complaints_20241024.csv,60,27,16191
complaints,dataset/complaints/year=2024/month=10/day=25/complaints_20241025.csv,85,27,22427
complaints,dataset/complaints/year=2024/month=10/day=26/complaints_20241026.csv,42,27,11255
complaints,dataset/complaints/year=2024/month=10/day=27/complaints_20241027.csv,35,27,9520
complaints,dataset/complaints/year=2024/month=10/day=28/complaints_20241028.csv,79,27,21308
complaints,dataset/complaints/year=2024/month=10/day=29/complaints_20241029.csv,62,27,16665
complaints,dataset/complaints/year=2024/month=10/day=30/complaints_20241030.csv,69,27,18137
complaints,dataset/complaints/year=2024/month=10/day=31/complaints_20241031.csv,60,27,16202
complaints,dataset/complaints/year=2024/month=11/day=01/complaints_20241101.csv,80,27,21610
complaints,dataset/complaints/year=2024/month=11/day=02/complaints_20241102.csv,37,27,10505
complaints,dataset/complaints/year=2024/month=11/day=03/complaints_20241103.csv,29,27,8000
complaints,dataset/complaints/year=2024/month=11/day=04/complaints_20241104.csv,62,27,16549
complaints,dataset/complaints/year=2024/month=11/day=05/complaints_20241105.csv,77,27,20340
complaints,dataset/complaints/year=2024/month=11/day=06/complaints_20241106.csv,65,27,17376
complaints,dataset/complaints/year=2024/month=11/day=07/complaints_20241107.csv,74,27,20097
complaints,dataset/complaints/year=2024/month=11/day=08/complaints_20241108.csv,69,27,18046
complaints,dataset/complaints/year=2024/month=11/day=09/complaints_20241109.csv,35,27,9517
complaints,dataset/complaints/year=2024/month=11/day=10/complaints_20241110.csv,33,27,9415
complaints,dataset/complaints/year=2024/month=11/day=11/complaints_20241111.csv,80,27,21340
complaints,dataset/complaints/year=2024/month=11/day=12/complaints_20241112.csv,80,27,21103
complaints,dataset/complaints/year=2024/month=11/day=13/complaints_20241113.csv,65,27,17456
complaints,dataset/complaints/year=2024/month=11/day=14/complaints_20241114.csv,60,27,16621
complaints,dataset/complaints/year=2024/month=11/day=15/complaints_20241115.csv,84,27,21779
complaints,dataset/complaints/year=2024/month=11/day=16/complaints_20241116.csv,32,27,8486
complaints,dataset/complaints/year=2024/month=11/day=17/complaints_20241117.csv,41,27,11215
complaints,dataset/complaints/year=2024/month=11/day=18/complaints_20241118.csv,77,27,20956
complaints,dataset/complaints/year=2024/month=11/day=19/complaints_20241119.csv,72,27,19378
complaints,dataset/complaints/year=2024/month=11/day=20/complaints_20241120.csv,83,27,23105
complaints,dataset/complaints/year=2024/month=11/day=21/complaints_20241121.csv,68,27,18500
complaints,dataset/complaints/year=2024/month=11/day=22/complaints_20241122.csv,86,27,22639
complaints,dataset/complaints/year=2024/month=11/day=23/complaints_20241123.csv,37,27,9821
complaints,dataset/complaints/year=2024/month=11/day=24/complaints_20241124.csv,42,27,10810
complaints,dataset/complaints/year=2024/month=11/day=25/complaints_20241125.csv,77,27,20739
complaints,dataset/complaints/year=2024/month=11/day=26/complaints_20241126.csv,74,27,20327
complaints,dataset/complaints/year=2024/month=11/day=27/complaints_20241127.csv,69,27,18636
complaints,dataset/complaints/year=2024/month=11/day=28/complaints_20241128.csv,65,27,16897
complaints,dataset/complaints/year=2024/month=11/day=29/complaints_20241129.csv,80,27,20110
complaints,dataset/complaints/year=2024/month=11/day=30/complaints_20241130.csv,39,27,10811
complaints,dataset/complaints/year=2024/month=12/day=01/complaints_20241201.csv,40,27,10815
complaints,dataset/complaints/year=2024/month=12/day=02/complaints_20241202.csv,77,27,20966
complaints,dataset/complaints/year=2024/month=12/day=03/complaints_20241203.csv,65,27,16478
complaints,dataset/complaints/year=2024/month=12/day=04/complaints_20241204.csv,62,27,16714
complaints,dataset/complaints/year=2024/month=12/day=05/complaints_20241205.csv,78,27,20044
complaints,dataset/complaints/year=2024/month=12/day=06/complaints_20241206.csv,62,27,16739
complaints,dataset/complaints/year=2024/month=12/day=07/complaints_20241207.csv,35,27,9643
complaints,dataset/complaints/year=2024/month=12/day=08/complaints_20241208.csv,38,27,10476
complaints,dataset/complaints/year=2024/month=12/day=09/complaints_20241209.csv,61,27,15296
complaints,dataset/complaints/year=2024/month=12/day=10/complaints_20241210.csv,75,27,20928
complaints,dataset/complaints/year=2024/month=12/day=11/complaints_20241211.csv,58,27,15366
complaints,dataset/complaints/year=2024/month=12/day=12/complaints_20241212.csv,68,27,18111
complaints,dataset/complaints/year=2024/month=12/day=13/complaints_20241213.csv,77,27,20383
complaints,dataset/complaints/year=2024/month=12/day=14/complaints_20241214.csv,41,27,10623
complaints,dataset/complaints/year=2024/month=12/day=15/complaints_20241215.csv,35,27,9276
complaints,dataset/complaints/year=2024/month=12/day=16/complaints_20241216.csv,66,27,17272
complaints,dataset/complaints/year=2024/month=12/day=17/complaints_20241217.csv,59,27,15448
complaints,dataset/complaints/year=2024/month=12/day=18/complaints_20241218.csv,80,27,22706
complaints,dataset/complaints/year=2024/month=12/day=19/complaints_20241219.csv,71,27,18533
complaints,dataset/complaints/year=2024/month=12/day=20/complaints_20241220.csv,57,27,15391
complaints,dataset/complaints/year=2024/month=12/day=21/complaints_20241221.csv,29,27,7784
complaints,dataset/complaints/year=2024/month=12/day=22/complaints_20241222.csv,32,27,8574
complaints,dataset/complaints/year=2024/month=12/day=23/complaints_20241223.csv,75,27,20858
complaints,dataset/complaints/year=2024/month=12/day=24/complaints_20241224.csv,84,27,21693
complaints,dataset/complaints/year=2024/month=12/day=25/complaints_20241225.csv,76,27,20371
complaints,dataset/complaints/year=2024/month=12/day=26/complaints_20241226.csv,83,27,22789
complaints,dataset/complaints/year=2024/month=12/day=27/complaints_20241227.csv,67,27,18162
complaints,dataset/complaints/year=2024/month=12/day=28/complaints_20241228.csv,29,27,7409
complaints,dataset/complaints/year=2024/month=12/day=29/complaints_20241229.csv,42,27,11231
complaints,dataset/complaints/year=2024/month=12/day=30/complaints_20241230.csv,80,27,21369
complaints,dataset/complaints/year=2024/month=12/day=31/complaints_20241231.csv,83,27,22602
complaints,dataset/complaints/year=2025/month=01/day=01/complaints_20250101.csv,77,27,20178
complaints,dataset/complaints/year=2025/month=01/day=02/complaints_20250102.csv,80,27,22471
complaints,dataset/complaints/year=2025/month=01/day=03/complaints_20250103.csv,85,27,23460
complaints,dataset/complaints/year=2025/month=01/day=04/complaints_20250104.csv,31,27,8745
complaints,dataset/complaints/year=2025/month=01/day=05/complaints_20250105.csv,31,27,8629
complaints,dataset/complaints/year=2025/month=01/day=06/complaints_20250106.csv,63,27,15955
complaints,dataset/complaints/year=2025/month=01/day=07/complaints_20250107.csv,75,27,20648
complaints,dataset/complaints/year=2025/month=01/day=08/complaints_20250108.csv,85,27,22602
complaints,dataset/complaints/year=2025/month=01/day=09/complaints_20250109.csv,67,27,18220
complaints,dataset/complaints/year=2025/month=01/day=10/complaints_20250110.csv,82,27,21704
complaints,dataset/complaints/year=2025/month=01/day=11/complaints_20250111.csv,39,27,10777
complaints,dataset/complaints/year=2025/month=01/day=12/complaints_20250112.csv,42,27,10948
complaints,dataset/complaints/year=2025/month=01/day=13/complaints_20250113.csv,67,27,17662
complaints,dataset/complaints/year=2025/month=01/day=14/complaints_20250114.csv,65,27,16826
complaints,dataset/complaints/year=2025/month=01/day=15/complaints_20250115.csv,72,27,18269
complaints,dataset/complaints/year=2025/month=01/day=16/complaints_20250116.csv,66,27,16815
complaints,dataset/complaints/year=2025/month=01/day=17/complaints_20250117.csv,73,27,18996
complaints,dataset/complaints/year=2025/month=01/day=18/complaints_20250118.csv,40,27,11133
complaints,dataset/complaints/year=2025/month=01/day=19/complaints_20250119.csv,31,27,8724
complaints,dataset/complaints/year=2025/month=01/day=20/complaints_20250120.csv,67,27,17592
complaints,dataset/complaints/year=2025/month=01/day=21/complaints_20250121.csv,67,27,17728
complaints,dataset/complaints/year=2025/month=01/day=22/complaints_20250122.csv,76,27,19084
complaints,dataset/complaints/year=2025/month=01/day=23/complaints_20250123.csv,76,27,20130
complaints,dataset/complaints/year=2025/month=01/day=24/complaints_20250124.csv,76,27,19692
complaints,dataset/complaints/year=2025/month=01/day=25/complaints_20250125.csv,36,27,10176
complaints,dataset/complaints/year=2025/month=01/day=26/complaints_20250126.csv,42,27,11396
complaints,dataset/complaints/year=2025/month=01/day=27/complaints_20250127.csv,69,27,18124
complaints,dataset/complaints/year=2025/month=01/day=28/complaints_20250128.csv,80,27,21282
complaints,dataset/complaints/year=2025/month=01/day=29/complaints_20250129.csv,85,27,21924
complaints,dataset/complaints/year=2025/month=01/day=30/complaints_20250130.csv,81,27,22299
complaints,dataset/complaints/year=2025/month=01/day=31/complaints_20250131.csv,72,27,19060
complaints,dataset/complaints/year=2025/month=02/day=01/complaints_20250201.csv,38,27,9943
complaints,dataset/complaints/year=2025/month=02/day=02/complaints_20250202.csv,30,27,7769
complaints,dataset/complaints/year=2025/month=02/day=03/complaints_20250203.csv,80,27,21027
complaints,dataset/complaints/year=2025/month=02/day=04/complaints_20250204.csv,67,27,17406
complaints,dataset/complaints/year=2025/month=02/day=05/complaints_20250205.csv,80,27,22077
complaints,dataset/complaints/year=2025/month=02/day=06/complaints_20250206.csv,66,27,18022
complaints,dataset/complaints/year=2025/month=02/day=07/complaints_20250207.csv,62,27,16673
complaints,dataset/complaints/year=2025/month=02/day=08/complaints_20250208.csv,34,27,9433
complaints,dataset/complaints/year=2025/month=02/day=09/complaints_20250209.csv,43,27,11024
complaints,dataset/complaints/year=2025/month=02/day=10/complaints_20250210.csv,84,27,23169
complaints,dataset/complaints/year=2025/month=02/day=11/complaints_20250211.csv,84,27,21859
complaints,dataset/complaints/year=2025/month=02/day=12/complaints_20250212.csv,71,27,19032
complaints,dataset/complaints/year=2025/month=02/day=13/complaints_20250213.csv,77,27,20895
complaints,dataset/complaints/year=2025/month=02/day=14/complaints_20250214.csv,69,27,19250
complaints,dataset/complaints/year=2025/month=02/day=15/complaints_20250215.csv,38,27,10519
complaints,dataset/complaints/year=2025/month=02/day=16/complaints_20250216.csv,39,27,10556
complaints,dataset/complaints/year=2025/month=02/day=17/complaints_20250217.csv,74,27,19582
complaints,dataset/complaints/year=2025/month=02/day=18/complaints_20250218.csv,66,27,17200
complaints,dataset/complaints/year=2025/month=02/day=19/complaints_20250219.csv,72,27,19462
complaints,dataset/complaints/year=2025/month=02/day=20/complaints_20250220.csv,82,27,21448
complaints,dataset/complaints/year=2025/month=02/day=21/complaints_20250221.csv,64,27,16844
complaints,dataset/complaints/year=2025/month=02/day=22/complaints_20250222.csv,30,27,8291
complaints,dataset/complaints/year=2025/month=02/day=23/complaints_20250223.csv,40,27,10702
complaints,dataset/complaints/year=2025/month=02/day=24/complaints_20250224.csv,72,27,20331
complaints,dataset/complaints/year=2025/month=02/day=25/complaints_20250225.csv,85,27,22264
complaints,dataset/complaints/year=2025/month=02/day=26/complaints_20250226.csv,66,27,17848
complaints,dataset/complaints/year=2025/month=02/day=27/complaints_20250227.csv,66,27,17249
complaints,dataset/complaints/year=2025/month=02/day=28/complaints_20250228.csv,66,27,17874
complaints,dataset/complaints/year=2025/month=03/day=01/complaints_20250301.csv,39,27,10714
complaints,dataset/complaints/year=2025/month=03/day=02/complaints_20250302.csv,32,27,9228
complaints,dataset/complaints/year=2025/month=03/day=03/complaints_20250303.csv,72,27,19181
complaints,dataset/complaints/year=2025/month=03/day=04/complaints_20250304.csv,73,27,19508
complaints,dataset/complaints/year=2025/month=03/day=05/complaints_20250305.csv,76,27,19981
complaints,dataset/complaints/year=2025/month=03/day=06/complaints_20250306.csv,59,27,15654
complaints,dataset/complaints/year=2025/month=03/day=07/complaints_20250307.csv,85,27,22429
complaints,dataset/complaints/year=2025/month=03/day=08/complaints_20250308.csv,28,27,7180
complaints,dataset/complaints/year=2025/month=03/day=09/complaints_20250309.csv,42,27,11608
complaints,dataset/complaints/year=2025/month=03/day=10/complaints_20250310.csv,59,27,15612
complaints,dataset/complaints/year=2025/month=03/day=11/complaints_20250311.csv,60,27,15376
complaints,dataset/complaints/year=2025/month=03/day=12/complaints_20250312.csv,65,27,17530
complaints,dataset/complaints/year=2025/month=03/day=13/complaints_20250313.csv,64,27,17562
complaints,dataset/complaints/year=2025/month=03/day=14/complaints_20250314.csv,81,27,21204
complaints,dataset/complaints/year=2025/month=03/day=15/complaints_20250315.csv,41,27,11162
complaints,dataset/complaints/year=2025/month=03/day=16/complaints_20250316.csv,33,27,8888
complaints,dataset/complaints/year=2025/month=03/day=17/complaints_20250317.csv,72,27,19016
complaints,dataset/complaints/year=2025/month=03/day=18/complaints_20250318.csv,67,27,18286
complaints,dataset/complaints/year=2025/month=03/day=19/complaints_20250319.csv,67,27,17925
complaints,dataset/complaints/year=2025/month=03/day=20/complaints_20250320.csv,61,27,16391
complaints,dataset/complaints/year=2025/month=03/day=21/complaints_20250321.csv,73,27,18507
complaints,dataset/complaints/year=2025/month=03/day=22/complaints_20250322.csv,36,27,9945
complaints,dataset/complaints/year=2025/month=03/day=23/complaints_20250323.csv,33,27,8979
complaints,dataset/complaints/year=2025/month=03/day=24/complaints_20250324.csv,60,27,15967
complaints,dataset/complaints/year=2025/month=03/day=25/complaints_20250325.csv,68,27,17805
complaints,dataset/complaints/year=2025/month=03/day=26/complaints_20250326.csv,67,27,18728
complaints,dataset/complaints/year=2025/month=03/day=27/complaints_20250327.csv,66,27,16772
complaints,dataset/complaints/year=2025/month=03/day=28/complaints_20250328.csv,57,27,15861
complaints,dataset/complaints/year=2025/month=03/day=29/complaints_20250329.csv,34,27,8797
complaints,dataset/complaints/year=2025/month=03/day=30/complaints_20250330.csv,34,27,9864
complaints,dataset/complaints/year=2025/month=03/day=31/complaints_20250331.csv,60,27,16116
complaints,dataset/complaints/year=2025/month=04/day=01/complaints_20250401.csv,80,27,21458
complaints,dataset/complaints/year=2025/month=04/day=02/complaints_20250402.csv,72,27,18850
complaints,dataset/complaints/year=2025/month=04/day=03/complaints_20250403.csv,65,27,17590
complaints,dataset/complaints/year=2025/month=04/day=04/complaints_20250404.csv,69,27,18074
complaints,dataset/complaints/year=2025/month=04/day=05/complaints_20250405.csv,33,27,8989
complaints,dataset/complaints/year=2025/month=04/day=06/complaints_20250406.csv,32,27,8567
complaints,dataset/complaints/year=2025/month=04/day=07/complaints_20250407.csv,78,27,21314
complaints,dataset/complaints/year=2025/month=04/day=08/complaints_20250408.csv,58,27,16152
complaints,dataset/complaints/year=2025/month=04/day=09/complaints_20250409.csv,59,27,16400
complaints,dataset/complaints/year=2025/month=04/day=10/complaints_20250410.csv,73,27,20255
complaints,dataset/complaints/year=2025/month=04/day=11/complaints_20250411.csv,68,27,18471
complaints,dataset/complaints/year=2025/month=04/day=12/complaints_20250412.csv,37,27,9693
complaints,dataset/complaints/year=2025/month=04/day=13/complaints_20250413.csv,34,27,9792
complaints,dataset/complaints/year=2025/month=04/day=14/complaints_20250414.csv,77,27,20870
complaints,dataset/complaints/year=2025/month=04/day=15/complaints_20250415.csv,75,27,19232
complaints,dataset/complaints/year=2025/month=04/day=16/complaints_20250416.csv,61,27,16628
complaints,dataset/complaints/year=2025/month=04/day=17/complaints_20250417.csv,67,27,18078
complaints,dataset/complaints/year=2025/month=04/day=18/complaints_20250418.csv,80,27,21232
complaints,dataset/complaints/year=2025/month=04/day=19/complaints_20250419.csv,42,27,11456
complaints,dataset/complaints/year=2025/month=04/day=20/complaints_20250420.csv,38,27,10533
complaints,dataset/complaints/year=2025/month=04/day=21/complaints_20250421.csv,68,27,18157
complaints,dataset/complaints/year=2025/month=04/day=22/complaints_20250422.csv,69,27,18470
complaints,dataset/complaints/year=2025/month=04/day=23/complaints_20250423.csv,58,27,14393
complaints,dataset/complaints/year=2025/month=04/day=24/complaints_20250424.csv,59,27,15869
complaints,dataset/complaints/year=2025/month=04/day=25/complaints_20250425.csv,65,27,16691
complaints,dataset/complaints/year=2025/month=04/day=26/complaints_20250426.csv,32,27,8656
complaints,dataset/complaints/year=2025/month=04/day=27/complaints_20250427.csv,39,27,10560
complaints,dataset/complaints/year=2025/month=04/day=28/complaints_20250428.csv,65,27,18453
complaints,dataset/complaints/year=2025/month=04/day=29/complaints_20250429.csv,70,27,18986
complaints,dataset/complaints/year=2025/month=04/day=30/complaints_20250430.csv,74,27,19055
complaints,dataset/complaints/year=2025/month=05/day=01/complaints_20250501.csv,67,27,18173
complaints,dataset/complaints/year=2025/month=05/day=02/complaints_20250502.csv,68,27,17744
complaints,dataset/complaints/year=2025/month=05/day=03/complaints_20250503.csv,32,27,8559
complaints,dataset/complaints/year=2025/month=05/day=04/complaints_20250504.csv,31,27,8509
complaints,dataset/complaints/year=2025/month=05/day=05/complaints_20250505.csv,76,27,20127
complaints,dataset/complaints/year=2025/month=05/day=06/complaints_20250506.csv,57,27,14623
complaints,dataset/complaints/year=2025/month=05/day=07/complaints_20250507.csv,73,27,19761
complaints,dataset/complaints/year=2025/month=05/day=08/complaints_20250508.csv,62,27,16535
complaints,dataset/complaints/year=2025/month=05/day=09/complaints_20250509.csv,68,27,19324
complaints,dataset/complaints/year=2025/month=05/day=10/complaints_20250510.csv,32,27,9131
complaints,dataset/complaints/year=2025/month=05/day=11/complaints_20250511.csv,41,27,11766
complaints,dataset/complaints/year=2025/month=05/day=12/complaints_20250512.csv,68,27,17985
complaints,dataset/complaints/year=2025/month=05/day=13/complaints_20250513.csv,58,27,15314
complaints,dataset/complaints/year=2025/month=05/day=14/complaints_20250514.csv,74,27,19639
complaints,dataset/complaints/year=2025/month=05/day=15/complaints_20250515.csv,82,27,21611
complaints,dataset/complaints/year=2025/month=05/day=16/complaints_20250516.csv,81,27,21148
complaints,dataset/complaints/year=2025/month=05/day=17/complaints_20250517.csv,29,27,7660
complaints,dataset/complaints/year=2025/month=05/day=18/complaints_20250518.csv,42,27,11573
complaints,dataset/complaints/year=2025/month=05/day=19/complaints_20250519.csv,58,27,15271
complaints,dataset/complaints/year=2025/month=05/day=20/complaints_20250520.csv,76,27,21425
complaints,dataset/complaints/year=2025/month=05/day=21/complaints_20250521.csv,65,27,17667
complaints,dataset/complaints/year=2025/month=05/day=22/complaints_20250522.csv,80,27,20941
complaints,dataset/complaints/year=2025/month=05/day=23/complaints_20250523.csv,78,27,20914
complaints,dataset/complaints/year=2025/month=05/day=24/complaints_20250524.csv,42,27,10877
complaints,dataset/complaints/year=2025/month=05/day=25/complaints_20250525.csv,29,27,7771
complaints,dataset/complaints/year=2025/month=05/day=26/complaints_20250526.csv,61,27,16952
complaints,dataset/complaints/year=2025/month=05/day=27/complaints_20250527.csv,86,27,23055
complaints,dataset/complaints/year=2025/month=05/day=28/complaints_20250528.csv,83,27,22254
complaints,dataset/complaints/year=2025/month=05/day=29/complaints_20250529.csv,75,27,20221
complaints,dataset/complaints/year=2025/month=05/day=30/complaints_20250530.csv,64,27,17169
complaints,dataset/complaints/year=2025/month=05/day=31/complaints_20250531.csv,38,27,10232
complaints,dataset/complaints/year=2025/month=06/day=01/complaints_20250601.csv,35,27,9435
complaints,dataset/complaints/year=2025/month=06/day=02/complaints_20250602.csv,64,27,17221
complaints,dataset/complaints/year=2025/month=06/day=03/complaints_20250603.csv,71,27,18799
complaints,dataset/complaints/year=2025/month=06/day=04/complaints_20250604.csv,70,27,19623
complaints,dataset/complaints/year=2025/month=06/day=05/complaints_20250605.csv,77,27,20729
complaints,dataset/complaints/year=2025/month=06/day=06/complaints_20250606.csv,59,27,15902
complaints,dataset/complaints/year=2025/month=06/day=07/complaints_20250607.csv,41,27,10658
complaints,dataset/complaints/year=2025/month=06/day=08/complaints_20250608.csv,41,27,10297
complaints,dataset/complaints/year=2025/month=06/day=09/complaints_20250609.csv,79,27,21551
complaints,dataset/complaints/year=2025/month=06/day=10/complaints_20250610.csv,79,27,20541
complaints,dataset/complaints/year=2025/month=06/day=11/complaints_20250611.csv,63,27,17373
complaints,dataset/complaints/year=2025/month=06/day=12/complaints_20250612.csv,71,27,19069
complaints,dataset/complaints/year=2025/month=06/day=13/complaints_20250613.csv,67,27,17132
complaints,dataset/complaints/year=2025/month=06/day=14/complaints_20250614.csv,34,27,9075
complaints,dataset/complaints/year=2025/month=06/day=15/complaints_20250615.csv,39,27,10892
complaints,dataset/complaints/year=2025/month=06/day=16/complaints_20250616.csv,66,27,17699
complaints,dataset/complaints/year=2025/month=06/day=17/complaints_20250617.csv,79,27,20491
complaints,dataset/complaints/year=2025/month=06/day=18/complaints_20250618.csv,75,27,20251
complaints,dataset/complaints/year=2025/month=06/day=19/complaints_20250619.csv,58,27,15031
complaints,dataset/complaints/year=2025/month=06/day=20/complaints_20250620.csv,73,27,19739
complaints,dataset/complaints/year=2025/month=06/day=21/complaints_20250621.csv,32,27,8942
complaints,dataset/complaints/year=2025/month=06/day=22/complaints_20250622.csv,42,27,10851
complaints,dataset/complaints/year=2025/month=06/day=23/complaints_20250623.csv,67,27,17972
complaints,dataset/complaints/year=2025/month=06/day=24/complaints_20250624.csv,64,27,17357
complaints,dataset/complaints/year=2025/month=06/day=25/complaints_20250625.csv,57,27,15612
complaints,dataset/complaints/year=2025/month=06/day=26/complaints_20250626.csv,83,27,21481
complaints,dataset/complaints/year=2025/month=06/day=27/complaints_20250627.csv,86,27,22598
complaints,dataset/complaints/year=2025/month=06/day=28/complaints_20250628.csv,38,27,9750
complaints,dataset/complaints/year=2025/month=06/day=29/complaints_20250629.csv,31,27,8428
complaints,dataset/complaints/year=2025/month=06/day=30/complaints_20250630.csv,84,27,21685
complaints,dataset/complaints/year=2025/month=07/day=01/complaints_20250701.csv,81,27,21033
complaints,dataset/complaints/year=2025/month=07/day=02/complaints_20250702.csv,67,27,17560
complaints,dataset/complaints/year=2025/month=07/day=03/complaints_20250703.csv,69,27,18777
complaints,dataset/complaints/year=2025/month=07/day=04/complaints_20250704.csv,81,27,21787
complaints,dataset/complaints/year=2025/month=07/day=05/complaints_20250705.csv,37,27,9577
complaints,dataset/complaints/year=2025/month=07/day=06/complaints_20250706.csv,31,27,8447
complaints,dataset/complaints/year=2025/month=07/day=07/complaints_20250707.csv,58,27,14941
complaints,dataset/complaints/year=2025/month=07/day=08/complaints_20250708.csv,64,27,17022
complaints,dataset/complaints/year=2025/month=07/day=09/complaints_20250709.csv,84,27,21903
complaints,dataset/complaints/year=2025/month=07/day=10/complaints_20250710.csv,78,27,20643
complaints,dataset/complaints/year=2025/month=07/day=11/complaints_20250711.csv,79,27,21859
complaints,dataset/complaints/year=2025/month=07/day=12/complaints_20250712.csv,33,27,8596
complaints,dataset/complaints/year=2025/month=07/day=13/complaints_20250713.csv,32,27,9114
complaints,dataset/complaints/year=2025/month=07/day=14/complaints_20250714.csv,75,27,19519
complaints,dataset/complaints/year=2025/month=07/day=15/complaints_20250715.csv,86,27,22380
complaints,dataset/complaints/year=2025/month=07/day=16/complaints_20250716.csv,85,27,23253
complaints,dataset/complaints/year=2025/month=07/day=17/complaints_20250717.csv,82,27,21490
complaints,dataset/complaints/year=2025/month=07/day=18/complaints_20250718.csv,82,27,22093
complaints,dataset/complaints/year=2025/month=07/day=19/complaints_20250719.csv,32,27,8546
complaints,dataset/complaints/year=2025/month=07/day=20/complaints_20250720.csv,38,27,10037
complaints,dataset/complaints/year=2025/month=07/day=21/complaints_20250721.csv,64,27,16560
complaints,dataset/complaints/year=2025/month=07/day=22/complaints_20250722.csv,74,27,19675
complaints,dataset/complaints/year=2025/month=07/day=23/complaints_20250723.csv,62,27,16626
complaints,dataset/complaints/year=2025/month=07/day=24/complaints_20250724.csv,69,27,18328
complaints,dataset/complaints/year=2025/month=07/day=25/complaints_20250725.csv,78,27,20997
complaints,dataset/complaints/year=2025/month=07/day=26/complaints_20250726.csv,30,27,7881
complaints,dataset/complaints/year=2025/month=07/day=27/complaints_20250727.csv,36,27,10213
complaints,dataset/complaints/year=2025/month=07/day=28/complaints_20250728.csv,75,27,19878
complaints,dataset/complaints/year=2025/month=07/day=29/complaints_20250729.csv,75,27,20539
complaints,dataset/complaints/year=2025/month=07/day=30/complaints_20250730.csv,61,27,16313
complaints,dataset/complaints/year=2025/month=07/day=31/complaints_20250731.csv,73,27,19750
complaints,dataset/complaints/year=2025/month=08/day=01/complaints_20250801.csv,70,27,18259
complaints,dataset/complaints/year=2025/month=08/day=02/complaints_20250802.csv,35,27,9210
complaints,dataset/complaints/year=2025/month=08/day=03/complaints_20250803.csv,42,27,11871
complaints,dataset/complaints/year=2025/month=08/day=04/complaints_20250804.csv,65,27,17429
complaints,dataset/complaints/year=2025/month=08/day=05/complaints_20250805.csv,67,27,17255
complaints,dataset/complaints/year=2025/month=08/day=06/complaints_20250806.csv,68,27,18357
complaints,dataset/complaints/year=2025/month=08/day=07/complaints_20250807.csv,74,27,19507
complaints,dataset/complaints/year=2025/month=08/day=08/complaints_20250808.csv,82,27,21959
complaints,dataset/complaints/year=2025/month=08/day=09/complaints_20250809.csv,36,27,10198
complaints,dataset/complaints/year=2025/month=08/day=10/complaints_20250810.csv,42,27,11848
complaints,dataset/complaints/year=2025/month=08/day=11/complaints_20250811.csv,76,27,20319
complaints,dataset/complaints/year=2025/month=08/day=12/complaints_20250812.csv,70,27,19076
complaints,dataset/complaints/year=2025/month=08/day=13/complaints_20250813.csv,65,27,17271
complaints,dataset/complaints/year=2025/month=08/day=14/complaints_20250814.csv,71,27,18977
complaints,dataset/complaints/year=2025/month=08/day=15/complaints_20250815.csv,77,27,20035
complaints,dataset/complaints/year=2025/month=08/day=16/complaints_20250816.csv,39,27,11071
complaints,dataset/complaints/year=2025/month=08/day=17/complaints_20250817.csv,32,27,8855
complaints,dataset/complaints/year=2025/month=08/day=18/complaints_20250818.csv,62,27,17146
complaints,dataset/complaints/year=2025/month=08/day=19/complaints_20250819.csv,72,27,19476
complaints,dataset/complaints/year=2025/month=08/day=20/complaints_20250820.csv,86,27,22745
complaints,dataset/complaints/year=2025/month=08/day=21/complaints_20250821.csv,61,27,16366
complaints,dataset/complaints/year=2025/month=08/day=22/complaints_20250822.csv,70,27,17545
complaints,dataset/complaints/year=2025/month=08/day=23/complaints_20250823.csv,34,27,8776
complaints,dataset/complaints/year=2025/month=08/day=24/complaints_20250824.csv,39,27,10762
complaints,dataset/complaints/year=2025/month=08/day=25/complaints_20250825.csv,69,27,17972
complaints,dataset/complaints/year=2025/month=08/day=26/complaints_20250826.csv,74,27,20544
complaints,dataset/complaints/year=2025/month=08/day=27/complaints_20250827.csv,80,27,21358
complaints,dataset/complaints/year=2025/month=08/day=28/complaints_20250828.csv,73,27,19203
complaints,dataset/complaints/year=2025/month=08/day=29/complaints_20250829.csv,81,27,21802
complaints,dataset/complaints/year=2025/month=08/day=30/complaints_20250830.csv,38,27,10452
complaints,dataset/complaints/year=2025/month=08/day=31/complaints_20250831.csv,40,27,11354
complaints,dataset/complaints/year=2025/month=09/day=01/complaints_20250901.csv,71,27,20125
complaints,dataset/complaints/year=2025/month=09/day=02/complaints_20250902.csv,59,27,16042
complaints,dataset/complaints/year=2025/month=09/day=03/complaints_20250903.csv,68,27,17753
complaints,dataset/complaints/year=2025/month=09/day=04/complaints_20250904.csv,68,27,17954
complaints,dataset/complaints/year=2025/month=09/day=05/complaints_20250905.csv,69,27,18332
complaints,dataset/complaints/year=2025/month=09/day=06/complaints_20250906.csv,32,27,8662
complaints,dataset/complaints/year=2025/month=09/day=07/complaints_20250907.csv,41,27,11117
complaints,dataset/complaints/year=2025/month=09/day=08/complaints_20250908.csv,66,27,17549
complaints,dataset/complaints/year=2025/month=09/day=09/complaints_20250909.csv,66,27,17346
complaints,dataset/complaints/year=2025/month=09/day=10/complaints_20250910.csv,80,27,22097
complaints,dataset/complaints/year=2025/month=09/day=11/complaints_20250911.csv,76,27,21213
complaints,dataset/complaints/year=2025/month=09/day=12/complaints_20250912.csv,61,27,16309
complaints,dataset/complaints/year=2025/month=09/day=13/complaints_20250913.csv,36,27,9800
complaints,dataset/complaints/year=2025/month=09/day=14/complaints_20250914.csv,33,27,8567
complaints,dataset/complaints/year=2025/month=09/day=15/complaints_20250915.csv,65,27,17140
complaints,dataset/complaints/year=2025/month=09/day=16/complaints_20250916.csv,61,27,16381
complaints,dataset/complaints/year=2025/month=09/day=17/complaints_20250917.csv,69,27,18648
complaints,dataset/complaints/year=2025/month=09/day=18/complaints_20250918.csv,61,27,15764
complaints,dataset/complaints/year=2025/month=09/day=19/complaints_20250919.csv,73,27,19591
complaints,dataset/complaints/year=2025/month=09/day=20/complaints_20250920.csv,36,27,10027
complaints,dataset/complaints/year=2025/month=09/day=21/complaints_20250921.csv,30,27,8230
complaints,dataset/complaints/year=2025/month=09/day=22/complaints_20250922.csv,62,27,16350
complaints,dataset/complaints/year=2025/month=09/day=23/complaints_20250923.csv,64,27,17704
complaints,dataset/complaints/year=2025/month=09/day=24/complaints_20250924.csv,71,27,18870
complaints,dataset/complaints/year=2025/month=09/day=25/complaints_20250925.csv,61,27,16408
complaints,dataset/complaints/year=2025/month=09/day=26/complaints_20250926.csv,76,27,21662
complaints,dataset/complaints/year=2025/month=09/day=27/complaints_20250927.csv,40,27,10724
complaints,dataset/complaints/year=2025/month=09/day=28/complaints_20250928.csv,42,27,10959
complaints,dataset/complaints/year=2025/month=09/day=29/complaints_20250929.csv,73,27,19646
complaints,dataset/complaints/year=2025/month=09/day=30/complaints_20250930.csv,80,27,21574
complaints,dataset/complaints/year=2025/month=10/day=01/complaints_20251001.csv,59,27,14968
complaints,dataset/complaints/year=2025/month=10/day=02/complaints_20251002.csv,75,27,20034
complaints,dataset/complaints/year=2025/month=10/day=03/complaints_20251003.csv,79,27,20850
complaints,dataset/complaints/year=2025/month=10/day=04/complaints_20251004.csv,33,27,8804
complaints,dataset/complaints/year=2025/month=10/day=05/complaints_20251005.csv,31,27,8739
complaints,dataset/complaints/year=2025/month=10/day=06/complaints_20251006.csv,85,27,22678
complaints,dataset/complaints/year=2025/month=10/day=07/complaints_20251007.csv,82,27,21637
complaints,dataset/complaints/year=2025/month=10/day=08/complaints_20251008.csv,81,27,22681
complaints,dataset/complaints/year=2025/month=10/day=09/complaints_20251009.csv,65,27,17399
complaints,dataset/complaints/year=2025/month=10/day=10/complaints_20251010.csv,77,27,20756
complaints,dataset/complaints/year=2025/month=10/day=11/complaints_20251011.csv,41,27,11759
complaints,dataset/complaints/year=2025/month=10/day=12/complaints_20251012.csv,28,27,7749
complaints,dataset/complaints/year=2025/month=10/day=13/complaints_20251013.csv,58,27,15089
complaints,dataset/complaints/year=2025/month=10/day=14/complaints_20251014.csv,70,27,18545
complaints,dataset/complaints/year=2025/month=10/day=15/complaints_20251015.csv,81,27,21937
complaints,dataset/complaints/year=2025/month=10/day=16/complaints_20251016.csv,81,27,21759
complaints,dataset/complaints/year=2025/month=10/day=17/complaints_20251017.csv,65,27,17100
complaints,dataset/complaints/year=2025/month=10/day=18/complaints_20251018.csv,30,27,8240
complaints,dataset/complaints/year=2025/month=10/day=19/complaints_20251019.csv,36,27,9310
complaints,dataset/complaints/year=2025/month=10/day=20/complaints_20251020.csv,82,27,22597
complaints,dataset/complaints/year=2025/month=10/day=21/complaints_20251021.csv,80,27,21082
complaints,dataset/complaints/year=2025/month=10/day=22/complaints_20251022.csv,82,27,21586
complaints,dataset/complaints/year=2025/month=10/day=23/complaints_20251023.csv,61,27,16072
complaints,dataset/complaints/year=2025/month=10/day=24/complaints_20251024.csv,67,27,18136
complaints,dataset/complaints/year=2025/month=10/day=25/complaints_20251025.csv,36,27,9538
complaints,dataset/complaints/year=2025/month=10/day=26/complaints_20251026.csv,39,27,11003
complaints,dataset/complaints/year=2025/month=10/day=27/complaints_20251027.csv,71,27,19188
complaints,dataset/complaints/year=2025/month=10/day=28/complaints_20251028.csv,62,27,16282
complaints,dataset/complaints/year=2025/month=10/day=29/complaints_20251029.csv,79,27,21262
complaints,dataset/complaints/year=2025/month=10/day=30/complaints_20251030.csv,77,27,21248
complaints,dataset/complaints/year=2025/month=10/day=31/complaints_20251031.csv,79,27,21606
complaints,dataset/complaints/year=2025/month=11/day=01/complaints_20251101.csv,37,27,9958
complaints,dataset/complaints/year=2025/month=11/day=02/complaints_20251102.csv,31,27,8556
complaints,dataset/complaints/year=2025/month=11/day=03/complaints_20251103.csv,74,27,19890
complaints,dataset/complaints/year=2025/month=11/day=04/complaints_20251104.csv,78,27,20369
complaints,dataset/complaints/year=2025/month=11/day=05/complaints_20251105.csv,77,27,20099
complaints,dataset/complaints/year=2025/month=11/day=06/complaints_20251106.csv,72,27,19371
complaints,dataset/complaints/year=2025/month=11/day=07/complaints_20251107.csv,79,27,20772
complaints,dataset/complaints/year=2025/month=11/day=08/complaints_20251108.csv,36,27,9250
complaints,dataset/complaints/year=2025/month=11/day=09/complaints_20251109.csv,36,27,9368
complaints,dataset/complaints/year=2025/month=11/day=10/complaints_20251110.csv,69,27,17972
complaints,dataset/complaints/year=2025/month=11/day=11/complaints_20251111.csv,75,27,20164
complaints,dataset/complaints/year=2025/month=11/day=12/complaints_20251112.csv,67,27,17927
complaints,dataset/complaints/year=2025/month=11/day=13/complaints_20251113.csv,62,27,17126
complaints,dataset/complaints/year=2025/month=11/day=14/complaints_20251114.csv,85,27,22935
complaints,dataset/complaints/year=2025/month=11/day=15/complaints_20251115.csv,32,27,8308
complaints,dataset/complaints/year=2025/month=11/day=16/complaints_20251116.csv,42,27,10895
complaints,dataset/complaints/year=2025/month=11/day=17/complaints_20251117.csv,80,27,20955
complaints,dataset/complaints/year=2025/month=11/day=18/complaints_20251118.csv,83,27,21800
complaints,dataset/complaints/year=2025/month=11/day=19/complaints_20251119.csv,68,27,18211
complaints,dataset/complaints/year=2025/month=11/day=20/complaints_20251120.csv,63,27,17673
complaints,dataset/complaints/year=2025/month=11/day=21/complaints_20251121.csv,63,27,16777
complaints,dataset/complaints/year=2025/month=11/day=22/complaints_20251122.csv,33,27,9324
complaints,dataset/complaints/year=2025/month=11/day=23/complaints_20251123.csv,29,27,7445
complaints,dataset/complaints/year=2025/month=11/day=24/complaints_20251124.csv,59,27,15951
complaints,dataset/complaints/year=2025/month=11/day=25/complaints_20251125.csv,82,27,22170
complaints,dataset/complaints/year=2025/month=11/day=26/complaints_20251126.csv,74,27,19497
complaints,dataset/complaints/year=2025/month=11/day=27/complaints_20251127.csv,62,27,16353
complaints,dataset/complaints/year=2025/month=11/day=28/complaints_20251128.csv,68,27,18979
complaints,dataset/complaints/year=2025/month=11/day=29/complaints_20251129.csv,39,27,10899
complaints,dataset/complaints/year=2025/month=11/day=30/complaints_20251130.csv,29,27,7832
complaints,dataset/complaints/year=2025/month=12/day=01/complaints_20251201.csv,73,27,19396
complaints,dataset/complaints/year=2025/month=12/day=02/complaints_20251202.csv,77,27,20610
complaints,dataset/complaints/year=2025/month=12/day=03/complaints_20251203.csv,70,27,18734
complaints,dataset/complaints/year=2025/month=12/day=04/complaints_20251204.csv,57,27,16159
complaints,dataset/complaints/year=2025/month=12/day=05/complaints_20251205.csv,76,27,20728
complaints,dataset/complaints/year=2025/month=12/day=06/complaints_20251206.csv,39,27,10995
complaints,dataset/complaints/year=2025/month=12/day=07/complaints_20251207.csv,36,27,10496
complaints,dataset/complaints/year=2025/month=12/day=08/complaints_20251208.csv,65,27,17464
complaints,dataset/complaints/year=2025/month=12/day=09/complaints_20251209.csv,59,27,16083
complaints,dataset/complaints/year=2025/month=12/day=10/complaints_20251210.csv,68,27,18355
complaints,dataset/complaints/year=2025/month=12/day=11/complaints_20251211.csv,71,27,19384
complaints,dataset/complaints/year=2025/month=12/day=12/complaints_20251212.csv,75,27,19478
complaints,dataset/complaints/year=2025/month=12/day=13/complaints_20251213.csv,36,27,9027
complaints,dataset/complaints/year=2025/month=12/day=14/complaints_20251214.csv,42,27,12027
complaints,dataset/complaints/year=2025/month=12/day=15/complaints_20251215.csv,63,27,16462
complaints,dataset/complaints/year=2025/month=12/day=16/complaints_20251216.csv,82,27,22846
complaints,dataset/complaints/year=2025/month=12/day=17/complaints_20251217.csv,76,27,19242
complaints,dataset/complaints/year=2025/month=12/day=18/complaints_20251218.csv,83,27,21707
complaints,dataset/complaints/year=2025/month=12/day=19/complaints_20251219.csv,71,27,18780
complaints,dataset/complaints/year=2025/month=12/day=20/complaints_20251220.csv,37,27,10488
complaints,dataset/complaints/year=2025/month=12/day=21/complaints_20251221.csv,36,27,9461
complaints,dataset/complaints/year=2025/month=12/day=22/complaints_20251222.csv,83,27,22528
complaints,dataset/complaints/year=2025/month=12/day=23/complaints_20251223.csv,75,27,19848
complaints,dataset/complaints/year=2025/month=12/day=24/complaints_20251224.csv,60,27,17102
complaints,dataset/complaints/year=2025/month=12/day=25/complaints_20251225.csv,75,27,20698
complaints,dataset/complaints/year=2025/month=12/day=26/complaints_20251226.csv,60,27,15540
complaints,dataset/complaints/year=2025/month=12/day=27/complaints_20251227.csv,29,27,7491
complaints,dataset/complaints/year=2025/month=12/day=28/complaints_20251228.csv,42,27,11059
complaints,dataset/complaints/year=2025/month=12/day=29/complaints_20251229.csv,61,27,16528
complaints,dataset/complaints/year=2025/month=12/day=30/complaints_20251230.csv,85,27,22414
complaints,dataset/complaints/year=2025/month=12/day=31/complaints_20251231.csv,82,27,22853
complaints,dataset/complaints/year=2026/month=01/day=01/complaints_20260101.csv,59,27,15723
complaints,dataset/complaints/year=2026/month=01/day=02/complaints_20260102.csv,81,27,21185
complaints,dataset/complaints/year=2026/month=01/day=03/complaints_20260103.csv,35,27,9384
complaints,dataset/complaints/year=2026/month=01/day=04/complaints_20260104.csv,35,27,9656
complaints,dataset/complaints/year=2026/month=01/day=05/complaints_20260105.csv,78,27,20679
complaints,dataset/complaints/year=2026/month=01/day=06/complaints_20260106.csv,74,27,19577
complaints,dataset/complaints/year=2026/month=01/day=07/complaints_20260107.csv,77,27,20735
complaints,dataset/complaints/year=2026/month=01/day=08/complaints_20260108.csv,80,27,21582
complaints,dataset/complaints/year=2026/month=01/day=09/complaints_20260109.csv,63,27,16448
complaints,dataset/complaints/year=2026/month=01/day=10/complaints_20260110.csv,39,27,10286
complaints,dataset/complaints/year=2026/month=01/day=11/complaints_20260111.csv,37,27,10205
complaints,dataset/complaints/year=2026/month=01/day=12/complaints_20260112.csv,58,27,15254
complaints,dataset/complaints/year=2026/month=01/day=13/complaints_20260113.csv,71,27,18699
complaints,dataset/complaints/year=2026/month=01/day=14/complaints_20260114.csv,60,27,15852
complaints,dataset/complaints/year=2026/month=01/day=15/complaints_20260115.csv,83,27,21465
complaints,dataset/complaints/year=2026/month=01/day=16/complaints_20260116.csv,77,27,20720
complaints,dataset/complaints/year=2026/month=01/day=17/complaints_20260117.csv,32,27,8937
complaints,dataset/complaints/year=2026/month=01/day=18/complaints_20260118.csv,42,27,12058
complaints,dataset/complaints/year=2026/month=01/day=19/complaints_20260119.csv,64,27,16949
complaints,dataset/complaints/year=2026/month=01/day=20/complaints_20260120.csv,86,27,22726
complaints,dataset/complaints/year=2026/month=01/day=21/complaints_20260121.csv,84,27,22523
complaints,dataset/complaints/year=2026/month=01/day=22/complaints_20260122.csv,60,27,15971
complaints,dataset/complaints/year=2026/month=01/day=23/complaints_20260123.csv,68,27,18515
complaints,dataset/complaints/year=2026/month=01/day=24/complaints_20260124.csv,39,27,10764
complaints,dataset/complaints/year=2026/month=01/day=25/complaints_20260125.csv,32,27,9149
complaints,dataset/complaints/year=2026/month=01/day=26/complaints_20260126.csv,84,27,23447
complaints,dataset/complaints/year=2026/month=01/day=27/complaints_20260127.csv,81,27,21499
complaints,dataset/complaints/year=2026/month=01/day=28/complaints_20260128.csv,75,27,20558
complaints,dataset/complaints/year=2026/month=01/day=29/complaints_20260129.csv,64,27,16661
complaints,dataset/complaints/year=2026/month=01/day=30/complaints_20260130.csv,64,27,18096
complaints,dataset/complaints/year=2026/month=01/day=31/complaints_20260131.csv,42,27,11371
complaints,dataset/complaints/year=2026/month=02/day=01/complaints_20260201.csv,35,27,9607
complaints,dataset/complaints/year=2026/month=02/day=02/complaints_20260202.csv,77,27,20113
complaints,dataset/complaints/year=2026/month=02/day=03/complaints_20260203.csv,67,27,17637
complaints,dataset/complaints/year=2026/month=02/day=04/complaints_20260204.csv,84,27,21758
complaints,dataset/complaints/year=2026/month=02/day=05/complaints_20260205.csv,65,27,17750
complaints,dataset/complaints/year=2026/month=02/day=06/complaints_20260206.csv,62,27,16354
complaints,dataset/complaints/year=2026/month=02/day=07/complaints_20260207.csv,41,27,10775
complaints,dataset/complaints/year=2026/month=02/day=08/complaints_20260208.csv,33,27,9575
complaints,dataset/complaints/year=2026/month=02/day=09/complaints_20260209.csv,65,27,17640
complaints,dataset/complaints/year=2026/month=02/day=10/complaints_20260210.csv,70,27,19042
complaints,dataset/complaints/year=2026/month=02/day=11/complaints_20260211.csv,70,27,19165
complaints,dataset/complaints/year=2026/month=02/day=12/complaints_20260212.csv,84,27,22853
complaints,dataset/complaints/year=2026/month=02/day=13/complaints_20260213.csv,83,27,22022
complaints,dataset/complaints/year=2026/month=02/day=14/complaints_20260214.csv,34,27,8897
complaints,dataset/complaints/year=2026/month=02/day=15/complaints_20260215.csv,39,27,10985
complaints,dataset/complaints/year=2026/month=02/day=16/complaints_20260216.csv,66,27,17669
complaints,dataset/complaints/year=2026/month=02/day=17/complaints_20260217.csv,61,27,15779
complaints,dataset/complaints/year=2026/month=02/day=18/complaints_20260218.csv,58,27,15299
complaints,dataset/complaints/year=2026/month=02/day=19/complaints_20260219.csv,71,27,19709
complaints,dataset/complaints/year=2026/month=02/day=20/complaints_20260220.csv,85,27,23455
complaints,dataset/complaints/year=2026/month=02/day=21/complaints_20260221.csv,29,27,7527
complaints,dataset/complaints/year=2026/month=02/day=22/complaints_20260222.csv,33,27,9077
complaints,dataset/complaints/year=2026/month=02/day=23/complaints_20260223.csv,64,27,17595
complaints,dataset/complaints/year=2026/month=02/day=24/complaints_20260224.csv,64,27,17280
complaints,dataset/complaints/year=2026/month=02/day=25/complaints_20260225.csv,85,27,22364
complaints,dataset/complaints/year=2026/month=02/day=26/complaints_20260226.csv,78,27,21487
complaints,dataset/complaints/year=2026/month=02/day=27/complaints_20260227.csv,71,27,19605
complaints,dataset/complaints/year=2026/month=02/day=28/complaints_20260228.csv,32,27,8587
complaints,dataset/complaints/year=2026/month=03/day=01/complaints_20260301.csv,29,27,7937
complaints,dataset/complaints/year=2026/month=03/day=02/complaints_20260302.csv,72,27,19667
complaints,dataset/complaints/year=2026/month=03/day=03/complaints_20260303.csv,78,27,20304
complaints,dataset/complaints/year=2026/month=03/day=04/complaints_20260304.csv,81,27,21345
complaints,dataset/complaints/year=2026/month=03/day=05/complaints_20260305.csv,64,27,17427
complaints,dataset/complaints/year=2026/month=03/day=06/complaints_20260306.csv,66,27,18346
complaints,dataset/complaints/year=2026/month=03/day=07/complaints_20260307.csv,42,27,11486
complaints,dataset/complaints/year=2026/month=03/day=08/complaints_20260308.csv,41,27,11661
complaints,dataset/complaints/year=2026/month=03/day=09/complaints_20260309.csv,81,27,21061
complaints,dataset/complaints/year=2026/month=03/day=10/complaints_20260310.csv,76,27,20681
complaints,dataset/complaints/year=2026/month=03/day=11/complaints_20260311.csv,74,27,20357
complaints,dataset/complaints/year=2026/month=03/day=12/complaints_20260312.csv,62,27,16728
complaints,dataset/complaints/year=2026/month=03/day=13/complaints_20260313.csv,74,27,20054
complaints,dataset/complaints/year=2026/month=03/day=14/complaints_20260314.csv,38,27,11058
complaints,dataset/complaints/year=2026/month=03/day=15/complaints_20260315.csv,42,27,11006
complaints,dataset/complaints/year=2026/month=03/day=16/complaints_20260316.csv,74,27,19422
complaints,dataset/complaints/year=2026/month=03/day=17/complaints_20260317.csv,72,27,20245
complaints,dataset/complaints/year=2026/month=03/day=18/complaints_20260318.csv,60,27,16344
complaints,dataset/complaints/year=2026/month=03/day=19/complaints_20260319.csv,84,27,22466
complaints,dataset/complaints/year=2026/month=03/day=20/complaints_20260320.csv,85,27,22119
complaints,dataset/complaints/year=2026/month=03/day=21/complaints_20260321.csv,31,27,8048
complaints,dataset/complaints/year=2026/month=03/day=22/complaints_20260322.csv,41,27,11095
complaints,dataset/complaints/year=2026/month=03/day=23/complaints_20260323.csv,72,27,19415
complaints,dataset/complaints/year=2026/month=03/day=24/complaints_20260324.csv,78,27,21777
complaints,dataset/complaints/year=2026/month=03/day=25/complaints_20260325.csv,68,27,18283
complaints,dataset/complaints/year=2026/month=03/day=26/complaints_20260326.csv,85,27,22838
complaints,dataset/complaints/year=2026/month=03/day=27/complaints_20260327.csv,81,27,23155
complaints,dataset/complaints/year=2026/month=03/day=28/complaints_20260328.csv,30,27,8454
complaints,dataset/complaints/year=2026/month=03/day=29/complaints_20260329.csv,40,27,10526
complaints,dataset/complaints/year=2026/month=03/day=30/complaints_20260330.csv,85,27,22344
complaints,dataset/complaints/year=2026/month=03/day=31/complaints_20260331.csv,69,27,18918
complaints,dataset/complaints/year=2026/month=04/day=01/complaints_20260401.csv,72,27,18641
complaints,dataset/complaints/year=2026/month=04/day=02/complaints_20260402.csv,63,27,17034
complaints,dataset/complaints/year=2026/month=04/day=03/complaints_20260403.csv,78,27,20332
complaints,dataset/complaints/year=2026/month=04/day=04/complaints_20260404.csv,37,27,10035
complaints,dataset/complaints/year=2026/month=04/day=05/complaints_20260405.csv,40,27,11683
complaints,dataset/complaints/year=2026/month=04/day=06/complaints_20260406.csv,73,27,19099
complaints,dataset/complaints/year=2026/month=04/day=07/complaints_20260407.csv,83,27,22281
complaints,dataset/complaints/year=2026/month=04/day=08/complaints_20260408.csv,71,27,19367
complaints,dataset/complaints/year=2026/month=04/day=09/complaints_20260409.csv,58,27,15460
complaints,dataset/complaints/year=2026/month=04/day=10/complaints_20260410.csv,70,27,18822
complaints,dataset/complaints/year=2026/month=04/day=11/complaints_20260411.csv,38,27,10141
complaints,dataset/complaints/year=2026/month=04/day=12/complaints_20260412.csv,39,27,10136
complaints,dataset/complaints/year=2026/month=04/day=13/complaints_20260413.csv,72,27,19357
complaints,dataset/complaints/year=2026/month=04/day=14/complaints_20260414.csv,69,27,18027
complaints,dataset/complaints/year=2026/month=04/day=15/complaints_20260415.csv,59,27,16305
complaints,dataset/complaints/year=2026/month=04/day=16/complaints_20260416.csv,82,27,21295
complaints,dataset/complaints/year=2026/month=04/day=17/complaints_20260417.csv,73,27,19539
complaints,dataset/complaints/year=2026/month=04/day=18/complaints_20260418.csv,40,27,10563
complaints,dataset/complaints/year=2026/month=04/day=19/complaints_20260419.csv,42,27,11234
complaints,dataset/complaints/year=2026/month=04/day=20/complaints_20260420.csv,74,27,19791
complaints,dataset/complaints/year=2026/month=04/day=21/complaints_20260421.csv,62,27,15818
complaints,dataset/complaints/year=2026/month=04/day=22/complaints_20260422.csv,78,27,20972
complaints,dataset/complaints/year=2026/month=04/day=23/complaints_20260423.csv,60,27,16024
complaints,dataset/complaints/year=2026/month=04/day=24/complaints_20260424.csv,72,27,19824
complaints,dataset/complaints/year=2026/month=04/day=25/complaints_20260425.csv,33,27,9470
complaints,dataset/complaints/year=2026/month=04/day=26/complaints_20260426.csv,41,27,11042
complaints,dataset/complaints/year=2026/month=04/day=27/complaints_20260427.csv,71,27,18937
complaints,dataset/complaints/year=2026/month=04/day=28/complaints_20260428.csv,64,27,16079
complaints,dataset/complaints/year=2026/month=04/day=29/complaints_20260429.csv,86,27,23365
complaints,dataset/complaints/year=2026/month=04/day=30/complaints_20260430.csv,58,27,16013
complaints,dataset/complaints/year=2026/month=05/day=01/complaints_20260501.csv,60,27,16079
complaints,dataset/complaints/year=2026/month=05/day=02/complaints_20260502.csv,38,27,9833
complaints,dataset/complaints/year=2026/month=05/day=03/complaints_20260503.csv,31,27,8794
complaints,dataset/complaints/year=2026/month=05/day=04/complaints_20260504.csv,81,27,21004
complaints,dataset/complaints/year=2026/month=05/day=05/complaints_20260505.csv,65,27,17657
complaints,dataset/complaints/year=2026/month=05/day=06/complaints_20260506.csv,71,27,19293
complaints,dataset/complaints/year=2026/month=05/day=07/complaints_20260507.csv,78,27,20497
complaints,dataset/complaints/year=2026/month=05/day=08/complaints_20260508.csv,75,27,20203
complaints,dataset/complaints/year=2026/month=05/day=09/complaints_20260509.csv,36,27,9629
complaints,dataset/complaints/year=2026/month=05/day=10/complaints_20260510.csv,37,27,10991
complaints,dataset/complaints/year=2026/month=05/day=11/complaints_20260511.csv,57,27,14719
complaints,dataset/complaints/year=2026/month=05/day=12/complaints_20260512.csv,84,27,22903
complaints,dataset/complaints/year=2026/month=05/day=13/complaints_20260513.csv,60,27,16371
complaints,dataset/complaints/year=2026/month=05/day=14/complaints_20260514.csv,63,27,16909
complaints,dataset/complaints/year=2026/month=05/day=15/complaints_20260515.csv,59,27,15930
complaints,dataset/complaints/year=2026/month=05/day=16/complaints_20260516.csv,40,27,11238
complaints,dataset/complaints/year=2026/month=05/day=17/complaints_20260517.csv,30,27,8004
complaints,dataset/complaints/year=2026/month=05/day=18/complaints_20260518.csv,77,27,20723
complaints,dataset/complaints/year=2026/month=05/day=19/complaints_20260519.csv,81,27,22208
complaints,dataset/complaints/year=2026/month=05/day=20/complaints_20260520.csv,68,27,18620
complaints,dataset/complaints/year=2026/month=05/day=21/complaints_20260521.csv,77,27,20258
complaints,dataset/complaints/year=2026/month=05/day=22/complaints_20260522.csv,62,27,16567
complaints,dataset/complaints/year=2026/month=05/day=23/complaints_20260523.csv,35,27,9595
complaints,dataset/complaints/year=2026/month=05/day=24/complaints_20260524.csv,30,27,7587
complaints,dataset/complaints/year=2026/month=05/day=25/complaints_20260525.csv,66,27,17400
complaints,dataset/complaints/year=2026/month=05/day=26/complaints_20260526.csv,71,27,19304
complaints,dataset/complaints/year=2026/month=05/day=27/complaints_20260527.csv,64,27,17072
complaints,dataset/complaints/year=2026/month=05/day=28/complaints_20260528.csv,78,27,21421
complaints,dataset/complaints/year=2026/month=05/day=29/complaints_20260529.csv,71,27,18654
complaints,dataset/complaints/year=2026/month=05/day=30/complaints_20260530.csv,36,27,9974
complaints,dataset/complaints/year=2026/month=05/day=31/complaints_20260531.csv,41,27,11377
complaints,dataset/complaints/year=2026/month=06/day=01/complaints_20260601.csv,62,27,17327
complaints,dataset/complaints/year=2026/month=06/day=02/complaints_20260602.csv,64,27,17002
complaints,dataset/complaints/year=2026/month=06/day=03/complaints_20260603.csv,79,27,21213
complaints,dataset/complaints/year=2026/month=06/day=04/complaints_20260604.csv,85,27,22729
complaints,dataset/complaints/year=2026/month=06/day=05/complaints_20260605.csv,63,27,16179
complaints,dataset/complaints/year=2026/month=06/day=06/complaints_20260606.csv,38,27,11001
complaints,dataset/complaints/year=2026/month=06/day=07/complaints_20260607.csv,31,27,8680
complaints,dataset/complaints/year=2026/month=06/day=08/complaints_20260608.csv,60,27,15321
complaints,dataset/complaints/year=2026/month=06/day=09/complaints_20260609.csv,63,27,17190
complaints,dataset/complaints/year=2026/month=06/day=10/complaints_20260610.csv,58,27,15227
complaints,dataset/complaints/year=2026/month=06/day=11/complaints_20260611.csv,85,27,22423
complaints,dataset/complaints/year=2026/month=06/day=12/complaints_20260612.csv,82,27,22290
complaints,dataset/complaints/year=2026/month=06/day=13/complaints_20260613.csv,31,27,8668
complaints,dataset/complaints/year=2026/month=06/day=14/complaints_20260614.csv,29,27,7904
complaints,dataset/complaints/year=2026/month=06/day=15/complaints_20260615.csv,60,27,15593
complaints,dataset/complaints/year=2026/month=06/day=16/complaints_20260616.csv,73,27,18953
complaints,dataset/complaints/year=2026/month=06/day=17/complaints_20260617.csv,84,27,22297
customers,dataset/customers.csv,150000,27,46897358
daily_exchange_rates,dataset/daily_exchange_rates.csv,13164,7,778914
digital_events,dataset/digital_events/year=2023/month=06/day=17/digital_events_20230617.csv,18949,26,4552078
digital_events,dataset/digital_events/year=2023/month=06/day=18/digital_events_20230618.csv,6160,26,1479051
digital_events,dataset/digital_events/year=2023/month=06/day=19/digital_events_20230619.csv,10675,26,2573112
digital_events,dataset/digital_events/year=2023/month=06/day=20/digital_events_20230620.csv,12890,26,3104812
digital_events,dataset/digital_events/year=2023/month=06/day=21/digital_events_20230621.csv,17572,26,4227147
digital_events,dataset/digital_events/year=2023/month=06/day=22/digital_events_20230622.csv,18001,26,4326081
digital_events,dataset/digital_events/year=2023/month=06/day=23/digital_events_20230623.csv,13135,26,3167099
digital_events,dataset/digital_events/year=2023/month=06/day=24/digital_events_20230624.csv,9350,26,2250709
digital_events,dataset/digital_events/year=2023/month=06/day=25/digital_events_20230625.csv,10590,26,2549924
digital_events,dataset/digital_events/year=2023/month=06/day=26/digital_events_20230626.csv,12387,26,2973961
digital_events,dataset/digital_events/year=2023/month=06/day=27/digital_events_20230627.csv,11625,26,2795060
digital_events,dataset/digital_events/year=2023/month=06/day=28/digital_events_20230628.csv,17897,26,4307355
digital_events,dataset/digital_events/year=2023/month=06/day=29/digital_events_20230629.csv,12903,26,3101628
digital_events,dataset/digital_events/year=2023/month=06/day=30/digital_events_20230630.csv,20901,26,5025627
digital_events,dataset/digital_events/year=2023/month=07/day=01/digital_events_20230701.csv,18929,26,4545049
digital_events,dataset/digital_events/year=2023/month=07/day=02/digital_events_20230702.csv,5713,26,1380933
digital_events,dataset/digital_events/year=2023/month=07/day=03/digital_events_20230703.csv,9659,26,2324064
digital_events,dataset/digital_events/year=2023/month=07/day=04/digital_events_20230704.csv,11625,26,2797811
digital_events,dataset/digital_events/year=2023/month=07/day=05/digital_events_20230705.csv,11456,26,2756565
digital_events,dataset/digital_events/year=2023/month=07/day=06/digital_events_20230706.csv,18318,26,4402446
digital_events,dataset/digital_events/year=2023/month=07/day=07/digital_events_20230707.csv,13772,26,3314931
digital_events,dataset/digital_events/year=2023/month=07/day=08/digital_events_20230708.csv,6559,26,1577685
digital_events,dataset/digital_events/year=2023/month=07/day=09/digital_events_20230709.csv,21556,26,5179616
digital_events,dataset/digital_events/year=2023/month=07/day=10/digital_events_20230710.csv,22712,26,5453035
digital_events,dataset/digital_events/year=2023/month=07/day=11/digital_events_20230711.csv,30449,26,7329032
digital_events,dataset/digital_events/year=2023/month=07/day=12/digital_events_20230712.csv,15890,26,3829094
digital_events,dataset/digital_events/year=2023/month=07/day=13/digital_events_20230713.csv,27535,26,6624754
digital_events,dataset/digital_events/year=2023/month=07/day=14/digital_events_20230714.csv,25897,26,6223648
digital_events,dataset/digital_events/year=2023/month=07/day=15/digital_events_20230715.csv,19320,26,4643308
digital_events,dataset/digital_events/year=2023/month=07/day=16/digital_events_20230716.csv,21557,26,5182375
digital_events,dataset/digital_events/year=2023/month=07/day=17/digital_events_20230717.csv,20817,26,4999730
digital_events,dataset/digital_events/year=2023/month=07/day=18/digital_events_20230718.csv,29360,26,7066859
digital_events,dataset/digital_events/year=2023/month=07/day=19/digital_events_20230719.csv,16578,26,3983767
digital_events,dataset/digital_events/year=2023/month=07/day=20/digital_events_20230720.csv,11305,26,2717769
digital_events,dataset/digital_events/year=2023/month=07/day=21/digital_events_20230721.csv,12903,26,3100396
digital_events,dataset/digital_events/year=2023/month=07/day=22/digital_events_20230722.csv,7418,26,1782525
digital_events,dataset/digital_events/year=2023/month=07/day=23/digital_events_20230723.csv,17664,26,4248801
digital_events,dataset/digital_events/year=2023/month=07/day=24/digital_events_20230724.csv,25353,26,6103213
digital_events,dataset/digital_events/year=2023/month=07/day=25/digital_events_20230725.csv,10025,26,2412677
digital_events,dataset/digital_events/year=2023/month=07/day=26/digital_events_20230726.csv,18343,26,4408462
digital_events,dataset/digital_events/year=2023/month=07/day=27/digital_events_20230727.csv,14200,26,3403672
digital_events,dataset/digital_events/year=2023/month=07/day=28/digital_events_20230728.csv,15389,26,3695821
digital_events,dataset/digital_events/year=2023/month=07/day=29/digital_events_20230729.csv,12705,26,3057753
digital_events,dataset/digital_events/year=2023/month=07/day=30/digital_events_20230730.csv,8017,26,1930507
digital_events,dataset/digital_events/year=2023/month=07/day=31/digital_events_20230731.csv,14894,26,3579945
digital_events,dataset/digital_events/year=2023/month=08/day=01/digital_events_20230801.csv,31073,26,7481897
digital_events,dataset/digital_events/year=2023/month=08/day=02/digital_events_20230802.csv,14146,26,3398949
digital_events,dataset/digital_events/year=2023/month=08/day=03/digital_events_20230803.csv,14431,26,3467405
digital_events,dataset/digital_events/year=2023/month=08/day=04/digital_events_20230804.csv,11148,26,2682010
digital_events,dataset/digital_events/year=2023/month=08/day=05/digital_events_20230805.csv,6662,26,1597513
digital_events,dataset/digital_events/year=2023/month=08/day=06/digital_events_20230806.csv,7916,26,1906870
digital_events,dataset/digital_events/year=2023/month=08/day=07/digital_events_20230807.csv,12752,26,3062267
digital_events,dataset/digital_events/year=2023/month=08/day=08/digital_events_20230808.csv,9080,26,2184445
digital_events,dataset/digital_events/year=2023/month=08/day=09/digital_events_20230809.csv,10207,26,2455642
digital_events,dataset/digital_events/year=2023/month=08/day=10/digital_events_20230810.csv,15656,26,3766396
digital_events,dataset/digital_events/year=2023/month=08/day=11/digital_events_20230811.csv,28817,26,6930513
digital_events,dataset/digital_events/year=2023/month=08/day=12/digital_events_20230812.csv,21006,26,5056159
digital_events,dataset/digital_events/year=2023/month=08/day=13/digital_events_20230813.csv,6473,26,1556811
digital_events,dataset/digital_events/year=2023/month=08/day=14/digital_events_20230814.csv,8804,26,2112956
digital_events,dataset/digital_events/year=2023/month=08/day=15/digital_events_20230815.csv,21373,26,5144567
digital_events,dataset/digital_events/year=2023/month=08/day=16/digital_events_20230816.csv,8912,26,2147208
digital_events,dataset/digital_events/year=2023/month=08/day=17/digital_events_20230817.csv,22824,26,5485402
digital_events,dataset/digital_events/year=2023/month=08/day=18/digital_events_20230818.csv,22369,26,5378743
digital_events,dataset/digital_events/year=2023/month=08/day=19/digital_events_20230819.csv,11181,26,2692443
digital_events,dataset/digital_events/year=2023/month=08/day=20/digital_events_20230820.csv,19024,26,4573103
digital_events,dataset/digital_events/year=2023/month=08/day=21/digital_events_20230821.csv,9713,26,2331996
digital_events,dataset/digital_events/year=2023/month=08/day=22/digital_events_20230822.csv,15965,26,3837668
digital_events,dataset/digital_events/year=2023/month=08/day=23/digital_events_20230823.csv,8195,26,1978812
digital_events,dataset/digital_events/year=2023/month=08/day=24/digital_events_20230824.csv,13923,26,3342320
digital_events,dataset/digital_events/year=2023/month=08/day=25/digital_events_20230825.csv,14585,26,3504254
digital_events,dataset/digital_events/year=2023/month=08/day=26/digital_events_20230826.csv,9144,26,2201362
digital_events,dataset/digital_events/year=2023/month=08/day=27/digital_events_20230827.csv,6910,26,1664102
digital_events,dataset/digital_events/year=2023/month=08/day=28/digital_events_20230828.csv,10807,26,2596651
digital_events,dataset/digital_events/year=2023/month=08/day=29/digital_events_20230829.csv,13820,26,3319926
digital_events,dataset/digital_events/year=2023/month=08/day=30/digital_events_20230830.csv,22914,26,5517444
digital_events,dataset/digital_events/year=2023/month=08/day=31/digital_events_20230831.csv,12336,26,2965937
digital_events,dataset/digital_events/year=2023/month=09/day=01/digital_events_20230901.csv,20225,26,4869090
digital_events,dataset/digital_events/year=2023/month=09/day=02/digital_events_20230902.csv,14091,26,3388322
digital_events,dataset/digital_events/year=2023/month=09/day=03/digital_events_20230903.csv,7512,26,1809340
digital_events,dataset/digital_events/year=2023/month=09/day=04/digital_events_20230904.csv,14935,26,3589764
digital_events,dataset/digital_events/year=2023/month=09/day=05/digital_events_20230905.csv,10521,26,2532000
digital_events,dataset/digital_events/year=2023/month=09/day=06/digital_events_20230906.csv,23430,26,5637097
digital_events,dataset/digital_events/year=2023/month=09/day=07/digital_events_20230907.csv,12852,26,3092470
digital_events,dataset/digital_events/year=2023/month=09/day=08/digital_events_20230908.csv,22243,26,5342970
digital_events,dataset/digital_events/year=2023/month=09/day=09/digital_events_20230909.csv,16474,26,3960090
digital_events,dataset/digital_events/year=2023/month=09/day=10/digital_events_20230910.csv,6790,26,1636207
digital_events,dataset/digital_events/year=2023/month=09/day=11/digital_events_20230911.csv,9995,26,2412727
digital_events,dataset/digital_events/year=2023/month=09/day=12/digital_events_20230912.csv,17518,26,4218734
digital_events,dataset/digital_events/year=2023/month=09/day=13/digital_events_20230913.csv,17158,26,4124044
digital_events,dataset/digital_events/year=2023/month=09/day=14/digital_events_20230914.csv,14820,26,3564614
digital_events,dataset/digital_events/year=2023/month=09/day=15/digital_events_20230915.csv,16897,26,4066303
digital_events,dataset/digital_events/year=2023/month=09/day=16/digital_events_20230916.csv,14602,26,3510173
digital_events,dataset/digital_events/year=2023/month=09/day=17/digital_events_20230917.csv,6435,26,1548333
digital_events,dataset/digital_events/year=2023/month=09/day=18/digital_events_20230918.csv,12657,26,3044221
digital_events,dataset/digital_events/year=2023/month=09/day=19/digital_events_20230919.csv,14953,26,3590388
digital_events,dataset/digital_events/year=2023/month=09/day=20/digital_events_20230920.csv,13733,26,3301108
digital_events,dataset/digital_events/year=2023/month=09/day=21/digital_events_20230921.csv,16772,26,4025246
digital_events,dataset/digital_events/year=2023/month=09/day=22/digital_events_20230922.csv,26626,26,6423295
digital_events,dataset/digital_events/year=2023/month=09/day=23/digital_events_20230923.csv,18105,26,4357101
digital_events,dataset/digital_events/year=2023/month=09/day=24/digital_events_20230924.csv,15821,26,3807252
digital_events,dataset/digital_events/year=2023/month=09/day=25/digital_events_20230925.csv,9036,26,2172428
digital_events,dataset/digital_events/year=2023/month=09/day=26/digital_events_20230926.csv,18202,26,4383177
digital_events,dataset/digital_events/year=2023/month=09/day=27/digital_events_20230927.csv,17960,26,4320607
digital_events,dataset/digital_events/year=2023/month=09/day=28/digital_events_20230928.csv,13647,26,3292002
digital_events,dataset/digital_events/year=2023/month=09/day=29/digital_events_20230929.csv,9462,26,2270568
digital_events,dataset/digital_events/year=2023/month=09/day=30/digital_events_20230930.csv,8664,26,2081621
digital_events,dataset/digital_events/year=2023/month=10/day=01/digital_events_20231001.csv,8946,26,2152769
digital_events,dataset/digital_events/year=2023/month=10/day=02/digital_events_20231002.csv,27208,26,6544699
digital_events,dataset/digital_events/year=2023/month=10/day=03/digital_events_20231003.csv,13544,26,3261350
digital_events,dataset/digital_events/year=2023/month=10/day=04/digital_events_20231004.csv,13801,26,3326427
digital_events,dataset/digital_events/year=2023/month=10/day=05/digital_events_20231005.csv,26897,26,6463992
digital_events,dataset/digital_events/year=2023/month=10/day=06/digital_events_20231006.csv,18749,26,4515348
digital_events,dataset/digital_events/year=2023/month=10/day=07/digital_events_20231007.csv,7205,26,1736254
digital_events,dataset/digital_events/year=2023/month=10/day=08/digital_events_20231008.csv,12858,26,3093019
digital_events,dataset/digital_events/year=2023/month=10/day=09/digital_events_20231009.csv,12417,26,2987792
digital_events,dataset/digital_events/year=2023/month=10/day=10/digital_events_20231010.csv,13643,26,3287461
digital_events,dataset/digital_events/year=2023/month=10/day=11/digital_events_20231011.csv,8917,26,2144062
digital_events,dataset/digital_events/year=2023/month=10/day=12/digital_events_20231012.csv,18469,26,4457737
digital_events,dataset/digital_events/year=2023/month=10/day=13/digital_events_20231013.csv,9458,26,2270539
digital_events,dataset/digital_events/year=2023/month=10/day=14/digital_events_20231014.csv,8777,26,2117289
digital_events,dataset/digital_events/year=2023/month=10/day=15/digital_events_20231015.csv,6208,26,1493500
digital_events,dataset/digital_events/year=2023/month=10/day=16/digital_events_20231016.csv,12748,26,3069207
digital_events,dataset/digital_events/year=2023/month=10/day=17/digital_events_20231017.csv,12739,26,3063468
digital_events,dataset/digital_events/year=2023/month=10/day=18/digital_events_20231018.csv,23705,26,5695456
digital_events,dataset/digital_events/year=2023/month=10/day=19/digital_events_20231019.csv,25146,26,6052606
digital_events,dataset/digital_events/year=2023/month=10/day=20/digital_events_20231020.csv,13130,26,3149385
digital_events,dataset/digital_events/year=2023/month=10/day=21/digital_events_20231021.csv,7963,26,1917215
digital_events,dataset/digital_events/year=2023/month=10/day=22/digital_events_20231022.csv,18560,26,4468358
digital_events,dataset/digital_events/year=2023/month=10/day=23/digital_events_20231023.csv,19004,26,4567507
digital_events,dataset/digital_events/year=2023/month=10/day=24/digital_events_20231024.csv,10714,26,2581319
digital_events,dataset/digital_events/year=2023/month=10/day=25/digital_events_20231025.csv,13253,26,3185832
digital_events,dataset/digital_events/year=2023/month=10/day=26/digital_events_20231026.csv,30733,26,7389394
digital_events,dataset/digital_events/year=2023/month=10/day=27/digital_events_20231027.csv,30322,26,7290156
digital_events,dataset/digital_events/year=2023/month=10/day=28/digital_events_20231028.csv,16019,26,3858722
digital_events,dataset/digital_events/year=2023/month=10/day=29/digital_events_20231029.csv,6435,26,1549529
digital_events,dataset/digital_events/year=2023/month=10/day=30/digital_events_20231030.csv,10150,26,2441404
digital_events,dataset/digital_events/year=2023/month=10/day=31/digital_events_20231031.csv,30588,26,7365579
digital_events,dataset/digital_events/year=2023/month=11/day=01/digital_events_20231101.csv,22107,26,5316616
digital_events,dataset/digital_events/year=2023/month=11/day=02/digital_events_20231102.csv,22219,26,5352785
digital_events,dataset/digital_events/year=2023/month=11/day=03/digital_events_20231103.csv,11589,26,2788100
digital_events,dataset/digital_events/year=2023/month=11/day=04/digital_events_20231104.csv,9497,26,2286850
digital_events,dataset/digital_events/year=2023/month=11/day=05/digital_events_20231105.csv,7512,26,1806615
digital_events,dataset/digital_events/year=2023/month=11/day=06/digital_events_20231106.csv,19182,26,4613283
digital_events,dataset/digital_events/year=2023/month=11/day=07/digital_events_20231107.csv,11966,26,2869174
digital_events,dataset/digital_events/year=2023/month=11/day=08/digital_events_20231108.csv,11185,26,2689647
digital_events,dataset/digital_events/year=2023/month=11/day=09/digital_events_20231109.csv,9600,26,2305618
digital_events,dataset/digital_events/year=2023/month=11/day=10/digital_events_20231110.csv,16780,26,4034252
digital_events,dataset/digital_events/year=2023/month=11/day=11/digital_events_20231111.csv,7883,26,1895084
digital_events,dataset/digital_events/year=2023/month=11/day=12/digital_events_20231112.csv,7716,26,1859822
digital_events,dataset/digital_events/year=2023/month=11/day=13/digital_events_20231113.csv,14155,26,3399698
digital_events,dataset/digital_events/year=2023/month=11/day=14/digital_events_20231114.csv,16006,26,3852246
digital_events,dataset/digital_events/year=2023/month=11/day=15/digital_events_20231115.csv,12229,26,2944238
digital_events,dataset/digital_events/year=2023/month=11/day=16/digital_events_20231116.csv,12252,26,2952340
digital_events,dataset/digital_events/year=2023/month=11/day=17/digital_events_20231117.csv,12787,26,3081731
digital_events,dataset/digital_events/year=2023/month=11/day=18/digital_events_20231118.csv,6436,26,1543718
digital_events,dataset/digital_events/year=2023/month=11/day=19/digital_events_20231119.csv,7854,26,1890518
digital_events,dataset/digital_events/year=2023/month=11/day=20/digital_events_20231120.csv,9940,26,2390086
digital_events,dataset/digital_events/year=2023/month=11/day=21/digital_events_20231121.csv,24689,26,5923579
digital_events,dataset/digital_events/year=2023/month=11/day=22/digital_events_20231122.csv,11611,26,2788083
digital_events,dataset/digital_events/year=2023/month=11/day=23/digital_events_20231123.csv,21230,26,5107029
digital_events,dataset/digital_events/year=2023/month=11/day=24/digital_events_20231124.csv,9246,26,2221576
digital_events,dataset/digital_events/year=2023/month=11/day=25/digital_events_20231125.csv,12502,26,3007040
digital_events,dataset/digital_events/year=2023/month=11/day=26/digital_events_20231126.csv,10337,26,2491964
digital_events,dataset/digital_events/year=2023/month=11/day=27/digital_events_20231127.csv,22536,26,5429551
digital_events,dataset/digital_events/year=2023/month=11/day=28/digital_events_20231128.csv,13603,26,3276461
digital_events,dataset/digital_events/year=2023/month=11/day=29/digital_events_20231129.csv,19093,26,4599365
digital_events,dataset/digital_events/year=2023/month=11/day=30/digital_events_20231130.csv,25918,26,6234345
digital_events,dataset/digital_events/year=2023/month=12/day=01/digital_events_20231201.csv,8323,26,2002090
digital_events,dataset/digital_events/year=2023/month=12/day=02/digital_events_20231202.csv,15279,26,3667486
digital_events,dataset/digital_events/year=2023/month=12/day=03/digital_events_20231203.csv,10761,26,2587295
digital_events,dataset/digital_events/year=2023/month=12/day=04/digital_events_20231204.csv,18209,26,4383586
digital_events,dataset/digital_events/year=2023/month=12/day=05/digital_events_20231205.csv,11672,26,2800719
digital_events,dataset/digital_events/year=2023/month=12/day=06/digital_events_20231206.csv,12514,26,3013820
digital_events,dataset/digital_events/year=2023/month=12/day=07/digital_events_20231207.csv,15163,26,3645439
digital_events,dataset/digital_events/year=2023/month=12/day=08/digital_events_20231208.csv,23587,26,5679813
digital_events,dataset/digital_events/year=2023/month=12/day=09/digital_events_20231209.csv,10871,26,2614240
digital_events,dataset/digital_events/year=2023/month=12/day=10/digital_events_20231210.csv,8609,26,2073209
digital_events,dataset/digital_events/year=2023/month=12/day=11/digital_events_20231211.csv,10105,26,2425249
digital_events,dataset/digital_events/year=2023/month=12/day=12/digital_events_20231212.csv,11328,26,2717036
digital_events,dataset/digital_events/year=2023/month=12/day=13/digital_events_20231213.csv,11962,26,2879768
digital_events,dataset/digital_events/year=2023/month=12/day=14/digital_events_20231214.csv,11123,26,2685316
digital_events,dataset/digital_events/year=2023/month=12/day=15/digital_events_20231215.csv,23593,26,5679603
digital_events,dataset/digital_events/year=2023/month=12/day=16/digital_events_20231216.csv,13062,26,3147879
digital_events,dataset/digital_events/year=2023/month=12/day=17/digital_events_20231217.csv,6339,26,1527112
digital_events,dataset/digital_events/year=2023/month=12/day=18/digital_events_20231218.csv,13696,26,3295442
digital_events,dataset/digital_events/year=2023/month=12/day=19/digital_events_20231219.csv,8863,26,2134684
digital_events,dataset/digital_events/year=2023/month=12/day=20/digital_events_20231220.csv,19897,26,4780185
digital_events,dataset/digital_events/year=2023/month=12/day=21/digital_events_20231221.csv,14283,26,3433747
digital_events,dataset/digital_events/year=2023/month=12/day=22/digital_events_20231222.csv,25836,26,6205746
digital_events,dataset/digital_events/year=2023/month=12/day=23/digital_events_20231223.csv,6127,26,1469578
digital_events,dataset/digital_events/year=2023/month=12/day=24/digital_events_20231224.csv,7573,26,1821890
digital_events,dataset/digital_events/year=2023/month=12/day=25/digital_events_20231225.csv,17276,26,4159949
digital_events,dataset/digital_events/year=2023/month=12/day=26/digital_events_20231226.csv,13160,26,3157415
digital_events,dataset/digital_events/year=2023/month=12/day=27/digital_events_20231227.csv,21223,26,5108852
digital_events,dataset/digital_events/year=2023/month=12/day=28/digital_events_20231228.csv,27821,26,6683273
digital_events,dataset/digital_events/year=2023/month=12/day=29/digital_events_20231229.csv,10090,26,2422142
digital_events,dataset/digital_events/year=2023/month=12/day=30/digital_events_20231230.csv,9623,26,2312830
digital_events,dataset/digital_events/year=2023/month=12/day=31/digital_events_20231231.csv,7236,26,1743488
digital_events,dataset/digital_events/year=2024/month=01/day=01/digital_events_20240101.csv,18315,26,4410301
digital_events,dataset/digital_events/year=2024/month=01/day=02/digital_events_20240102.csv,23411,26,5635691
digital_events,dataset/digital_events/year=2024/month=01/day=03/digital_events_20240103.csv,17587,26,4232871
digital_events,dataset/digital_events/year=2024/month=01/day=04/digital_events_20240104.csv,15273,26,3666259
digital_events,dataset/digital_events/year=2024/month=01/day=05/digital_events_20240105.csv,11173,26,2685394
digital_events,dataset/digital_events/year=2024/month=01/day=06/digital_events_20240106.csv,10543,26,2533513
digital_events,dataset/digital_events/year=2024/month=01/day=07/digital_events_20240107.csv,9517,26,2288497
digital_events,dataset/digital_events/year=2024/month=01/day=08/digital_events_20240108.csv,16972,26,4087435
digital_events,dataset/digital_events/year=2024/month=01/day=09/digital_events_20240109.csv,12830,26,3095904
digital_events,dataset/digital_events/year=2024/month=01/day=10/digital_events_20240110.csv,26356,26,6335628
digital_events,dataset/digital_events/year=2024/month=01/day=11/digital_events_20240111.csv,14929,26,3590099
digital_events,dataset/digital_events/year=2024/month=01/day=12/digital_events_20240112.csv,14464,26,3484867
digital_events,dataset/digital_events/year=2024/month=01/day=13/digital_events_20240113.csv,8628,26,2074826
digital_events,dataset/digital_events/year=2024/month=01/day=14/digital_events_20240114.csv,18831,26,4532818
digital_events,dataset/digital_events/year=2024/month=01/day=15/digital_events_20240115.csv,7921,26,1909889
digital_events,dataset/digital_events/year=2024/month=01/day=16/digital_events_20240116.csv,30578,26,7350686
digital_events,dataset/digital_events/year=2024/month=01/day=17/digital_events_20240117.csv,10528,26,2524863
digital_events,dataset/digital_events/year=2024/month=01/day=18/digital_events_20240118.csv,23842,26,5737273
digital_events,dataset/digital_events/year=2024/month=01/day=19/digital_events_20240119.csv,17026,26,4100439
digital_events,dataset/digital_events/year=2024/month=01/day=20/digital_events_20240120.csv,15190,26,3654560
digital_events,dataset/digital_events/year=2024/month=01/day=21/digital_events_20240121.csv,6777,26,1632586
digital_events,dataset/digital_events/year=2024/month=01/day=22/digital_events_20240122.csv,15910,26,3831152
digital_events,dataset/digital_events/year=2024/month=01/day=23/digital_events_20240123.csv,13463,26,3239959
digital_events,dataset/digital_events/year=2024/month=01/day=24/digital_events_20240124.csv,22301,26,5358903
digital_events,dataset/digital_events/year=2024/month=01/day=25/digital_events_20240125.csv,16057,26,3860295
digital_events,dataset/digital_events/year=2024/month=01/day=26/digital_events_20240126.csv,23041,26,5536360
digital_events,dataset/digital_events/year=2024/month=01/day=27/digital_events_20240127.csv,18922,26,4555982
digital_events,dataset/digital_events/year=2024/month=01/day=28/digital_events_20240128.csv,6886,26,1657370
digital_events,dataset/digital_events/year=2024/month=01/day=29/digital_events_20240129.csv,25942,26,6236782
digital_events,dataset/digital_events/year=2024/month=01/day=30/digital_events_20240130.csv,14971,26,3602777
digital_events,dataset/digital_events/year=2024/month=01/day=31/digital_events_20240131.csv,8943,26,2150699
digital_events,dataset/digital_events/year=2024/month=02/day=01/digital_events_20240201.csv,9000,26,2165868
digital_events,dataset/digital_events/year=2024/month=02/day=02/digital_events_20240202.csv,10234,26,2459817
digital_events,dataset/digital_events/year=2024/month=02/day=03/digital_events_20240203.csv,6325,26,1522146
digital_events,dataset/digital_events/year=2024/month=02/day=04/digital_events_20240204.csv,11027,26,2649961
digital_events,dataset/digital_events/year=2024/month=02/day=05/digital_events_20240205.csv,11244,26,2704892
digital_events,dataset/digital_events/year=2024/month=02/day=06/digital_events_20240206.csv,29664,26,7132685
digital_events,dataset/digital_events/year=2024/month=02/day=07/digital_events_20240207.csv,14312,26,3436179
digital_events,dataset/digital_events/year=2024/month=02/day=08/digital_events_20240208.csv,12002,26,2886880
digital_events,dataset/digital_events/year=2024/month=02/day=09/digital_events_20240209.csv,9155,26,2198808
digital_events,dataset/digital_events/year=2024/month=02/day=10/digital_events_20240210.csv,8027,26,1935822
digital_events,dataset/digital_events/year=2024/month=02/day=11/digital_events_20240211.csv,17850,26,4292537
digital_events,dataset/digital_events/year=2024/month=02/day=12/digital_events_20240212.csv,20298,26,4883580
digital_events,dataset/digital_events/year=2024/month=02/day=13/digital_events_20240213.csv,9970,26,2398012
digital_events,dataset/digital_events/year=2024/month=02/day=14/digital_events_20240214.csv,10553,26,2536517
digital_events,dataset/digital_events/year=2024/month=02/day=15/digital_events_20240215.csv,14141,26,3391756
digital_events,dataset/digital_events/year=2024/month=02/day=16/digital_events_20240216.csv,21455,26,5156854
digital_events,dataset/digital_events/year=2024/month=02/day=17/digital_events_20240217.csv,14596,26,3513518
digital_events,dataset/digital_events/year=2024/month=02/day=18/digital_events_20240218.csv,7995,26,1920482
digital_events,dataset/digital_events/year=2024/month=02/day=19/digital_events_20240219.csv,9551,26,2301628
digital_events,dataset/digital_events/year=2024/month=02/day=20/digital_events_20240220.csv,15655,26,3770087
digital_events,dataset/digital_events/year=2024/month=02/day=21/digital_events_20240221.csv,11202,26,2691468
digital_events,dataset/digital_events/year=2024/month=02/day=22/digital_events_20240222.csv,16710,26,4019836
digital_events,dataset/digital_events/year=2024/month=02/day=23/digital_events_20240223.csv,8911,26,2138262
digital_events,dataset/digital_events/year=2024/month=02/day=24/digital_events_20240224.csv,6890,26,1661824
digital_events,dataset/digital_events/year=2024/month=02/day=25/digital_events_20240225.csv,9125,26,2192482
digital_events,dataset/digital_events/year=2024/month=02/day=26/digital_events_20240226.csv,8956,26,2155285
digital_events,dataset/digital_events/year=2024/month=02/day=27/digital_events_20240227.csv,18511,26,4451144
digital_events,dataset/digital_events/year=2024/month=02/day=28/digital_events_20240228.csv,15900,26,3812032
digital_events,dataset/digital_events/year=2024/month=02/day=29/digital_events_20240229.csv,12653,26,3049903
digital_events,dataset/digital_events/year=2024/month=03/day=01/digital_events_20240301.csv,19313,26,4642931
digital_events,dataset/digital_events/year=2024/month=03/day=02/digital_events_20240302.csv,13675,26,3288457
digital_events,dataset/digital_events/year=2024/month=03/day=03/digital_events_20240303.csv,11654,26,2807754
digital_events,dataset/digital_events/year=2024/month=03/day=04/digital_events_20240304.csv,12239,26,2942078
digital_events,dataset/digital_events/year=2024/month=03/day=05/digital_events_20240305.csv,8089,26,1942970
digital_events,dataset/digital_events/year=2024/month=03/day=06/digital_events_20240306.csv,16505,26,3971572
digital_events,dataset/digital_events/year=2024/month=03/day=07/digital_events_20240307.csv,17049,26,4109555
digital_events,dataset/digital_events/year=2024/month=03/day=08/digital_events_20240308.csv,15617,26,3757305
digital_events,dataset/digital_events/year=2024/month=03/day=09/digital_events_20240309.csv,10230,26,2461003
digital_events,dataset/digital_events/year=2024/month=03/day=10/digital_events_20240310.csv,6324,26,1523959
digital_events,dataset/digital_events/year=2024/month=03/day=11/digital_events_20240311.csv,11523,26,2775177
digital_events,dataset/digital_events/year=2024/month=03/day=12/digital_events_20240312.csv,17009,26,4084508
digital_events,dataset/digital_events/year=2024/month=03/day=13/digital_events_20240313.csv,12839,26,3078846
digital_events,dataset/digital_events/year=2024/month=03/day=14/digital_events_20240314.csv,18867,26,4536053
digital_events,dataset/digital_events/year=2024/month=03/day=15/digital_events_20240315.csv,10069,26,2424619
digital_events,dataset/digital_events/year=2024/month=03/day=16/digital_events_20240316.csv,18766,26,4505007
digital_events,dataset/digital_events/year=2024/month=03/day=17/digital_events_20240317.csv,6978,26,1682917
digital_events,dataset/digital_events/year=2024/month=03/day=18/digital_events_20240318.csv,17582,26,4229960
digital_events,dataset/digital_events/year=2024/month=03/day=19/digital_events_20240319.csv,15942,26,3827890
digital_events,dataset/digital_events/year=2024/month=03/day=20/digital_events_20240320.csv,11835,26,2851112
digital_events,dataset/digital_events/year=2024/month=03/day=21/digital_events_20240321.csv,9579,26,2302613
digital_events,dataset/digital_events/year=2024/month=03/day=22/digital_events_20240322.csv,22192,26,5332221
digital_events,dataset/digital_events/year=2024/month=03/day=23/digital_events_20240323.csv,11023,26,2646902
digital_events,dataset/digital_events/year=2024/month=03/day=24/digital_events_20240324.csv,6758,26,1621781
digital_events,dataset/digital_events/year=2024/month=03/day=25/digital_events_20240325.csv,14741,26,3543289
digital_events,dataset/digital_events/year=2024/month=03/day=26/digital_events_20240326.csv,12282,26,2955011
digital_events,dataset/digital_events/year=2024/month=03/day=27/digital_events_20240327.csv,11568,26,2785279
digital_events,dataset/digital_events/year=2024/month=03/day=28/digital_events_20240328.csv,21465,26,5159884
digital_events,dataset/digital_events/year=2024/month=03/day=29/digital_events_20240329.csv,7715,26,1852797
digital_events,dataset/digital_events/year=2024/month=03/day=30/digital_events_20240330.csv,15965,26,3839998
digital_events,dataset/digital_events/year=2024/month=03/day=31/digital_events_20240331.csv,18705,26,4501653
digital_events,dataset/digital_events/year=2024/month=04/day=01/digital_events_20240401.csv,18316,26,4409782
digital_events,dataset/digital_events/year=2024/month=04/day=02/digital_events_20240402.csv,19039,26,4577762
digital_events,dataset/digital_events/year=2024/month=04/day=03/digital_events_20240403.csv,9502,26,2287210
digital_events,dataset/digital_events/year=2024/month=04/day=04/digital_events_20240404.csv,10601,26,2554371
digital_events,dataset/digital_events/year=2024/month=04/day=05/digital_events_20240405.csv,11003,26,2645187
digital_events,dataset/digital_events/year=2024/month=04/day=06/digital_events_20240406.csv,6723,26,1614789
digital_events,dataset/digital_events/year=2024/month=04/day=07/digital_events_20240407.csv,14733,26,3544102
digital_events,dataset/digital_events/year=2024/month=04/day=08/digital_events_20240408.csv,8946,26,2147825
digital_events,dataset/digital_events/year=2024/month=04/day=09/digital_events_20240409.csv,8812,26,2119404
digital_events,dataset/digital_events/year=2024/month=04/day=10/digital_events_20240410.csv,11427,26,2749528
digital_events,dataset/digital_events/year=2024/month=04/day=11/digital_events_20240411.csv,11006,26,2645305
digital_events,dataset/digital_events/year=2024/month=04/day=12/digital_events_20240412.csv,10799,26,2595896
digital_events,dataset/digital_events/year=2024/month=04/day=13/digital_events_20240413.csv,12479,26,2995579
digital_events,dataset/digital_events/year=2024/month=04/day=14/digital_events_20240414.csv,20887,26,5035216
digital_events,dataset/digital_events/year=2024/month=04/day=15/digital_events_20240415.csv,10044,26,2415706
digital_events,dataset/digital_events/year=2024/month=04/day=16/digital_events_20240416.csv,20090,26,4840399
digital_events,dataset/digital_events/year=2024/month=04/day=17/digital_events_20240417.csv,29260,26,7031273
digital_events,dataset/digital_events/year=2024/month=04/day=18/digital_events_20240418.csv,14955,26,3594167
digital_events,dataset/digital_events/year=2024/month=04/day=19/digital_events_20240419.csv,12090,26,2904641
digital_events,dataset/digital_events/year=2024/month=04/day=20/digital_events_20240420.csv,9199,26,2212499
digital_events,dataset/digital_events/year=2024/month=04/day=21/digital_events_20240421.csv,7323,26,1761986
digital_events,dataset/digital_events/year=2024/month=04/day=22/digital_events_20240422.csv,8561,26,2062499
digital_events,dataset/digital_events/year=2024/month=04/day=23/digital_events_20240423.csv,12059,26,2899080
digital_events,dataset/digital_events/year=2024/month=04/day=24/digital_events_20240424.csv,10921,26,2623230
digital_events,dataset/digital_events/year=2024/month=04/day=25/digital_events_20240425.csv,29563,26,7098116
digital_events,dataset/digital_events/year=2024/month=04/day=26/digital_events_20240426.csv,10729,26,2582812
digital_events,dataset/digital_events/year=2024/month=04/day=27/digital_events_20240427.csv,10713,26,2573006
digital_events,dataset/digital_events/year=2024/month=04/day=28/digital_events_20240428.csv,10228,26,2461638
digital_events,dataset/digital_events/year=2024/month=04/day=29/digital_events_20240429.csv,8349,26,2010645
digital_events,dataset/digital_events/year=2024/month=04/day=30/digital_events_20240430.csv,12942,26,3117552
digital_events,dataset/digital_events/year=2024/month=05/day=01/digital_events_20240501.csv,12417,26,2982253
digital_events,dataset/digital_events/year=2024/month=05/day=02/digital_events_20240502.csv,13240,26,3173790
digital_events,dataset/digital_events/year=2024/month=05/day=03/digital_events_20240503.csv,13607,26,3271630
digital_events,dataset/digital_events/year=2024/month=05/day=04/digital_events_20240504.csv,10138,26,2445140
digital_events,dataset/digital_events/year=2024/month=05/day=05/digital_events_20240505.csv,12688,26,3048319
digital_events,dataset/digital_events/year=2024/month=05/day=06/digital_events_20240506.csv,22810,26,5480194
digital_events,dataset/digital_events/year=2024/month=05/day=07/digital_events_20240507.csv,23001,26,5542161
digital_events,dataset/digital_events/year=2024/month=05/day=08/digital_events_20240508.csv,10326,26,2490098
digital_events,dataset/digital_events/year=2024/month=05/day=09/digital_events_20240509.csv,21083,26,5075194
digital_events,dataset/digital_events/year=2024/month=05/day=10/digital_events_20240510.csv,10935,26,2633573
digital_events,dataset/digital_events/year=2024/month=05/day=11/digital_events_20240511.csv,8829,26,2123780
digital_events,dataset/digital_events/year=2024/month=05/day=12/digital_events_20240512.csv,11363,26,2741993
digital_events,dataset/digital_events/year=2024/month=05/day=13/digital_events_20240513.csv,10036,26,2412643
digital_events,dataset/digital_events/year=2024/month=05/day=14/digital_events_20240514.csv,15323,26,3682904
digital_events,dataset/digital_events/year=2024/month=05/day=15/digital_events_20240515.csv,9859,26,2381521
digital_events,dataset/digital_events/year=2024/month=05/day=16/digital_events_20240516.csv,24234,26,5838344
digital_events,dataset/digital_events/year=2024/month=05/day=17/digital_events_20240517.csv,10345,26,2493252
digital_events,dataset/digital_events/year=2024/month=05/day=18/digital_events_20240518.csv,15035,26,3614603
digital_events,dataset/digital_events/year=2024/month=05/day=19/digital_events_20240519.csv,11240,26,2703361
digital_events,dataset/digital_events/year=2024/month=05/day=20/digital_events_20240520.csv,15158,26,3641117
digital_events,dataset/digital_events/year=2024/month=05/day=21/digital_events_20240521.csv,18652,26,4477746
digital_events,dataset/digital_events/year=2024/month=05/day=22/digital_events_20240522.csv,14395,26,3461570
digital_events,dataset/digital_events/year=2024/month=05/day=23/digital_events_20240523.csv,25037,26,6021749
digital_events,dataset/digital_events/year=2024/month=05/day=24/digital_events_20240524.csv,15195,26,3646371
digital_events,dataset/digital_events/year=2024/month=05/day=25/digital_events_20240525.csv,12082,26,2906742
digital_events,dataset/digital_events/year=2024/month=05/day=26/digital_events_20240526.csv,13159,26,3165028
digital_events,dataset/digital_events/year=2024/month=05/day=27/digital_events_20240527.csv,22260,26,5362125
digital_events,dataset/digital_events/year=2024/month=05/day=28/digital_events_20240528.csv,18733,26,4506320
digital_events,dataset/digital_events/year=2024/month=05/day=29/digital_events_20240529.csv,10182,26,2445923
digital_events,dataset/digital_events/year=2024/month=05/day=30/digital_events_20240530.csv,16529,26,3970729
digital_events,dataset/digital_events/year=2024/month=05/day=31/digital_events_20240531.csv,15788,26,3803994
digital_events,dataset/digital_events/year=2024/month=06/day=01/digital_events_20240601.csv,13326,26,3215173
digital_events,dataset/digital_events/year=2024/month=06/day=02/digital_events_20240602.csv,16061,26,3862780
digital_events,dataset/digital_events/year=2024/month=06/day=03/digital_events_20240603.csv,12865,26,3091633
digital_events,dataset/digital_events/year=2024/month=06/day=04/digital_events_20240604.csv,21657,26,5199051
digital_events,dataset/digital_events/year=2024/month=06/day=05/digital_events_20240605.csv,17034,26,4095147
digital_events,dataset/digital_events/year=2024/month=06/day=06/digital_events_20240606.csv,8917,26,2141374
digital_events,dataset/digital_events/year=2024/month=06/day=07/digital_events_20240607.csv,28625,26,6888059
digital_events,dataset/digital_events/year=2024/month=06/day=08/digital_events_20240608.csv,6952,26,1675307
digital_events,dataset/digital_events/year=2024/month=06/day=09/digital_events_20240609.csv,6445,26,1545963
digital_events,dataset/digital_events/year=2024/month=06/day=10/digital_events_20240610.csv,23611,26,5683642
digital_events,dataset/digital_events/year=2024/month=06/day=11/digital_events_20240611.csv,21078,26,5074498
digital_events,dataset/digital_events/year=2024/month=06/day=12/digital_events_20240612.csv,8514,26,2053848
digital_events,dataset/digital_events/year=2024/month=06/day=13/digital_events_20240613.csv,9516,26,2288937
digital_events,dataset/digital_events/year=2024/month=06/day=14/digital_events_20240614.csv,16595,26,3993970
digital_events,dataset/digital_events/year=2024/month=06/day=15/digital_events_20240615.csv,12007,26,2893982
digital_events,dataset/digital_events/year=2024/month=06/day=16/digital_events_20240616.csv,8451,26,2031316
digital_events,dataset/digital_events/year=2024/month=06/day=17/digital_events_20240617.csv,11115,26,2665420
digital_events,dataset/digital_events/year=2024/month=06/day=18/digital_events_20240618.csv,28815,26,6928155
digital_events,dataset/digital_events/year=2024/month=06/day=19/digital_events_20240619.csv,11563,26,2775260
digital_events,dataset/digital_events/year=2024/month=06/day=20/digital_events_20240620.csv,11040,26,2654413
digital_events,dataset/digital_events/year=2024/month=06/day=21/digital_events_20240621.csv,8871,26,2144172
digital_events,dataset/digital_events/year=2024/month=06/day=22/digital_events_20240622.csv,7724,26,1854342
digital_events,dataset/digital_events/year=2024/month=06/day=23/digital_events_20240623.csv,12485,26,3006948
digital_events,dataset/digital_events/year=2024/month=06/day=24/digital_events_20240624.csv,18505,26,4451022
digital_events,dataset/digital_events/year=2024/month=06/day=25/digital_events_20240625.csv,21705,26,5215661
digital_events,dataset/digital_events/year=2024/month=06/day=26/digital_events_20240626.csv,12837,26,3081597
digital_events,dataset/digital_events/year=2024/month=06/day=27/digital_events_20240627.csv,9158,26,2206866
digital_events,dataset/digital_events/year=2024/month=06/day=28/digital_events_20240628.csv,10746,26,2582783
digital_events,dataset/digital_events/year=2024/month=06/day=29/digital_events_20240629.csv,15168,26,3645821
digital_events,dataset/digital_events/year=2024/month=06/day=30/digital_events_20240630.csv,8314,26,2000769
digital_events,dataset/digital_events/year=2024/month=07/day=01/digital_events_20240701.csv,8159,26,1966016
digital_events,dataset/digital_events/year=2024/month=07/day=02/digital_events_20240702.csv,11883,26,2851398
digital_events,dataset/digital_events/year=2024/month=07/day=03/digital_events_20240703.csv,21290,26,5115160
digital_events,dataset/digital_events/year=2024/month=07/day=04/digital_events_20240704.csv,8923,26,2150107
digital_events,dataset/digital_events/year=2024/month=07/day=05/digital_events_20240705.csv,19266,26,4639353
digital_events,dataset/digital_events/year=2024/month=07/day=06/digital_events_20240706.csv,10385,26,2491655
digital_events,dataset/digital_events/year=2024/month=07/day=07/digital_events_20240707.csv,7090,26,1699372
digital_events,dataset/digital_events/year=2024/month=07/day=08/digital_events_20240708.csv,22613,26,5438364
digital_events,dataset/digital_events/year=2024/month=07/day=09/digital_events_20240709.csv,15646,26,3769698
digital_events,dataset/digital_events/year=2024/month=07/day=10/digital_events_20240710.csv,14362,26,3451009
digital_events,dataset/digital_events/year=2024/month=07/day=11/digital_events_20240711.csv,22686,26,5455729
digital_events,dataset/digital_events/year=2024/month=07/day=12/digital_events_20240712.csv,9856,26,2369685
digital_events,dataset/digital_events/year=2024/month=07/day=13/digital_events_20240713.csv,15894,26,3828036
digital_events,dataset/digital_events/year=2024/month=07/day=14/digital_events_20240714.csv,10235,26,2465103
digital_events,dataset/digital_events/year=2024/month=07/day=15/digital_events_20240715.csv,15124,26,3634325
digital_events,dataset/digital_events/year=2024/month=07/day=16/digital_events_20240716.csv,9036,26,2179857
digital_events,dataset/digital_events/year=2024/month=07/day=17/digital_events_20240717.csv,11815,26,2849896
digital_events,dataset/digital_events/year=2024/month=07/day=18/digital_events_20240718.csv,19329,26,4660499
digital_events,dataset/digital_events/year=2024/month=07/day=19/digital_events_20240719.csv,30755,26,7399441
digital_events,dataset/digital_events/year=2024/month=07/day=20/digital_events_20240720.csv,11600,26,2787837
digital_events,dataset/digital_events/year=2024/month=07/day=21/digital_events_20240721.csv,14415,26,3462665
digital_events,dataset/digital_events/year=2024/month=07/day=22/digital_events_20240722.csv,20204,26,4856993
digital_events,dataset/digital_events/year=2024/month=07/day=23/digital_events_20240723.csv,16991,26,4090808
digital_events,dataset/digital_events/year=2024/month=07/day=24/digital_events_20240724.csv,8471,26,2041852
digital_events,dataset/digital_events/year=2024/month=07/day=25/digital_events_20240725.csv,18511,26,4455102
digital_events,dataset/digital_events/year=2024/month=07/day=26/digital_events_20240726.csv,11094,26,2672454
digital_events,dataset/digital_events/year=2024/month=07/day=27/digital_events_20240727.csv,8058,26,1939086
digital_events,dataset/digital_events/year=2024/month=07/day=28/digital_events_20240728.csv,6686,26,1611503
digital_events,dataset/digital_events/year=2024/month=07/day=29/digital_events_20240729.csv,13247,26,3182846
digital_events,dataset/digital_events/year=2024/month=07/day=30/digital_events_20240730.csv,19431,26,4671612
digital_events,dataset/digital_events/year=2024/month=07/day=31/digital_events_20240731.csv,11806,26,2836532
digital_events,dataset/digital_events/year=2024/month=08/day=01/digital_events_20240801.csv,8939,26,2137502
digital_events,dataset/digital_events/year=2024/month=08/day=02/digital_events_20240802.csv,9136,26,2193796
digital_events,dataset/digital_events/year=2024/month=08/day=03/digital_events_20240803.csv,14012,26,3369272
digital_events,dataset/digital_events/year=2024/month=08/day=04/digital_events_20240804.csv,18242,26,4388492
digital_events,dataset/digital_events/year=2024/month=08/day=05/digital_events_20240805.csv,17967,26,4312184
digital_events,dataset/digital_events/year=2024/month=08/day=06/digital_events_20240806.csv,23127,26,5562884
digital_events,dataset/digital_events/year=2024/month=08/day=07/digital_events_20240807.csv,19497,26,4683878
digital_events,dataset/digital_events/year=2024/month=08/day=08/digital_events_20240808.csv,14907,26,3584137
digital_events,dataset/digital_events/year=2024/month=08/day=09/digital_events_20240809.csv,13188,26,3170229
digital_events,dataset/digital_events/year=2024/month=08/day=10/digital_events_20240810.csv,7197,26,1735028
digital_events,dataset/digital_events/year=2024/month=08/day=11/digital_events_20240811.csv,5372,26,1289869
digital_events,dataset/digital_events/year=2024/month=08/day=12/digital_events_20240812.csv,8544,26,2050132
digital_events,dataset/digital_events/year=2024/month=08/day=13/digital_events_20240813.csv,12600,26,3026447
digital_events,dataset/digital_events/year=2024/month=08/day=14/digital_events_20240814.csv,13607,26,3274545
digital_events,dataset/digital_events/year=2024/month=08/day=15/digital_events_20240815.csv,27793,26,6682441
digital_events,dataset/digital_events/year=2024/month=08/day=16/digital_events_20240816.csv,10265,26,2463257
digital_events,dataset/digital_events/year=2024/month=08/day=17/digital_events_20240817.csv,6423,26,1539770
digital_events,dataset/digital_events/year=2024/month=08/day=18/digital_events_20240818.csv,8507,26,2046855
digital_events,dataset/digital_events/year=2024/month=08/day=19/digital_events_20240819.csv,15825,26,3802075
digital_events,dataset/digital_events/year=2024/month=08/day=20/digital_events_20240820.csv,8609,26,2072131
digital_events,dataset/digital_events/year=2024/month=08/day=21/digital_events_20240821.csv,10559,26,2540955
digital_events,dataset/digital_events/year=2024/month=08/day=22/digital_events_20240822.csv,14925,26,3592133
digital_events,dataset/digital_events/year=2024/month=08/day=23/digital_events_20240823.csv,29376,26,7076698
digital_events,dataset/digital_events/year=2024/month=08/day=24/digital_events_20240824.csv,7577,26,1826199
digital_events,dataset/digital_events/year=2024/month=08/day=25/digital_events_20240825.csv,5714,26,1375059
digital_events,dataset/digital_events/year=2024/month=08/day=26/digital_events_20240826.csv,7904,26,1901483
digital_events,dataset/digital_events/year=2024/month=08/day=27/digital_events_20240827.csv,18215,26,4377140
digital_events,dataset/digital_events/year=2024/month=08/day=28/digital_events_20240828.csv,22229,26,5349000
digital_events,dataset/digital_events/year=2024/month=08/day=29/digital_events_20240829.csv,11088,26,2671434
digital_events,dataset/digital_events/year=2024/month=08/day=30/digital_events_20240830.csv,22673,26,5451187
digital_events,dataset/digital_events/year=2024/month=08/day=31/digital_events_20240831.csv,5784,26,1390205
digital_events,dataset/digital_events/year=2024/month=09/day=01/digital_events_20240901.csv,5930,26,1427253
digital_events,dataset/digital_events/year=2024/month=09/day=02/digital_events_20240902.csv,10089,26,2425527
digital_events,dataset/digital_events/year=2024/month=09/day=03/digital_events_20240903.csv,8556,26,2063657
digital_events,dataset/digital_events/year=2024/month=09/day=04/digital_events_20240904.csv,13424,26,3226999
digital_events,dataset/digital_events/year=2024/month=09/day=05/digital_events_20240905.csv,13524,26,3258014
digital_events,dataset/digital_events/year=2024/month=09/day=06/digital_events_20240906.csv,28937,26,6954537
digital_events,dataset/digital_events/year=2024/month=09/day=07/digital_events_20240907.csv,16069,26,3867028
digital_events,dataset/digital_events/year=2024/month=09/day=08/digital_events_20240908.csv,15442,26,3706224
digital_events,dataset/digital_events/year=2024/month=09/day=09/digital_events_20240909.csv,18616,26,4473920
digital_events,dataset/digital_events/year=2024/month=09/day=10/digital_events_20240910.csv,16980,26,4083962
digital_events,dataset/digital_events/year=2024/month=09/day=11/digital_events_20240911.csv,22566,26,5434285
digital_events,dataset/digital_events/year=2024/month=09/day=12/digital_events_20240912.csv,15993,26,3849464
digital_events,dataset/digital_events/year=2024/month=09/day=13/digital_events_20240913.csv,10298,26,2467286
digital_events,dataset/digital_events/year=2024/month=09/day=14/digital_events_20240914.csv,6392,26,1533163
digital_events,dataset/digital_events/year=2024/month=09/day=15/digital_events_20240915.csv,8379,26,2013941
digital_events,dataset/digital_events/year=2024/month=09/day=16/digital_events_20240916.csv,9669,26,2323655
digital_events,dataset/digital_events/year=2024/month=09/day=17/digital_events_20240917.csv,17837,26,4288779
digital_events,dataset/digital_events/year=2024/month=09/day=18/digital_events_20240918.csv,23102,26,5548757
digital_events,dataset/digital_events/year=2024/month=09/day=19/digital_events_20240919.csv,11461,26,2757801
digital_events,dataset/digital_events/year=2024/month=09/day=20/digital_events_20240920.csv,14672,26,3526440
digital_events,dataset/digital_events/year=2024/month=09/day=21/digital_events_20240921.csv,9294,26,2235555
digital_events,dataset/digital_events/year=2024/month=09/day=22/digital_events_20240922.csv,9313,26,2231461
digital_events,dataset/digital_events/year=2024/month=09/day=23/digital_events_20240923.csv,18823,26,4520751
digital_events,dataset/digital_events/year=2024/month=09/day=24/digital_events_20240924.csv,9777,26,2352545
digital_events,dataset/digital_events/year=2024/month=09/day=25/digital_events_20240925.csv,10807,26,2596463
digital_events,dataset/digital_events/year=2024/month=09/day=26/digital_events_20240926.csv,25354,26,6095487
digital_events,dataset/digital_events/year=2024/month=09/day=27/digital_events_20240927.csv,18205,26,4383098
digital_events,dataset/digital_events/year=2024/month=09/day=28/digital_events_20240928.csv,10995,26,2638707
digital_events,dataset/digital_events/year=2024/month=09/day=29/digital_events_20240929.csv,5637,26,1357406
digital_events,dataset/digital_events/year=2024/month=09/day=30/digital_events_20240930.csv,23977,26,5767366
digital_events,dataset/digital_events/year=2024/month=10/day=01/digital_events_20241001.csv,11383,26,2746230
digital_events,dataset/digital_events/year=2024/month=10/day=02/digital_events_20241002.csv,10662,26,2561977
digital_events,dataset/digital_events/year=2024/month=10/day=03/digital_events_20241003.csv,12315,26,2955858
digital_events,dataset/digital_events/year=2024/month=10/day=04/digital_events_20241004.csv,12234,26,2938963
digital_events,dataset/digital_events/year=2024/month=10/day=05/digital_events_20241005.csv,5933,26,1428627
digital_events,dataset/digital_events/year=2024/month=10/day=06/digital_events_20241006.csv,6886,26,1652689
digital_events,dataset/digital_events/year=2024/month=10/day=07/digital_events_20241007.csv,13921,26,3349845
digital_events,dataset/digital_events/year=2024/month=10/day=08/digital_events_20241008.csv,8370,26,2014663
digital_events,dataset/digital_events/year=2024/month=10/day=09/digital_events_20241009.csv,22628,26,5431414
digital_events,dataset/digital_events/year=2024/month=10/day=10/digital_events_20241010.csv,29079,26,6988895
digital_events,dataset/digital_events/year=2024/month=10/day=11/digital_events_20241011.csv,15407,26,3703748
digital_events,dataset/digital_events/year=2024/month=10/day=12/digital_events_20241012.csv,8064,26,1939885
digital_events,dataset/digital_events/year=2024/month=10/day=13/digital_events_20241013.csv,16436,26,3954856
digital_events,dataset/digital_events/year=2024/month=10/day=14/digital_events_20241014.csv,9897,26,2378849
digital_events,dataset/digital_events/year=2024/month=10/day=15/digital_events_20241015.csv,16812,26,4041936
digital_events,dataset/digital_events/year=2024/month=10/day=16/digital_events_20241016.csv,13614,26,3274359
digital_events,dataset/digital_events/year=2024/month=10/day=17/digital_events_20241017.csv,22695,26,5454551
digital_events,dataset/digital_events/year=2024/month=10/day=18/digital_events_20241018.csv,14345,26,3447312
digital_events,dataset/digital_events/year=2024/month=10/day=19/digital_events_20241019.csv,9255,26,2226373
digital_events,dataset/digital_events/year=2024/month=10/day=20/digital_events_20241020.csv,6052,26,1458701
digital_events,dataset/digital_events/year=2024/month=10/day=21/digital_events_20241021.csv,9990,26,2404584
digital_events,dataset/digital_events/year=2024/month=10/day=22/digital_events_20241022.csv,9665,26,2323249
digital_events,dataset/digital_events/year=2024/month=10/day=23/digital_events_20241023.csv,20996,26,5057678
digital_events,dataset/digital_events/year=2024/month=10/day=24/digital_events_20241024.csv,14174,26,3407022
digital_events,dataset/digital_events/year=2024/month=10/day=25/digital_events_20241025.csv,10404,26,2503731
digital_events,dataset/digital_events/year=2024/month=10/day=26/digital_events_20241026.csv,11783,26,2838558
digital_events,dataset/digital_events/year=2024/month=10/day=27/digital_events_20241027.csv,11443,26,2749359
digital_events,dataset/digital_events/year=2024/month=10/day=28/digital_events_20241028.csv,9469,26,2277916
digital_events,dataset/digital_events/year=2024/month=10/day=29/digital_events_20241029.csv,18070,26,4348381
digital_events,dataset/digital_events/year=2024/month=10/day=30/digital_events_20241030.csv,8778,26,2113988
digital_events,dataset/digital_events/year=2024/month=10/day=31/digital_events_20241031.csv,16272,26,3910403
digital_events,dataset/digital_events/year=2024/month=11/day=01/digital_events_20241101.csv,20412,26,4894203
digital_events,dataset/digital_events/year=2024/month=11/day=02/digital_events_20241102.csv,10240,26,2469833
digital_events,dataset/digital_events/year=2024/month=11/day=03/digital_events_20241103.csv,7651,26,1844754
digital_events,dataset/digital_events/year=2024/month=11/day=04/digital_events_20241104.csv,9489,26,2280897
digital_events,dataset/digital_events/year=2024/month=11/day=05/digital_events_20241105.csv,10250,26,2463934
digital_events,dataset/digital_events/year=2024/month=11/day=06/digital_events_20241106.csv,11096,26,2673743
digital_events,dataset/digital_events/year=2024/month=11/day=07/digital_events_20241107.csv,16886,26,4052185
digital_events,dataset/digital_events/year=2024/month=11/day=08/digital_events_20241108.csv,11144,26,2683450
digital_events,dataset/digital_events/year=2024/month=11/day=09/digital_events_20241109.csv,6385,26,1539183
digital_events,dataset/digital_events/year=2024/month=11/day=10/digital_events_20241110.csv,7703,26,1849224
digital_events,dataset/digital_events/year=2024/month=11/day=11/digital_events_20241111.csv,16499,26,3968449
digital_events,dataset/digital_events/year=2024/month=11/day=12/digital_events_20241112.csv,14121,26,3404830
digital_events,dataset/digital_events/year=2024/month=11/day=13/digital_events_20241113.csv,12647,26,3047219
digital_events,dataset/digital_events/year=2024/month=11/day=14/digital_events_20241114.csv,21754,26,5231240
digital_events,dataset/digital_events/year=2024/month=11/day=15/digital_events_20241115.csv,11226,26,2698330
digital_events,dataset/digital_events/year=2024/month=11/day=16/digital_events_20241116.csv,15508,26,3737484
digital_events,dataset/digital_events/year=2024/month=11/day=17/digital_events_20241117.csv,12771,26,3075075
digital_events,dataset/digital_events/year=2024/month=11/day=18/digital_events_20241118.csv,14067,26,3380712
digital_events,dataset/digital_events/year=2024/month=11/day=19/digital_events_20241119.csv,11341,26,2724474
digital_events,dataset/digital_events/year=2024/month=11/day=20/digital_events_20241120.csv,26755,26,6443252
digital_events,dataset/digital_events/year=2024/month=11/day=21/digital_events_20241121.csv,10442,26,2514287
digital_events,dataset/digital_events/year=2024/month=11/day=22/digital_events_20241122.csv,11225,26,2702596
digital_events,dataset/digital_events/year=2024/month=11/day=23/digital_events_20241123.csv,15321,26,3676416
digital_events,dataset/digital_events/year=2024/month=11/day=24/digital_events_20241124.csv,6573,26,1582677
digital_events,dataset/digital_events/year=2024/month=11/day=25/digital_events_20241125.csv,21759,26,5239263
digital_events,dataset/digital_events/year=2024/month=11/day=26/digital_events_20241126.csv,10747,26,2581092
digital_events,dataset/digital_events/year=2024/month=11/day=27/digital_events_20241127.csv,9384,26,2248344
digital_events,dataset/digital_events/year=2024/month=11/day=28/digital_events_20241128.csv,12168,26,2928719
digital_events,dataset/digital_events/year=2024/month=11/day=29/digital_events_20241129.csv,13112,26,3159048
digital_events,dataset/digital_events/year=2024/month=11/day=30/digital_events_20241130.csv,6590,26,1579482
digital_events,dataset/digital_events/year=2024/month=12/day=01/digital_events_20241201.csv,18307,26,4409373
digital_events,dataset/digital_events/year=2024/month=12/day=02/digital_events_20241202.csv,12550,26,3021190
digital_events,dataset/digital_events/year=2024/month=12/day=03/digital_events_20241203.csv,18165,26,4367237
digital_events,dataset/digital_events/year=2024/month=12/day=04/digital_events_20241204.csv,19492,26,4679993
digital_events,dataset/digital_events/year=2024/month=12/day=05/digital_events_20241205.csv,17071,26,4105601
digital_events,dataset/digital_events/year=2024/month=12/day=06/digital_events_20241206.csv,13539,26,3254775
digital_events,dataset/digital_events/year=2024/month=12/day=07/digital_events_20241207.csv,7404,26,1777754
digital_events,dataset/digital_events/year=2024/month=12/day=08/digital_events_20241208.csv,9065,26,2181651
digital_events,dataset/digital_events/year=2024/month=12/day=09/digital_events_20241209.csv,11193,26,2692854
digital_events,dataset/digital_events/year=2024/month=12/day=10/digital_events_20241210.csv,21346,26,5142167
digital_events,dataset/digital_events/year=2024/month=12/day=11/digital_events_20241211.csv,9283,26,2234342
digital_events,dataset/digital_events/year=2024/month=12/day=12/digital_events_20241212.csv,17956,26,4311929
digital_events,dataset/digital_events/year=2024/month=12/day=13/digital_events_20241213.csv,13642,26,3282102
digital_events,dataset/digital_events/year=2024/month=12/day=14/digital_events_20241214.csv,7045,26,1691069
digital_events,dataset/digital_events/year=2024/month=12/day=15/digital_events_20241215.csv,7265,26,1754011
digital_events,dataset/digital_events/year=2024/month=12/day=16/digital_events_20241216.csv,10606,26,2549312
digital_events,dataset/digital_events/year=2024/month=12/day=17/digital_events_20241217.csv,14230,26,3421968
digital_events,dataset/digital_events/year=2024/month=12/day=18/digital_events_20241218.csv,13559,26,3260194
digital_events,dataset/digital_events/year=2024/month=12/day=19/digital_events_20241219.csv,9138,26,2197732
digital_events,dataset/digital_events/year=2024/month=12/day=20/digital_events_20241220.csv,14212,26,3421199
digital_events,dataset/digital_events/year=2024/month=12/day=21/digital_events_20241221.csv,14370,26,3446463
digital_events,dataset/digital_events/year=2024/month=12/day=22/digital_events_20241222.csv,15876,26,3829543
digital_events,dataset/digital_events/year=2024/month=12/day=23/digital_events_20241223.csv,15085,26,3629981
digital_events,dataset/digital_events/year=2024/month=12/day=24/digital_events_20241224.csv,15269,26,3674792
digital_events,dataset/digital_events/year=2024/month=12/day=25/digital_events_20241225.csv,9226,26,2217412
digital_events,dataset/digital_events/year=2024/month=12/day=26/digital_events_20241226.csv,13153,26,3160790
digital_events,dataset/digital_events/year=2024/month=12/day=27/digital_events_20241227.csv,19485,26,4680892
digital_events,dataset/digital_events/year=2024/month=12/day=28/digital_events_20241228.csv,7676,26,1839484
digital_events,dataset/digital_events/year=2024/month=12/day=29/digital_events_20241229.csv,7842,26,1882609
digital_events,dataset/digital_events/year=2024/month=12/day=30/digital_events_20241230.csv,8852,26,2129162
digital_events,dataset/digital_events/year=2024/month=12/day=31/digital_events_20241231.csv,11173,26,2689400
digital_events,dataset/digital_events/year=2025/month=01/day=01/digital_events_20250101.csv,12431,26,2986309
digital_events,dataset/digital_events/year=2025/month=01/day=02/digital_events_20250102.csv,10991,26,2647080
digital_events,dataset/digital_events/year=2025/month=01/day=03/digital_events_20250103.csv,16366,26,3935928
digital_events,dataset/digital_events/year=2025/month=01/day=04/digital_events_20250104.csv,9326,26,2244184
digital_events,dataset/digital_events/year=2025/month=01/day=05/digital_events_20250105.csv,11073,26,2663288
digital_events,dataset/digital_events/year=2025/month=01/day=06/digital_events_20250106.csv,23522,26,5666082
digital_events,dataset/digital_events/year=2025/month=01/day=07/digital_events_20250107.csv,7945,26,1912598
digital_events,dataset/digital_events/year=2025/month=01/day=08/digital_events_20250108.csv,21039,26,5063352
digital_events,dataset/digital_events/year=2025/month=01/day=09/digital_events_20250109.csv,20771,26,4991951
digital_events,dataset/digital_events/year=2025/month=01/day=10/digital_events_20250110.csv,22287,26,5361340
digital_events,dataset/digital_events/year=2025/month=01/day=11/digital_events_20250111.csv,14373,26,3454166
digital_events,dataset/digital_events/year=2025/month=01/day=12/digital_events_20250112.csv,6532,26,1572906
digital_events,dataset/digital_events/year=2025/month=01/day=13/digital_events_20250113.csv,21499,26,5182810
digital_events,dataset/digital_events/year=2025/month=01/day=14/digital_events_20250114.csv,11677,26,2807762
digital_events,dataset/digital_events/year=2025/month=01/day=15/digital_events_20250115.csv,18482,26,4450761
digital_events,dataset/digital_events/year=2025/month=01/day=16/digital_events_20250116.csv,8248,26,1980296
digital_events,dataset/digital_events/year=2025/month=01/day=17/digital_events_20250117.csv,13551,26,3264707
digital_events,dataset/digital_events/year=2025/month=01/day=18/digital_events_20250118.csv,5696,26,1375029
digital_events,dataset/digital_events/year=2025/month=01/day=19/digital_events_20250119.csv,9122,26,2197461
digital_events,dataset/digital_events/year=2025/month=01/day=20/digital_events_20250120.csv,12210,26,2937385
digital_events,dataset/digital_events/year=2025/month=01/day=21/digital_events_20250121.csv,10708,26,2568605
digital_events,dataset/digital_events/year=2025/month=01/day=22/digital_events_20250122.csv,7660,26,1847635
digital_events,dataset/digital_events/year=2025/month=01/day=23/digital_events_20250123.csv,22620,26,5447871
digital_events,dataset/digital_events/year=2025/month=01/day=24/digital_events_20250124.csv,23742,26,5717367
digital_events,dataset/digital_events/year=2025/month=01/day=25/digital_events_20250125.csv,12407,26,2986682
digital_events,dataset/digital_events/year=2025/month=01/day=26/digital_events_20250126.csv,16135,26,3882926
digital_events,dataset/digital_events/year=2025/month=01/day=27/digital_events_20250127.csv,16637,26,3996381
digital_events,dataset/digital_events/year=2025/month=01/day=28/digital_events_20250128.csv,10849,26,2607641
digital_events,dataset/digital_events/year=2025/month=01/day=29/digital_events_20250129.csv,13497,26,3242357
digital_events,dataset/digital_events/year=2025/month=01/day=30/digital_events_20250130.csv,17960,26,4317450
digital_events,dataset/digital_events/year=2025/month=01/day=31/digital_events_20250131.csv,14592,26,3511652
digital_events,dataset/digital_events/year=2025/month=02/day=01/digital_events_20250201.csv,10543,26,2542139
digital_events,dataset/digital_events/year=2025/month=02/day=02/digital_events_20250202.csv,10097,26,2421281
digital_events,dataset/digital_events/year=2025/month=02/day=03/digital_events_20250203.csv,19555,26,4711373
digital_events,dataset/digital_events/year=2025/month=02/day=04/digital_events_20250204.csv,18219,26,4378791
digital_events,dataset/digital_events/year=2025/month=02/day=05/digital_events_20250205.csv,21798,26,5241906
digital_events,dataset/digital_events/year=2025/month=02/day=06/digital_events_20250206.csv,22204,26,5340195
digital_events,dataset/digital_events/year=2025/month=02/day=07/digital_events_20250207.csv,16837,26,4050644
digital_events,dataset/digital_events/year=2025/month=02/day=08/digital_events_20250208.csv,8495,26,2044490
digital_events,dataset/digital_events/year=2025/month=02/day=09/digital_events_20250209.csv,8148,26,1961465
digital_events,dataset/digital_events/year=2025/month=02/day=10/digital_events_20250210.csv,10426,26,2507682
digital_events,dataset/digital_events/year=2025/month=02/day=11/digital_events_20250211.csv,13973,26,3358962
digital_events,dataset/digital_events/year=2025/month=02/day=12/digital_events_20250212.csv,12338,26,2965040
digital_events,dataset/digital_events/year=2025/month=02/day=13/digital_events_20250213.csv,14418,26,3470876
digital_events,dataset/digital_events/year=2025/month=02/day=14/digital_events_20250214.csv,11131,26,2672774
digital_events,dataset/digital_events/year=2025/month=02/day=15/digital_events_20250215.csv,10734,26,2580316
digital_events,dataset/digital_events/year=2025/month=02/day=16/digital_events_20250216.csv,7356,26,1765357
digital_events,dataset/digital_events/year=2025/month=02/day=17/digital_events_20250217.csv,26213,26,6304671
digital_events,dataset/digital_events/year=2025/month=02/day=18/digital_events_20250218.csv,10511,26,2524813
digital_events,dataset/digital_events/year=2025/month=02/day=19/digital_events_20250219.csv,10662,26,2563786
digital_events,dataset/digital_events/year=2025/month=02/day=20/digital_events_20250220.csv,18453,26,4430950
digital_events,dataset/digital_events/year=2025/month=02/day=21/digital_events_20250221.csv,12727,26,3063697
digital_events,dataset/digital_events/year=2025/month=02/day=22/digital_events_20250222.csv,7564,26,1818631
digital_events,dataset/digital_events/year=2025/month=02/day=23/digital_events_20250223.csv,5891,26,1416329
digital_events,dataset/digital_events/year=2025/month=02/day=24/digital_events_20250224.csv,28445,26,6845884
digital_events,dataset/digital_events/year=2025/month=02/day=25/digital_events_20250225.csv,13511,26,3250655
digital_events,dataset/digital_events/year=2025/month=02/day=26/digital_events_20250226.csv,7887,26,1897619
digital_events,dataset/digital_events/year=2025/month=02/day=27/digital_events_20250227.csv,10507,26,2520335
digital_events,dataset/digital_events/year=2025/month=02/day=28/digital_events_20250228.csv,26978,26,6498134
digital_events,dataset/digital_events/year=2025/month=03/day=01/digital_events_20250301.csv,15985,26,3850704
digital_events,dataset/digital_events/year=2025/month=03/day=02/digital_events_20250302.csv,15163,26,3649008
digital_events,dataset/digital_events/year=2025/month=03/day=03/digital_events_20250303.csv,10770,26,2593373
digital_events,dataset/digital_events/year=2025/month=03/day=04/digital_events_20250304.csv,16294,26,3916029
digital_events,dataset/digital_events/year=2025/month=03/day=05/digital_events_20250305.csv,14014,26,3370803
digital_events,dataset/digital_events/year=2025/month=03/day=06/digital_events_20250306.csv,19034,26,4587944
digital_events,dataset/digital_events/year=2025/month=03/day=07/digital_events_20250307.csv,21273,26,5113463
digital_events,dataset/digital_events/year=2025/month=03/day=08/digital_events_20250308.csv,8770,26,2112511
digital_events,dataset/digital_events/year=2025/month=03/day=09/digital_events_20250309.csv,12780,26,3076445
digital_events,dataset/digital_events/year=2025/month=03/day=10/digital_events_20250310.csv,21102,26,5079501
digital_events,dataset/digital_events/year=2025/month=03/day=11/digital_events_20250311.csv,10145,26,2440060
digital_events,dataset/digital_events/year=2025/month=03/day=12/digital_events_20250312.csv,15161,26,3653450
digital_events,dataset/digital_events/year=2025/month=03/day=13/digital_events_20250313.csv,10866,26,2613729
digital_events,dataset/digital_events/year=2025/month=03/day=14/digital_events_20250314.csv,22566,26,5430513
digital_events,dataset/digital_events/year=2025/month=03/day=15/digital_events_20250315.csv,6430,26,1547070
digital_events,dataset/digital_events/year=2025/month=03/day=16/digital_events_20250316.csv,6960,26,1675571
digital_events,dataset/digital_events/year=2025/month=03/day=17/digital_events_20250317.csv,13100,26,3151101
digital_events,dataset/digital_events/year=2025/month=03/day=18/digital_events_20250318.csv,10855,26,2609559
digital_events,dataset/digital_events/year=2025/month=03/day=19/digital_events_20250319.csv,18374,26,4426905
digital_events,dataset/digital_events/year=2025/month=03/day=20/digital_events_20250320.csv,13951,26,3351810
digital_events,dataset/digital_events/year=2025/month=03/day=21/digital_events_20250321.csv,11286,26,2721882
digital_events,dataset/digital_events/year=2025/month=03/day=22/digital_events_20250322.csv,5918,26,1426585
digital_events,dataset/digital_events/year=2025/month=03/day=23/digital_events_20250323.csv,12366,26,2974113
digital_events,dataset/digital_events/year=2025/month=03/day=24/digital_events_20250324.csv,22111,26,5316688
digital_events,dataset/digital_events/year=2025/month=03/day=25/digital_events_20250325.csv,14302,26,3443588
digital_events,dataset/digital_events/year=2025/month=03/day=26/digital_events_20250326.csv,13134,26,3163944
digital_events,dataset/digital_events/year=2025/month=03/day=27/digital_events_20250327.csv,13976,26,3361743
digital_events,dataset/digital_events/year=2025/month=03/day=28/digital_events_20250328.csv,8034,26,1933993
digital_events,dataset/digital_events/year=2025/month=03/day=29/digital_events_20250329.csv,14521,26,3495445
digital_events,dataset/digital_events/year=2025/month=03/day=30/digital_events_20250330.csv,15562,26,3743619
digital_events,dataset/digital_events/year=2025/month=03/day=31/digital_events_20250331.csv,12180,26,2918986
digital_events,dataset/digital_events/year=2025/month=04/day=01/digital_events_20250401.csv,11272,26,2701391
digital_events,dataset/digital_events/year=2025/month=04/day=02/digital_events_20250402.csv,28705,26,6903297
digital_events,dataset/digital_events/year=2025/month=04/day=03/digital_events_20250403.csv,10163,26,2448174
digital_events,dataset/digital_events/year=2025/month=04/day=04/digital_events_20250404.csv,8968,26,2159810
digital_events,dataset/digital_events/year=2025/month=04/day=05/digital_events_20250405.csv,6633,26,1599601
digital_events,dataset/digital_events/year=2025/month=04/day=06/digital_events_20250406.csv,11905,26,2869593
digital_events,dataset/digital_events/year=2025/month=04/day=07/digital_events_20250407.csv,9148,26,2202019
digital_events,dataset/digital_events/year=2025/month=04/day=08/digital_events_20250408.csv,8101,26,1939130
digital_events,dataset/digital_events/year=2025/month=04/day=09/digital_events_20250409.csv,21579,26,5192294
digital_events,dataset/digital_events/year=2025/month=04/day=10/digital_events_20250410.csv,20340,26,4893770
digital_events,dataset/digital_events/year=2025/month=04/day=11/digital_events_20250411.csv,11596,26,2788884
digital_events,dataset/digital_events/year=2025/month=04/day=12/digital_events_20250412.csv,18957,26,4562665
digital_events,dataset/digital_events/year=2025/month=04/day=13/digital_events_20250413.csv,7911,26,1900643
digital_events,dataset/digital_events/year=2025/month=04/day=14/digital_events_20250414.csv,8992,26,2158941
digital_events,dataset/digital_events/year=2025/month=04/day=15/digital_events_20250415.csv,9176,26,2214756
digital_events,dataset/digital_events/year=2025/month=04/day=16/digital_events_20250416.csv,20444,26,4914255
digital_events,dataset/digital_events/year=2025/month=04/day=17/digital_events_20250417.csv,27779,26,6690464
digital_events,dataset/digital_events/year=2025/month=04/day=18/digital_events_20250418.csv,17925,26,4307993
digital_events,dataset/digital_events/year=2025/month=04/day=19/digital_events_20250419.csv,14620,26,3520791
digital_events,dataset/digital_events/year=2025/month=04/day=20/digital_events_20250420.csv,6178,26,1489220
digital_events,dataset/digital_events/year=2025/month=04/day=21/digital_events_20250421.csv,9497,26,2289016
digital_events,dataset/digital_events/year=2025/month=04/day=22/digital_events_20250422.csv,9145,26,2193187
digital_events,dataset/digital_events/year=2025/month=04/day=23/digital_events_20250423.csv,16994,26,4081538
digital_events,dataset/digital_events/year=2025/month=04/day=24/digital_events_20250424.csv,11509,26,2767784
digital_events,dataset/digital_events/year=2025/month=04/day=25/digital_events_20250425.csv,10386,26,2487448
digital_events,dataset/digital_events/year=2025/month=04/day=26/digital_events_20250426.csv,6131,26,1476509
digital_events,dataset/digital_events/year=2025/month=04/day=27/digital_events_20250427.csv,6359,26,1528465
digital_events,dataset/digital_events/year=2025/month=04/day=28/digital_events_20250428.csv,11464,26,2756455
digital_events,dataset/digital_events/year=2025/month=04/day=29/digital_events_20250429.csv,15341,26,3691087
digital_events,dataset/digital_events/year=2025/month=04/day=30/digital_events_20250430.csv,9933,26,2397633
digital_events,dataset/digital_events/year=2025/month=05/day=01/digital_events_20250501.csv,28402,26,6823612
digital_events,dataset/digital_events/year=2025/month=05/day=02/digital_events_20250502.csv,12726,26,3055830
digital_events,dataset/digital_events/year=2025/month=05/day=03/digital_events_20250503.csv,13324,26,3211619
digital_events,dataset/digital_events/year=2025/month=05/day=04/digital_events_20250504.csv,13102,26,3155072
digital_events,dataset/digital_events/year=2025/month=05/day=05/digital_events_20250505.csv,12273,26,2946308
digital_events,dataset/digital_events/year=2025/month=05/day=06/digital_events_20250506.csv,21476,26,5164646
digital_events,dataset/digital_events/year=2025/month=05/day=07/digital_events_20250507.csv,11058,26,2663307
digital_events,dataset/digital_events/year=2025/month=05/day=08/digital_events_20250508.csv,11428,26,2756608
digital_events,dataset/digital_events/year=2025/month=05/day=09/digital_events_20250509.csv,10297,26,2470179
digital_events,dataset/digital_events/year=2025/month=05/day=10/digital_events_20250510.csv,10194,26,2456806
digital_events,dataset/digital_events/year=2025/month=05/day=11/digital_events_20250511.csv,12965,26,3124688
digital_events,dataset/digital_events/year=2025/month=05/day=12/digital_events_20250512.csv,20582,26,4942958
digital_events,dataset/digital_events/year=2025/month=05/day=13/digital_events_20250513.csv,12560,26,3011956
digital_events,dataset/digital_events/year=2025/month=05/day=14/digital_events_20250514.csv,21354,26,5133561
digital_events,dataset/digital_events/year=2025/month=05/day=15/digital_events_20250515.csv,14539,26,3504391
digital_events,dataset/digital_events/year=2025/month=05/day=16/digital_events_20250516.csv,14346,26,3456175
digital_events,dataset/digital_events/year=2025/month=05/day=17/digital_events_20250517.csv,8979,26,2157106
digital_events,dataset/digital_events/year=2025/month=05/day=18/digital_events_20250518.csv,11115,26,2679063
digital_events,dataset/digital_events/year=2025/month=05/day=19/digital_events_20250519.csv,28704,26,6901063
digital_events,dataset/digital_events/year=2025/month=05/day=20/digital_events_20250520.csv,22766,26,5474728
digital_events,dataset/digital_events/year=2025/month=05/day=21/digital_events_20250521.csv,28052,26,6741095
digital_events,dataset/digital_events/year=2025/month=05/day=22/digital_events_20250522.csv,24823,26,5969019
digital_events,dataset/digital_events/year=2025/month=05/day=23/digital_events_20250523.csv,11912,26,2863988
digital_events,dataset/digital_events/year=2025/month=05/day=24/digital_events_20250524.csv,7058,26,1705374
digital_events,dataset/digital_events/year=2025/month=05/day=25/digital_events_20250525.csv,8952,26,2152023
digital_events,dataset/digital_events/year=2025/month=05/day=26/digital_events_20250526.csv,17994,26,4333170
digital_events,dataset/digital_events/year=2025/month=05/day=27/digital_events_20250527.csv,19731,26,4746144
digital_events,dataset/digital_events/year=2025/month=05/day=28/digital_events_20250528.csv,16495,26,3966237
digital_events,dataset/digital_events/year=2025/month=05/day=29/digital_events_20250529.csv,14548,26,3502464
digital_events,dataset/digital_events/year=2025/month=05/day=30/digital_events_20250530.csv,9418,26,2265282
digital_events,dataset/digital_events/year=2025/month=05/day=31/digital_events_20250531.csv,6111,26,1467353
digital_events,dataset/digital_events/year=2025/month=06/day=01/digital_events_20250601.csv,9397,26,2255271
digital_events,dataset/digital_events/year=2025/month=06/day=02/digital_events_20250602.csv,11109,26,2673733
digital_events,dataset/digital_events/year=2025/month=06/day=03/digital_events_20250603.csv,12498,26,3006174
digital_events,dataset/digital_events/year=2025/month=06/day=04/digital_events_20250604.csv,23360,26,5614426
digital_events,dataset/digital_events/year=2025/month=06/day=05/digital_events_20250605.csv,11647,26,2798102
digital_events,dataset/digital_events/year=2025/month=06/day=06/digital_events_20250606.csv,12801,26,3084381
digital_events,dataset/digital_events/year=2025/month=06/day=07/digital_events_20250607.csv,7520,26,1805905
digital_events,dataset/digital_events/year=2025/month=06/day=08/digital_events_20250608.csv,11455,26,2763192
digital_events,dataset/digital_events/year=2025/month=06/day=09/digital_events_20250609.csv,29511,26,7096018
digital_events,dataset/digital_events/year=2025/month=06/day=10/digital_events_20250610.csv,11735,26,2822348
digital_events,dataset/digital_events/year=2025/month=06/day=11/digital_events_20250611.csv,12356,26,2975730
digital_events,dataset/digital_events/year=2025/month=06/day=12/digital_events_20250612.csv,10624,26,2552577
digital_events,dataset/digital_events/year=2025/month=06/day=13/digital_events_20250613.csv,11880,26,2855448
digital_events,dataset/digital_events/year=2025/month=06/day=14/digital_events_20250614.csv,13464,26,3237675
digital_events,dataset/digital_events/year=2025/month=06/day=15/digital_events_20250615.csv,11918,26,2872174
digital_events,dataset/digital_events/year=2025/month=06/day=16/digital_events_20250616.csv,10620,26,2555872
digital_events,dataset/digital_events/year=2025/month=06/day=17/digital_events_20250617.csv,20213,26,4865530
digital_events,dataset/digital_events/year=2025/month=06/day=18/digital_events_20250618.csv,18436,26,4434065
digital_events,dataset/digital_events/year=2025/month=06/day=19/digital_events_20250619.csv,24011,26,5774408
digital_events,dataset/digital_events/year=2025/month=06/day=20/digital_events_20250620.csv,27561,26,6617966
digital_events,dataset/digital_events/year=2025/month=06/day=21/digital_events_20250621.csv,11295,26,2714771
digital_events,dataset/digital_events/year=2025/month=06/day=22/digital_events_20250622.csv,10416,26,2507411
digital_events,dataset/digital_events/year=2025/month=06/day=23/digital_events_20250623.csv,12807,26,3076995
digital_events,dataset/digital_events/year=2025/month=06/day=24/digital_events_20250624.csv,11910,26,2865949
digital_events,dataset/digital_events/year=2025/month=06/day=25/digital_events_20250625.csv,15459,26,3718128
digital_events,dataset/digital_events/year=2025/month=06/day=26/digital_events_20250626.csv,13045,26,3137307
digital_events,dataset/digital_events/year=2025/month=06/day=27/digital_events_20250627.csv,9469,26,2280527
digital_events,dataset/digital_events/year=2025/month=06/day=28/digital_events_20250628.csv,13139,26,3162008
digital_events,dataset/digital_events/year=2025/month=06/day=29/digital_events_20250629.csv,6162,26,1479824
digital_events,dataset/digital_events/year=2025/month=06/day=30/digital_events_20250630.csv,11347,26,2732308
digital_events,dataset/digital_events/year=2025/month=07/day=01/digital_events_20250701.csv,17577,26,4230130
digital_events,dataset/digital_events/year=2025/month=07/day=02/digital_events_20250702.csv,22699,26,5459170
digital_events,dataset/digital_events/year=2025/month=07/day=03/digital_events_20250703.csv,22665,26,5454640
digital_events,dataset/digital_events/year=2025/month=07/day=04/digital_events_20250704.csv,12777,26,3068316
digital_events,dataset/digital_events/year=2025/month=07/day=05/digital_events_20250705.csv,20654,26,4960764
digital_events,dataset/digital_events/year=2025/month=07/day=06/digital_events_20250706.csv,7042,26,1694532
digital_events,dataset/digital_events/year=2025/month=07/day=07/digital_events_20250707.csv,17248,26,4152461
digital_events,dataset/digital_events/year=2025/month=07/day=08/digital_events_20250708.csv,13484,26,3249124
digital_events,dataset/digital_events/year=2025/month=07/day=09/digital_events_20250709.csv,20045,26,4818310
digital_events,dataset/digital_events/year=2025/month=07/day=10/digital_events_20250710.csv,16974,26,4083161
digital_events,dataset/digital_events/year=2025/month=07/day=11/digital_events_20250711.csv,15068,26,3635336
digital_events,dataset/digital_events/year=2025/month=07/day=12/digital_events_20250712.csv,7634,26,1843601
digital_events,dataset/digital_events/year=2025/month=07/day=13/digital_events_20250713.csv,7500,26,1799181
digital_events,dataset/digital_events/year=2025/month=07/day=14/digital_events_20250714.csv,13336,26,3208822
digital_events,dataset/digital_events/year=2025/month=07/day=15/digital_events_20250715.csv,29376,26,7058749
digital_events,dataset/digital_events/year=2025/month=07/day=16/digital_events_20250716.csv,14368,26,3454446
digital_events,dataset/digital_events/year=2025/month=07/day=17/digital_events_20250717.csv,15480,26,3728979
digital_events,dataset/digital_events/year=2025/month=07/day=18/digital_events_20250718.csv,9301,26,2230206
digital_events,dataset/digital_events/year=2025/month=07/day=19/digital_events_20250719.csv,15681,26,3774690
digital_events,dataset/digital_events/year=2025/month=07/day=20/digital_events_20250720.csv,14934,26,3590009
digital_events,dataset/digital_events/year=2025/month=07/day=21/digital_events_20250721.csv,9513,26,2287200
digital_events,dataset/digital_events/year=2025/month=07/day=22/digital_events_20250722.csv,11630,26,2790606
digital_events,dataset/digital_events/year=2025/month=07/day=23/digital_events_20250723.csv,10933,26,2629399
digital_events,dataset/digital_events/year=2025/month=07/day=24/digital_events_20250724.csv,23263,26,5599867
digital_events,dataset/digital_events/year=2025/month=07/day=25/digital_events_20250725.csv,21614,26,5201080
digital_events,dataset/digital_events/year=2025/month=07/day=26/digital_events_20250726.csv,9074,26,2171495
digital_events,dataset/digital_events/year=2025/month=07/day=27/digital_events_20250727.csv,11242,26,2708765
digital_events,dataset/digital_events/year=2025/month=07/day=28/digital_events_20250728.csv,12260,26,2944474
digital_events,dataset/digital_events/year=2025/month=07/day=29/digital_events_20250729.csv,29216,26,7019567
digital_events,dataset/digital_events/year=2025/month=07/day=30/digital_events_20250730.csv,8780,26,2114112
digital_events,dataset/digital_events/year=2025/month=07/day=31/digital_events_20250731.csv,30085,26,7238990
digital_events,dataset/digital_events/year=2025/month=08/day=01/digital_events_20250801.csv,23609,26,5683127
digital_events,dataset/digital_events/year=2025/month=08/day=02/digital_events_20250802.csv,6958,26,1674883
digital_events,dataset/digital_events/year=2025/month=08/day=03/digital_events_20250803.csv,8791,26,2116042
digital_events,dataset/digital_events/year=2025/month=08/day=04/digital_events_20250804.csv,24226,26,5834239
digital_events,dataset/digital_events/year=2025/month=08/day=05/digital_events_20250805.csv,9533,26,2294626
digital_events,dataset/digital_events/year=2025/month=08/day=06/digital_events_20250806.csv,10670,26,2562457
digital_events,dataset/digital_events/year=2025/month=08/day=07/digital_events_20250807.csv,11960,26,2878431
digital_events,dataset/digital_events/year=2025/month=08/day=08/digital_events_20250808.csv,22686,26,5452157
digital_events,dataset/digital_events/year=2025/month=08/day=09/digital_events_20250809.csv,9938,26,2388543
digital_events,dataset/digital_events/year=2025/month=08/day=10/digital_events_20250810.csv,6240,26,1500757
digital_events,dataset/digital_events/year=2025/month=08/day=11/digital_events_20250811.csv,11207,26,2692199
digital_events,dataset/digital_events/year=2025/month=08/day=12/digital_events_20250812.csv,12570,26,3020456
digital_events,dataset/digital_events/year=2025/month=08/day=13/digital_events_20250813.csv,12139,26,2927464
digital_events,dataset/digital_events/year=2025/month=08/day=14/digital_events_20250814.csv,27853,26,6693348
digital_events,dataset/digital_events/year=2025/month=08/day=15/digital_events_20250815.csv,8856,26,2134470
digital_events,dataset/digital_events/year=2025/month=08/day=16/digital_events_20250816.csv,12178,26,2925501
digital_events,dataset/digital_events/year=2025/month=08/day=17/digital_events_20250817.csv,6477,26,1558423
digital_events,dataset/digital_events/year=2025/month=08/day=18/digital_events_20250818.csv,21255,26,5114791
digital_events,dataset/digital_events/year=2025/month=08/day=19/digital_events_20250819.csv,14665,26,3533835
digital_events,dataset/digital_events/year=2025/month=08/day=20/digital_events_20250820.csv,27397,26,6596336
digital_events,dataset/digital_events/year=2025/month=08/day=21/digital_events_20250821.csv,28558,26,6867699
digital_events,dataset/digital_events/year=2025/month=08/day=22/digital_events_20250822.csv,19059,26,4579639
digital_events,dataset/digital_events/year=2025/month=08/day=23/digital_events_20250823.csv,10579,26,2545969
digital_events,dataset/digital_events/year=2025/month=08/day=24/digital_events_20250824.csv,12751,26,3067249
digital_events,dataset/digital_events/year=2025/month=08/day=25/digital_events_20250825.csv,15142,26,3640301
digital_events,dataset/digital_events/year=2025/month=08/day=26/digital_events_20250826.csv,18353,26,4415432
digital_events,dataset/digital_events/year=2025/month=08/day=27/digital_events_20250827.csv,11127,26,2679164
digital_events,dataset/digital_events/year=2025/month=08/day=28/digital_events_20250828.csv,9848,26,2370058
digital_events,dataset/digital_events/year=2025/month=08/day=29/digital_events_20250829.csv,11786,26,2833934
digital_events,dataset/digital_events/year=2025/month=08/day=30/digital_events_20250830.csv,10579,26,2545676
digital_events,dataset/digital_events/year=2025/month=08/day=31/digital_events_20250831.csv,8132,26,1958607
digital_events,dataset/digital_events/year=2025/month=09/day=01/digital_events_20250901.csv,11462,26,2750852
digital_events,dataset/digital_events/year=2025/month=09/day=02/digital_events_20250902.csv,9574,26,2302039
digital_events,dataset/digital_events/year=2025/month=09/day=03/digital_events_20250903.csv,20854,26,5012865
digital_events,dataset/digital_events/year=2025/month=09/day=04/digital_events_20250904.csv,23377,26,5614744
digital_events,dataset/digital_events/year=2025/month=09/day=05/digital_events_20250905.csv,21802,26,5245581
digital_events,dataset/digital_events/year=2025/month=09/day=06/digital_events_20250906.csv,13517,26,3251147
digital_events,dataset/digital_events/year=2025/month=09/day=07/digital_events_20250907.csv,8644,26,2078184
digital_events,dataset/digital_events/year=2025/month=09/day=08/digital_events_20250908.csv,30114,26,7238595
digital_events,dataset/digital_events/year=2025/month=09/day=09/digital_events_20250909.csv,15576,26,3741853
digital_events,dataset/digital_events/year=2025/month=09/day=10/digital_events_20250910.csv,22278,26,5364663
digital_events,dataset/digital_events/year=2025/month=09/day=11/digital_events_20250911.csv,17254,26,4147476
digital_events,dataset/digital_events/year=2025/month=09/day=12/digital_events_20250912.csv,13314,26,3204516
digital_events,dataset/digital_events/year=2025/month=09/day=13/digital_events_20250913.csv,15945,26,3836559
digital_events,dataset/digital_events/year=2025/month=09/day=14/digital_events_20250914.csv,12657,26,3033251
digital_events,dataset/digital_events/year=2025/month=09/day=15/digital_events_20250915.csv,26530,26,6376016
digital_events,dataset/digital_events/year=2025/month=09/day=16/digital_events_20250916.csv,21414,26,5152484
digital_events,dataset/digital_events/year=2025/month=09/day=17/digital_events_20250917.csv,13112,26,3157969
digital_events,dataset/digital_events/year=2025/month=09/day=18/digital_events_20250918.csv,12958,26,3112587
digital_events,dataset/digital_events/year=2025/month=09/day=19/digital_events_20250919.csv,15487,26,3725130
digital_events,dataset/digital_events/year=2025/month=09/day=20/digital_events_20250920.csv,8571,26,2060239
digital_events,dataset/digital_events/year=2025/month=09/day=21/digital_events_20250921.csv,9609,26,2312238
digital_events,dataset/digital_events/year=2025/month=09/day=22/digital_events_20250922.csv,8067,26,1937177
digital_events,dataset/digital_events/year=2025/month=09/day=23/digital_events_20250923.csv,12107,26,2919217
digital_events,dataset/digital_events/year=2025/month=09/day=24/digital_events_20250924.csv,9749,26,2346688
digital_events,dataset/digital_events/year=2025/month=09/day=25/digital_events_20250925.csv,11638,26,2795916
digital_events,dataset/digital_events/year=2025/month=09/day=26/digital_events_20250926.csv,11581,26,2782900
digital_events,dataset/digital_events/year=2025/month=09/day=27/digital_events_20250927.csv,11958,26,2878882
digital_events,dataset/digital_events/year=2025/month=09/day=28/digital_events_20250928.csv,6855,26,1652043
digital_events,dataset/digital_events/year=2025/month=09/day=29/digital_events_20250929.csv,18024,26,4350199
digital_events,dataset/digital_events/year=2025/month=09/day=30/digital_events_20250930.csv,13562,26,3262925
digital_events,dataset/digital_events/year=2025/month=10/day=01/digital_events_20251001.csv,11587,26,2789355
digital_events,dataset/digital_events/year=2025/month=10/day=02/digital_events_20251002.csv,21626,26,5209499
digital_events,dataset/digital_events/year=2025/month=10/day=03/digital_events_20251003.csv,11323,26,2716972
digital_events,dataset/digital_events/year=2025/month=10/day=04/digital_events_20251004.csv,6481,26,1559403
digital_events,dataset/digital_events/year=2025/month=10/day=05/digital_events_20251005.csv,13627,26,3285225
digital_events,dataset/digital_events/year=2025/month=10/day=06/digital_events_20251006.csv,9104,26,2193226
digital_events,dataset/digital_events/year=2025/month=10/day=07/digital_events_20251007.csv,18197,26,4376774
digital_events,dataset/digital_events/year=2025/month=10/day=08/digital_events_20251008.csv,10709,26,2572646
digital_events,dataset/digital_events/year=2025/month=10/day=09/digital_events_20251009.csv,9827,26,2363142
digital_events,dataset/digital_events/year=2025/month=10/day=10/digital_events_20251010.csv,11404,26,2747679
digital_events,dataset/digital_events/year=2025/month=10/day=11/digital_events_20251011.csv,8775,26,2108990
digital_events,dataset/digital_events/year=2025/month=10/day=12/digital_events_20251012.csv,7391,26,1780652
digital_events,dataset/digital_events/year=2025/month=10/day=13/digital_events_20251013.csv,8087,26,1946312
digital_events,dataset/digital_events/year=2025/month=10/day=14/digital_events_20251014.csv,14748,26,3550424
digital_events,dataset/digital_events/year=2025/month=10/day=15/digital_events_20251015.csv,8888,26,2134977
digital_events,dataset/digital_events/year=2025/month=10/day=16/digital_events_20251016.csv,17802,26,4282327
digital_events,dataset/digital_events/year=2025/month=10/day=17/digital_events_20251017.csv,9867,26,2377499
digital_events,dataset/digital_events/year=2025/month=10/day=18/digital_events_20251018.csv,10097,26,2424831
digital_events,dataset/digital_events/year=2025/month=10/day=19/digital_events_20251019.csv,9056,26,2178838
digital_events,dataset/digital_events/year=2025/month=10/day=20/digital_events_20251020.csv,11596,26,2796927
digital_events,dataset/digital_events/year=2025/month=10/day=21/digital_events_20251021.csv,13175,26,3172217
digital_events,dataset/digital_events/year=2025/month=10/day=22/digital_events_20251022.csv,13470,26,3232510
digital_events,dataset/digital_events/year=2025/month=10/day=23/digital_events_20251023.csv,23865,26,5745260
digital_events,dataset/digital_events/year=2025/month=10/day=24/digital_events_20251024.csv,14711,26,3541520
digital_events,dataset/digital_events/year=2025/month=10/day=25/digital_events_20251025.csv,6249,26,1500374
digital_events,dataset/digital_events/year=2025/month=10/day=26/digital_events_20251026.csv,7300,26,1756125
digital_events,dataset/digital_events/year=2025/month=10/day=27/digital_events_20251027.csv,28410,26,6837215
digital_events,dataset/digital_events/year=2025/month=10/day=28/digital_events_20251028.csv,16505,26,3974234
digital_events,dataset/digital_events/year=2025/month=10/day=29/digital_events_20251029.csv,11250,26,2701578
digital_events,dataset/digital_events/year=2025/month=10/day=30/digital_events_20251030.csv,22737,26,5471916
digital_events,dataset/digital_events/year=2025/month=10/day=31/digital_events_20251031.csv,8985,26,2161931
digital_events,dataset/digital_events/year=2025/month=11/day=01/digital_events_20251101.csv,12636,26,3043318
digital_events,dataset/digital_events/year=2025/month=11/day=02/digital_events_20251102.csv,9197,26,2211671
digital_events,dataset/digital_events/year=2025/month=11/day=03/digital_events_20251103.csv,10416,26,2503464
digital_events,dataset/digital_events/year=2025/month=11/day=04/digital_events_20251104.csv,14565,26,3503409
digital_events,dataset/digital_events/year=2025/month=11/day=05/digital_events_20251105.csv,10944,26,2633594
digital_events,dataset/digital_events/year=2025/month=11/day=06/digital_events_20251106.csv,19255,26,4630533
digital_events,dataset/digital_events/year=2025/month=11/day=07/digital_events_20251107.csv,12841,26,3085835
digital_events,dataset/digital_events/year=2025/month=11/day=08/digital_events_20251108.csv,6900,26,1654204
digital_events,dataset/digital_events/year=2025/month=11/day=09/digital_events_20251109.csv,16255,26,3902871
digital_events,dataset/digital_events/year=2025/month=11/day=10/digital_events_20251110.csv,17690,26,4262884
digital_events,dataset/digital_events/year=2025/month=11/day=11/digital_events_20251111.csv,11341,26,2730199
digital_events,dataset/digital_events/year=2025/month=11/day=12/digital_events_20251112.csv,16611,26,4000965
digital_events,dataset/digital_events/year=2025/month=11/day=13/digital_events_20251113.csv,29055,26,6990052
digital_events,dataset/digital_events/year=2025/month=11/day=14/digital_events_20251114.csv,10608,26,2552485
digital_events,dataset/digital_events/year=2025/month=11/day=15/digital_events_20251115.csv,6268,26,1510086
digital_events,dataset/digital_events/year=2025/month=11/day=16/digital_events_20251116.csv,11484,26,2759447
digital_events,dataset/digital_events/year=2025/month=11/day=17/digital_events_20251117.csv,10260,26,2472166
digital_events,dataset/digital_events/year=2025/month=11/day=18/digital_events_20251118.csv,21680,26,5217413
digital_events,dataset/digital_events/year=2025/month=11/day=19/digital_events_20251119.csv,14747,26,3548326
digital_events,dataset/digital_events/year=2025/month=11/day=20/digital_events_20251120.csv,30987,26,7462600
digital_events,dataset/digital_events/year=2025/month=11/day=21/digital_events_20251121.csv,29748,26,7159262
digital_events,dataset/digital_events/year=2025/month=11/day=22/digital_events_20251122.csv,9842,26,2364675
digital_events,dataset/digital_events/year=2025/month=11/day=23/digital_events_20251123.csv,11323,26,2726396
digital_events,dataset/digital_events/year=2025/month=11/day=24/digital_events_20251124.csv,9849,26,2361592
digital_events,dataset/digital_events/year=2025/month=11/day=25/digital_events_20251125.csv,11594,26,2785973
digital_events,dataset/digital_events/year=2025/month=11/day=26/digital_events_20251126.csv,16784,26,4031140
digital_events,dataset/digital_events/year=2025/month=11/day=27/digital_events_20251127.csv,10158,26,2441544
digital_events,dataset/digital_events/year=2025/month=11/day=28/digital_events_20251128.csv,10511,26,2536905
digital_events,dataset/digital_events/year=2025/month=11/day=29/digital_events_20251129.csv,7627,26,1829079
digital_events,dataset/digital_events/year=2025/month=11/day=30/digital_events_20251130.csv,8046,26,1937842
digital_events,dataset/digital_events/year=2025/month=12/day=01/digital_events_20251201.csv,8521,26,2046163
digital_events,dataset/digital_events/year=2025/month=12/day=02/digital_events_20251202.csv,16373,26,3934475
digital_events,dataset/digital_events/year=2025/month=12/day=03/digital_events_20251203.csv,9233,26,2219545
digital_events,dataset/digital_events/year=2025/month=12/day=04/digital_events_20251204.csv,11536,26,2773395
digital_events,dataset/digital_events/year=2025/month=12/day=05/digital_events_20251205.csv,22411,26,5387121
digital_events,dataset/digital_events/year=2025/month=12/day=06/digital_events_20251206.csv,9345,26,2247814
digital_events,dataset/digital_events/year=2025/month=12/day=07/digital_events_20251207.csv,8268,26,1985556
digital_events,dataset/digital_events/year=2025/month=12/day=08/digital_events_20251208.csv,30203,26,7266535
digital_events,dataset/digital_events/year=2025/month=12/day=09/digital_events_20251209.csv,8520,26,2049750
digital_events,dataset/digital_events/year=2025/month=12/day=10/digital_events_20251210.csv,16875,26,4058138
digital_events,dataset/digital_events/year=2025/month=12/day=11/digital_events_20251211.csv,30925,26,7426587
digital_events,dataset/digital_events/year=2025/month=12/day=12/digital_events_20251212.csv,14580,26,3502194
digital_events,dataset/digital_events/year=2025/month=12/day=13/digital_events_20251213.csv,6463,26,1551363
digital_events,dataset/digital_events/year=2025/month=12/day=14/digital_events_20251214.csv,7973,26,1914246
digital_events,dataset/digital_events/year=2025/month=12/day=15/digital_events_20251215.csv,30138,26,7246484
digital_events,dataset/digital_events/year=2025/month=12/day=16/digital_events_20251216.csv,10240,26,2462192
digital_events,dataset/digital_events/year=2025/month=12/day=17/digital_events_20251217.csv,14140,26,3401803
digital_events,dataset/digital_events/year=2025/month=12/day=18/digital_events_20251218.csv,21382,26,5141643
digital_events,dataset/digital_events/year=2025/month=12/day=19/digital_events_20251219.csv,12600,26,3031432
digital_events,dataset/digital_events/year=2025/month=12/day=20/digital_events_20251220.csv,6974,26,1676826
digital_events,dataset/digital_events/year=2025/month=12/day=21/digital_events_20251221.csv,10601,26,2547389
digital_events,dataset/digital_events/year=2025/month=12/day=22/digital_events_20251222.csv,13896,26,3340084
digital_events,dataset/digital_events/year=2025/month=12/day=23/digital_events_20251223.csv,11838,26,2849030
digital_events,dataset/digital_events/year=2025/month=12/day=24/digital_events_20251224.csv,12113,26,2915960
digital_events,dataset/digital_events/year=2025/month=12/day=25/digital_events_20251225.csv,22449,26,5394949
digital_events,dataset/digital_events/year=2025/month=12/day=26/digital_events_20251226.csv,12772,26,3070098
digital_events,dataset/digital_events/year=2025/month=12/day=27/digital_events_20251227.csv,7123,26,1716173
digital_events,dataset/digital_events/year=2025/month=12/day=28/digital_events_20251228.csv,5598,26,1345473
digital_events,dataset/digital_events/year=2025/month=12/day=29/digital_events_20251229.csv,11865,26,2847181
digital_events,dataset/digital_events/year=2025/month=12/day=30/digital_events_20251230.csv,9995,26,2406732
digital_events,dataset/digital_events/year=2025/month=12/day=31/digital_events_20251231.csv,10494,26,2524541
digital_events,dataset/digital_events/year=2026/month=01/day=01/digital_events_20260101.csv,28142,26,6781129
digital_events,dataset/digital_events/year=2026/month=01/day=02/digital_events_20260102.csv,17374,26,4174514
digital_events,dataset/digital_events/year=2026/month=01/day=03/digital_events_20260103.csv,9010,26,2164372
digital_events,dataset/digital_events/year=2026/month=01/day=04/digital_events_20260104.csv,12067,26,2900758
digital_events,dataset/digital_events/year=2026/month=01/day=05/digital_events_20260105.csv,17235,26,4148982
digital_events,dataset/digital_events/year=2026/month=01/day=06/digital_events_20260106.csv,19515,26,4699504
digital_events,dataset/digital_events/year=2026/month=01/day=07/digital_events_20260107.csv,9796,26,2359423
digital_events,dataset/digital_events/year=2026/month=01/day=08/digital_events_20260108.csv,15053,26,3623100
digital_events,dataset/digital_events/year=2026/month=01/day=09/digital_events_20260109.csv,14329,26,3451751
digital_events,dataset/digital_events/year=2026/month=01/day=10/digital_events_20260110.csv,16381,26,3936273
digital_events,dataset/digital_events/year=2026/month=01/day=11/digital_events_20260111.csv,11049,26,2653742
digital_events,dataset/digital_events/year=2026/month=01/day=12/digital_events_20260112.csv,29489,26,7083391
digital_events,dataset/digital_events/year=2026/month=01/day=13/digital_events_20260113.csv,29236,26,7039228
digital_events,dataset/digital_events/year=2026/month=01/day=14/digital_events_20260114.csv,11002,26,2642349
digital_events,dataset/digital_events/year=2026/month=01/day=15/digital_events_20260115.csv,23172,26,5566811
digital_events,dataset/digital_events/year=2026/month=01/day=16/digital_events_20260116.csv,11388,26,2741360
digital_events,dataset/digital_events/year=2026/month=01/day=17/digital_events_20260117.csv,13660,26,3284732
digital_events,dataset/digital_events/year=2026/month=01/day=18/digital_events_20260118.csv,6178,26,1486277
digital_events,dataset/digital_events/year=2026/month=01/day=19/digital_events_20260119.csv,25558,26,6149464
digital_events,dataset/digital_events/year=2026/month=01/day=20/digital_events_20260120.csv,25706,26,6176238
digital_events,dataset/digital_events/year=2026/month=01/day=21/digital_events_20260121.csv,12263,26,2953623
digital_events,dataset/digital_events/year=2026/month=01/day=22/digital_events_20260122.csv,9570,26,2297589
digital_events,dataset/digital_events/year=2026/month=01/day=23/digital_events_20260123.csv,29873,26,7176666
digital_events,dataset/digital_events/year=2026/month=01/day=24/digital_events_20260124.csv,7077,26,1705478
digital_events,dataset/digital_events/year=2026/month=01/day=25/digital_events_20260125.csv,7527,26,1810950
digital_events,dataset/digital_events/year=2026/month=01/day=26/digital_events_20260126.csv,19067,26,4592840
digital_events,dataset/digital_events/year=2026/month=01/day=27/digital_events_20260127.csv,13611,26,3273311
digital_events,dataset/digital_events/year=2026/month=01/day=28/digital_events_20260128.csv,18760,26,4501277
digital_events,dataset/digital_events/year=2026/month=01/day=29/digital_events_20260129.csv,16374,26,3934660
digital_events,dataset/digital_events/year=2026/month=01/day=30/digital_events_20260130.csv,27725,26,6670682
digital_events,dataset/digital_events/year=2026/month=01/day=31/digital_events_20260131.csv,8207,26,1974810
digital_events,dataset/digital_events/year=2026/month=02/day=01/digital_events_20260201.csv,12969,26,3113809
digital_events,dataset/digital_events/year=2026/month=02/day=02/digital_events_20260202.csv,16915,26,4067120
digital_events,dataset/digital_events/year=2026/month=02/day=03/digital_events_20260203.csv,21538,26,5175090
digital_events,dataset/digital_events/year=2026/month=02/day=04/digital_events_20260204.csv,12595,26,3029845
digital_events,dataset/digital_events/year=2026/month=02/day=05/digital_events_20260205.csv,13805,26,3321077
digital_events,dataset/digital_events/year=2026/month=02/day=06/digital_events_20260206.csv,22413,26,5382514
digital_events,dataset/digital_events/year=2026/month=02/day=07/digital_events_20260207.csv,8190,26,1969730
digital_events,dataset/digital_events/year=2026/month=02/day=08/digital_events_20260208.csv,14313,26,3445685
digital_events,dataset/digital_events/year=2026/month=02/day=09/digital_events_20260209.csv,12877,26,3096763
digital_events,dataset/digital_events/year=2026/month=02/day=10/digital_events_20260210.csv,27409,26,6605940
digital_events,dataset/digital_events/year=2026/month=02/day=11/digital_events_20260211.csv,27285,26,6564613
digital_events,dataset/digital_events/year=2026/month=02/day=12/digital_events_20260212.csv,13414,26,3227763
digital_events,dataset/digital_events/year=2026/month=02/day=13/digital_events_20260213.csv,13917,26,3353450
digital_events,dataset/digital_events/year=2026/month=02/day=14/digital_events_20260214.csv,12657,26,3044514
digital_events,dataset/digital_events/year=2026/month=02/day=15/digital_events_20260215.csv,10524,26,2532011
digital_events,dataset/digital_events/year=2026/month=02/day=16/digital_events_20260216.csv,14666,26,3524539
digital_events,dataset/digital_events/year=2026/month=02/day=17/digital_events_20260217.csv,11709,26,2816723
digital_events,dataset/digital_events/year=2026/month=02/day=18/digital_events_20260218.csv,28321,26,6813497
digital_events,dataset/digital_events/year=2026/month=02/day=19/digital_events_20260219.csv,17890,26,4305317
digital_events,dataset/digital_events/year=2026/month=02/day=20/digital_events_20260220.csv,11535,26,2776675
digital_events,dataset/digital_events/year=2026/month=02/day=21/digital_events_20260221.csv,7021,26,1688919
digital_events,dataset/digital_events/year=2026/month=02/day=22/digital_events_20260222.csv,7703,26,1854482
digital_events,dataset/digital_events/year=2026/month=02/day=23/digital_events_20260223.csv,9173,26,2203007
digital_events,dataset/digital_events/year=2026/month=02/day=24/digital_events_20260224.csv,9779,26,2354937
digital_events,dataset/digital_events/year=2026/month=02/day=25/digital_events_20260225.csv,12945,26,3114446
digital_events,dataset/digital_events/year=2026/month=02/day=26/digital_events_20260226.csv,18473,26,4440383
digital_events,dataset/digital_events/year=2026/month=02/day=27/digital_events_20260227.csv,16112,26,3875790
digital_events,dataset/digital_events/year=2026/month=02/day=28/digital_events_20260228.csv,5463,26,1316202
digital_events,dataset/digital_events/year=2026/month=03/day=01/digital_events_20260301.csv,10397,26,2498804
digital_events,dataset/digital_events/year=2026/month=03/day=02/digital_events_20260302.csv,14102,26,3391023
digital_events,dataset/digital_events/year=2026/month=03/day=03/digital_events_20260303.csv,15213,26,3671962
digital_events,dataset/digital_events/year=2026/month=03/day=04/digital_events_20260304.csv,29331,26,7045822
digital_events,dataset/digital_events/year=2026/month=03/day=05/digital_events_20260305.csv,20872,26,5030217
digital_events,dataset/digital_events/year=2026/month=03/day=06/digital_events_20260306.csv,15616,26,3762597
digital_events,dataset/digital_events/year=2026/month=03/day=07/digital_events_20260307.csv,5635,26,1356281
digital_events,dataset/digital_events/year=2026/month=03/day=08/digital_events_20260308.csv,6793,26,1629386
digital_events,dataset/digital_events/year=2026/month=03/day=09/digital_events_20260309.csv,22813,26,5492209
digital_events,dataset/digital_events/year=2026/month=03/day=10/digital_events_20260310.csv,18719,26,4502828
digital_events,dataset/digital_events/year=2026/month=03/day=11/digital_events_20260311.csv,24576,26,5917176
digital_events,dataset/digital_events/year=2026/month=03/day=12/digital_events_20260312.csv,12110,26,2907519
digital_events,dataset/digital_events/year=2026/month=03/day=13/digital_events_20260313.csv,14540,26,3501740
digital_events,dataset/digital_events/year=2026/month=03/day=14/digital_events_20260314.csv,10343,26,2491249
digital_events,dataset/digital_events/year=2026/month=03/day=15/digital_events_20260315.csv,21208,26,5105020
digital_events,dataset/digital_events/year=2026/month=03/day=16/digital_events_20260316.csv,14886,26,3569675
digital_events,dataset/digital_events/year=2026/month=03/day=17/digital_events_20260317.csv,13599,26,3270958
digital_events,dataset/digital_events/year=2026/month=03/day=18/digital_events_20260318.csv,11424,26,2752501
digital_events,dataset/digital_events/year=2026/month=03/day=19/digital_events_20260319.csv,8772,26,2108863
digital_events,dataset/digital_events/year=2026/month=03/day=20/digital_events_20260320.csv,10620,26,2552783
digital_events,dataset/digital_events/year=2026/month=03/day=21/digital_events_20260321.csv,15102,26,3637672
digital_events,dataset/digital_events/year=2026/month=03/day=22/digital_events_20260322.csv,8712,26,2100730
digital_events,dataset/digital_events/year=2026/month=03/day=23/digital_events_20260323.csv,14324,26,3446250
digital_events,dataset/digital_events/year=2026/month=03/day=24/digital_events_20260324.csv,8902,26,2139990
digital_events,dataset/digital_events/year=2026/month=03/day=25/digital_events_20260325.csv,10846,26,2617785
digital_events,dataset/digital_events/year=2026/month=03/day=26/digital_events_20260326.csv,12076,26,2906665
digital_events,dataset/digital_events/year=2026/month=03/day=27/digital_events_20260327.csv,14386,26,3459958
digital_events,dataset/digital_events/year=2026/month=03/day=28/digital_events_20260328.csv,7190,26,1729294
digital_events,dataset/digital_events/year=2026/month=03/day=29/digital_events_20260329.csv,8409,26,2025869
digital_events,dataset/digital_events/year=2026/month=03/day=30/digital_events_20260330.csv,9584,26,2304745
digital_events,dataset/digital_events/year=2026/month=03/day=31/digital_events_20260331.csv,22546,26,5434462
digital_events,dataset/digital_events/year=2026/month=04/day=01/digital_events_20260401.csv,10202,26,2457734
digital_events,dataset/digital_events/year=2026/month=04/day=02/digital_events_20260402.csv,16232,26,3905914
digital_events,dataset/digital_events/year=2026/month=04/day=03/digital_events_20260403.csv,10104,26,2429945
digital_events,dataset/digital_events/year=2026/month=04/day=04/digital_events_20260404.csv,6805,26,1640533
digital_events,dataset/digital_events/year=2026/month=04/day=05/digital_events_20260405.csv,6486,26,1550897
digital_events,dataset/digital_events/year=2026/month=04/day=06/digital_events_20260406.csv,18706,26,4490663
digital_events,dataset/digital_events/year=2026/month=04/day=07/digital_events_20260407.csv,10356,26,2488199
digital_events,dataset/digital_events/year=2026/month=04/day=08/digital_events_20260408.csv,22233,26,5351832
digital_events,dataset/digital_events/year=2026/month=04/day=09/digital_events_20260409.csv,13088,26,3144288
digital_events,dataset/digital_events/year=2026/month=04/day=10/digital_events_20260410.csv,22716,26,5453103
digital_events,dataset/digital_events/year=2026/month=04/day=11/digital_events_20260411.csv,13205,26,3175413
digital_events,dataset/digital_events/year=2026/month=04/day=12/digital_events_20260412.csv,10479,26,2515491
digital_events,dataset/digital_events/year=2026/month=04/day=13/digital_events_20260413.csv,10287,26,2477516
digital_events,dataset/digital_events/year=2026/month=04/day=14/digital_events_20260414.csv,29453,26,7096722
digital_events,dataset/digital_events/year=2026/month=04/day=15/digital_events_20260415.csv,18660,26,4486061
digital_events,dataset/digital_events/year=2026/month=04/day=16/digital_events_20260416.csv,14766,26,3543592
digital_events,dataset/digital_events/year=2026/month=04/day=17/digital_events_20260417.csv,18387,26,4413995
digital_events,dataset/digital_events/year=2026/month=04/day=18/digital_events_20260418.csv,12426,26,2988308
digital_events,dataset/digital_events/year=2026/month=04/day=19/digital_events_20260419.csv,6989,26,1680023
digital_events,dataset/digital_events/year=2026/month=04/day=20/digital_events_20260420.csv,15856,26,3815398
digital_events,dataset/digital_events/year=2026/month=04/day=21/digital_events_20260421.csv,17679,26,4252842
digital_events,dataset/digital_events/year=2026/month=04/day=22/digital_events_20260422.csv,14822,26,3565482
digital_events,dataset/digital_events/year=2026/month=04/day=23/digital_events_20260423.csv,17837,26,4287539
digital_events,dataset/digital_events/year=2026/month=04/day=24/digital_events_20260424.csv,15070,26,3628891
digital_events,dataset/digital_events/year=2026/month=04/day=25/digital_events_20260425.csv,16111,26,3881074
digital_events,dataset/digital_events/year=2026/month=04/day=26/digital_events_20260426.csv,9659,26,2320008
digital_events,dataset/digital_events/year=2026/month=04/day=27/digital_events_20260427.csv,9326,26,2240815
digital_events,dataset/digital_events/year=2026/month=04/day=28/digital_events_20260428.csv,12121,26,2907146
digital_events,dataset/digital_events/year=2026/month=04/day=29/digital_events_20260429.csv,12230,26,2939872
digital_events,dataset/digital_events/year=2026/month=04/day=30/digital_events_20260430.csv,12611,26,3038323
digital_events,dataset/digital_events/year=2026/month=05/day=01/digital_events_20260501.csv,10215,26,2457399
digital_events,dataset/digital_events/year=2026/month=05/day=02/digital_events_20260502.csv,20053,26,4825826
digital_events,dataset/digital_events/year=2026/month=05/day=03/digital_events_20260503.csv,7999,26,1926650
digital_events,dataset/digital_events/year=2026/month=05/day=04/digital_events_20260504.csv,11730,26,2827297
digital_events,dataset/digital_events/year=2026/month=05/day=05/digital_events_20260505.csv,17746,26,4267083
digital_events,dataset/digital_events/year=2026/month=05/day=06/digital_events_20260506.csv,30368,26,7303290
digital_events,dataset/digital_events/year=2026/month=05/day=07/digital_events_20260507.csv,17944,26,4306733
digital_events,dataset/digital_events/year=2026/month=05/day=08/digital_events_20260508.csv,13972,26,3360662
digital_events,dataset/digital_events/year=2026/month=05/day=09/digital_events_20260509.csv,15487,26,3724520
digital_events,dataset/digital_events/year=2026/month=05/day=10/digital_events_20260510.csv,7667,26,1840356
digital_events,dataset/digital_events/year=2026/month=05/day=11/digital_events_20260511.csv,9097,26,2189180
digital_events,dataset/digital_events/year=2026/month=05/day=12/digital_events_20260512.csv,11758,26,2832712
digital_events,dataset/digital_events/year=2026/month=05/day=13/digital_events_20260513.csv,13739,26,3308056
digital_events,dataset/digital_events/year=2026/month=05/day=14/digital_events_20260514.csv,11760,26,2823289
digital_events,dataset/digital_events/year=2026/month=05/day=15/digital_events_20260515.csv,12930,26,3119738
digital_events,dataset/digital_events/year=2026/month=05/day=16/digital_events_20260516.csv,15900,26,3825970
digital_events,dataset/digital_events/year=2026/month=05/day=17/digital_events_20260517.csv,15409,26,3707386
digital_events,dataset/digital_events/year=2026/month=05/day=18/digital_events_20260518.csv,23656,26,5708631
digital_events,dataset/digital_events/year=2026/month=05/day=19/digital_events_20260519.csv,12795,26,3075950
digital_events,dataset/digital_events/year=2026/month=05/day=20/digital_events_20260520.csv,9577,26,2305499
digital_events,dataset/digital_events/year=2026/month=05/day=21/digital_events_20260521.csv,11627,26,2794776
digital_events,dataset/digital_events/year=2026/month=05/day=22/digital_events_20260522.csv,13133,26,3160840
digital_events,dataset/digital_events/year=2026/month=05/day=23/digital_events_20260523.csv,19812,26,4769568
digital_events,dataset/digital_events/year=2026/month=05/day=24/digital_events_20260524.csv,6285,26,1518820
digital_events,dataset/digital_events/year=2026/month=05/day=25/digital_events_20260525.csv,11146,26,2681665
digital_events,dataset/digital_events/year=2026/month=05/day=26/digital_events_20260526.csv,13824,26,3328172
digital_events,dataset/digital_events/year=2026/month=05/day=27/digital_events_20260527.csv,26071,26,6268594
digital_events,dataset/digital_events/year=2026/month=05/day=28/digital_events_20260528.csv,9792,26,2354265
digital_events,dataset/digital_events/year=2026/month=05/day=29/digital_events_20260529.csv,8578,26,2064922
digital_events,dataset/digital_events/year=2026/month=05/day=30/digital_events_20260530.csv,6958,26,1675075
digital_events,dataset/digital_events/year=2026/month=05/day=31/digital_events_20260531.csv,8221,26,1970495
digital_events,dataset/digital_events/year=2026/month=06/day=01/digital_events_20260601.csv,10359,26,2496148
digital_events,dataset/digital_events/year=2026/month=06/day=02/digital_events_20260602.csv,10181,26,2447823
digital_events,dataset/digital_events/year=2026/month=06/day=03/digital_events_20260603.csv,19301,26,4644113
digital_events,dataset/digital_events/year=2026/month=06/day=04/digital_events_20260604.csv,14033,26,3381096
digital_events,dataset/digital_events/year=2026/month=06/day=05/digital_events_20260605.csv,10948,26,2634572
digital_events,dataset/digital_events/year=2026/month=06/day=06/digital_events_20260606.csv,14021,26,3365878
digital_events,dataset/digital_events/year=2026/month=06/day=07/digital_events_20260607.csv,10929,26,2624343
digital_events,dataset/digital_events/year=2026/month=06/day=08/digital_events_20260608.csv,24740,26,5946410
digital_events,dataset/digital_events/year=2026/month=06/day=09/digital_events_20260609.csv,9089,26,2189828
digital_events,dataset/digital_events/year=2026/month=06/day=10/digital_events_20260610.csv,15674,26,3767336
digital_events,dataset/digital_events/year=2026/month=06/day=11/digital_events_20260611.csv,29173,26,7012825
digital_events,dataset/digital_events/year=2026/month=06/day=12/digital_events_20260612.csv,30094,26,7239395
digital_events,dataset/digital_events/year=2026/month=06/day=13/digital_events_20260613.csv,5679,26,1365497
digital_events,dataset/digital_events/year=2026/month=06/day=14/digital_events_20260614.csv,6451,26,1550765
digital_events,dataset/digital_events/year=2026/month=06/day=15/digital_events_20260615.csv,20676,26,4978437
digital_events,dataset/digital_events/year=2026/month=06/day=16/digital_events_20260616.csv,11809,26,2840203
digital_events,dataset/digital_events/year=2026/month=06/day=17/digital_events_20260617.csv,8810,26,2119261
marketing_campaigns,dataset/marketing_campaigns.csv,200,13,32710
products,dataset/products.csv,400000,17,68213646
satisfaction_surveys,dataset/satisfaction_surveys/year=2023/month=06/day=17/satisfaction_surveys_20230617.csv,119,20,26625
satisfaction_surveys,dataset/satisfaction_surveys/year=2023/month=06/day=18/satisfaction_surveys_20230618.csv,119,20,26269
satisfaction_surveys,dataset/satisfaction_surveys/year=2023/month=06/day=19/satisfaction_surveys_20230619.csv,253,20,53944
satisfaction_surveys,dataset/satisfaction_surveys/year=2023/month=06/day=20/satisfaction_surveys_20230620.csv,224,20,49207
satisfaction_surveys,dataset/satisfaction_surveys/year=2023/month=06/day=21/satisfaction_surveys_20230621.csv,212,20,45919
satisfaction_surveys,dataset/satisfaction_surveys/year=2023/month=06/day=22/satisfaction_surveys_20230622.csv,191,20,42126
satisfaction_surveys,dataset/satisfaction_surveys/year=2023/month=06/day=23/satisfaction_surveys_20230623.csv,244,20,53131
satisfaction_surveys,dataset/satisfaction_surveys/year=2023/month=06/day=24/satisfaction_surveys_20230624.csv,128,20,28841
satisfaction_surveys,dataset/satisfaction_surveys/year=2023/month=06/day=25/satisfaction_surveys_20230625.csv,92,20,20263
satisfaction_surveys,dataset/satisfaction_surveys/year=2023/month=06/day=26/satisfaction_surveys_20230626.csv,257,20,55849
satisfaction_surveys,dataset/satisfaction_surveys/year=2023/month=06/day=27/satisfaction_surveys_20230627.csv,268,20,58241
satisfaction_surveys,dataset/satisfaction_surveys/year=2023/month=06/day=28/satisfaction_surveys_20230628.csv,270,20,58854
satisfaction_surveys,dataset/satisfaction_surveys/year=2023/month=06/day=29/satisfaction_surveys_20230629.csv,265,20,56860
satisfaction_surveys,dataset/satisfaction_surveys/year=2023/month=06/day=30/satisfaction_surveys_20230630.csv,227,20,49239
satisfaction_surveys,dataset/satisfaction_surveys/year=2023/month=07/day=01/satisfaction_surveys_20230701.csv,109,20,23972
satisfaction_surveys,dataset/satisfaction_surveys/year=2023/month=07/day=02/satisfaction_surveys_20230702.csv,120,20,26682
satisfaction_surveys,dataset/satisfaction_surveys/year=2023/month=07/day=03/satisfaction_surveys_20230703.csv,246,20,53646
satisfaction_surveys,dataset/satisfaction_surveys/year=2023/month=07/day=04/satisfaction_surveys_20230704.csv,258,20,56255
satisfaction_surveys,dataset/satisfaction_surveys/year=2023/month=07/day=05/satisfaction_surveys_20230705.csv,242,20,52804
satisfaction_surveys,dataset/satisfaction_surveys/year=2023/month=07/day=06/satisfaction_surveys_20230706.csv,268,20,57736
satisfaction_surveys,dataset/satisfaction_surveys/year=2023/month=07/day=07/satisfaction_surveys_20230707.csv,228,20,49411
satisfaction_surveys,dataset/satisfaction_surveys/year=2023/month=07/day=08/satisfaction_surveys_20230708.csv,123,20,26619
satisfaction_surveys,dataset/satisfaction_surveys/year=2023/month=07/day=09/satisfaction_surveys_20230709.csv,96,20,21642
satisfaction_surveys,dataset/satisfaction_surveys/year=2023/month=07/day=10/satisfaction_surveys_20230710.csv,225,20,49229
satisfaction_surveys,dataset/satisfaction_surveys/year=2023/month=07/day=11/satisfaction_surveys_20230711.csv,263,20,58194
satisfaction_surveys,dataset/satisfaction_surveys/year=2023/month=07/day=12/satisfaction_surveys_20230712.csv,203,20,44436
satisfaction_surveys,dataset/satisfaction_surveys/year=2023/month=07/day=13/satisfaction_surveys_20230713.csv,249,20,53272
satisfaction_surveys,dataset/satisfaction_surveys/year=2023/month=07/day=14/satisfaction_surveys_20230714.csv,259,20,56075
satisfaction_surveys,dataset/satisfaction_surveys/year=2023/month=07/day=15/satisfaction_surveys_20230715.csv,125,20,28125
satisfaction_surveys,dataset/satisfaction_surveys/year=2023/month=07/day=16/satisfaction_surveys_20230716.csv,116,20,25269
satisfaction_surveys,dataset/satisfaction_surveys/year=2023/month=07/day=17/satisfaction_surveys_20230717.csv,217,20,48149
satisfaction_surveys,dataset/satisfaction_surveys/year=2023/month=07/day=18/satisfaction_surveys_20230718.csv,264,20,57847
satisfaction_surveys,dataset/satisfaction_surveys/year=2023/month=07/day=19/satisfaction_surveys_20230719.csv,203,20,43203
satisfaction_surveys,dataset/satisfaction_surveys/year=2023/month=07/day=20/satisfaction_surveys_20230720.csv,225,20,49324
satisfaction_surveys,dataset/satisfaction_surveys/year=2023/month=07/day=21/satisfaction_surveys_20230721.csv,247,20,53625
satisfaction_surveys,dataset/satisfaction_surveys/year=2023/month=07/day=22/satisfaction_surveys_20230722.csv,119,20,26128
satisfaction_surveys,dataset/satisfaction_surveys/year=2023/month=07/day=23/satisfaction_surveys_20230723.csv,94,20,20455
satisfaction_surveys,dataset/satisfaction_surveys/year=2023/month=07/day=24/satisfaction_surveys_20230724.csv,184,20,39283
satisfaction_surveys,dataset/satisfaction_surveys/year=2023/month=07/day=25/satisfaction_surveys_20230725.csv,221,20,48118
satisfaction_surveys,dataset/satisfaction_surveys/year=2023/month=07/day=26/satisfaction_surveys_20230726.csv,266,20,57958
satisfaction_surveys,dataset/satisfaction_surveys/year=2023/month=07/day=27/satisfaction_surveys_20230727.csv,181,20,39005
satisfaction_surveys,dataset/satisfaction_surveys/year=2023/month=07/day=28/satisfaction_surveys_20230728.csv,207,20,45895
satisfaction_surveys,dataset/satisfaction_surveys/year=2023/month=07/day=29/satisfaction_surveys_20230729.csv,118,20,25406
satisfaction_surveys,dataset/satisfaction_surveys/year=2023/month=07/day=30/satisfaction_surveys_20230730.csv,92,20,20460
satisfaction_surveys,dataset/satisfaction_surveys/year=2023/month=07/day=31/satisfaction_surveys_20230731.csv,196,20,42480
satisfaction_surveys,dataset/satisfaction_surveys/year=2023/month=08/day=01/satisfaction_surveys_20230801.csv,258,20,56260
satisfaction_surveys,dataset/satisfaction_surveys/year=2023/month=08/day=02/satisfaction_surveys_20230802.csv,188,20,41187
satisfaction_surveys,dataset/satisfaction_surveys/year=2023/month=08/day=03/satisfaction_surveys_20230803.csv,256,20,55677
satisfaction_surveys,dataset/satisfaction_surveys/year=2023/month=08/day=04/satisfaction_surveys_20230804.csv,181,20,39936
satisfaction_surveys,dataset/satisfaction_surveys/year=2023/month=08/day=05/satisfaction_surveys_20230805.csv,135,20,30315
satisfaction_surveys,dataset/satisfaction_surveys/year=2023/month=08/day=06/satisfaction_surveys_20230806.csv,131,20,28371
satisfaction_surveys,dataset/satisfaction_surveys/year=2023/month=08/day=07/satisfaction_surveys_20230807.csv,193,20,42493
satisfaction_surveys,dataset/satisfaction_surveys/year=2023/month=08/day=08/satisfaction_surveys_20230808.csv,252,20,55269
satisfaction_surveys,dataset/satisfaction_surveys/year=2023/month=08/day=09/satisfaction_surveys_20230809.csv,186,20,40751
satisfaction_surveys,dataset/satisfaction_surveys/year=2023/month=08/day=10/satisfaction_surveys_20230810.csv,220,20,47867
satisfaction_surveys,dataset/satisfaction_surveys/year=2023/month=08/day=11/satisfaction_surveys_20230811.csv,239,20,52198
satisfaction_surveys,dataset/satisfaction_surveys/year=2023/month=08/day=12/satisfaction_surveys_20230812.csv,105,20,22951
satisfaction_surveys,dataset/satisfaction_surveys/year=2023/month=08/day=13/satisfaction_surveys_20230813.csv,97,20,20925
satisfaction_surveys,dataset/satisfaction_surveys/year=2023/month=08/day=14/satisfaction_surveys_20230814.csv,213,20,46355
satisfaction_surveys,dataset/satisfaction_surveys/year=2023/month=08/day=15/satisfaction_surveys_20230815.csv,245,20,52534
satisfaction_surveys,dataset/satisfaction_surveys/year=2023/month=08/day=16/satisfaction_surveys_20230816.csv,191,20,42738
satisfaction_surveys,dataset/satisfaction_surveys/year=2023/month=08/day=17/satisfaction_surveys_20230817.csv,255,20,54994
satisfaction_surveys,dataset/satisfaction_surveys/year=2023/month=08/day=18/satisfaction_surveys_20230818.csv,270,20,58498
satisfaction_surveys,dataset/satisfaction_surveys/year=2023/month=08/day=19/satisfaction_surveys_20230819.csv,92,20,20552
satisfaction_surveys,dataset/satisfaction_surveys/year=2023/month=08/day=20/satisfaction_surveys_20230820.csv,92,20,19695
satisfaction_surveys,dataset/satisfaction_surveys/year=2023/month=08/day=21/satisfaction_surveys_20230821.csv,237,20,52292
satisfaction_surveys,dataset/satisfaction_surveys/year=2023/month=08/day=22/satisfaction_surveys_20230822.csv,214,20,45167
satisfaction_surveys,dataset/satisfaction_surveys/year=2023/month=08/day=23/satisfaction_surveys_20230823.csv,245,20,53761
satisfaction_surveys,dataset/satisfaction_surveys/year=2023/month=08/day=24/satisfaction_surveys_20230824.csv,268,20,57094
satisfaction_surveys,dataset/satisfaction_surveys/year=2023/month=08/day=25/satisfaction_surveys_20230825.csv,202,20,43663
satisfaction_surveys,dataset/satisfaction_surveys/year=2023/month=08/day=26/satisfaction_surveys_20230826.csv,94,20,21221
satisfaction_surveys,dataset/satisfaction_surveys/year=2023/month=08/day=27/satisfaction_surveys_20230827.csv,120,20,25006
satisfaction_surveys,dataset/satisfaction_surveys/year=2023/month=08/day=28/satisfaction_surveys_20230828.csv,242,20,53459
satisfaction_surveys,dataset/satisfaction_surveys/year=2023/month=08/day=29/satisfaction_surveys_20230829.csv,231,20,49986
satisfaction_surveys,dataset/satisfaction_surveys/year=2023/month=08/day=30/satisfaction_surveys_20230830.csv,246,20,53213
satisfaction_surveys,dataset/satisfaction_surveys/year=2023/month=08/day=31/satisfaction_surveys_20230831.csv,217,20,48182
satisfaction_surveys,dataset/satisfaction_surveys/year=2023/month=09/day=01/satisfaction_surveys_20230901.csv,208,20,45177
satisfaction_surveys,dataset/satisfaction_surveys/year=2023/month=09/day=02/satisfaction_surveys_20230902.csv,100,20,22068
satisfaction_surveys,dataset/satisfaction_surveys/year=2023/month=09/day=03/satisfaction_surveys_20230903.csv,110,20,23761
satisfaction_surveys,dataset/satisfaction_surveys/year=2023/month=09/day=04/satisfaction_surveys_20230904.csv,199,20,43096
satisfaction_surveys,dataset/satisfaction_surveys/year=2023/month=09/day=05/satisfaction_surveys_20230905.csv,247,20,51838
satisfaction_surveys,dataset/satisfaction_surveys/year=2023/month=09/day=06/satisfaction_surveys_20230906.csv,266,20,58474
satisfaction_surveys,dataset/satisfaction_surveys/year=2023/month=09/day=07/satisfaction_surveys_20230907.csv,221,20,49044
satisfaction_surveys,dataset/satisfaction_surveys/year=2023/month=09/day=08/satisfaction_surveys_20230908.csv,248,20,53706
satisfaction_surveys,dataset/satisfaction_surveys/year=2023/month=09/day=09/satisfaction_surveys_20230909.csv,111,20,24230
satisfaction_surveys,dataset/satisfaction_surveys/year=2023/month=09/day=10/satisfaction_surveys_20230910.csv,105,20,22923
satisfaction_surveys,dataset/satisfaction_surveys/year=2023/month=09/day=11/satisfaction_surveys_20230911.csv,190,20,41188
satisfaction_surveys,dataset/satisfaction_surveys/year=2023/month=09/day=12/satisfaction_surveys_20230912.csv,224,20,47913
satisfaction_surveys,dataset/satisfaction_surveys/year=2023/month=09/day=13/satisfaction_surveys_20230913.csv,222,20,49670
satisfaction_surveys,dataset/satisfaction_surveys/year=2023/month=09/day=14/satisfaction_surveys_20230914.csv,188,20,40918
satisfaction_surveys,dataset/satisfaction_surveys/year=2023/month=09/day=15/satisfaction_surveys_20230915.csv,270,20,57883
satisfaction_surveys,dataset/satisfaction_surveys/year=2023/month=09/day=16/satisfaction_surveys_20230916.csv,107,20,23650
satisfaction_surveys,dataset/satisfaction_surveys/year=2023/month=09/day=17/satisfaction_surveys_20230917.csv,106,20,23298
satisfaction_surveys,dataset/satisfaction_surveys/year=2023/month=09/day=18/satisfaction_surveys_20230918.csv,197,20,42584
satisfaction_surveys,dataset/satisfaction_surveys/year=2023/month=09/day=19/satisfaction_surveys_20230919.csv,228,20,50239
satisfaction_surveys,dataset/satisfaction_surveys/year=2023/month=09/day=20/satisfaction_surveys_20230920.csv,205,20,44891
satisfaction_surveys,dataset/satisfaction_surveys/year=2023/month=09/day=21/satisfaction_surveys_20230921.csv,188,20,40514
satisfaction_surveys,dataset/satisfaction_surveys/year=2023/month=09/day=22/satisfaction_surveys_20230922.csv,270,20,58363
satisfaction_surveys,dataset/satisfaction_surveys/year=2023/month=09/day=23/satisfaction_surveys_20230923.csv,129,20,28225
satisfaction_surveys,dataset/satisfaction_surveys/year=2023/month=09/day=24/satisfaction_surveys_20230924.csv,107,20,23183
satisfaction_surveys,dataset/satisfaction_surveys/year=2023/month=09/day=25/satisfaction_surveys_20230925.csv,198,20,42536
satisfaction_surveys,dataset/satisfaction_surveys/year=2023/month=09/day=26/satisfaction_surveys_20230926.csv,190,20,41565
satisfaction_surveys,dataset/satisfaction_surveys/year=2023/month=09/day=27/satisfaction_surveys_20230927.csv,246,20,52742
satisfaction_surveys,dataset/satisfaction_surveys/year=2023/month=09/day=28/satisfaction_surveys_20230928.csv,222,20,48770
satisfaction_surveys,dataset/satisfaction_surveys/year=2023/month=09/day=29/satisfaction_surveys_20230929.csv,246,20,53501
satisfaction_surveys,dataset/satisfaction_surveys/year=2023/month=09/day=30/satisfaction_surveys_20230930.csv,114,20,24930
satisfaction_surveys,dataset/satisfaction_surveys/year=2023/month=10/day=01/satisfaction_surveys_20231001.csv,133,20,28425
satisfaction_surveys,dataset/satisfaction_surveys/year=2023/month=10/day=02/satisfaction_surveys_20231002.csv,268,20,58392
satisfaction_surveys,dataset/satisfaction_surveys/year=2023/month=10/day=03/satisfaction_surveys_20231003.csv,214,20,48109
satisfaction_surveys,dataset/satisfaction_surveys/year=2023/month=10/day=04/satisfaction_surveys_20231004.csv,208,20,44738
satisfaction_surveys,dataset/satisfaction_surveys/year=2023/month=10/day=05/satisfaction_surveys_20231005.csv,248,20,53980
satisfaction_surveys,dataset/satisfaction_surveys/year=2023/month=10/day=06/satisfaction_surveys_20231006.csv,186,20,39417
satisfaction_surveys,dataset/satisfaction_surveys/year=2023/month=10/day=07/satisfaction_surveys_20231007.csv,107,20,23689
satisfaction_surveys,dataset/satisfaction_surveys/year=2023/month=10/day=08/satisfaction_surveys_20231008.csv,124,20,27424
satisfaction_surveys,dataset/satisfaction_surveys/year=2023/month=10/day=09/satisfaction_surveys_20231009.csv,181,20,39394
satisfaction_surveys,dataset/satisfaction_surveys/year=2023/month=10/day=10/satisfaction_surveys_20231010.csv,188,20,41646
satisfaction_surveys,dataset/satisfaction_surveys/year=2023/month=10/day=11/satisfaction_surveys_20231011.csv,255,20,55691
satisfaction_surveys,dataset/satisfaction_surveys/year=2023/month=10/day=12/satisfaction_surveys_20231012.csv,213,20,46758
satisfaction_surveys,dataset/satisfaction_surveys/year=2023/month=10/day=13/satisfaction_surveys_20231013.csv,206,20,44882
satisfaction_surveys,dataset/satisfaction_surveys/year=2023/month=10/day=14/satisfaction_surveys_20231014.csv,113,20,25462
satisfaction_surveys,dataset/satisfaction_surveys/year=2023/month=10/day=15/satisfaction_surveys_20231015.csv,134,20,29489
satisfaction_surveys,dataset/satisfaction_surveys/year=2023/month=10/day=16/satisfaction_surveys_20231016.csv,217,20,47302
satisfaction_surveys,dataset/satisfaction_surveys/year=2023/month=10/day=17/satisfaction_surveys_20231017.csv,233,20,51642
satisfaction_surveys,dataset/satisfaction_surveys/year=2023/month=10/day=18/satisfaction_surveys_20231018.csv,228,20,50238
satisfaction_surveys,dataset/satisfaction_surveys/year=2023/month=10/day=19/satisfaction_surveys_20231019.csv,257,20,56219
satisfaction_surveys,dataset/satisfaction_surveys/year=2023/month=10/day=20/satisfaction_surveys_20231020.csv,215,20,47771
satisfaction_surveys,dataset/satisfaction_surveys/year=2023/month=10/day=21/satisfaction_surveys_20231021.csv,122,20,26733
satisfaction_surveys,dataset/satisfaction_surveys/year=2023/month=10/day=22/satisfaction_surveys_20231022.csv,108,20,22707
satisfaction_surveys,dataset/satisfaction_surveys/year=2023/month=10/day=23/satisfaction_surveys_20231023.csv,232,20,51384
satisfaction_surveys,dataset/satisfaction_surveys/year=2023/month=10/day=24/satisfaction_surveys_20231024.csv,264,20,57159
satisfaction_surveys,dataset/satisfaction_surveys/year=2023/month=10/day=25/satisfaction_surveys_20231025.csv,235,20,50178
satisfaction_surveys,dataset/satisfaction_surveys/year=2023/month=10/day=26/satisfaction_surveys_20231026.csv,193,20,41389
satisfaction_surveys,dataset/satisfaction_surveys/year=2023/month=10/day=27/satisfaction_surveys_20231027.csv,231,20,51209
satisfaction_surveys,dataset/satisfaction_surveys/year=2023/month=10/day=28/satisfaction_surveys_20231028.csv,103,20,22461
satisfaction_surveys,dataset/satisfaction_surveys/year=2023/month=10/day=29/satisfaction_surveys_20231029.csv,116,20,25444
satisfaction_surveys,dataset/satisfaction_surveys/year=2023/month=10/day=30/satisfaction_surveys_20231030.csv,248,20,53362
satisfaction_surveys,dataset/satisfaction_surveys/year=2023/month=10/day=31/satisfaction_surveys_20231031.csv,187,20,39705
satisfaction_surveys,dataset/satisfaction_surveys/year=2023/month=11/day=01/satisfaction_surveys_20231101.csv,235,20,52039
satisfaction_surveys,dataset/satisfaction_surveys/year=2023/month=11/day=02/satisfaction_surveys_20231102.csv,200,20,43284
satisfaction_surveys,dataset/satisfaction_surveys/year=2023/month=11/day=03/satisfaction_surveys_20231103.csv,235,20,51908
satisfaction_surveys,dataset/satisfaction_surveys/year=2023/month=11/day=04/satisfaction_surveys_20231104.csv,99,20,21465
satisfaction_surveys,dataset/satisfaction_surveys/year=2023/month=11/day=05/satisfaction_surveys_20231105.csv,104,20,23005
satisfaction_surveys,dataset/satisfaction_surveys/year=2023/month=11/day=06/satisfaction_surveys_20231106.csv,264,20,56703
satisfaction_surveys,dataset/satisfaction_surveys/year=2023/month=11/day=07/satisfaction_surveys_20231107.csv,234,20,52033
satisfaction_surveys,dataset/satisfaction_surveys/year=2023/month=11/day=08/satisfaction_surveys_20231108.csv,218,20,47164
satisfaction_surveys,dataset/satisfaction_surveys/year=2023/month=11/day=09/satisfaction_surveys_20231109.csv,183,20,39616
satisfaction_surveys,dataset/satisfaction_surveys/year=2023/month=11/day=10/satisfaction_surveys_20231110.csv,190,20,41685
satisfaction_surveys,dataset/satisfaction_surveys/year=2023/month=11/day=11/satisfaction_surveys_20231111.csv,112,20,25282
satisfaction_surveys,dataset/satisfaction_surveys/year=2023/month=11/day=12/satisfaction_surveys_20231112.csv,107,20,23792
satisfaction_surveys,dataset/satisfaction_surveys/year=2023/month=11/day=13/satisfaction_surveys_20231113.csv,199,20,43657
satisfaction_surveys,dataset/satisfaction_surveys/year=2023/month=11/day=14/satisfaction_surveys_20231114.csv,267,20,59155
satisfaction_surveys,dataset/satisfaction_surveys/year=2023/month=11/day=15/satisfaction_surveys_20231115.csv,252,20,54883
satisfaction_surveys,dataset/satisfaction_surveys/year=2023/month=11/day=16/satisfaction_surveys_20231116.csv,262,20,56773
satisfaction_surveys,dataset/satisfaction_surveys/year=2023/month=11/day=17/satisfaction_surveys_20231117.csv,192,20,41826
satisfaction_surveys,dataset/satisfaction_surveys/year=2023/month=11/day=18/satisfaction_surveys_20231118.csv,95,20,21071
satisfaction_surveys,dataset/satisfaction_surveys/year=2023/month=11/day=19/satisfaction_surveys_20231119.csv,103,20,21511
satisfaction_surveys,dataset/satisfaction_surveys/year=2023/month=11/day=20/satisfaction_surveys_20231120.csv,199,20,43152
satisfaction_surveys,dataset/satisfaction_surveys/year=2023/month=11/day=21/satisfaction_surveys_20231121.csv,235,20,51012
satisfaction_surveys,dataset/satisfaction_surveys/year=2023/month=11/day=22/satisfaction_surveys_20231122.csv,219,20,47940
satisfaction_surveys,dataset/satisfaction_surveys/year=2023/month=11/day=23/satisfaction_surveys_20231123.csv,229,20,49886
satisfaction_surveys,dataset/satisfaction_surveys/year=2023/month=11/day=24/satisfaction_surveys_20231124.csv,247,20,53924
satisfaction_surveys,dataset/satisfaction_surveys/year=2023/month=11/day=25/satisfaction_surveys_20231125.csv,135,20,29908
satisfaction_surveys,dataset/satisfaction_surveys/year=2023/month=11/day=26/satisfaction_surveys_20231126.csv,106,20,23387
satisfaction_surveys,dataset/satisfaction_surveys/year=2023/month=11/day=27/satisfaction_surveys_20231127.csv,241,20,52744
satisfaction_surveys,dataset/satisfaction_surveys/year=2023/month=11/day=28/satisfaction_surveys_20231128.csv,259,20,57124
satisfaction_surveys,dataset/satisfaction_surveys/year=2023/month=11/day=29/satisfaction_surveys_20231129.csv,195,20,43232
satisfaction_surveys,dataset/satisfaction_surveys/year=2023/month=11/day=30/satisfaction_surveys_20231130.csv,188,20,40365
satisfaction_surveys,dataset/satisfaction_surveys/year=2023/month=12/day=01/satisfaction_surveys_20231201.csv,267,20,59189
satisfaction_surveys,dataset/satisfaction_surveys/year=2023/month=12/day=02/satisfaction_surveys_20231202.csv,116,20,25477
satisfaction_surveys,dataset/satisfaction_surveys/year=2023/month=12/day=03/satisfaction_surveys_20231203.csv,118,20,26603
satisfaction_surveys,dataset/satisfaction_surveys/year=2023/month=12/day=04/satisfaction_surveys_20231204.csv,233,20,49327
satisfaction_surveys,dataset/satisfaction_surveys/year=2023/month=12/day=05/satisfaction_surveys_20231205.csv,185,20,40209
satisfaction_surveys,dataset/satisfaction_surveys/year=2023/month=12/day=06/satisfaction_surveys_20231206.csv,238,20,52298
satisfaction_surveys,dataset/satisfaction_surveys/year=2023/month=12/day=07/satisfaction_surveys_20231207.csv,214,20,46253
satisfaction_surveys,dataset/satisfaction_surveys/year=2023/month=12/day=08/satisfaction_surveys_20231208.csv,237,20,52061
satisfaction_surveys,dataset/satisfaction_surveys/year=2023/month=12/day=09/satisfaction_surveys_20231209.csv,106,20,22663
satisfaction_surveys,dataset/satisfaction_surveys/year=2023/month=12/day=10/satisfaction_surveys_20231210.csv,118,20,26687
satisfaction_surveys,dataset/satisfaction_surveys/year=2023/month=12/day=11/satisfaction_surveys_20231211.csv,200,20,44050
satisfaction_surveys,dataset/satisfaction_surveys/year=2023/month=12/day=12/satisfaction_surveys_20231212.csv,262,20,57435
satisfaction_surveys,dataset/satisfaction_surveys/year=2023/month=12/day=13/satisfaction_surveys_20231213.csv,243,20,52530
satisfaction_surveys,dataset/satisfaction_surveys/year=2023/month=12/day=14/satisfaction_surveys_20231214.csv,270,20,58892
satisfaction_surveys,dataset/satisfaction_surveys/year=2023/month=12/day=15/satisfaction_surveys_20231215.csv,187,20,40730
satisfaction_surveys,dataset/satisfaction_surveys/year=2023/month=12/day=16/satisfaction_surveys_20231216.csv,98,20,21964
satisfaction_surveys,dataset/satisfaction_surveys/year=2023/month=12/day=17/satisfaction_surveys_20231217.csv,131,20,29652
satisfaction_surveys,dataset/satisfaction_surveys/year=2023/month=12/day=18/satisfaction_surveys_20231218.csv,266,20,57909
satisfaction_surveys,dataset/satisfaction_surveys/year=2023/month=12/day=19/satisfaction_surveys_20231219.csv,230,20,49503
satisfaction_surveys,dataset/satisfaction_surveys/year=2023/month=12/day=20/satisfaction_surveys_20231220.csv,247,20,53548
satisfaction_surveys,dataset/satisfaction_surveys/year=2023/month=12/day=21/satisfaction_surveys_20231221.csv,209,20,45618
satisfaction_surveys,dataset/satisfaction_surveys/year=2023/month=12/day=22/satisfaction_surveys_20231222.csv,261,20,56313
satisfaction_surveys,dataset/satisfaction_surveys/year=2023/month=12/day=23/satisfaction_surveys_20231223.csv,107,20,22650
satisfaction_surveys,dataset/satisfaction_surveys/year=2023/month=12/day=24/satisfaction_surveys_20231224.csv,117,20,24705
satisfaction_surveys,dataset/satisfaction_surveys/year=2023/month=12/day=25/satisfaction_surveys_20231225.csv,195,20,42718
satisfaction_surveys,dataset/satisfaction_surveys/year=2023/month=12/day=26/satisfaction_surveys_20231226.csv,191,20,41166
satisfaction_surveys,dataset/satisfaction_surveys/year=2023/month=12/day=27/satisfaction_surveys_20231227.csv,206,20,43137
satisfaction_surveys,dataset/satisfaction_surveys/year=2023/month=12/day=28/satisfaction_surveys_20231228.csv,206,20,43707
satisfaction_surveys,dataset/satisfaction_surveys/year=2023/month=12/day=29/satisfaction_surveys_20231229.csv,201,20,43631
satisfaction_surveys,dataset/satisfaction_surveys/year=2023/month=12/day=30/satisfaction_surveys_20231230.csv,134,20,29543
satisfaction_surveys,dataset/satisfaction_surveys/year=2023/month=12/day=31/satisfaction_surveys_20231231.csv,128,20,27765
satisfaction_surveys,dataset/satisfaction_surveys/year=2024/month=01/day=01/satisfaction_surveys_20240101.csv,263,20,56469
satisfaction_surveys,dataset/satisfaction_surveys/year=2024/month=01/day=02/satisfaction_surveys_20240102.csv,183,20,39832
satisfaction_surveys,dataset/satisfaction_surveys/year=2024/month=01/day=03/satisfaction_surveys_20240103.csv,228,20,49044
satisfaction_surveys,dataset/satisfaction_surveys/year=2024/month=01/day=04/satisfaction_surveys_20240104.csv,188,20,41450
satisfaction_surveys,dataset/satisfaction_surveys/year=2024/month=01/day=05/satisfaction_surveys_20240105.csv,232,20,51310
satisfaction_surveys,dataset/satisfaction_surveys/year=2024/month=01/day=06/satisfaction_surveys_20240106.csv,101,20,21909
satisfaction_surveys,dataset/satisfaction_surveys/year=2024/month=01/day=07/satisfaction_surveys_20240107.csv,93,20,20232
satisfaction_surveys,dataset/satisfaction_surveys/year=2024/month=01/day=08/satisfaction_surveys_20240108.csv,225,20,49489
satisfaction_surveys,dataset/satisfaction_surveys/year=2024/month=01/day=09/satisfaction_surveys_20240109.csv,211,20,45192
satisfaction_surveys,dataset/satisfaction_surveys/year=2024/month=01/day=10/satisfaction_surveys_20240110.csv,183,20,41075
satisfaction_surveys,dataset/satisfaction_surveys/year=2024/month=01/day=11/satisfaction_surveys_20240111.csv,248,20,54187
satisfaction_surveys,dataset/satisfaction_surveys/year=2024/month=01/day=12/satisfaction_surveys_20240112.csv,210,20,47103
satisfaction_surveys,dataset/satisfaction_surveys/year=2024/month=01/day=13/satisfaction_surveys_20240113.csv,117,20,25651
satisfaction_surveys,dataset/satisfaction_surveys/year=2024/month=01/day=14/satisfaction_surveys_20240114.csv,125,20,27894
satisfaction_surveys,dataset/satisfaction_surveys/year=2024/month=01/day=15/satisfaction_surveys_20240115.csv,225,20,49047
satisfaction_surveys,dataset/satisfaction_surveys/year=2024/month=01/day=16/satisfaction_surveys_20240116.csv,268,20,58506
satisfaction_surveys,dataset/satisfaction_surveys/year=2024/month=01/day=17/satisfaction_surveys_20240117.csv,256,20,55648
satisfaction_surveys,dataset/satisfaction_surveys/year=2024/month=01/day=18/satisfaction_surveys_20240118.csv,228,20,50518
satisfaction_surveys,dataset/satisfaction_surveys/year=2024/month=01/day=19/satisfaction_surveys_20240119.csv,202,20,44406
satisfaction_surveys,dataset/satisfaction_surveys/year=2024/month=01/day=20/satisfaction_surveys_20240120.csv,100,20,22366
satisfaction_surveys,dataset/satisfaction_surveys/year=2024/month=01/day=21/satisfaction_surveys_20240121.csv,114,20,24999
satisfaction_surveys,dataset/satisfaction_surveys/year=2024/month=01/day=22/satisfaction_surveys_20240122.csv,237,20,51530
satisfaction_surveys,dataset/satisfaction_surveys/year=2024/month=01/day=23/satisfaction_surveys_20240123.csv,204,20,44722
satisfaction_surveys,dataset/satisfaction_surveys/year=2024/month=01/day=24/satisfaction_surveys_20240124.csv,184,20,40028
satisfaction_surveys,dataset/satisfaction_surveys/year=2024/month=01/day=25/satisfaction_surveys_20240125.csv,216,20,47001
satisfaction_surveys,dataset/satisfaction_surveys/year=2024/month=01/day=26/satisfaction_surveys_20240126.csv,208,20,45741
satisfaction_surveys,dataset/satisfaction_surveys/year=2024/month=01/day=27/satisfaction_surveys_20240127.csv,109,20,23720
satisfaction_surveys,dataset/satisfaction_surveys/year=2024/month=01/day=28/satisfaction_surveys_20240128.csv,133,20,28571
satisfaction_surveys,dataset/satisfaction_surveys/year=2024/month=01/day=29/satisfaction_surveys_20240129.csv,199,20,43244
satisfaction_surveys,dataset/satisfaction_surveys/year=2024/month=01/day=30/satisfaction_surveys_20240130.csv,210,20,45840
satisfaction_surveys,dataset/satisfaction_surveys/year=2024/month=01/day=31/satisfaction_surveys_20240131.csv,194,20,42038
satisfaction_surveys,dataset/satisfaction_surveys/year=2024/month=02/day=01/satisfaction_surveys_20240201.csv,183,20,39263
satisfaction_surveys,dataset/satisfaction_surveys/year=2024/month=02/day=02/satisfaction_surveys_20240202.csv,214,20,46617
satisfaction_surveys,dataset/satisfaction_surveys/year=2024/month=02/day=03/satisfaction_surveys_20240203.csv,105,20,22777
satisfaction_surveys,dataset/satisfaction_surveys/year=2024/month=02/day=04/satisfaction_surveys_20240204.csv,134,20,28601
satisfaction_surveys,dataset/satisfaction_surveys/year=2024/month=02/day=05/satisfaction_surveys_20240205.csv,269,20,60059
satisfaction_surveys,dataset/satisfaction_surveys/year=2024/month=02/day=06/satisfaction_surveys_20240206.csv,224,20,48521
satisfaction_surveys,dataset/satisfaction_surveys/year=2024/month=02/day=07/satisfaction_surveys_20240207.csv,252,20,52744
satisfaction_surveys,dataset/satisfaction_surveys/year=2024/month=02/day=08/satisfaction_surveys_20240208.csv,215,20,47231
satisfaction_surveys,dataset/satisfaction_surveys/year=2024/month=02/day=09/satisfaction_surveys_20240209.csv,250,20,54280
satisfaction_surveys,dataset/satisfaction_surveys/year=2024/month=02/day=10/satisfaction_surveys_20240210.csv,126,20,28122
satisfaction_surveys,dataset/satisfaction_surveys/year=2024/month=02/day=11/satisfaction_surveys_20240211.csv,97,20,21092
satisfaction_surveys,dataset/satisfaction_surveys/year=2024/month=02/day=12/satisfaction_surveys_20240212.csv,225,20,50182
satisfaction_surveys,dataset/satisfaction_surveys/year=2024/month=02/day=13/satisfaction_surveys_20240213.csv,191,20,42471
satisfaction_surveys,dataset/satisfaction_surveys/year=2024/month=02/day=14/satisfaction_surveys_20240214.csv,249,20,53772
satisfaction_surveys,dataset/satisfaction_surveys/year=2024/month=02/day=15/satisfaction_surveys_20240215.csv,244,20,52149
satisfaction_surveys,dataset/satisfaction_surveys/year=2024/month=02/day=16/satisfaction_surveys_20240216.csv,237,20,53030
satisfaction_surveys,dataset/satisfaction_surveys/year=2024/month=02/day=17/satisfaction_surveys_20240217.csv,125,20,27096
satisfaction_surveys,dataset/satisfaction_surveys/year=2024/month=02/day=18/satisfaction_surveys_20240218.csv,132,20,29093
satisfaction_surveys,dataset/satisfaction_surveys/year=2024/month=02/day=19/satisfaction_surveys_20240219.csv,268,20,58704
satisfaction_surveys,dataset/satisfaction_surveys/year=2024/month=02/day=20/satisfaction_surveys_20240220.csv,228,20,50302
satisfaction_surveys,dataset/satisfaction_surveys/year=2024/month=02/day=21/satisfaction_surveys_20240221.csv,212,20,45818
satisfaction_surveys,dataset/satisfaction_surveys/year=2024/month=02/day=22/satisfaction_surveys_20240222.csv,207,20,45150
satisfaction_surveys,dataset/satisfaction_surveys/year=2024/month=02/day=23/satisfaction_surveys_20240223.csv,218,20,47802
satisfaction_surveys,dataset/satisfaction_surveys/year=2024/month=02/day=24/satisfaction_surveys_20240224.csv,107,20,23397
satisfaction_surveys,dataset/satisfaction_surveys/year=2024/month=02/day=25/satisfaction_surveys_20240225.csv,116,20,25135
satisfaction_surveys,dataset/satisfaction_surveys/year=2024/month=02/day=26/satisfaction_surveys_20240226.csv,271,20,58898
satisfaction_surveys,dataset/satisfaction_surveys/year=2024/month=02/day=27/satisfaction_surveys_20240227.csv,235,20,50502
satisfaction_surveys,dataset/satisfaction_surveys/year=2024/month=02/day=28/satisfaction_surveys_20240228.csv,206,20,45772
satisfaction_surveys,dataset/satisfaction_surveys/year=2024/month=02/day=29/satisfaction_surveys_20240229.csv,187,20,41543
satisfaction_surveys,dataset/satisfaction_surveys/year=2024/month=03/day=01/satisfaction_surveys_20240301.csv,224,20,48635
satisfaction_surveys,dataset/satisfaction_surveys/year=2024/month=03/day=02/satisfaction_surveys_20240302.csv,98,20,21047
satisfaction_surveys,dataset/satisfaction_surveys/year=2024/month=03/day=03/satisfaction_surveys_20240303.csv,133,20,29125
satisfaction_surveys,dataset/satisfaction_surveys/year=2024/month=03/day=04/satisfaction_surveys_20240304.csv,199,20,43379
satisfaction_surveys,dataset/satisfaction_surveys/year=2024/month=03/day=05/satisfaction_surveys_20240305.csv,240,20,53901
satisfaction_surveys,dataset/satisfaction_surveys/year=2024/month=03/day=06/satisfaction_surveys_20240306.csv,204,20,44210
satisfaction_surveys,dataset/satisfaction_surveys/year=2024/month=03/day=07/satisfaction_surveys_20240307.csv,196,20,42257
satisfaction_surveys,dataset/satisfaction_surveys/year=2024/month=03/day=08/satisfaction_surveys_20240308.csv,249,20,53708
satisfaction_surveys,dataset/satisfaction_surveys/year=2024/month=03/day=09/satisfaction_surveys_20240309.csv,99,20,22245
satisfaction_surveys,dataset/satisfaction_surveys/year=2024/month=03/day=10/satisfaction_surveys_20240310.csv,112,20,24294
satisfaction_surveys,dataset/satisfaction_surveys/year=2024/month=03/day=11/satisfaction_surveys_20240311.csv,232,20,49123
satisfaction_surveys,dataset/satisfaction_surveys/year=2024/month=03/day=12/satisfaction_surveys_20240312.csv,221,20,48575
satisfaction_surveys,dataset/satisfaction_surveys/year=2024/month=03/day=13/satisfaction_surveys_20240313.csv,228,20,49238
satisfaction_surveys,dataset/satisfaction_surveys/year=2024/month=03/day=14/satisfaction_surveys_20240314.csv,196,20,43199
satisfaction_surveys,dataset/satisfaction_surveys/year=2024/month=03/day=15/satisfaction_surveys_20240315.csv,213,20,46459
satisfaction_surveys,dataset/satisfaction_surveys/year=2024/month=03/day=16/satisfaction_surveys_20240316.csv,99,20,21371
satisfaction_surveys,dataset/satisfaction_surveys/year=2024/month=03/day=17/satisfaction_surveys_20240317.csv,109,20,24755
satisfaction_surveys,dataset/satisfaction_surveys/year=2024/month=03/day=18/satisfaction_surveys_20240318.csv,237,20,51961
satisfaction_surveys,dataset/satisfaction_surveys/year=2024/month=03/day=19/satisfaction_surveys_20240319.csv,183,20,39274
satisfaction_surveys,dataset/satisfaction_surveys/year=2024/month=03/day=20/satisfaction_surveys_20240320.csv,203,20,44485
satisfaction_surveys,dataset/satisfaction_surveys/year=2024/month=03/day=21/satisfaction_surveys_20240321.csv,181,20,38448
satisfaction_surveys,dataset/satisfaction_surveys/year=2024/month=03/day=22/satisfaction_surveys_20240322.csv,231,20,51325
satisfaction_surveys,dataset/satisfaction_surveys/year=2024/month=03/day=23/satisfaction_surveys_20240323.csv,116,20,26111
satisfaction_surveys,dataset/satisfaction_surveys/year=2024/month=03/day=24/satisfaction_surveys_20240324.csv,134,20,29548
satisfaction_surveys,dataset/satisfaction_surveys/year=2024/month=03/day=25/satisfaction_surveys_20240325.csv,267,20,58467
satisfaction_surveys,dataset/satisfaction_surveys/year=2024/month=03/day=26/satisfaction_surveys_20240326.csv,250,20,55473
satisfaction_surveys,dataset/satisfaction_surveys/year=2024/month=03/day=27/satisfaction_surveys_20240327.csv,259,20,56766
satisfaction_surveys,dataset/satisfaction_surveys/year=2024/month=03/day=28/satisfaction_surveys_20240328.csv,250,20,55319
satisfaction_surveys,dataset/satisfaction_surveys/year=2024/month=03/day=29/satisfaction_surveys_20240329.csv,224,20,48891
satisfaction_surveys,dataset/satisfaction_surveys/year=2024/month=03/day=30/satisfaction_surveys_20240330.csv,131,20,29114
satisfaction_surveys,dataset/satisfaction_surveys/year=2024/month=03/day=31/satisfaction_surveys_20240331.csv,131,20,28260
satisfaction_surveys,dataset/satisfaction_surveys/year=2024/month=04/day=01/satisfaction_surveys_20240401.csv,260,20,56454
satisfaction_surveys,dataset/satisfaction_surveys/year=2024/month=04/day=02/satisfaction_surveys_20240402.csv,234,20,50831
satisfaction_surveys,dataset/satisfaction_surveys/year=2024/month=04/day=03/satisfaction_surveys_20240403.csv,250,20,54650
satisfaction_surveys,dataset/satisfaction_surveys/year=2024/month=04/day=04/satisfaction_surveys_20240404.csv,194,20,41805
satisfaction_surveys,dataset/satisfaction_surveys/year=2024/month=04/day=05/satisfaction_surveys_20240405.csv,268,20,59244
satisfaction_surveys,dataset/satisfaction_surveys/year=2024/month=04/day=06/satisfaction_surveys_20240406.csv,128,20,28084
satisfaction_surveys,dataset/satisfaction_surveys/year=2024/month=04/day=07/satisfaction_surveys_20240407.csv,118,20,26070
satisfaction_surveys,dataset/satisfaction_surveys/year=2024/month=04/day=08/satisfaction_surveys_20240408.csv,198,20,42692
satisfaction_surveys,dataset/satisfaction_surveys/year=2024/month=04/day=09/satisfaction_surveys_20240409.csv,241,20,53771
satisfaction_surveys,dataset/satisfaction_surveys/year=2024/month=04/day=10/satisfaction_surveys_20240410.csv,238,20,52443
satisfaction_surveys,dataset/satisfaction_surveys/year=2024/month=04/day=11/satisfaction_surveys_20240411.csv,266,20,58167
satisfaction_surveys,dataset/satisfaction_surveys/year=2024/month=04/day=12/satisfaction_surveys_20240412.csv,239,20,52627
satisfaction_surveys,dataset/satisfaction_surveys/year=2024/month=04/day=13/satisfaction_surveys_20240413.csv,104,20,23035
satisfaction_surveys,dataset/satisfaction_surveys/year=2024/month=04/day=14/satisfaction_surveys_20240414.csv,119,20,25625
satisfaction_surveys,dataset/satisfaction_surveys/year=2024/month=04/day=15/satisfaction_surveys_20240415.csv,262,20,56630
satisfaction_surveys,dataset/satisfaction_surveys/year=2024/month=04/day=16/satisfaction_surveys_20240416.csv,211,20,46670
satisfaction_surveys,dataset/satisfaction_surveys/year=2024/month=04/day=17/satisfaction_surveys_20240417.csv,237,20,52426
satisfaction_surveys,dataset/satisfaction_surveys/year=2024/month=04/day=18/satisfaction_surveys_20240418.csv,264,20,57706
satisfaction_surveys,dataset/satisfaction_surveys/year=2024/month=04/day=19/satisfaction_surveys_20240419.csv,228,20,49672
satisfaction_surveys,dataset/satisfaction_surveys/year=2024/month=04/day=20/satisfaction_surveys_20240420.csv,113,20,25065
satisfaction_surveys,dataset/satisfaction_surveys/year=2024/month=04/day=21/satisfaction_surveys_20240421.csv,127,20,28112
satisfaction_surveys,dataset/satisfaction_surveys/year=2024/month=04/day=22/satisfaction_surveys_20240422.csv,227,20,50083
satisfaction_surveys,dataset/satisfaction_surveys/year=2024/month=04/day=23/satisfaction_surveys_20240423.csv,212,20,45666
satisfaction_surveys,dataset/satisfaction_surveys/year=2024/month=04/day=24/satisfaction_surveys_20240424.csv,209,20,46530
satisfaction_surveys,dataset/satisfaction_surveys/year=2024/month=04/day=25/satisfaction_surveys_20240425.csv,221,20,47555
satisfaction_surveys,dataset/satisfaction_surveys/year=2024/month=04/day=26/satisfaction_surveys_20240426.csv,239,20,52074
satisfaction_surveys,dataset/satisfaction_surveys/year=2024/month=04/day=27/satisfaction_surveys_20240427.csv,121,20,25890
satisfaction_surveys,dataset/satisfaction_surveys/year=2024/month=04/day=28/satisfaction_surveys_20240428.csv,119,20,26092
satisfaction_surveys,dataset/satisfaction_surveys/year=2024/month=04/day=29/satisfaction_surveys_20240429.csv,261,20,56053
satisfaction_surveys,dataset/satisfaction_surveys/year=2024/month=04/day=30/satisfaction_surveys_20240430.csv,250,20,55336
satisfaction_surveys,dataset/satisfaction_surveys/year=2024/month=05/day=01/satisfaction_surveys_20240501.csv,206,20,44741
satisfaction_surveys,dataset/satisfaction_surveys/year=2024/month=05/day=02/satisfaction_surveys_20240502.csv,215,20,46467
satisfaction_surveys,dataset/satisfaction_surveys/year=2024/month=05/day=03/satisfaction_surveys_20240503.csv,254,20,55560
satisfaction_surveys,dataset/satisfaction_surveys/year=2024/month=05/day=04/satisfaction_surveys_20240504.csv,91,20,20474
satisfaction_surveys,dataset/satisfaction_surveys/year=2024/month=05/day=05/satisfaction_surveys_20240505.csv,114,20,24410
satisfaction_surveys,dataset/satisfaction_surveys/year=2024/month=05/day=06/satisfaction_surveys_20240506.csv,218,20,46120
satisfaction_surveys,dataset/satisfaction_surveys/year=2024/month=05/day=07/satisfaction_surveys_20240507.csv,205,20,45194
satisfaction_surveys,dataset/satisfaction_surveys/year=2024/month=05/day=08/satisfaction_surveys_20240508.csv,268,20,57693
satisfaction_surveys,dataset/satisfaction_surveys/year=2024/month=05/day=09/satisfaction_surveys_20240509.csv,214,20,45874
satisfaction_surveys,dataset/satisfaction_surveys/year=2024/month=05/day=10/satisfaction_surveys_20240510.csv,269,20,56522
satisfaction_surveys,dataset/satisfaction_surveys/year=2024/month=05/day=11/satisfaction_surveys_20240511.csv,115,20,24933
satisfaction_surveys,dataset/satisfaction_surveys/year=2024/month=05/day=12/satisfaction_surveys_20240512.csv,114,20,25458
satisfaction_surveys,dataset/satisfaction_surveys/year=2024/month=05/day=13/satisfaction_surveys_20240513.csv,193,20,42928
satisfaction_surveys,dataset/satisfaction_surveys/year=2024/month=05/day=14/satisfaction_surveys_20240514.csv,197,20,42498
satisfaction_surveys,dataset/satisfaction_surveys/year=2024/month=05/day=15/satisfaction_surveys_20240515.csv,184,20,40706
satisfaction_surveys,dataset/satisfaction_surveys/year=2024/month=05/day=16/satisfaction_surveys_20240516.csv,209,20,45482
satisfaction_surveys,dataset/satisfaction_surveys/year=2024/month=05/day=17/satisfaction_surveys_20240517.csv,186,20,40032
satisfaction_surveys,dataset/satisfaction_surveys/year=2024/month=05/day=18/satisfaction_surveys_20240518.csv,117,20,25690
satisfaction_surveys,dataset/satisfaction_surveys/year=2024/month=05/day=19/satisfaction_surveys_20240519.csv,99,20,21360
satisfaction_surveys,dataset/satisfaction_surveys/year=2024/month=05/day=20/satisfaction_surveys_20240520.csv,242,20,53946
satisfaction_surveys,dataset/satisfaction_surveys/year=2024/month=05/day=21/satisfaction_surveys_20240521.csv,206,20,45009
satisfaction_surveys,dataset/satisfaction_surveys/year=2024/month=05/day=22/satisfaction_surveys_20240522.csv,193,20,42665
satisfaction_surveys,dataset/satisfaction_surveys/year=2024/month=05/day=23/satisfaction_surveys_20240523.csv,215,20,47356
satisfaction_surveys,dataset/satisfaction_surveys/year=2024/month=05/day=24/satisfaction_surveys_20240524.csv,250,20,54027
satisfaction_surveys,dataset/satisfaction_surveys/year=2024/month=05/day=25/satisfaction_surveys_20240525.csv,96,20,21327
satisfaction_surveys,dataset/satisfaction_surveys/year=2024/month=05/day=26/satisfaction_surveys_20240526.csv,100,20,21638
satisfaction_surveys,dataset/satisfaction_surveys/year=2024/month=05/day=27/satisfaction_surveys_20240527.csv,216,20,48163
satisfaction_surveys,dataset/satisfaction_surveys/year=2024/month=05/day=28/satisfaction_surveys_20240528.csv,221,20,49597
satisfaction_surveys,dataset/satisfaction_surveys/year=2024/month=05/day=29/satisfaction_surveys_20240529.csv,239,20,52174
satisfaction_surveys,dataset/satisfaction_surveys/year=2024/month=05/day=30/satisfaction_surveys_20240530.csv,233,20,51762
satisfaction_surveys,dataset/satisfaction_surveys/year=2024/month=05/day=31/satisfaction_surveys_20240531.csv,264,20,57650
satisfaction_surveys,dataset/satisfaction_surveys/year=2024/month=06/day=01/satisfaction_surveys_20240601.csv,130,20,28292
satisfaction_surveys,dataset/satisfaction_surveys/year=2024/month=06/day=02/satisfaction_surveys_20240602.csv,111,20,24642
satisfaction_surveys,dataset/satisfaction_surveys/year=2024/month=06/day=03/satisfaction_surveys_20240603.csv,202,20,44151
satisfaction_surveys,dataset/satisfaction_surveys/year=2024/month=06/day=04/satisfaction_surveys_20240604.csv,231,20,50526
satisfaction_surveys,dataset/satisfaction_surveys/year=2024/month=06/day=05/satisfaction_surveys_20240605.csv,237,20,52010
satisfaction_surveys,dataset/satisfaction_surveys/year=2024/month=06/day=06/satisfaction_surveys_20240606.csv,223,20,48325
satisfaction_surveys,dataset/satisfaction_surveys/year=2024/month=06/day=07/satisfaction_surveys_20240607.csv,249,20,54104
satisfaction_surveys,dataset/satisfaction_surveys/year=2024/month=06/day=08/satisfaction_surveys_20240608.csv,95,20,20442
satisfaction_surveys,dataset/satisfaction_surveys/year=2024/month=06/day=09/satisfaction_surveys_20240609.csv,113,20,24701
satisfaction_surveys,dataset/satisfaction_surveys/year=2024/month=06/day=10/satisfaction_surveys_20240610.csv,212,20,47020
satisfaction_surveys,dataset/satisfaction_surveys/year=2024/month=06/day=11/satisfaction_surveys_20240611.csv,227,20,49463
satisfaction_surveys,dataset/satisfaction_surveys/year=2024/month=06/day=12/satisfaction_surveys_20240612.csv,254,20,56378
satisfaction_surveys,dataset/satisfaction_surveys/year=2024/month=06/day=13/satisfaction_surveys_20240613.csv,189,20,40781
satisfaction_surveys,dataset/satisfaction_surveys/year=2024/month=06/day=14/satisfaction_surveys_20240614.csv,201,20,43465
satisfaction_surveys,dataset/satisfaction_surveys/year=2024/month=06/day=15/satisfaction_surveys_20240615.csv,116,20,25204
satisfaction_surveys,dataset/satisfaction_surveys/year=2024/month=06/day=16/satisfaction_surveys_20240616.csv,111,20,24595
satisfaction_surveys,dataset/satisfaction_surveys/year=2024/month=06/day=17/satisfaction_surveys_20240617.csv,259,20,55061
satisfaction_surveys,dataset/satisfaction_surveys/year=2024/month=06/day=18/satisfaction_surveys_20240618.csv,210,20,46260
satisfaction_surveys,dataset/satisfaction_surveys/year=2024/month=06/day=19/satisfaction_surveys_20240619.csv,266,20,57501
satisfaction_surveys,dataset/satisfaction_surveys/year=2024/month=06/day=20/satisfaction_surveys_20240620.csv,212,20,46020
satisfaction_surveys,dataset/satisfaction_surveys/year=2024/month=06/day=21/satisfaction_surveys_20240621.csv,194,20,42427
satisfaction_surveys,dataset/satisfaction_surveys/year=2024/month=06/day=22/satisfaction_surveys_20240622.csv,129,20,28923
satisfaction_surveys,dataset/satisfaction_surveys/year=2024/month=06/day=23/satisfaction_surveys_20240623.csv,127,20,27906
satisfaction_surveys,dataset/satisfaction_surveys/year=2024/month=06/day=24/satisfaction_surveys_20240624.csv,237,20,51863
satisfaction_surveys,dataset/satisfaction_surveys/year=2024/month=06/day=25/satisfaction_surveys_20240625.csv,192,20,41233
satisfaction_surveys,dataset/satisfaction_surveys/year=2024/month=06/day=26/satisfaction_surveys_20240626.csv,244,20,54230
satisfaction_surveys,dataset/satisfaction_surveys/year=2024/month=06/day=27/satisfaction_surveys_20240627.csv,208,20,44833
satisfaction_surveys,dataset/satisfaction_surveys/year=2024/month=06/day=28/satisfaction_surveys_20240628.csv,220,20,48272
satisfaction_surveys,dataset/satisfaction_surveys/year=2024/month=06/day=29/satisfaction_surveys_20240629.csv,113,20,25496
satisfaction_surveys,dataset/satisfaction_surveys/year=2024/month=06/day=30/satisfaction_surveys_20240630.csv,93,20,21055
satisfaction_surveys,dataset/satisfaction_surveys/year=2024/month=07/day=01/satisfaction_surveys_20240701.csv,262,20,57984
satisfaction_surveys,dataset/satisfaction_surveys/year=2024/month=07/day=02/satisfaction_surveys_20240702.csv,247,20,54261
satisfaction_surveys,dataset/satisfaction_surveys/year=2024/month=07/day=03/satisfaction_surveys_20240703.csv,190,20,41203
satisfaction_surveys,dataset/satisfaction_surveys/year=2024/month=07/day=04/satisfaction_surveys_20240704.csv,229,20,50317
satisfaction_surveys,dataset/satisfaction_surveys/year=2024/month=07/day=05/satisfaction_surveys_20240705.csv,239,20,52780
satisfaction_surveys,dataset/satisfaction_surveys/year=2024/month=07/day=06/satisfaction_surveys_20240706.csv,115,20,25908
satisfaction_surveys,dataset/satisfaction_surveys/year=2024/month=07/day=07/satisfaction_surveys_20240707.csv,114,20,24761
satisfaction_surveys,dataset/satisfaction_surveys/year=2024/month=07/day=08/satisfaction_surveys_20240708.csv,187,20,41590
satisfaction_surveys,dataset/satisfaction_surveys/year=2024/month=07/day=09/satisfaction_surveys_20240709.csv,236,20,51945
satisfaction_surveys,dataset/satisfaction_surveys/year=2024/month=07/day=10/satisfaction_surveys_20240710.csv,217,20,47717
satisfaction_surveys,dataset/satisfaction_surveys/year=2024/month=07/day=11/satisfaction_surveys_20240711.csv,231,20,50681
satisfaction_surveys,dataset/satisfaction_surveys/year=2024/month=07/day=12/satisfaction_surveys_20240712.csv,198,20,42362
satisfaction_surveys,dataset/satisfaction_surveys/year=2024/month=07/day=13/satisfaction_surveys_20240713.csv,119,20,26179
satisfaction_surveys,dataset/satisfaction_surveys/year=2024/month=07/day=14/satisfaction_surveys_20240714.csv,113,20,24392
satisfaction_surveys,dataset/satisfaction_surveys/year=2024/month=07/day=15/satisfaction_surveys_20240715.csv,189,20,41157
satisfaction_surveys,dataset/satisfaction_surveys/year=2024/month=07/day=16/satisfaction_surveys_20240716.csv,184,20,40126
satisfaction_surveys,dataset/satisfaction_surveys/year=2024/month=07/day=17/satisfaction_surveys_20240717.csv,235,20,51215
satisfaction_surveys,dataset/satisfaction_surveys/year=2024/month=07/day=18/satisfaction_surveys_20240718.csv,218,20,48058
satisfaction_surveys,dataset/satisfaction_surveys/year=2024/month=07/day=19/satisfaction_surveys_20240719.csv,258,20,56774
satisfaction_surveys,dataset/satisfaction_surveys/year=2024/month=07/day=20/satisfaction_surveys_20240720.csv,98,20,21794
satisfaction_surveys,dataset/satisfaction_surveys/year=2024/month=07/day=21/satisfaction_surveys_20240721.csv,113,20,24722
satisfaction_surveys,dataset/satisfaction_surveys/year=2024/month=07/day=22/satisfaction_surveys_20240722.csv,254,20,55687
satisfaction_surveys,dataset/satisfaction_surveys/year=2024/month=07/day=23/satisfaction_surveys_20240723.csv,258,20,56400
satisfaction_surveys,dataset/satisfaction_surveys/year=2024/month=07/day=24/satisfaction_surveys_20240724.csv,181,20,38244
satisfaction_surveys,dataset/satisfaction_surveys/year=2024/month=07/day=25/satisfaction_surveys_20240725.csv,189,20,40797
satisfaction_surveys,dataset/satisfaction_surveys/year=2024/month=07/day=26/satisfaction_surveys_20240726.csv,263,20,57177
satisfaction_surveys,dataset/satisfaction_surveys/year=2024/month=07/day=27/satisfaction_surveys_20240727.csv,123,20,26361
satisfaction_surveys,dataset/satisfaction_surveys/year=2024/month=07/day=28/satisfaction_surveys_20240728.csv,123,20,27277
satisfaction_surveys,dataset/satisfaction_surveys/year=2024/month=07/day=29/satisfaction_surveys_20240729.csv,265,20,57868
satisfaction_surveys,dataset/satisfaction_surveys/year=2024/month=07/day=30/satisfaction_surveys_20240730.csv,231,20,51252
satisfaction_surveys,dataset/satisfaction_surveys/year=2024/month=07/day=31/satisfaction_surveys_20240731.csv,237,20,52139
satisfaction_surveys,dataset/satisfaction_surveys/year=2024/month=08/day=01/satisfaction_surveys_20240801.csv,269,20,58826
satisfaction_surveys,dataset/satisfaction_surveys/year=2024/month=08/day=02/satisfaction_surveys_20240802.csv,234,20,51911
satisfaction_surveys,dataset/satisfaction_surveys/year=2024/month=08/day=03/satisfaction_surveys_20240803.csv,131,20,30143
satisfaction_surveys,dataset/satisfaction_surveys/year=2024/month=08/day=04/satisfaction_surveys_20240804.csv,122,20,27164
satisfaction_surveys,dataset/satisfaction_surveys/year=2024/month=08/day=05/satisfaction_surveys_20240805.csv,215,20,46973
satisfaction_surveys,dataset/satisfaction_surveys/year=2024/month=08/day=06/satisfaction_surveys_20240806.csv,261,20,56796
satisfaction_surveys,dataset/satisfaction_surveys/year=2024/month=08/day=07/satisfaction_surveys_20240807.csv,219,20,47768
satisfaction_surveys,dataset/satisfaction_surveys/year=2024/month=08/day=08/satisfaction_surveys_20240808.csv,255,20,53685
satisfaction_surveys,dataset/satisfaction_surveys/year=2024/month=08/day=09/satisfaction_surveys_20240809.csv,203,20,45354
satisfaction_surveys,dataset/satisfaction_surveys/year=2024/month=08/day=10/satisfaction_surveys_20240810.csv,113,20,24171
satisfaction_surveys,dataset/satisfaction_surveys/year=2024/month=08/day=11/satisfaction_surveys_20240811.csv,130,20,29055
satisfaction_surveys,dataset/satisfaction_surveys/year=2024/month=08/day=12/satisfaction_surveys_20240812.csv,264,20,57306
satisfaction_surveys,dataset/satisfaction_surveys/year=2024/month=08/day=13/satisfaction_surveys_20240813.csv,206,20,45093
satisfaction_surveys,dataset/satisfaction_surveys/year=2024/month=08/day=14/satisfaction_surveys_20240814.csv,230,20,49872
satisfaction_surveys,dataset/satisfaction_surveys/year=2024/month=08/day=15/satisfaction_surveys_20240815.csv,207,20,45181
satisfaction_surveys,dataset/satisfaction_surveys/year=2024/month=08/day=16/satisfaction_surveys_20240816.csv,258,20,55699
satisfaction_surveys,dataset/satisfaction_surveys/year=2024/month=08/day=17/satisfaction_surveys_20240817.csv,94,20,20448
satisfaction_surveys,dataset/satisfaction_surveys/year=2024/month=08/day=18/satisfaction_surveys_20240818.csv,123,20,27085
satisfaction_surveys,dataset/satisfaction_surveys/year=2024/month=08/day=19/satisfaction_surveys_20240819.csv,214,20,45008
satisfaction_surveys,dataset/satisfaction_surveys/year=2024/month=08/day=20/satisfaction_surveys_20240820.csv,256,20,55254
satisfaction_surveys,dataset/satisfaction_surveys/year=2024/month=08/day=21/satisfaction_surveys_20240821.csv,240,20,52381
satisfaction_surveys,dataset/satisfaction_surveys/year=2024/month=08/day=22/satisfaction_surveys_20240822.csv,215,20,48223
satisfaction_surveys,dataset/satisfaction_surveys/year=2024/month=08/day=23/satisfaction_surveys_20240823.csv,271,20,58764
satisfaction_surveys,dataset/satisfaction_surveys/year=2024/month=08/day=24/satisfaction_surveys_20240824.csv,109,20,23335
satisfaction_surveys,dataset/satisfaction_surveys/year=2024/month=08/day=25/satisfaction_surveys_20240825.csv,109,20,23690
satisfaction_surveys,dataset/satisfaction_surveys/year=2024/month=08/day=26/satisfaction_surveys_20240826.csv,207,20,44560
satisfaction_surveys,dataset/satisfaction_surveys/year=2024/month=08/day=27/satisfaction_surveys_20240827.csv,183,20,40088
satisfaction_surveys,dataset/satisfaction_surveys/year=2024/month=08/day=28/satisfaction_surveys_20240828.csv,268,20,58745
satisfaction_surveys,dataset/satisfaction_surveys/year=2024/month=08/day=29/satisfaction_surveys_20240829.csv,219,20,47229
satisfaction_surveys,dataset/satisfaction_surveys/year=2024/month=08/day=30/satisfaction_surveys_20240830.csv,203,20,44733
satisfaction_surveys,dataset/satisfaction_surveys/year=2024/month=08/day=31/satisfaction_surveys_20240831.csv,111,20,24232
satisfaction_surveys,dataset/satisfaction_surveys/year=2024/month=09/day=01/satisfaction_surveys_20240901.csv,119,20,26127
satisfaction_surveys,dataset/satisfaction_surveys/year=2024/month=09/day=02/satisfaction_surveys_20240902.csv,243,20,52734
satisfaction_surveys,dataset/satisfaction_surveys/year=2024/month=09/day=03/satisfaction_surveys_20240903.csv,198,20,43534
satisfaction_surveys,dataset/satisfaction_surveys/year=2024/month=09/day=04/satisfaction_surveys_20240904.csv,201,20,43853
satisfaction_surveys,dataset/satisfaction_surveys/year=2024/month=09/day=05/satisfaction_surveys_20240905.csv,265,20,57772
satisfaction_surveys,dataset/satisfaction_surveys/year=2024/month=09/day=06/satisfaction_surveys_20240906.csv,261,20,57690
satisfaction_surveys,dataset/satisfaction_surveys/year=2024/month=09/day=07/satisfaction_surveys_20240907.csv,108,20,23735
satisfaction_surveys,dataset/satisfaction_surveys/year=2024/month=09/day=08/satisfaction_surveys_20240908.csv,128,20,28011
satisfaction_surveys,dataset/satisfaction_surveys/year=2024/month=09/day=09/satisfaction_surveys_20240909.csv,182,20,40417
satisfaction_surveys,dataset/satisfaction_surveys/year=2024/month=09/day=10/satisfaction_surveys_20240910.csv,265,20,57321
satisfaction_surveys,dataset/satisfaction_surveys/year=2024/month=09/day=11/satisfaction_surveys_20240911.csv,217,20,47421
satisfaction_surveys,dataset/satisfaction_surveys/year=2024/month=09/day=12/satisfaction_surveys_20240912.csv,254,20,55440
satisfaction_surveys,dataset/satisfaction_surveys/year=2024/month=09/day=13/satisfaction_surveys_20240913.csv,262,20,57045
satisfaction_surveys,dataset/satisfaction_surveys/year=2024/month=09/day=14/satisfaction_surveys_20240914.csv,105,20,23782
satisfaction_surveys,dataset/satisfaction_surveys/year=2024/month=09/day=15/satisfaction_surveys_20240915.csv,96,20,21377
satisfaction_surveys,dataset/satisfaction_surveys/year=2024/month=09/day=16/satisfaction_surveys_20240916.csv,194,20,43874
satisfaction_surveys,dataset/satisfaction_surveys/year=2024/month=09/day=17/satisfaction_surveys_20240917.csv,237,20,50777
satisfaction_surveys,dataset/satisfaction_surveys/year=2024/month=09/day=18/satisfaction_surveys_20240918.csv,251,20,55429
satisfaction_surveys,dataset/satisfaction_surveys/year=2024/month=09/day=19/satisfaction_surveys_20240919.csv,207,20,45244
satisfaction_surveys,dataset/satisfaction_surveys/year=2024/month=09/day=20/satisfaction_surveys_20240920.csv,269,20,57478
satisfaction_surveys,dataset/satisfaction_surveys/year=2024/month=09/day=21/satisfaction_surveys_20240921.csv,118,20,25925
satisfaction_surveys,dataset/satisfaction_surveys/year=2024/month=09/day=22/satisfaction_surveys_20240922.csv,100,20,21236
satisfaction_surveys,dataset/satisfaction_surveys/year=2024/month=09/day=23/satisfaction_surveys_20240923.csv,203,20,43685
satisfaction_surveys,dataset/satisfaction_surveys/year=2024/month=09/day=24/satisfaction_surveys_20240924.csv,251,20,53053
satisfaction_surveys,dataset/satisfaction_surveys/year=2024/month=09/day=25/satisfaction_surveys_20240925.csv,196,20,42713
satisfaction_surveys,dataset/satisfaction_surveys/year=2024/month=09/day=26/satisfaction_surveys_20240926.csv,237,20,51105
satisfaction_surveys,dataset/satisfaction_surveys/year=2024/month=09/day=27/satisfaction_surveys_20240927.csv,253,20,54391
satisfaction_surveys,dataset/satisfaction_surveys/year=2024/month=09/day=28/satisfaction_surveys_20240928.csv,125,20,27754
satisfaction_surveys,dataset/satisfaction_surveys/year=2024/month=09/day=29/satisfaction_surveys_20240929.csv,109,20,23954
satisfaction_surveys,dataset/satisfaction_surveys/year=2024/month=09/day=30/satisfaction_surveys_20240930.csv,217,20,46706
satisfaction_surveys,dataset/satisfaction_surveys/year=2024/month=10/day=01/satisfaction_surveys_20241001.csv,197,20,42987
satisfaction_surveys,dataset/satisfaction_surveys/year=2024/month=10/day=02/satisfaction_surveys_20241002.csv,224,20,48563
satisfaction_surveys,dataset/satisfaction_surveys/year=2024/month=10/day=03/satisfaction_surveys_20241003.csv,268,20,58190
satisfaction_surveys,dataset/satisfaction_surveys/year=2024/month=10/day=04/satisfaction_surveys_20241004.csv,258,20,56079
satisfaction_surveys,dataset/satisfaction_surveys/year=2024/month=10/day=05/satisfaction_surveys_20241005.csv,107,20,24022
satisfaction_surveys,dataset/satisfaction_surveys/year=2024/month=10/day=06/satisfaction_surveys_20241006.csv,120,20,27104
satisfaction_surveys,dataset/satisfaction_surveys/year=2024/month=10/day=07/satisfaction_surveys_20241007.csv,252,20,55964
satisfaction_surveys,dataset/satisfaction_surveys/year=2024/month=10/day=08/satisfaction_surveys_20241008.csv,232,20,50534
satisfaction_surveys,dataset/satisfaction_surveys/year=2024/month=10/day=09/satisfaction_surveys_20241009.csv,262,20,56494
satisfaction_surveys,dataset/satisfaction_surveys/year=2024/month=10/day=10/satisfaction_surveys_20241010.csv,232,20,50211
satisfaction_surveys,dataset/satisfaction_surveys/year=2024/month=10/day=11/satisfaction_surveys_20241011.csv,196,20,43020
satisfaction_surveys,dataset/satisfaction_surveys/year=2024/month=10/day=12/satisfaction_surveys_20241012.csv,122,20,27082
satisfaction_surveys,dataset/satisfaction_surveys/year=2024/month=10/day=13/satisfaction_surveys_20241013.csv,131,20,28763
satisfaction_surveys,dataset/satisfaction_surveys/year=2024/month=10/day=14/satisfaction_surveys_20241014.csv,204,20,44119
satisfaction_surveys,dataset/satisfaction_surveys/year=2024/month=10/day=15/satisfaction_surveys_20241015.csv,244,20,53566
satisfaction_surveys,dataset/satisfaction_surveys/year=2024/month=10/day=16/satisfaction_surveys_20241016.csv,244,20,52443
satisfaction_surveys,dataset/satisfaction_surveys/year=2024/month=10/day=17/satisfaction_surveys_20241017.csv,182,20,39257
satisfaction_surveys,dataset/satisfaction_surveys/year=2024/month=10/day=18/satisfaction_surveys_20241018.csv,252,20,55376
satisfaction_surveys,dataset/satisfaction_surveys/year=2024/month=10/day=19/satisfaction_surveys_20241019.csv,105,20,23507
satisfaction_surveys,dataset/satisfaction_surveys/year=2024/month=10/day=20/satisfaction_surveys_20241020.csv,108,20,23810
satisfaction_surveys,dataset/satisfaction_surveys/year=2024/month=10/day=21/satisfaction_surveys_20241021.csv,183,20,39225
satisfaction_surveys,dataset/satisfaction_surveys/year=2024/month=10/day=22/satisfaction_surveys_20241022.csv,236,20,51576
satisfaction_surveys,dataset/satisfaction_surveys/year=2024/month=10/day=23/satisfaction_surveys_20241023.csv,207,20,45035
satisfaction_surveys,dataset/satisfaction_surveys/year=2024/month=10/day=24/satisfaction_surveys_20241024.csv,194,20,42035
satisfaction_surveys,dataset/satisfaction_surveys/year=2024/month=10/day=25/satisfaction_surveys_20241025.csv,189,20,41788
satisfaction_surveys,dataset/satisfaction_surveys/year=2024/month=10/day=26/satisfaction_surveys_20241026.csv,115,20,25179
satisfaction_surveys,dataset/satisfaction_surveys/year=2024/month=10/day=27/satisfaction_surveys_20241027.csv,101,20,22734
satisfaction_surveys,dataset/satisfaction_surveys/year=2024/month=10/day=28/satisfaction_surveys_20241028.csv,226,20,49382
satisfaction_surveys,dataset/satisfaction_surveys/year=2024/month=10/day=29/satisfaction_surveys_20241029.csv,204,20,44011
satisfaction_surveys,dataset/satisfaction_surveys/year=2024/month=10/day=30/satisfaction_surveys_20241030.csv,267,20,57923
satisfaction_surveys,dataset/satisfaction_surveys/year=2024/month=10/day=31/satisfaction_surveys_20241031.csv,199,20,43419
satisfaction_surveys,dataset/satisfaction_surveys/year=2024/month=11/day=01/satisfaction_surveys_20241101.csv,217,20,47525
satisfaction_surveys,dataset/satisfaction_surveys/year=2024/month=11/day=02/satisfaction_surveys_20241102.csv,117,20,26230
satisfaction_surveys,dataset/satisfaction_surveys/year=2024/month=11/day=03/satisfaction_surveys_20241103.csv,119,20,24885
satisfaction_surveys,dataset/satisfaction_surveys/year=2024/month=11/day=04/satisfaction_surveys_20241104.csv,193,20,42200
satisfaction_surveys,dataset/satisfaction_surveys/year=2024/month=11/day=05/satisfaction_surveys_20241105.csv,239,20,52455
satisfaction_surveys,dataset/satisfaction_surveys/year=2024/month=11/day=06/satisfaction_surveys_20241106.csv,181,20,39165
satisfaction_surveys,dataset/satisfaction_surveys/year=2024/month=11/day=07/satisfaction_surveys_20241107.csv,236,20,50889
satisfaction_surveys,dataset/satisfaction_surveys/year=2024/month=11/day=08/satisfaction_surveys_20241108.csv,208,20,45985
satisfaction_surveys,dataset/satisfaction_surveys/year=2024/month=11/day=09/satisfaction_surveys_20241109.csv,119,20,26580
satisfaction_surveys,dataset/satisfaction_surveys/year=2024/month=11/day=10/satisfaction_surveys_20241110.csv,104,20,21985
satisfaction_surveys,dataset/satisfaction_surveys/year=2024/month=11/day=11/satisfaction_surveys_20241111.csv,229,20,48901
satisfaction_surveys,dataset/satisfaction_surveys/year=2024/month=11/day=12/satisfaction_surveys_20241112.csv,183,20,41038
satisfaction_surveys,dataset/satisfaction_surveys/year=2024/month=11/day=13/satisfaction_surveys_20241113.csv,200,20,43609
satisfaction_surveys,dataset/satisfaction_surveys/year=2024/month=11/day=14/satisfaction_surveys_20241114.csv,228,20,50186
satisfaction_surveys,dataset/satisfaction_surveys/year=2024/month=11/day=15/satisfaction_surveys_20241115.csv,200,20,43900
satisfaction_surveys,dataset/satisfaction_surveys/year=2024/month=11/day=16/satisfaction_surveys_20241116.csv,122,20,26141
satisfaction_surveys,dataset/satisfaction_surveys/year=2024/month=11/day=17/satisfaction_surveys_20241117.csv,131,20,28890
satisfaction_surveys,dataset/satisfaction_surveys/year=2024/month=11/day=18/satisfaction_surveys_20241118.csv,236,20,52570
satisfaction_surveys,dataset/satisfaction_surveys/year=2024/month=11/day=19/satisfaction_surveys_20241119.csv,246,20,54730
satisfaction_surveys,dataset/satisfaction_surveys/year=2024/month=11/day=20/satisfaction_surveys_20241120.csv,199,20,43867
satisfaction_surveys,dataset/satisfaction_surveys/year=2024/month=11/day=21/satisfaction_surveys_20241121.csv,183,20,39771
satisfaction_surveys,dataset/satisfaction_surveys/year=2024/month=11/day=22/satisfaction_surveys_20241122.csv,236,20,50710
satisfaction_surveys,dataset/satisfaction_surveys/year=2024/month=11/day=23/satisfaction_surveys_20241123.csv,113,20,24446
satisfaction_surveys,dataset/satisfaction_surveys/year=2024/month=11/day=24/satisfaction_surveys_20241124.csv,135,20,29176
satisfaction_surveys,dataset/satisfaction_surveys/year=2024/month=11/day=25/satisfaction_surveys_20241125.csv,200,20,42760
satisfaction_surveys,dataset/satisfaction_surveys/year=2024/month=11/day=26/satisfaction_surveys_20241126.csv,192,20,41136
satisfaction_surveys,dataset/satisfaction_surveys/year=2024/month=11/day=27/satisfaction_surveys_20241127.csv,209,20,45562
satisfaction_surveys,dataset/satisfaction_surveys/year=2024/month=11/day=28/satisfaction_surveys_20241128.csv,190,20,41901
satisfaction_surveys,dataset/satisfaction_surveys/year=2024/month=11/day=29/satisfaction_surveys_20241129.csv,194,20,42335
satisfaction_surveys,dataset/satisfaction_surveys/year=2024/month=11/day=30/satisfaction_surveys_20241130.csv,108,20,23756
satisfaction_surveys,dataset/satisfaction_surveys/year=2024/month=12/day=01/satisfaction_surveys_20241201.csv,105,20,23288
satisfaction_surveys,dataset/satisfaction_surveys/year=2024/month=12/day=02/satisfaction_surveys_20241202.csv,264,20,56910
satisfaction_surveys,dataset/satisfaction_surveys/year=2024/month=12/day=03/satisfaction_surveys_20241203.csv,263,20,57836
satisfaction_surveys,dataset/satisfaction_surveys/year=2024/month=12/day=04/satisfaction_surveys_20241204.csv,183,20,41107
satisfaction_surveys,dataset/satisfaction_surveys/year=2024/month=12/day=05/satisfaction_surveys_20241205.csv,235,20,51006
satisfaction_surveys,dataset/satisfaction_surveys/year=2024/month=12/day=06/satisfaction_surveys_20241206.csv,226,20,49999
satisfaction_surveys,dataset/satisfaction_surveys/year=2024/month=12/day=07/satisfaction_surveys_20241207.csv,126,20,27520
satisfaction_surveys,dataset/satisfaction_surveys/year=2024/month=12/day=08/satisfaction_surveys_20241208.csv,131,20,28425
satisfaction_surveys,dataset/satisfaction_surveys/year=2024/month=12/day=09/satisfaction_surveys_20241209.csv,232,20,51003
satisfaction_surveys,dataset/satisfaction_surveys/year=2024/month=12/day=10/satisfaction_surveys_20241210.csv,245,20,52291
satisfaction_surveys,dataset/satisfaction_surveys/year=2024/month=12/day=11/satisfaction_surveys_20241211.csv,201,20,44085
satisfaction_surveys,dataset/satisfaction_surveys/year=2024/month=12/day=12/satisfaction_surveys_20241212.csv,202,20,43420
satisfaction_surveys,dataset/satisfaction_surveys/year=2024/month=12/day=13/satisfaction_surveys_20241213.csv,251,20,54668
satisfaction_surveys,dataset/satisfaction_surveys/year=2024/month=12/day=14/satisfaction_surveys_20241214.csv,98,20,21170
satisfaction_surveys,dataset/satisfaction_surveys/year=2024/month=12/day=15/satisfaction_surveys_20241215.csv,113,20,24092
satisfaction_surveys,dataset/satisfaction_surveys/year=2024/month=12/day=16/satisfaction_surveys_20241216.csv,193,20,42766
satisfaction_surveys,dataset/satisfaction_surveys/year=2024/month=12/day=17/satisfaction_surveys_20241217.csv,188,20,40247
satisfaction_surveys,dataset/satisfaction_surveys/year=2024/month=12/day=18/satisfaction_surveys_20241218.csv,189,20,41176
satisfaction_surveys,dataset/satisfaction_surveys/year=2024/month=12/day=19/satisfaction_surveys_20241219.csv,238,20,51689
satisfaction_surveys,dataset/satisfaction_surveys/year=2024/month=12/day=20/satisfaction_surveys_20241220.csv,188,20,41208
satisfaction_surveys,dataset/satisfaction_surveys/year=2024/month=12/day=21/satisfaction_surveys_20241221.csv,129,20,28198
satisfaction_surveys,dataset/satisfaction_surveys/year=2024/month=12/day=22/satisfaction_surveys_20241222.csv,107,20,23173
satisfaction_surveys,dataset/satisfaction_surveys/year=2024/month=12/day=23/satisfaction_surveys_20241223.csv,268,20,58055
satisfaction_surveys,dataset/satisfaction_surveys/year=2024/month=12/day=24/satisfaction_surveys_20241224.csv,265,20,56644
satisfaction_surveys,dataset/satisfaction_surveys/year=2024/month=12/day=25/satisfaction_surveys_20241225.csv,193,20,42430
satisfaction_surveys,dataset/satisfaction_surveys/year=2024/month=12/day=26/satisfaction_surveys_20241226.csv,213,20,45882
satisfaction_surveys,dataset/satisfaction_surveys/year=2024/month=12/day=27/satisfaction_surveys_20241227.csv,230,20,50377
satisfaction_surveys,dataset/satisfaction_surveys/year=2024/month=12/day=28/satisfaction_surveys_20241228.csv,103,20,22468
satisfaction_surveys,dataset/satisfaction_surveys/year=2024/month=12/day=29/satisfaction_surveys_20241229.csv,103,20,22693
satisfaction_surveys,dataset/satisfaction_surveys/year=2024/month=12/day=30/satisfaction_surveys_20241230.csv,229,20,49600
satisfaction_surveys,dataset/satisfaction_surveys/year=2024/month=12/day=31/satisfaction_surveys_20241231.csv,212,20,47195
satisfaction_surveys,dataset/satisfaction_surveys/year=2025/month=01/day=01/satisfaction_surveys_20250101.csv,268,20,57818
satisfaction_surveys,dataset/satisfaction_surveys/year=2025/month=01/day=02/satisfaction_surveys_20250102.csv,269,20,57814
satisfaction_surveys,dataset/satisfaction_surveys/year=2025/month=01/day=03/satisfaction_surveys_20250103.csv,224,20,47582
satisfaction_surveys,dataset/satisfaction_surveys/year=2025/month=01/day=04/satisfaction_surveys_20250104.csv,93,20,20338
satisfaction_surveys,dataset/satisfaction_surveys/year=2025/month=01/day=05/satisfaction_surveys_20250105.csv,100,20,22090
satisfaction_surveys,dataset/satisfaction_surveys/year=2025/month=01/day=06/satisfaction_surveys_20250106.csv,184,20,40354
satisfaction_surveys,dataset/satisfaction_surveys/year=2025/month=01/day=07/satisfaction_surveys_20250107.csv,270,20,60792
satisfaction_surveys,dataset/satisfaction_surveys/year=2025/month=01/day=08/satisfaction_surveys_20250108.csv,186,20,39101
satisfaction_surveys,dataset/satisfaction_surveys/year=2025/month=01/day=09/satisfaction_surveys_20250109.csv,270,20,57764
satisfaction_surveys,dataset/satisfaction_surveys/year=2025/month=01/day=10/satisfaction_surveys_20250110.csv,244,20,52883
satisfaction_surveys,dataset/satisfaction_surveys/year=2025/month=01/day=11/satisfaction_surveys_20250111.csv,102,20,22944
satisfaction_surveys,dataset/satisfaction_surveys/year=2025/month=01/day=12/satisfaction_surveys_20250112.csv,113,20,24611
satisfaction_surveys,dataset/satisfaction_surveys/year=2025/month=01/day=13/satisfaction_surveys_20250113.csv,264,20,56747
satisfaction_surveys,dataset/satisfaction_surveys/year=2025/month=01/day=14/satisfaction_surveys_20250114.csv,203,20,43200
satisfaction_surveys,dataset/satisfaction_surveys/year=2025/month=01/day=15/satisfaction_surveys_20250115.csv,196,20,41685
satisfaction_surveys,dataset/satisfaction_surveys/year=2025/month=01/day=16/satisfaction_surveys_20250116.csv,217,20,47171
satisfaction_surveys,dataset/satisfaction_surveys/year=2025/month=01/day=17/satisfaction_surveys_20250117.csv,191,20,42559
satisfaction_surveys,dataset/satisfaction_surveys/year=2025/month=01/day=18/satisfaction_surveys_20250118.csv,114,20,24650
satisfaction_surveys,dataset/satisfaction_surveys/year=2025/month=01/day=19/satisfaction_surveys_20250119.csv,123,20,27589
satisfaction_surveys,dataset/satisfaction_surveys/year=2025/month=01/day=20/satisfaction_surveys_20250120.csv,213,20,46110
satisfaction_surveys,dataset/satisfaction_surveys/year=2025/month=01/day=21/satisfaction_surveys_20250121.csv,183,20,39476
satisfaction_surveys,dataset/satisfaction_surveys/year=2025/month=01/day=22/satisfaction_surveys_20250122.csv,187,20,39009
satisfaction_surveys,dataset/satisfaction_surveys/year=2025/month=01/day=23/satisfaction_surveys_20250123.csv,248,20,54757
satisfaction_surveys,dataset/satisfaction_surveys/year=2025/month=01/day=24/satisfaction_surveys_20250124.csv,184,20,41945
satisfaction_surveys,dataset/satisfaction_surveys/year=2025/month=01/day=25/satisfaction_surveys_20250125.csv,132,20,28268
satisfaction_surveys,dataset/satisfaction_surveys/year=2025/month=01/day=26/satisfaction_surveys_20250126.csv,112,20,24389
satisfaction_surveys,dataset/satisfaction_surveys/year=2025/month=01/day=27/satisfaction_surveys_20250127.csv,250,20,54427
satisfaction_surveys,dataset/satisfaction_surveys/year=2025/month=01/day=28/satisfaction_surveys_20250128.csv,208,20,45592
satisfaction_surveys,dataset/satisfaction_surveys/year=2025/month=01/day=29/satisfaction_surveys_20250129.csv,237,20,52347
satisfaction_surveys,dataset/satisfaction_surveys/year=2025/month=01/day=30/satisfaction_surveys_20250130.csv,254,20,55668
satisfaction_surveys,dataset/satisfaction_surveys/year=2025/month=01/day=31/satisfaction_surveys_20250131.csv,203,20,43730
satisfaction_surveys,dataset/satisfaction_surveys/year=2025/month=02/day=01/satisfaction_surveys_20250201.csv,94,20,20996
satisfaction_surveys,dataset/satisfaction_surveys/year=2025/month=02/day=02/satisfaction_surveys_20250202.csv,111,20,24454
satisfaction_surveys,dataset/satisfaction_surveys/year=2025/month=02/day=03/satisfaction_surveys_20250203.csv,247,20,54205
satisfaction_surveys,dataset/satisfaction_surveys/year=2025/month=02/day=04/satisfaction_surveys_20250204.csv,193,20,42277
satisfaction_surveys,dataset/satisfaction_surveys/year=2025/month=02/day=05/satisfaction_surveys_20250205.csv,208,20,45674
satisfaction_surveys,dataset/satisfaction_surveys/year=2025/month=02/day=06/satisfaction_surveys_20250206.csv,215,20,46835
satisfaction_surveys,dataset/satisfaction_surveys/year=2025/month=02/day=07/satisfaction_surveys_20250207.csv,221,20,47846
satisfaction_surveys,dataset/satisfaction_surveys/year=2025/month=02/day=08/satisfaction_surveys_20250208.csv,122,20,26878
satisfaction_surveys,dataset/satisfaction_surveys/year=2025/month=02/day=09/satisfaction_surveys_20250209.csv,104,20,22465
satisfaction_surveys,dataset/satisfaction_surveys/year=2025/month=02/day=10/satisfaction_surveys_20250210.csv,265,20,57293
satisfaction_surveys,dataset/satisfaction_surveys/year=2025/month=02/day=11/satisfaction_surveys_20250211.csv,258,20,55205
satisfaction_surveys,dataset/satisfaction_surveys/year=2025/month=02/day=12/satisfaction_surveys_20250212.csv,210,20,45908
satisfaction_surveys,dataset/satisfaction_surveys/year=2025/month=02/day=13/satisfaction_surveys_20250213.csv,212,20,46223
satisfaction_surveys,dataset/satisfaction_surveys/year=2025/month=02/day=14/satisfaction_surveys_20250214.csv,254,20,56174
satisfaction_surveys,dataset/satisfaction_surveys/year=2025/month=02/day=15/satisfaction_surveys_20250215.csv,103,20,22507
satisfaction_surveys,dataset/satisfaction_surveys/year=2025/month=02/day=16/satisfaction_surveys_20250216.csv,98,20,21143
satisfaction_surveys,dataset/satisfaction_surveys/year=2025/month=02/day=17/satisfaction_surveys_20250217.csv,261,20,57517
satisfaction_surveys,dataset/satisfaction_surveys/year=2025/month=02/day=18/satisfaction_surveys_20250218.csv,188,20,40403
satisfaction_surveys,dataset/satisfaction_surveys/year=2025/month=02/day=19/satisfaction_surveys_20250219.csv,226,20,47878
satisfaction_surveys,dataset/satisfaction_surveys/year=2025/month=02/day=20/satisfaction_surveys_20250220.csv,235,20,49699
satisfaction_surveys,dataset/satisfaction_surveys/year=2025/month=02/day=21/satisfaction_surveys_20250221.csv,223,20,48895
satisfaction_surveys,dataset/satisfaction_surveys/year=2025/month=02/day=22/satisfaction_surveys_20250222.csv,103,20,22389
satisfaction_surveys,dataset/satisfaction_surveys/year=2025/month=02/day=23/satisfaction_surveys_20250223.csv,94,20,21231
satisfaction_surveys,dataset/satisfaction_surveys/year=2025/month=02/day=24/satisfaction_surveys_20250224.csv,202,20,43720
satisfaction_surveys,dataset/satisfaction_surveys/year=2025/month=02/day=25/satisfaction_surveys_20250225.csv,212,20,46065
satisfaction_surveys,dataset/satisfaction_surveys/year=2025/month=02/day=26/satisfaction_surveys_20250226.csv,230,20,49444
satisfaction_surveys,dataset/satisfaction_surveys/year=2025/month=02/day=27/satisfaction_surveys_20250227.csv,221,20,49180
satisfaction_surveys,dataset/satisfaction_surveys/year=2025/month=02/day=28/satisfaction_surveys_20250228.csv,224,20,49643
satisfaction_surveys,dataset/satisfaction_surveys/year=2025/month=03/day=01/satisfaction_surveys_20250301.csv,128,20,28438
satisfaction_surveys,dataset/satisfaction_surveys/year=2025/month=03/day=02/satisfaction_surveys_20250302.csv,92,20,20470
satisfaction_surveys,dataset/satisfaction_surveys/year=2025/month=03/day=03/satisfaction_surveys_20250303.csv,218,20,47708
satisfaction_surveys,dataset/satisfaction_surveys/year=2025/month=03/day=04/satisfaction_surveys_20250304.csv,232,20,51143
satisfaction_surveys,dataset/satisfaction_surveys/year=2025/month=03/day=05/satisfaction_surveys_20250305.csv,266,20,58587
satisfaction_surveys,dataset/satisfaction_surveys/year=2025/month=03/day=06/satisfaction_surveys_20250306.csv,234,20,50975
satisfaction_surveys,dataset/satisfaction_surveys/year=2025/month=03/day=07/satisfaction_surveys_20250307.csv,204,20,44346
satisfaction_surveys,dataset/satisfaction_surveys/year=2025/month=03/day=08/satisfaction_surveys_20250308.csv,113,20,25391
satisfaction_surveys,dataset/satisfaction_surveys/year=2025/month=03/day=09/satisfaction_surveys_20250309.csv,120,20,26454
satisfaction_surveys,dataset/satisfaction_surveys/year=2025/month=03/day=10/satisfaction_surveys_20250310.csv,238,20,51297
satisfaction_surveys,dataset/satisfaction_surveys/year=2025/month=03/day=11/satisfaction_surveys_20250311.csv,260,20,56459
satisfaction_surveys,dataset/satisfaction_surveys/year=2025/month=03/day=12/satisfaction_surveys_20250312.csv,268,20,57828
satisfaction_surveys,dataset/satisfaction_surveys/year=2025/month=03/day=13/satisfaction_surveys_20250313.csv,258,20,56183
satisfaction_surveys,dataset/satisfaction_surveys/year=2025/month=03/day=14/satisfaction_surveys_20250314.csv,209,20,46286
satisfaction_surveys,dataset/satisfaction_surveys/year=2025/month=03/day=15/satisfaction_surveys_20250315.csv,128,20,28476
satisfaction_surveys,dataset/satisfaction_surveys/year=2025/month=03/day=16/satisfaction_surveys_20250316.csv,92,20,20252
satisfaction_surveys,dataset/satisfaction_surveys/year=2025/month=03/day=17/satisfaction_surveys_20250317.csv,223,20,48756
satisfaction_surveys,dataset/satisfaction_surveys/year=2025/month=03/day=18/satisfaction_surveys_20250318.csv,208,20,45030
satisfaction_surveys,dataset/satisfaction_surveys/year=2025/month=03/day=19/satisfaction_surveys_20250319.csv,217,20,46711
satisfaction_surveys,dataset/satisfaction_surveys/year=2025/month=03/day=20/satisfaction_surveys_20250320.csv,268,20,57731
satisfaction_surveys,dataset/satisfaction_surveys/year=2025/month=03/day=21/satisfaction_surveys_20250321.csv,193,20,42838
satisfaction_surveys,dataset/satisfaction_surveys/year=2025/month=03/day=22/satisfaction_surveys_20250322.csv,103,20,22515
satisfaction_surveys,dataset/satisfaction_surveys/year=2025/month=03/day=23/satisfaction_surveys_20250323.csv,133,20,29725
satisfaction_surveys,dataset/satisfaction_surveys/year=2025/month=03/day=24/satisfaction_surveys_20250324.csv,234,20,51651
satisfaction_surveys,dataset/satisfaction_surveys/year=2025/month=03/day=25/satisfaction_surveys_20250325.csv,258,20,56082
satisfaction_surveys,dataset/satisfaction_surveys/year=2025/month=03/day=26/satisfaction_surveys_20250326.csv,237,20,52339
satisfaction_surveys,dataset/satisfaction_surveys/year=2025/month=03/day=27/satisfaction_surveys_20250327.csv,266,20,57879
satisfaction_surveys,dataset/satisfaction_surveys/year=2025/month=03/day=28/satisfaction_surveys_20250328.csv,217,20,46965
satisfaction_surveys,dataset/satisfaction_surveys/year=2025/month=03/day=29/satisfaction_surveys_20250329.csv,100,20,21024
satisfaction_surveys,dataset/satisfaction_surveys/year=2025/month=03/day=30/satisfaction_surveys_20250330.csv,123,20,26482
satisfaction_surveys,dataset/satisfaction_surveys/year=2025/month=03/day=31/satisfaction_surveys_20250331.csv,203,20,44681
satisfaction_surveys,dataset/satisfaction_surveys/year=2025/month=04/day=01/satisfaction_surveys_20250401.csv,238,20,52501
satisfaction_surveys,dataset/satisfaction_surveys/year=2025/month=04/day=02/satisfaction_surveys_20250402.csv,233,20,51044
satisfaction_surveys,dataset/satisfaction_surveys/year=2025/month=04/day=03/satisfaction_surveys_20250403.csv,269,20,58766
satisfaction_surveys,dataset/satisfaction_surveys/year=2025/month=04/day=04/satisfaction_surveys_20250404.csv,187,20,40556
satisfaction_surveys,dataset/satisfaction_surveys/year=2025/month=04/day=05/satisfaction_surveys_20250405.csv,133,20,29327
satisfaction_surveys,dataset/satisfaction_surveys/year=2025/month=04/day=06/satisfaction_surveys_20250406.csv,113,20,24261
satisfaction_surveys,dataset/satisfaction_surveys/year=2025/month=04/day=07/satisfaction_surveys_20250407.csv,217,20,47259
satisfaction_surveys,dataset/satisfaction_surveys/year=2025/month=04/day=08/satisfaction_surveys_20250408.csv,256,20,55752
satisfaction_surveys,dataset/satisfaction_surveys/year=2025/month=04/day=09/satisfaction_surveys_20250409.csv,203,20,44974
satisfaction_surveys,dataset/satisfaction_surveys/year=2025/month=04/day=10/satisfaction_surveys_20250410.csv,255,20,56055
satisfaction_surveys,dataset/satisfaction_surveys/year=2025/month=04/day=11/satisfaction_surveys_20250411.csv,186,20,40938
satisfaction_surveys,dataset/satisfaction_surveys/year=2025/month=04/day=12/satisfaction_surveys_20250412.csv,94,20,21278
satisfaction_surveys,dataset/satisfaction_surveys/year=2025/month=04/day=13/satisfaction_surveys_20250413.csv,102,20,22517
satisfaction_surveys,dataset/satisfaction_surveys/year=2025/month=04/day=14/satisfaction_surveys_20250414.csv,263,20,57171
satisfaction_surveys,dataset/satisfaction_surveys/year=2025/month=04/day=15/satisfaction_surveys_20250415.csv,206,20,45148
satisfaction_surveys,dataset/satisfaction_surveys/year=2025/month=04/day=16/satisfaction_surveys_20250416.csv,253,20,55713
satisfaction_surveys,dataset/satisfaction_surveys/year=2025/month=04/day=17/satisfaction_surveys_20250417.csv,231,20,50457
satisfaction_surveys,dataset/satisfaction_surveys/year=2025/month=04/day=18/satisfaction_surveys_20250418.csv,200,20,43460
satisfaction_surveys,dataset/satisfaction_surveys/year=2025/month=04/day=19/satisfaction_surveys_20250419.csv,123,20,27097
satisfaction_surveys,dataset/satisfaction_surveys/year=2025/month=04/day=20/satisfaction_surveys_20250420.csv,106,20,23226
satisfaction_surveys,dataset/satisfaction_surveys/year=2025/month=04/day=21/satisfaction_surveys_20250421.csv,204,20,44325
satisfaction_surveys,dataset/satisfaction_surveys/year=2025/month=04/day=22/satisfaction_surveys_20250422.csv,259,20,56626
satisfaction_surveys,dataset/satisfaction_surveys/year=2025/month=04/day=23/satisfaction_surveys_20250423.csv,191,20,41747
satisfaction_surveys,dataset/satisfaction_surveys/year=2025/month=04/day=24/satisfaction_surveys_20250424.csv,241,20,52404
satisfaction_surveys,dataset/satisfaction_surveys/year=2025/month=04/day=25/satisfaction_surveys_20250425.csv,251,20,55354
satisfaction_surveys,dataset/satisfaction_surveys/year=2025/month=04/day=26/satisfaction_surveys_20250426.csv,124,20,27712
satisfaction_surveys,dataset/satisfaction_surveys/year=2025/month=04/day=27/satisfaction_surveys_20250427.csv,110,20,23844
satisfaction_surveys,dataset/satisfaction_surveys/year=2025/month=04/day=28/satisfaction_surveys_20250428.csv,245,20,54694
satisfaction_surveys,dataset/satisfaction_surveys/year=2025/month=04/day=29/satisfaction_surveys_20250429.csv,230,20,50787
satisfaction_surveys,dataset/satisfaction_surveys/year=2025/month=04/day=30/satisfaction_surveys_20250430.csv,224,20,48492
satisfaction_surveys,dataset/satisfaction_surveys/year=2025/month=05/day=01/satisfaction_surveys_20250501.csv,239,20,52207
satisfaction_surveys,dataset/satisfaction_surveys/year=2025/month=05/day=02/satisfaction_surveys_20250502.csv,235,20,50935
satisfaction_surveys,dataset/satisfaction_surveys/year=2025/month=05/day=03/satisfaction_surveys_20250503.csv,132,20,29921
satisfaction_surveys,dataset/satisfaction_surveys/year=2025/month=05/day=04/satisfaction_surveys_20250504.csv,97,20,20850
satisfaction_surveys,dataset/satisfaction_surveys/year=2025/month=05/day=05/satisfaction_surveys_20250505.csv,246,20,53916
satisfaction_surveys,dataset/satisfaction_surveys/year=2025/month=05/day=06/satisfaction_surveys_20250506.csv,196,20,43649
satisfaction_surveys,dataset/satisfaction_surveys/year=2025/month=05/day=07/satisfaction_surveys_20250507.csv,191,20,41822
satisfaction_surveys,dataset/satisfaction_surveys/year=2025/month=05/day=08/satisfaction_surveys_20250508.csv,186,20,41539
satisfaction_surveys,dataset/satisfaction_surveys/year=2025/month=05/day=09/satisfaction_surveys_20250509.csv,192,20,41226
satisfaction_surveys,dataset/satisfaction_surveys/year=2025/month=05/day=10/satisfaction_surveys_20250510.csv,106,20,23368
satisfaction_surveys,dataset/satisfaction_surveys/year=2025/month=05/day=11/satisfaction_surveys_20250511.csv,134,20,29498
satisfaction_surveys,dataset/satisfaction_surveys/year=2025/month=05/day=12/satisfaction_surveys_20250512.csv,258,20,56004
satisfaction_surveys,dataset/satisfaction_surveys/year=2025/month=05/day=13/satisfaction_surveys_20250513.csv,197,20,43452
satisfaction_surveys,dataset/satisfaction_surveys/year=2025/month=05/day=14/satisfaction_surveys_20250514.csv,228,20,50092
satisfaction_surveys,dataset/satisfaction_surveys/year=2025/month=05/day=15/satisfaction_surveys_20250515.csv,257,20,55940
satisfaction_surveys,dataset/satisfaction_surveys/year=2025/month=05/day=16/satisfaction_surveys_20250516.csv,226,20,49397
satisfaction_surveys,dataset/satisfaction_surveys/year=2025/month=05/day=17/satisfaction_surveys_20250517.csv,97,20,21524
satisfaction_surveys,dataset/satisfaction_surveys/year=2025/month=05/day=18/satisfaction_surveys_20250518.csv,96,20,21608
satisfaction_surveys,dataset/satisfaction_surveys/year=2025/month=05/day=19/satisfaction_surveys_20250519.csv,228,20,50599
satisfaction_surveys,dataset/satisfaction_surveys/year=2025/month=05/day=20/satisfaction_surveys_20250520.csv,206,20,44684
satisfaction_surveys,dataset/satisfaction_surveys/year=2025/month=05/day=21/satisfaction_surveys_20250521.csv,252,20,55191
satisfaction_surveys,dataset/satisfaction_surveys/year=2025/month=05/day=22/satisfaction_surveys_20250522.csv,261,20,57103
satisfaction_surveys,dataset/satisfaction_surveys/year=2025/month=05/day=23/satisfaction_surveys_20250523.csv,245,20,53463
satisfaction_surveys,dataset/satisfaction_surveys/year=2025/month=05/day=24/satisfaction_surveys_20250524.csv,131,20,29377
satisfaction_surveys,dataset/satisfaction_surveys/year=2025/month=05/day=25/satisfaction_surveys_20250525.csv,134,20,29314
satisfaction_surveys,dataset/satisfaction_surveys/year=2025/month=05/day=26/satisfaction_surveys_20250526.csv,234,20,51365
satisfaction_surveys,dataset/satisfaction_surveys/year=2025/month=05/day=27/satisfaction_surveys_20250527.csv,258,20,56833
satisfaction_surveys,dataset/satisfaction_surveys/year=2025/month=05/day=28/satisfaction_surveys_20250528.csv,230,20,49905
satisfaction_surveys,dataset/satisfaction_surveys/year=2025/month=05/day=29/satisfaction_surveys_20250529.csv,259,20,56318
satisfaction_surveys,dataset/satisfaction_surveys/year=2025/month=05/day=30/satisfaction_surveys_20250530.csv,210,20,46152
satisfaction_surveys,dataset/satisfaction_surveys/year=2025/month=05/day=31/satisfaction_surveys_20250531.csv,126,20,27510
satisfaction_surveys,dataset/satisfaction_surveys/year=2025/month=06/day=01/satisfaction_surveys_20250601.csv,115,20,24781
satisfaction_surveys,dataset/satisfaction_surveys/year=2025/month=06/day=02/satisfaction_surveys_20250602.csv,188,20,41110
satisfaction_surveys,dataset/satisfaction_surveys/year=2025/month=06/day=03/satisfaction_surveys_20250603.csv,190,20,41350
satisfaction_surveys,dataset/satisfaction_surveys/year=2025/month=06/day=04/satisfaction_surveys_20250604.csv,212,20,46368
satisfaction_surveys,dataset/satisfaction_surveys/year=2025/month=06/day=05/satisfaction_surveys_20250605.csv,194,20,43475
satisfaction_surveys,dataset/satisfaction_surveys/year=2025/month=06/day=06/satisfaction_surveys_20250606.csv,199,20,43816
satisfaction_surveys,dataset/satisfaction_surveys/year=2025/month=06/day=07/satisfaction_surveys_20250607.csv,125,20,27124
satisfaction_surveys,dataset/satisfaction_surveys/year=2025/month=06/day=08/satisfaction_surveys_20250608.csv,126,20,27562
satisfaction_surveys,dataset/satisfaction_surveys/year=2025/month=06/day=09/satisfaction_surveys_20250609.csv,196,20,42456
satisfaction_surveys,dataset/satisfaction_surveys/year=2025/month=06/day=10/satisfaction_surveys_20250610.csv,243,20,52968
satisfaction_surveys,dataset/satisfaction_surveys/year=2025/month=06/day=11/satisfaction_surveys_20250611.csv,238,20,52188
satisfaction_surveys,dataset/satisfaction_surveys/year=2025/month=06/day=12/satisfaction_surveys_20250612.csv,227,20,48100
satisfaction_surveys,dataset/satisfaction_surveys/year=2025/month=06/day=13/satisfaction_surveys_20250613.csv,226,20,49666
satisfaction_surveys,dataset/satisfaction_surveys/year=2025/month=06/day=14/satisfaction_surveys_20250614.csv,96,20,21124
satisfaction_surveys,dataset/satisfaction_surveys/year=2025/month=06/day=15/satisfaction_surveys_20250615.csv,96,20,21037
satisfaction_surveys,dataset/satisfaction_surveys/year=2025/month=06/day=16/satisfaction_surveys_20250616.csv,221,20,48303
satisfaction_surveys,dataset/satisfaction_surveys/year=2025/month=06/day=17/satisfaction_surveys_20250617.csv,193,20,42162
satisfaction_surveys,dataset/satisfaction_surveys/year=2025/month=06/day=18/satisfaction_surveys_20250618.csv,225,20,48454
satisfaction_surveys,dataset/satisfaction_surveys/year=2025/month=06/day=19/satisfaction_surveys_20250619.csv,249,20,55326
satisfaction_surveys,dataset/satisfaction_surveys/year=2025/month=06/day=20/satisfaction_surveys_20250620.csv,268,20,59286
satisfaction_surveys,dataset/satisfaction_surveys/year=2025/month=06/day=21/satisfaction_surveys_20250621.csv,98,20,20937
satisfaction_surveys,dataset/satisfaction_surveys/year=2025/month=06/day=22/satisfaction_surveys_20250622.csv,104,20,22548
satisfaction_surveys,dataset/satisfaction_surveys/year=2025/month=06/day=23/satisfaction_surveys_20250623.csv,246,20,54810
satisfaction_surveys,dataset/satisfaction_surveys/year=2025/month=06/day=24/satisfaction_surveys_20250624.csv,204,20,44324
satisfaction_surveys,dataset/satisfaction_surveys/year=2025/month=06/day=25/satisfaction_surveys_20250625.csv,257,20,55889
satisfaction_surveys,dataset/satisfaction_surveys/year=2025/month=06/day=26/satisfaction_surveys_20250626.csv,199,20,44109
satisfaction_surveys,dataset/satisfaction_surveys/year=2025/month=06/day=27/satisfaction_surveys_20250627.csv,270,20,58036
satisfaction_surveys,dataset/satisfaction_surveys/year=2025/month=06/day=28/satisfaction_surveys_20250628.csv,128,20,27737
satisfaction_surveys,dataset/satisfaction_surveys/year=2025/month=06/day=29/satisfaction_surveys_20250629.csv,109,20,23106
satisfaction_surveys,dataset/satisfaction_surveys/year=2025/month=06/day=30/satisfaction_surveys_20250630.csv,210,20,45406
satisfaction_surveys,dataset/satisfaction_surveys/year=2025/month=07/day=01/satisfaction_surveys_20250701.csv,232,20,50368
satisfaction_surveys,dataset/satisfaction_surveys/year=2025/month=07/day=02/satisfaction_surveys_20250702.csv,238,20,52558
satisfaction_surveys,dataset/satisfaction_surveys/year=2025/month=07/day=03/satisfaction_surveys_20250703.csv,212,20,45910
satisfaction_surveys,dataset/satisfaction_surveys/year=2025/month=07/day=04/satisfaction_surveys_20250704.csv,183,20,39794
satisfaction_surveys,dataset/satisfaction_surveys/year=2025/month=07/day=05/satisfaction_surveys_20250705.csv,97,20,21693
satisfaction_surveys,dataset/satisfaction_surveys/year=2025/month=07/day=06/satisfaction_surveys_20250706.csv,113,20,24038
satisfaction_surveys,dataset/satisfaction_surveys/year=2025/month=07/day=07/satisfaction_surveys_20250707.csv,254,20,54812
satisfaction_surveys,dataset/satisfaction_surveys/year=2025/month=07/day=08/satisfaction_surveys_20250708.csv,210,20,45464
satisfaction_surveys,dataset/satisfaction_surveys/year=2025/month=07/day=09/satisfaction_surveys_20250709.csv,224,20,48369
satisfaction_surveys,dataset/satisfaction_surveys/year=2025/month=07/day=10/satisfaction_surveys_20250710.csv,188,20,39998
satisfaction_surveys,dataset/satisfaction_surveys/year=2025/month=07/day=11/satisfaction_surveys_20250711.csv,240,20,52313
satisfaction_surveys,dataset/satisfaction_surveys/year=2025/month=07/day=12/satisfaction_surveys_20250712.csv,120,20,26541
satisfaction_surveys,dataset/satisfaction_surveys/year=2025/month=07/day=13/satisfaction_surveys_20250713.csv,123,20,26595
satisfaction_surveys,dataset/satisfaction_surveys/year=2025/month=07/day=14/satisfaction_surveys_20250714.csv,206,20,45454
satisfaction_surveys,dataset/satisfaction_surveys/year=2025/month=07/day=15/satisfaction_surveys_20250715.csv,242,20,52187
satisfaction_surveys,dataset/satisfaction_surveys/year=2025/month=07/day=16/satisfaction_surveys_20250716.csv,263,20,56575
satisfaction_surveys,dataset/satisfaction_surveys/year=2025/month=07/day=17/satisfaction_surveys_20250717.csv,214,20,46764
satisfaction_surveys,dataset/satisfaction_surveys/year=2025/month=07/day=18/satisfaction_surveys_20250718.csv,227,20,48637
satisfaction_surveys,dataset/satisfaction_surveys/year=2025/month=07/day=19/satisfaction_surveys_20250719.csv,108,20,22712
satisfaction_surveys,dataset/satisfaction_surveys/year=2025/month=07/day=20/satisfaction_surveys_20250720.csv,113,20,24903
satisfaction_surveys,dataset/satisfaction_surveys/year=2025/month=07/day=21/satisfaction_surveys_20250721.csv,211,20,46802
satisfaction_surveys,dataset/satisfaction_surveys/year=2025/month=07/day=22/satisfaction_surveys_20250722.csv,249,20,53710
satisfaction_surveys,dataset/satisfaction_surveys/year=2025/month=07/day=23/satisfaction_surveys_20250723.csv,251,20,54500
satisfaction_surveys,dataset/satisfaction_surveys/year=2025/month=07/day=24/satisfaction_surveys_20250724.csv,250,20,54121
satisfaction_surveys,dataset/satisfaction_surveys/year=2025/month=07/day=25/satisfaction_surveys_20250725.csv,244,20,53285
satisfaction_surveys,dataset/satisfaction_surveys/year=2025/month=07/day=26/satisfaction_surveys_20250726.csv,126,20,27883
satisfaction_surveys,dataset/satisfaction_surveys/year=2025/month=07/day=27/satisfaction_surveys_20250727.csv,121,20,26425
satisfaction_surveys,dataset/satisfaction_surveys/year=2025/month=07/day=28/satisfaction_surveys_20250728.csv,216,20,46512
satisfaction_surveys,dataset/satisfaction_surveys/year=2025/month=07/day=29/satisfaction_surveys_20250729.csv,250,20,54737
satisfaction_surveys,dataset/satisfaction_surveys/year=2025/month=07/day=30/satisfaction_surveys_20250730.csv,188,20,40917
satisfaction_surveys,dataset/satisfaction_surveys/year=2025/month=07/day=31/satisfaction_surveys_20250731.csv,192,20,41142
satisfaction_surveys,dataset/satisfaction_surveys/year=2025/month=08/day=01/satisfaction_surveys_20250801.csv,207,20,45511
satisfaction_surveys,dataset/satisfaction_surveys/year=2025/month=08/day=02/satisfaction_surveys_20250802.csv,126,20,27268
satisfaction_surveys,dataset/satisfaction_surveys/year=2025/month=08/day=03/satisfaction_surveys_20250803.csv,115,20,25382
satisfaction_surveys,dataset/satisfaction_surveys/year=2025/month=08/day=04/satisfaction_surveys_20250804.csv,194,20,42920
satisfaction_surveys,dataset/satisfaction_surveys/year=2025/month=08/day=05/satisfaction_surveys_20250805.csv,269,20,58226
satisfaction_surveys,dataset/satisfaction_surveys/year=2025/month=08/day=06/satisfaction_surveys_20250806.csv,255,20,56024
satisfaction_surveys,dataset/satisfaction_surveys/year=2025/month=08/day=07/satisfaction_surveys_20250807.csv,238,20,51365
satisfaction_surveys,dataset/satisfaction_surveys/year=2025/month=08/day=08/satisfaction_surveys_20250808.csv,199,20,43993
satisfaction_surveys,dataset/satisfaction_surveys/year=2025/month=08/day=09/satisfaction_surveys_20250809.csv,128,20,27610
satisfaction_surveys,dataset/satisfaction_surveys/year=2025/month=08/day=10/satisfaction_surveys_20250810.csv,106,20,23241
satisfaction_surveys,dataset/satisfaction_surveys/year=2025/month=08/day=11/satisfaction_surveys_20250811.csv,242,20,51689
satisfaction_surveys,dataset/satisfaction_surveys/year=2025/month=08/day=12/satisfaction_surveys_20250812.csv,221,20,48844
satisfaction_surveys,dataset/satisfaction_surveys/year=2025/month=08/day=13/satisfaction_surveys_20250813.csv,200,20,42969
satisfaction_surveys,dataset/satisfaction_surveys/year=2025/month=08/day=14/satisfaction_surveys_20250814.csv,201,20,44126
satisfaction_surveys,dataset/satisfaction_surveys/year=2025/month=08/day=15/satisfaction_surveys_20250815.csv,201,20,43256
satisfaction_surveys,dataset/satisfaction_surveys/year=2025/month=08/day=16/satisfaction_surveys_20250816.csv,127,20,27963
satisfaction_surveys,dataset/satisfaction_surveys/year=2025/month=08/day=17/satisfaction_surveys_20250817.csv,103,20,23051
satisfaction_surveys,dataset/satisfaction_surveys/year=2025/month=08/day=18/satisfaction_surveys_20250818.csv,261,20,58218
satisfaction_surveys,dataset/satisfaction_surveys/year=2025/month=08/day=19/satisfaction_surveys_20250819.csv,182,20,39686
satisfaction_surveys,dataset/satisfaction_surveys/year=2025/month=08/day=20/satisfaction_surveys_20250820.csv,253,20,56275
satisfaction_surveys,dataset/satisfaction_surveys/year=2025/month=08/day=21/satisfaction_surveys_20250821.csv,214,20,47311
satisfaction_surveys,dataset/satisfaction_surveys/year=2025/month=08/day=22/satisfaction_surveys_20250822.csv,268,20,58720
satisfaction_surveys,dataset/satisfaction_surveys/year=2025/month=08/day=23/satisfaction_surveys_20250823.csv,105,20,22511
satisfaction_surveys,dataset/satisfaction_surveys/year=2025/month=08/day=24/satisfaction_surveys_20250824.csv,94,20,20613
satisfaction_surveys,dataset/satisfaction_surveys/year=2025/month=08/day=25/satisfaction_surveys_20250825.csv,213,20,45750
satisfaction_surveys,dataset/satisfaction_surveys/year=2025/month=08/day=26/satisfaction_surveys_20250826.csv,261,20,58212
satisfaction_surveys,dataset/satisfaction_surveys/year=2025/month=08/day=27/satisfaction_surveys_20250827.csv,255,20,55157
satisfaction_surveys,dataset/satisfaction_surveys/year=2025/month=08/day=28/satisfaction_surveys_20250828.csv,244,20,52222
satisfaction_surveys,dataset/satisfaction_surveys/year=2025/month=08/day=29/satisfaction_surveys_20250829.csv,189,20,41713
satisfaction_surveys,dataset/satisfaction_surveys/year=2025/month=08/day=30/satisfaction_surveys_20250830.csv,101,20,21473
satisfaction_surveys,dataset/satisfaction_surveys/year=2025/month=08/day=31/satisfaction_surveys_20250831.csv,121,20,26925
satisfaction_surveys,dataset/satisfaction_surveys/year=2025/month=09/day=01/satisfaction_surveys_20250901.csv,244,20,51944
satisfaction_surveys,dataset/satisfaction_surveys/year=2025/month=09/day=02/satisfaction_surveys_20250902.csv,200,20,43748
satisfaction_surveys,dataset/satisfaction_surveys/year=2025/month=09/day=03/satisfaction_surveys_20250903.csv,243,20,53078
satisfaction_surveys,dataset/satisfaction_surveys/year=2025/month=09/day=04/satisfaction_surveys_20250904.csv,258,20,56652
satisfaction_surveys,dataset/satisfaction_surveys/year=2025/month=09/day=05/satisfaction_surveys_20250905.csv,203,20,43669
satisfaction_surveys,dataset/satisfaction_surveys/year=2025/month=09/day=06/satisfaction_surveys_20250906.csv,115,20,25581
satisfaction_surveys,dataset/satisfaction_surveys/year=2025/month=09/day=07/satisfaction_surveys_20250907.csv,101,20,23011
satisfaction_surveys,dataset/satisfaction_surveys/year=2025/month=09/day=08/satisfaction_surveys_20250908.csv,206,20,44548
satisfaction_surveys,dataset/satisfaction_surveys/year=2025/month=09/day=09/satisfaction_surveys_20250909.csv,261,20,57594
satisfaction_surveys,dataset/satisfaction_surveys/year=2025/month=09/day=10/satisfaction_surveys_20250910.csv,195,20,43258
satisfaction_surveys,dataset/satisfaction_surveys/year=2025/month=09/day=11/satisfaction_surveys_20250911.csv,227,20,47920
satisfaction_surveys,dataset/satisfaction_surveys/year=2025/month=09/day=12/satisfaction_surveys_20250912.csv,227,20,49969
satisfaction_surveys,dataset/satisfaction_surveys/year=2025/month=09/day=13/satisfaction_surveys_20250913.csv,114,20,25066
satisfaction_surveys,dataset/satisfaction_surveys/year=2025/month=09/day=14/satisfaction_surveys_20250914.csv,106,20,23219
satisfaction_surveys,dataset/satisfaction_surveys/year=2025/month=09/day=15/satisfaction_surveys_20250915.csv,187,20,41601
satisfaction_surveys,dataset/satisfaction_surveys/year=2025/month=09/day=16/satisfaction_surveys_20250916.csv,207,20,45441
satisfaction_surveys,dataset/satisfaction_surveys/year=2025/month=09/day=17/satisfaction_surveys_20250917.csv,265,20,57277
satisfaction_surveys,dataset/satisfaction_surveys/year=2025/month=09/day=18/satisfaction_surveys_20250918.csv,252,20,54903
satisfaction_surveys,dataset/satisfaction_surveys/year=2025/month=09/day=19/satisfaction_surveys_20250919.csv,210,20,45227
satisfaction_surveys,dataset/satisfaction_surveys/year=2025/month=09/day=20/satisfaction_surveys_20250920.csv,118,20,26252
satisfaction_surveys,dataset/satisfaction_surveys/year=2025/month=09/day=21/satisfaction_surveys_20250921.csv,130,20,28168
satisfaction_surveys,dataset/satisfaction_surveys/year=2025/month=09/day=22/satisfaction_surveys_20250922.csv,258,20,56396
satisfaction_surveys,dataset/satisfaction_surveys/year=2025/month=09/day=23/satisfaction_surveys_20250923.csv,267,20,58158
satisfaction_surveys,dataset/satisfaction_surveys/year=2025/month=09/day=24/satisfaction_surveys_20250924.csv,241,20,53056
satisfaction_surveys,dataset/satisfaction_surveys/year=2025/month=09/day=25/satisfaction_surveys_20250925.csv,255,20,56202
satisfaction_surveys,dataset/satisfaction_surveys/year=2025/month=09/day=26/satisfaction_surveys_20250926.csv,249,20,54156
satisfaction_surveys,dataset/satisfaction_surveys/year=2025/month=09/day=27/satisfaction_surveys_20250927.csv,123,20,27029
satisfaction_surveys,dataset/satisfaction_surveys/year=2025/month=09/day=28/satisfaction_surveys_20250928.csv,109,20,23580
satisfaction_surveys,dataset/satisfaction_surveys/year=2025/month=09/day=29/satisfaction_surveys_20250929.csv,249,20,53373
satisfaction_surveys,dataset/satisfaction_surveys/year=2025/month=09/day=30/satisfaction_surveys_20250930.csv,192,20,41469
satisfaction_surveys,dataset/satisfaction_surveys/year=2025/month=10/day=01/satisfaction_surveys_20251001.csv,184,20,40029
satisfaction_surveys,dataset/satisfaction_surveys/year=2025/month=10/day=02/satisfaction_surveys_20251002.csv,228,20,49845
satisfaction_surveys,dataset/satisfaction_surveys/year=2025/month=10/day=03/satisfaction_surveys_20251003.csv,246,20,52937
satisfaction_surveys,dataset/satisfaction_surveys/year=2025/month=10/day=04/satisfaction_surveys_20251004.csv,117,20,26514
satisfaction_surveys,dataset/satisfaction_surveys/year=2025/month=10/day=05/satisfaction_surveys_20251005.csv,130,20,28568
satisfaction_surveys,dataset/satisfaction_surveys/year=2025/month=10/day=06/satisfaction_surveys_20251006.csv,245,20,53474
satisfaction_surveys,dataset/satisfaction_surveys/year=2025/month=10/day=07/satisfaction_surveys_20251007.csv,220,20,48156
satisfaction_surveys,dataset/satisfaction_surveys/year=2025/month=10/day=08/satisfaction_surveys_20251008.csv,223,20,48644
satisfaction_surveys,dataset/satisfaction_surveys/year=2025/month=10/day=09/satisfaction_surveys_20251009.csv,188,20,40879
satisfaction_surveys,dataset/satisfaction_surveys/year=2025/month=10/day=10/satisfaction_surveys_20251010.csv,209,20,45966
satisfaction_surveys,dataset/satisfaction_surveys/year=2025/month=10/day=11/satisfaction_surveys_20251011.csv,106,20,22969
satisfaction_surveys,dataset/satisfaction_surveys/year=2025/month=10/day=12/satisfaction_surveys_20251012.csv,103,20,22823
satisfaction_surveys,dataset/satisfaction_surveys/year=2025/month=10/day=13/satisfaction_surveys_20251013.csv,265,20,57823
satisfaction_surveys,dataset/satisfaction_surveys/year=2025/month=10/day=14/satisfaction_surveys_20251014.csv,230,20,50506
satisfaction_surveys,dataset/satisfaction_surveys/year=2025/month=10/day=15/satisfaction_surveys_20251015.csv,258,20,57252
satisfaction_surveys,dataset/satisfaction_surveys/year=2025/month=10/day=16/satisfaction_surveys_20251016.csv,248,20,53613
satisfaction_surveys,dataset/satisfaction_surveys/year=2025/month=10/day=17/satisfaction_surveys_20251017.csv,229,20,49443
satisfaction_surveys,dataset/satisfaction_surveys/year=2025/month=10/day=18/satisfaction_surveys_20251018.csv,112,20,24388
satisfaction_surveys,dataset/satisfaction_surveys/year=2025/month=10/day=19/satisfaction_surveys_20251019.csv,99,20,21575
satisfaction_surveys,dataset/satisfaction_surveys/year=2025/month=10/day=20/satisfaction_surveys_20251020.csv,258,20,54808
satisfaction_surveys,dataset/satisfaction_surveys/year=2025/month=10/day=21/satisfaction_surveys_20251021.csv,224,20,50004
satisfaction_surveys,dataset/satisfaction_surveys/year=2025/month=10/day=22/satisfaction_surveys_20251022.csv,183,20,39566
satisfaction_surveys,dataset/satisfaction_surveys/year=2025/month=10/day=23/satisfaction_surveys_20251023.csv,228,20,49369
satisfaction_surveys,dataset/satisfaction_surveys/year=2025/month=10/day=24/satisfaction_surveys_20251024.csv,197,20,43115
satisfaction_surveys,dataset/satisfaction_surveys/year=2025/month=10/day=25/satisfaction_surveys_20251025.csv,92,20,20374
satisfaction_surveys,dataset/satisfaction_surveys/year=2025/month=10/day=26/satisfaction_surveys_20251026.csv,96,20,21183
satisfaction_surveys,dataset/satisfaction_surveys/year=2025/month=10/day=27/satisfaction_surveys_20251027.csv,201,20,43295
satisfaction_surveys,dataset/satisfaction_surveys/year=2025/month=10/day=28/satisfaction_surveys_20251028.csv,181,20,39100
satisfaction_surveys,dataset/satisfaction_surveys/year=2025/month=10/day=29/satisfaction_surveys_20251029.csv,203,20,42436
satisfaction_surveys,dataset/satisfaction_surveys/year=2025/month=10/day=30/satisfaction_surveys_20251030.csv,211,20,46781
satisfaction_surveys,dataset/satisfaction_surveys/year=2025/month=10/day=31/satisfaction_surveys_20251031.csv,182,20,40393
satisfaction_surveys,dataset/satisfaction_surveys/year=2025/month=11/day=01/satisfaction_surveys_20251101.csv,94,20,21436
satisfaction_surveys,dataset/satisfaction_surveys/year=2025/month=11/day=02/satisfaction_surveys_20251102.csv,99,20,21530
satisfaction_surveys,dataset/satisfaction_surveys/year=2025/month=11/day=03/satisfaction_surveys_20251103.csv,258,20,55503
satisfaction_surveys,dataset/satisfaction_surveys/year=2025/month=11/day=04/satisfaction_surveys_20251104.csv,228,20,50399
satisfaction_surveys,dataset/satisfaction_surveys/year=2025/month=11/day=05/satisfaction_surveys_20251105.csv,238,20,51889
satisfaction_surveys,dataset/satisfaction_surveys/year=2025/month=11/day=06/satisfaction_surveys_20251106.csv,234,20,50673
satisfaction_surveys,dataset/satisfaction_surveys/year=2025/month=11/day=07/satisfaction_surveys_20251107.csv,265,20,57702
satisfaction_surveys,dataset/satisfaction_surveys/year=2025/month=11/day=08/satisfaction_surveys_20251108.csv,124,20,28119
satisfaction_surveys,dataset/satisfaction_surveys/year=2025/month=11/day=09/satisfaction_surveys_20251109.csv,125,20,27178
satisfaction_surveys,dataset/satisfaction_surveys/year=2025/month=11/day=10/satisfaction_surveys_20251110.csv,188,20,41418
satisfaction_surveys,dataset/satisfaction_surveys/year=2025/month=11/day=11/satisfaction_surveys_20251111.csv,263,20,56068
satisfaction_surveys,dataset/satisfaction_surveys/year=2025/month=11/day=12/satisfaction_surveys_20251112.csv,202,20,43182
satisfaction_surveys,dataset/satisfaction_surveys/year=2025/month=11/day=13/satisfaction_surveys_20251113.csv,237,20,51372
satisfaction_surveys,dataset/satisfaction_surveys/year=2025/month=11/day=14/satisfaction_surveys_20251114.csv,220,20,48856
satisfaction_surveys,dataset/satisfaction_surveys/year=2025/month=11/day=15/satisfaction_surveys_20251115.csv,96,20,20834
satisfaction_surveys,dataset/satisfaction_surveys/year=2025/month=11/day=16/satisfaction_surveys_20251116.csv,91,20,20387
satisfaction_surveys,dataset/satisfaction_surveys/year=2025/month=11/day=17/satisfaction_surveys_20251117.csv,223,20,48118
satisfaction_surveys,dataset/satisfaction_surveys/year=2025/month=11/day=18/satisfaction_surveys_20251118.csv,269,20,59233
satisfaction_surveys,dataset/satisfaction_surveys/year=2025/month=11/day=19/satisfaction_surveys_20251119.csv,246,20,54238
satisfaction_surveys,dataset/satisfaction_surveys/year=2025/month=11/day=20/satisfaction_surveys_20251120.csv,254,20,54592
satisfaction_surveys,dataset/satisfaction_surveys/year=2025/month=11/day=21/satisfaction_surveys_20251121.csv,246,20,53968
satisfaction_surveys,dataset/satisfaction_surveys/year=2025/month=11/day=22/satisfaction_surveys_20251122.csv,100,20,22323
satisfaction_surveys,dataset/satisfaction_surveys/year=2025/month=11/day=23/satisfaction_surveys_20251123.csv,130,20,29011
satisfaction_surveys,dataset/satisfaction_surveys/year=2025/month=11/day=24/satisfaction_surveys_20251124.csv,264,20,57177
satisfaction_surveys,dataset/satisfaction_surveys/year=2025/month=11/day=25/satisfaction_surveys_20251125.csv,246,20,53613
satisfaction_surveys,dataset/satisfaction_surveys/year=2025/month=11/day=26/satisfaction_surveys_20251126.csv,267,20,59583
satisfaction_surveys,dataset/satisfaction_surveys/year=2025/month=11/day=27/satisfaction_surveys_20251127.csv,194,20,41940
satisfaction_surveys,dataset/satisfaction_surveys/year=2025/month=11/day=28/satisfaction_surveys_20251128.csv,219,20,48472
satisfaction_surveys,dataset/satisfaction_surveys/year=2025/month=11/day=29/satisfaction_surveys_20251129.csv,130,20,28422
satisfaction_surveys,dataset/satisfaction_surveys/year=2025/month=11/day=30/satisfaction_surveys_20251130.csv,122,20,27301
satisfaction_surveys,dataset/satisfaction_surveys/year=2025/month=12/day=01/satisfaction_surveys_20251201.csv,210,20,46420
satisfaction_surveys,dataset/satisfaction_surveys/year=2025/month=12/day=02/satisfaction_surveys_20251202.csv,249,20,54526
satisfaction_surveys,dataset/satisfaction_surveys/year=2025/month=12/day=03/satisfaction_surveys_20251203.csv,196,20,42493
satisfaction_surveys,dataset/satisfaction_surveys/year=2025/month=12/day=04/satisfaction_surveys_20251204.csv,228,20,49671
satisfaction_surveys,dataset/satisfaction_surveys/year=2025/month=12/day=05/satisfaction_surveys_20251205.csv,241,20,52692
satisfaction_surveys,dataset/satisfaction_surveys/year=2025/month=12/day=06/satisfaction_surveys_20251206.csv,106,20,23672
satisfaction_surveys,dataset/satisfaction_surveys/year=2025/month=12/day=07/satisfaction_surveys_20251207.csv,101,20,22488
satisfaction_surveys,dataset/satisfaction_surveys/year=2025/month=12/day=08/satisfaction_surveys_20251208.csv,258,20,56215
satisfaction_surveys,dataset/satisfaction_surveys/year=2025/month=12/day=09/satisfaction_surveys_20251209.csv,258,20,56746
satisfaction_surveys,dataset/satisfaction_surveys/year=2025/month=12/day=10/satisfaction_surveys_20251210.csv,227,20,49124
satisfaction_surveys,dataset/satisfaction_surveys/year=2025/month=12/day=11/satisfaction_surveys_20251211.csv,260,20,57195
satisfaction_surveys,dataset/satisfaction_surveys/year=2025/month=12/day=12/satisfaction_surveys_20251212.csv,199,20,43720
satisfaction_surveys,dataset/satisfaction_surveys/year=2025/month=12/day=13/satisfaction_surveys_20251213.csv,113,20,24806
satisfaction_surveys,dataset/satisfaction_surveys/year=2025/month=12/day=14/satisfaction_surveys_20251214.csv,107,20,23359
satisfaction_surveys,dataset/satisfaction_surveys/year=2025/month=12/day=15/satisfaction_surveys_20251215.csv,224,20,49145
satisfaction_surveys,dataset/satisfaction_surveys/year=2025/month=12/day=16/satisfaction_surveys_20251216.csv,243,20,53545
satisfaction_surveys,dataset/satisfaction_surveys/year=2025/month=12/day=17/satisfaction_surveys_20251217.csv,189,20,41517
satisfaction_surveys,dataset/satisfaction_surveys/year=2025/month=12/day=18/satisfaction_surveys_20251218.csv,236,20,51672
satisfaction_surveys,dataset/satisfaction_surveys/year=2025/month=12/day=19/satisfaction_surveys_20251219.csv,215,20,47157
satisfaction_surveys,dataset/satisfaction_surveys/year=2025/month=12/day=20/satisfaction_surveys_20251220.csv,120,20,26050
satisfaction_surveys,dataset/satisfaction_surveys/year=2025/month=12/day=21/satisfaction_surveys_20251221.csv,130,20,28765
satisfaction_surveys,dataset/satisfaction_surveys/year=2025/month=12/day=22/satisfaction_surveys_20251222.csv,226,20,50691
satisfaction_surveys,dataset/satisfaction_surveys/year=2025/month=12/day=23/satisfaction_surveys_20251223.csv,249,20,54521
satisfaction_surveys,dataset/satisfaction_surveys/year=2025/month=12/day=24/satisfaction_surveys_20251224.csv,214,20,46529
satisfaction_surveys,dataset/satisfaction_surveys/year=2025/month=12/day=25/satisfaction_surveys_20251225.csv,184,20,39711
satisfaction_surveys,dataset/satisfaction_surveys/year=2025/month=12/day=26/satisfaction_surveys_20251226.csv,237,20,51996
satisfaction_surveys,dataset/satisfaction_surveys/year=2025/month=12/day=27/satisfaction_surveys_20251227.csv,92,20,20251
satisfaction_surveys,dataset/satisfaction_surveys/year=2025/month=12/day=28/satisfaction_surveys_20251228.csv,113,20,24667
satisfaction_surveys,dataset/satisfaction_surveys/year=2025/month=12/day=29/satisfaction_surveys_20251229.csv,227,20,49195
satisfaction_surveys,dataset/satisfaction_surveys/year=2025/month=12/day=30/satisfaction_surveys_20251230.csv,213,20,47501
satisfaction_surveys,dataset/satisfaction_surveys/year=2025/month=12/day=31/satisfaction_surveys_20251231.csv,256,20,56060
satisfaction_surveys,dataset/satisfaction_surveys/year=2026/month=01/day=01/satisfaction_surveys_20260101.csv,257,20,55250
satisfaction_surveys,dataset/satisfaction_surveys/year=2026/month=01/day=02/satisfaction_surveys_20260102.csv,197,20,42861
satisfaction_surveys,dataset/satisfaction_surveys/year=2026/month=01/day=03/satisfaction_surveys_20260103.csv,131,20,27788
satisfaction_surveys,dataset/satisfaction_surveys/year=2026/month=01/day=04/satisfaction_surveys_20260104.csv,132,20,28825
satisfaction_surveys,dataset/satisfaction_surveys/year=2026/month=01/day=05/satisfaction_surveys_20260105.csv,185,20,40316
satisfaction_surveys,dataset/satisfaction_surveys/year=2026/month=01/day=06/satisfaction_surveys_20260106.csv,186,20,41023
satisfaction_surveys,dataset/satisfaction_surveys/year=2026/month=01/day=07/satisfaction_surveys_20260107.csv,224,20,48493
satisfaction_surveys,dataset/satisfaction_surveys/year=2026/month=01/day=08/satisfaction_surveys_20260108.csv,184,20,40819
satisfaction_surveys,dataset/satisfaction_surveys/year=2026/month=01/day=09/satisfaction_surveys_20260109.csv,215,20,47413
satisfaction_surveys,dataset/satisfaction_surveys/year=2026/month=01/day=10/satisfaction_surveys_20260110.csv,108,20,23122
satisfaction_surveys,dataset/satisfaction_surveys/year=2026/month=01/day=11/satisfaction_surveys_20260111.csv,104,20,22527
satisfaction_surveys,dataset/satisfaction_surveys/year=2026/month=01/day=12/satisfaction_surveys_20260112.csv,200,20,43716
satisfaction_surveys,dataset/satisfaction_surveys/year=2026/month=01/day=13/satisfaction_surveys_20260113.csv,183,20,39995
satisfaction_surveys,dataset/satisfaction_surveys/year=2026/month=01/day=14/satisfaction_surveys_20260114.csv,205,20,44906
satisfaction_surveys,dataset/satisfaction_surveys/year=2026/month=01/day=15/satisfaction_surveys_20260115.csv,263,20,57972
satisfaction_surveys,dataset/satisfaction_surveys/year=2026/month=01/day=16/satisfaction_surveys_20260116.csv,215,20,46022
satisfaction_surveys,dataset/satisfaction_surveys/year=2026/month=01/day=17/satisfaction_surveys_20260117.csv,118,20,26684
satisfaction_surveys,dataset/satisfaction_surveys/year=2026/month=01/day=18/satisfaction_surveys_20260118.csv,110,20,23955
satisfaction_surveys,dataset/satisfaction_surveys/year=2026/month=01/day=19/satisfaction_surveys_20260119.csv,258,20,55323
satisfaction_surveys,dataset/satisfaction_surveys/year=2026/month=01/day=20/satisfaction_surveys_20260120.csv,250,20,54667
satisfaction_surveys,dataset/satisfaction_surveys/year=2026/month=01/day=21/satisfaction_surveys_20260121.csv,217,20,47373
satisfaction_surveys,dataset/satisfaction_surveys/year=2026/month=01/day=22/satisfaction_surveys_20260122.csv,264,20,58019
satisfaction_surveys,dataset/satisfaction_surveys/year=2026/month=01/day=23/satisfaction_surveys_20260123.csv,188,20,40802
satisfaction_surveys,dataset/satisfaction_surveys/year=2026/month=01/day=24/satisfaction_surveys_20260124.csv,95,20,21030
satisfaction_surveys,dataset/satisfaction_surveys/year=2026/month=01/day=25/satisfaction_surveys_20260125.csv,94,20,21401
satisfaction_surveys,dataset/satisfaction_surveys/year=2026/month=01/day=26/satisfaction_surveys_20260126.csv,264,20,56794
satisfaction_surveys,dataset/satisfaction_surveys/year=2026/month=01/day=27/satisfaction_surveys_20260127.csv,234,20,51480
satisfaction_surveys,dataset/satisfaction_surveys/year=2026/month=01/day=28/satisfaction_surveys_20260128.csv,183,20,39958
satisfaction_surveys,dataset/satisfaction_surveys/year=2026/month=01/day=29/satisfaction_surveys_20260129.csv,189,20,41980
satisfaction_surveys,dataset/satisfaction_surveys/year=2026/month=01/day=30/satisfaction_surveys_20260130.csv,237,20,51937
satisfaction_surveys,dataset/satisfaction_surveys/year=2026/month=01/day=31/satisfaction_surveys_20260131.csv,100,20,22012
satisfaction_surveys,dataset/satisfaction_surveys/year=2026/month=02/day=01/satisfaction_surveys_20260201.csv,130,20,29033
satisfaction_surveys,dataset/satisfaction_surveys/year=2026/month=02/day=02/satisfaction_surveys_20260202.csv,194,20,42162
satisfaction_surveys,dataset/satisfaction_surveys/year=2026/month=02/day=03/satisfaction_surveys_20260203.csv,214,20,46769
satisfaction_surveys,dataset/satisfaction_surveys/year=2026/month=02/day=04/satisfaction_surveys_20260204.csv,181,20,38492
satisfaction_surveys,dataset/satisfaction_surveys/year=2026/month=02/day=05/satisfaction_surveys_20260205.csv,265,20,57674
satisfaction_surveys,dataset/satisfaction_surveys/year=2026/month=02/day=06/satisfaction_surveys_20260206.csv,258,20,56404
satisfaction_surveys,dataset/satisfaction_surveys/year=2026/month=02/day=07/satisfaction_surveys_20260207.csv,127,20,28082
satisfaction_surveys,dataset/satisfaction_surveys/year=2026/month=02/day=08/satisfaction_surveys_20260208.csv,120,20,25763
satisfaction_surveys,dataset/satisfaction_surveys/year=2026/month=02/day=09/satisfaction_surveys_20260209.csv,205,20,44964
satisfaction_surveys,dataset/satisfaction_surveys/year=2026/month=02/day=10/satisfaction_surveys_20260210.csv,236,20,51457
satisfaction_surveys,dataset/satisfaction_surveys/year=2026/month=02/day=11/satisfaction_surveys_20260211.csv,266,20,57997
satisfaction_surveys,dataset/satisfaction_surveys/year=2026/month=02/day=12/satisfaction_surveys_20260212.csv,188,20,40839
satisfaction_surveys,dataset/satisfaction_surveys/year=2026/month=02/day=13/satisfaction_surveys_20260213.csv,271,20,58903
satisfaction_surveys,dataset/satisfaction_surveys/year=2026/month=02/day=14/satisfaction_surveys_20260214.csv,126,20,27829
satisfaction_surveys,dataset/satisfaction_surveys/year=2026/month=02/day=15/satisfaction_surveys_20260215.csv,119,20,27047
satisfaction_surveys,dataset/satisfaction_surveys/year=2026/month=02/day=16/satisfaction_surveys_20260216.csv,205,20,45184
satisfaction_surveys,dataset/satisfaction_surveys/year=2026/month=02/day=17/satisfaction_surveys_20260217.csv,185,20,40333
satisfaction_surveys,dataset/satisfaction_surveys/year=2026/month=02/day=18/satisfaction_surveys_20260218.csv,193,20,41695
satisfaction_surveys,dataset/satisfaction_surveys/year=2026/month=02/day=19/satisfaction_surveys_20260219.csv,204,20,44774
satisfaction_surveys,dataset/satisfaction_surveys/year=2026/month=02/day=20/satisfaction_surveys_20260220.csv,204,20,43824
satisfaction_surveys,dataset/satisfaction_surveys/year=2026/month=02/day=21/satisfaction_surveys_20260221.csv,133,20,29018
satisfaction_surveys,dataset/satisfaction_surveys/year=2026/month=02/day=22/satisfaction_surveys_20260222.csv,113,20,24849
satisfaction_surveys,dataset/satisfaction_surveys/year=2026/month=02/day=23/satisfaction_surveys_20260223.csv,254,20,55191
satisfaction_surveys,dataset/satisfaction_surveys/year=2026/month=02/day=24/satisfaction_surveys_20260224.csv,244,20,53265
satisfaction_surveys,dataset/satisfaction_surveys/year=2026/month=02/day=25/satisfaction_surveys_20260225.csv,264,20,58518
satisfaction_surveys,dataset/satisfaction_surveys/year=2026/month=02/day=26/satisfaction_surveys_20260226.csv,219,20,46806
satisfaction_surveys,dataset/satisfaction_surveys/year=2026/month=02/day=27/satisfaction_surveys_20260227.csv,268,20,58372
satisfaction_surveys,dataset/satisfaction_surveys/year=2026/month=02/day=28/satisfaction_surveys_20260228.csv,128,20,28441
satisfaction_surveys,dataset/satisfaction_surveys/year=2026/month=03/day=01/satisfaction_surveys_20260301.csv,128,20,28283
satisfaction_surveys,dataset/satisfaction_surveys/year=2026/month=03/day=02/satisfaction_surveys_20260302.csv,259,20,56686
satisfaction_surveys,dataset/satisfaction_surveys/year=2026/month=03/day=03/satisfaction_surveys_20260303.csv,229,20,49055
satisfaction_surveys,dataset/satisfaction_surveys/year=2026/month=03/day=04/satisfaction_surveys_20260304.csv,263,20,57894
satisfaction_surveys,dataset/satisfaction_surveys/year=2026/month=03/day=05/satisfaction_surveys_20260305.csv,261,20,58069
satisfaction_surveys,dataset/satisfaction_surveys/year=2026/month=03/day=06/satisfaction_surveys_20260306.csv,210,20,45740
satisfaction_surveys,dataset/satisfaction_surveys/year=2026/month=03/day=07/satisfaction_surveys_20260307.csv,95,20,20617
satisfaction_surveys,dataset/satisfaction_surveys/year=2026/month=03/day=08/satisfaction_surveys_20260308.csv,127,20,28346
satisfaction_surveys,dataset/satisfaction_surveys/year=2026/month=03/day=09/satisfaction_surveys_20260309.csv,241,20,51565
satisfaction_surveys,dataset/satisfaction_surveys/year=2026/month=03/day=10/satisfaction_surveys_20260310.csv,186,20,40567
satisfaction_surveys,dataset/satisfaction_surveys/year=2026/month=03/day=11/satisfaction_surveys_20260311.csv,270,20,58243
satisfaction_surveys,dataset/satisfaction_surveys/year=2026/month=03/day=12/satisfaction_surveys_20260312.csv,265,20,58266
satisfaction_surveys,dataset/satisfaction_surveys/year=2026/month=03/day=13/satisfaction_surveys_20260313.csv,249,20,55099
satisfaction_surveys,dataset/satisfaction_surveys/year=2026/month=03/day=14/satisfaction_surveys_20260314.csv,115,20,25238
satisfaction_surveys,dataset/satisfaction_surveys/year=2026/month=03/day=15/satisfaction_surveys_20260315.csv,126,20,27720
satisfaction_surveys,dataset/satisfaction_surveys/year=2026/month=03/day=16/satisfaction_surveys_20260316.csv,248,20,53461
satisfaction_surveys,dataset/satisfaction_surveys/year=2026/month=03/day=17/satisfaction_surveys_20260317.csv,257,20,56460
satisfaction_surveys,dataset/satisfaction_surveys/year=2026/month=03/day=18/satisfaction_surveys_20260318.csv,235,20,51716
satisfaction_surveys,dataset/satisfaction_surveys/year=2026/month=03/day=19/satisfaction_surveys_20260319.csv,232,20,51334
satisfaction_surveys,dataset/satisfaction_surveys/year=2026/month=03/day=20/satisfaction_surveys_20260320.csv,262,20,58269
satisfaction_surveys,dataset/satisfaction_surveys/year=2026/month=03/day=21/satisfaction_surveys_20260321.csv,113,20,24993
satisfaction_surveys,dataset/satisfaction_surveys/year=2026/month=03/day=22/satisfaction_surveys_20260322.csv,119,20,26312
satisfaction_surveys,dataset/satisfaction_surveys/year=2026/month=03/day=23/satisfaction_surveys_20260323.csv,258,20,56771
satisfaction_surveys,dataset/satisfaction_surveys/year=2026/month=03/day=24/satisfaction_surveys_20260324.csv,217,20,46883
satisfaction_surveys,dataset/satisfaction_surveys/year=2026/month=03/day=25/satisfaction_surveys_20260325.csv,233,20,51301
satisfaction_surveys,dataset/satisfaction_surveys/year=2026/month=03/day=26/satisfaction_surveys_20260326.csv,255,20,55159
satisfaction_surveys,dataset/satisfaction_surveys/year=2026/month=03/day=27/satisfaction_surveys_20260327.csv,188,20,41276
satisfaction_surveys,dataset/satisfaction_surveys/year=2026/month=03/day=28/satisfaction_surveys_20260328.csv,122,20,26958
satisfaction_surveys,dataset/satisfaction_surveys/year=2026/month=03/day=29/satisfaction_surveys_20260329.csv,135,20,29564
satisfaction_surveys,dataset/satisfaction_surveys/year=2026/month=03/day=30/satisfaction_surveys_20260330.csv,242,20,51850
satisfaction_surveys,dataset/satisfaction_surveys/year=2026/month=03/day=31/satisfaction_surveys_20260331.csv,229,20,49676
satisfaction_surveys,dataset/satisfaction_surveys/year=2026/month=04/day=01/satisfaction_surveys_20260401.csv,212,20,45588
satisfaction_surveys,dataset/satisfaction_surveys/year=2026/month=04/day=02/satisfaction_surveys_20260402.csv,241,20,52100
satisfaction_surveys,dataset/satisfaction_surveys/year=2026/month=04/day=03/satisfaction_surveys_20260403.csv,183,20,40292
satisfaction_surveys,dataset/satisfaction_surveys/year=2026/month=04/day=04/satisfaction_surveys_20260404.csv,114,20,25201
satisfaction_surveys,dataset/satisfaction_surveys/year=2026/month=04/day=05/satisfaction_surveys_20260405.csv,131,20,28160
satisfaction_surveys,dataset/satisfaction_surveys/year=2026/month=04/day=06/satisfaction_surveys_20260406.csv,187,20,39848
satisfaction_surveys,dataset/satisfaction_surveys/year=2026/month=04/day=07/satisfaction_surveys_20260407.csv,241,20,52752
satisfaction_surveys,dataset/satisfaction_surveys/year=2026/month=04/day=08/satisfaction_surveys_20260408.csv,192,20,41391
satisfaction_surveys,dataset/satisfaction_surveys/year=2026/month=04/day=09/satisfaction_surveys_20260409.csv,182,20,40374
satisfaction_surveys,dataset/satisfaction_surveys/year=2026/month=04/day=10/satisfaction_surveys_20260410.csv,218,20,47553
satisfaction_surveys,dataset/satisfaction_surveys/year=2026/month=04/day=11/satisfaction_surveys_20260411.csv,126,20,26968
satisfaction_surveys,dataset/satisfaction_surveys/year=2026/month=04/day=12/satisfaction_surveys_20260412.csv,109,20,24421
satisfaction_surveys,dataset/satisfaction_surveys/year=2026/month=04/day=13/satisfaction_surveys_20260413.csv,264,20,57354
satisfaction_surveys,dataset/satisfaction_surveys/year=2026/month=04/day=14/satisfaction_surveys_20260414.csv,223,20,48707
satisfaction_surveys,dataset/satisfaction_surveys/year=2026/month=04/day=15/satisfaction_surveys_20260415.csv,198,20,43457
satisfaction_surveys,dataset/satisfaction_surveys/year=2026/month=04/day=16/satisfaction_surveys_20260416.csv,192,20,41755
satisfaction_surveys,dataset/satisfaction_surveys/year=2026/month=04/day=17/satisfaction_surveys_20260417.csv,214,20,46450
satisfaction_surveys,dataset/satisfaction_surveys/year=2026/month=04/day=18/satisfaction_surveys_20260418.csv,133,20,28693
satisfaction_surveys,dataset/satisfaction_surveys/year=2026/month=04/day=19/satisfaction_surveys_20260419.csv,91,20,19292
satisfaction_surveys,dataset/satisfaction_surveys/year=2026/month=04/day=20/satisfaction_surveys_20260420.csv,256,20,56604
satisfaction_surveys,dataset/satisfaction_surveys/year=2026/month=04/day=21/satisfaction_surveys_20260421.csv,193,20,41813
satisfaction_surveys,dataset/satisfaction_surveys/year=2026/month=04/day=22/satisfaction_surveys_20260422.csv,261,20,56419
satisfaction_surveys,dataset/satisfaction_surveys/year=2026/month=04/day=23/satisfaction_surveys_20260423.csv,215,20,47199
satisfaction_surveys,dataset/satisfaction_surveys/year=2026/month=04/day=24/satisfaction_surveys_20260424.csv,264,20,58138
satisfaction_surveys,dataset/satisfaction_surveys/year=2026/month=04/day=25/satisfaction_surveys_20260425.csv,123,20,27488
satisfaction_surveys,dataset/satisfaction_surveys/year=2026/month=04/day=26/satisfaction_surveys_20260426.csv,118,20,26259
satisfaction_surveys,dataset/satisfaction_surveys/year=2026/month=04/day=27/satisfaction_surveys_20260427.csv,225,20,48776
satisfaction_surveys,dataset/satisfaction_surveys/year=2026/month=04/day=28/satisfaction_surveys_20260428.csv,230,20,50119
satisfaction_surveys,dataset/satisfaction_surveys/year=2026/month=04/day=29/satisfaction_surveys_20260429.csv,267,20,57108
satisfaction_surveys,dataset/satisfaction_surveys/year=2026/month=04/day=30/satisfaction_surveys_20260430.csv,222,20,48924
satisfaction_surveys,dataset/satisfaction_surveys/year=2026/month=05/day=01/satisfaction_surveys_20260501.csv,189,20,41707
satisfaction_surveys,dataset/satisfaction_surveys/year=2026/month=05/day=02/satisfaction_surveys_20260502.csv,101,20,22052
satisfaction_surveys,dataset/satisfaction_surveys/year=2026/month=05/day=03/satisfaction_surveys_20260503.csv,133,20,28897
satisfaction_surveys,dataset/satisfaction_surveys/year=2026/month=05/day=04/satisfaction_surveys_20260504.csv,204,20,44185
satisfaction_surveys,dataset/satisfaction_surveys/year=2026/month=05/day=05/satisfaction_surveys_20260505.csv,253,20,56004
satisfaction_surveys,dataset/satisfaction_surveys/year=2026/month=05/day=06/satisfaction_surveys_20260506.csv,205,20,44443
satisfaction_surveys,dataset/satisfaction_surveys/year=2026/month=05/day=07/satisfaction_surveys_20260507.csv,192,20,41839
satisfaction_surveys,dataset/satisfaction_surveys/year=2026/month=05/day=08/satisfaction_surveys_20260508.csv,244,20,54245
satisfaction_surveys,dataset/satisfaction_surveys/year=2026/month=05/day=09/satisfaction_surveys_20260509.csv,115,20,24847
satisfaction_surveys,dataset/satisfaction_surveys/year=2026/month=05/day=10/satisfaction_surveys_20260510.csv,128,20,28348
satisfaction_surveys,dataset/satisfaction_surveys/year=2026/month=05/day=11/satisfaction_surveys_20260511.csv,208,20,45700
satisfaction_surveys,dataset/satisfaction_surveys/year=2026/month=05/day=12/satisfaction_surveys_20260512.csv,204,20,45054
satisfaction_surveys,dataset/satisfaction_surveys/year=2026/month=05/day=13/satisfaction_surveys_20260513.csv,218,20,47575
satisfaction_surveys,dataset/satisfaction_surveys/year=2026/month=05/day=14/satisfaction_surveys_20260514.csv,204,20,43992
satisfaction_surveys,dataset/satisfaction_surveys/year=2026/month=05/day=15/satisfaction_surveys_20260515.csv,255,20,56289
satisfaction_surveys,dataset/satisfaction_surveys/year=2026/month=05/day=16/satisfaction_surveys_20260516.csv,122,20,27193
satisfaction_surveys,dataset/satisfaction_surveys/year=2026/month=05/day=17/satisfaction_surveys_20260517.csv,128,20,26977
satisfaction_surveys,dataset/satisfaction_surveys/year=2026/month=05/day=18/satisfaction_surveys_20260518.csv,216,20,47026
satisfaction_surveys,dataset/satisfaction_surveys/year=2026/month=05/day=19/satisfaction_surveys_20260519.csv,188,20,41367
satisfaction_surveys,dataset/satisfaction_surveys/year=2026/month=05/day=20/satisfaction_surveys_20260520.csv,265,20,58303
satisfaction_surveys,dataset/satisfaction_surveys/year=2026/month=05/day=21/satisfaction_surveys_20260521.csv,208,20,45757
satisfaction_surveys,dataset/satisfaction_surveys/year=2026/month=05/day=22/satisfaction_surveys_20260522.csv,197,20,42404
satisfaction_surveys,dataset/satisfaction_surveys/year=2026/month=05/day=23/satisfaction_surveys_20260523.csv,130,20,29775
satisfaction_surveys,dataset/satisfaction_surveys/year=2026/month=05/day=24/satisfaction_surveys_20260524.csv,119,20,26072
satisfaction_surveys,dataset/satisfaction_surveys/year=2026/month=05/day=25/satisfaction_surveys_20260525.csv,259,20,55922
satisfaction_surveys,dataset/satisfaction_surveys/year=2026/month=05/day=26/satisfaction_surveys_20260526.csv,225,20,48887
satisfaction_surveys,dataset/satisfaction_surveys/year=2026/month=05/day=27/satisfaction_surveys_20260527.csv,245,20,52801
satisfaction_surveys,dataset/satisfaction_surveys/year=2026/month=05/day=28/satisfaction_surveys_20260528.csv,182,20,39979
satisfaction_surveys,dataset/satisfaction_surveys/year=2026/month=05/day=29/satisfaction_surveys_20260529.csv,219,20,47946
satisfaction_surveys,dataset/satisfaction_surveys/year=2026/month=05/day=30/satisfaction_surveys_20260530.csv,105,20,23465
satisfaction_surveys,dataset/satisfaction_surveys/year=2026/month=05/day=31/satisfaction_surveys_20260531.csv,124,20,27021
satisfaction_surveys,dataset/satisfaction_surveys/year=2026/month=06/day=01/satisfaction_surveys_20260601.csv,266,20,57374
satisfaction_surveys,dataset/satisfaction_surveys/year=2026/month=06/day=02/satisfaction_surveys_20260602.csv,227,20,48640
satisfaction_surveys,dataset/satisfaction_surveys/year=2026/month=06/day=03/satisfaction_surveys_20260603.csv,206,20,44496
satisfaction_surveys,dataset/satisfaction_surveys/year=2026/month=06/day=04/satisfaction_surveys_20260604.csv,220,20,47397
satisfaction_surveys,dataset/satisfaction_surveys/year=2026/month=06/day=05/satisfaction_surveys_20260605.csv,184,20,40025
satisfaction_surveys,dataset/satisfaction_surveys/year=2026/month=06/day=06/satisfaction_surveys_20260606.csv,125,20,27393
satisfaction_surveys,dataset/satisfaction_surveys/year=2026/month=06/day=07/satisfaction_surveys_20260607.csv,128,20,28971
satisfaction_surveys,dataset/satisfaction_surveys/year=2026/month=06/day=08/satisfaction_surveys_20260608.csv,268,20,57720
satisfaction_surveys,dataset/satisfaction_surveys/year=2026/month=06/day=09/satisfaction_surveys_20260609.csv,207,20,45671
satisfaction_surveys,dataset/satisfaction_surveys/year=2026/month=06/day=10/satisfaction_surveys_20260610.csv,243,20,51709
satisfaction_surveys,dataset/satisfaction_surveys/year=2026/month=06/day=11/satisfaction_surveys_20260611.csv,230,20,49720
satisfaction_surveys,dataset/satisfaction_surveys/year=2026/month=06/day=12/satisfaction_surveys_20260612.csv,194,20,42833
satisfaction_surveys,dataset/satisfaction_surveys/year=2026/month=06/day=13/satisfaction_surveys_20260613.csv,117,20,26039
satisfaction_surveys,dataset/satisfaction_surveys/year=2026/month=06/day=14/satisfaction_surveys_20260614.csv,108,20,23069
satisfaction_surveys,dataset/satisfaction_surveys/year=2026/month=06/day=15/satisfaction_surveys_20260615.csv,260,20,55673
satisfaction_surveys,dataset/satisfaction_surveys/year=2026/month=06/day=16/satisfaction_surveys_20260616.csv,251,20,54915
satisfaction_surveys,dataset/satisfaction_surveys/year=2026/month=06/day=17/satisfaction_surveys_20260617.csv,183,20,39896
service_agents,dataset/service_agents.csv,1200,18,237992
transactions,dataset/transactions/year=2023/month=06/day=17/transactions_20230617.csv,2886,22,526368
transactions,dataset/transactions/year=2023/month=06/day=18/transactions_20230618.csv,2907,22,530336
transactions,dataset/transactions/year=2023/month=06/day=19/transactions_20230619.csv,4142,22,756975
transactions,dataset/transactions/year=2023/month=06/day=20/transactions_20230620.csv,4273,22,779363
transactions,dataset/transactions/year=2023/month=06/day=21/transactions_20230621.csv,4893,22,895956
transactions,dataset/transactions/year=2023/month=06/day=22/transactions_20230622.csv,4478,22,816327
transactions,dataset/transactions/year=2023/month=06/day=23/transactions_20230623.csv,5360,22,978990
transactions,dataset/transactions/year=2023/month=06/day=24/transactions_20230624.csv,2856,22,522796
transactions,dataset/transactions/year=2023/month=06/day=25/transactions_20230625.csv,2844,22,520122
transactions,dataset/transactions/year=2023/month=06/day=26/transactions_20230626.csv,4981,22,911434
transactions,dataset/transactions/year=2023/month=06/day=27/transactions_20230627.csv,4465,22,816858
transactions,dataset/transactions/year=2023/month=06/day=28/transactions_20230628.csv,4187,22,765685
transactions,dataset/transactions/year=2023/month=06/day=29/transactions_20230629.csv,4388,22,803344
transactions,dataset/transactions/year=2023/month=06/day=30/transactions_20230630.csv,4758,22,869762
transactions,dataset/transactions/year=2023/month=07/day=01/transactions_20230701.csv,2456,22,448189
transactions,dataset/transactions/year=2023/month=07/day=02/transactions_20230702.csv,2826,22,515714
transactions,dataset/transactions/year=2023/month=07/day=03/transactions_20230703.csv,5375,22,981513
transactions,dataset/transactions/year=2023/month=07/day=04/transactions_20230704.csv,4263,22,778972
transactions,dataset/transactions/year=2023/month=07/day=05/transactions_20230705.csv,3797,22,692808
transactions,dataset/transactions/year=2023/month=07/day=06/transactions_20230706.csv,5209,22,951353
transactions,dataset/transactions/year=2023/month=07/day=07/transactions_20230707.csv,4996,22,912927
transactions,dataset/transactions/year=2023/month=07/day=08/transactions_20230708.csv,2851,22,521269
transactions,dataset/transactions/year=2023/month=07/day=09/transactions_20230709.csv,3225,22,591937
transactions,dataset/transactions/year=2023/month=07/day=10/transactions_20230710.csv,3901,22,712135
transactions,dataset/transactions/year=2023/month=07/day=11/transactions_20230711.csv,3712,22,678230
transactions,dataset/transactions/year=2023/month=07/day=12/transactions_20230712.csv,4401,22,803179
transactions,dataset/transactions/year=2023/month=07/day=13/transactions_20230713.csv,4843,22,886031
transactions,dataset/transactions/year=2023/month=07/day=14/transactions_20230714.csv,3711,22,676006
transactions,dataset/transactions/year=2023/month=07/day=15/transactions_20230715.csv,2428,22,444457
transactions,dataset/transactions/year=2023/month=07/day=16/transactions_20230716.csv,2454,22,448478
transactions,dataset/transactions/year=2023/month=07/day=17/transactions_20230717.csv,4523,22,826803
transactions,dataset/transactions/year=2023/month=07/day=18/transactions_20230718.csv,3670,22,670489
transactions,dataset/transactions/year=2023/month=07/day=19/transactions_20230719.csv,5397,22,985832
transactions,dataset/transactions/year=2023/month=07/day=20/transactions_20230720.csv,5281,22,965530
transactions,dataset/transactions/year=2023/month=07/day=21/transactions_20230721.csv,4915,22,896969
transactions,dataset/transactions/year=2023/month=07/day=22/transactions_20230722.csv,2665,22,486314
transactions,dataset/transactions/year=2023/month=07/day=23/transactions_20230723.csv,2697,22,492833
transactions,dataset/transactions/year=2023/month=07/day=24/transactions_20230724.csv,3768,22,689032
transactions,dataset/transactions/year=2023/month=07/day=25/transactions_20230725.csv,4677,22,854738
transactions,dataset/transactions/year=2023/month=07/day=26/transactions_20230726.csv,5241,22,956516
transactions,dataset/transactions/year=2023/month=07/day=27/transactions_20230727.csv,4733,22,865600
transactions,dataset/transactions/year=2023/month=07/day=28/transactions_20230728.csv,4224,22,772535
transactions,dataset/transactions/year=2023/month=07/day=29/transactions_20230729.csv,2404,22,438786
transactions,dataset/transactions/year=2023/month=07/day=30/transactions_20230730.csv,2439,22,445474
transactions,dataset/transactions/year=2023/month=07/day=31/transactions_20230731.csv,4039,22,736969
transactions,dataset/transactions/year=2023/month=08/day=01/transactions_20230801.csv,3893,22,710900
transactions,dataset/transactions/year=2023/month=08/day=02/transactions_20230802.csv,4896,22,892417
transactions,dataset/transactions/year=2023/month=08/day=03/transactions_20230803.csv,5113,22,933037
transactions,dataset/transactions/year=2023/month=08/day=04/transactions_20230804.csv,4474,22,818762
transactions,dataset/transactions/year=2023/month=08/day=05/transactions_20230805.csv,2305,22,420587
transactions,dataset/transactions/year=2023/month=08/day=06/transactions_20230806.csv,2614,22,477014
transactions,dataset/transactions/year=2023/month=08/day=07/transactions_20230807.csv,5224,22,952929
transactions,dataset/transactions/year=2023/month=08/day=08/transactions_20230808.csv,5161,22,942969
transactions,dataset/transactions/year=2023/month=08/day=09/transactions_20230809.csv,5179,22,947429
transactions,dataset/transactions/year=2023/month=08/day=10/transactions_20230810.csv,4666,22,852014
transactions,dataset/transactions/year=2023/month=08/day=11/transactions_20230811.csv,3723,22,681097
transactions,dataset/transactions/year=2023/month=08/day=12/transactions_20230812.csv,2889,22,528292
transactions,dataset/transactions/year=2023/month=08/day=13/transactions_20230813.csv,2421,22,442629
transactions,dataset/transactions/year=2023/month=08/day=14/transactions_20230814.csv,5242,22,960028
transactions,dataset/transactions/year=2023/month=08/day=15/transactions_20230815.csv,5271,22,963287
transactions,dataset/transactions/year=2023/month=08/day=16/transactions_20230816.csv,4224,22,771596
transactions,dataset/transactions/year=2023/month=08/day=17/transactions_20230817.csv,3846,22,700665
transactions,dataset/transactions/year=2023/month=08/day=18/transactions_20230818.csv,5034,22,920469
transactions,dataset/transactions/year=2023/month=08/day=19/transactions_20230819.csv,2355,22,429857
transactions,dataset/transactions/year=2023/month=08/day=20/transactions_20230820.csv,2700,22,493204
transactions,dataset/transactions/year=2023/month=08/day=21/transactions_20230821.csv,4249,22,776294
transactions,dataset/transactions/year=2023/month=08/day=22/transactions_20230822.csv,3810,22,693922
transactions,dataset/transactions/year=2023/month=08/day=23/transactions_20230823.csv,4780,22,871658
transactions,dataset/transactions/year=2023/month=08/day=24/transactions_20230824.csv,4834,22,882650
transactions,dataset/transactions/year=2023/month=08/day=25/transactions_20230825.csv,5309,22,970497
transactions,dataset/transactions/year=2023/month=08/day=26/transactions_20230826.csv,3136,22,574607
transactions,dataset/transactions/year=2023/month=08/day=27/transactions_20230827.csv,2386,22,435643
transactions,dataset/transactions/year=2023/month=08/day=28/transactions_20230828.csv,4121,22,753529
transactions,dataset/transactions/year=2023/month=08/day=29/transactions_20230829.csv,4539,22,828247
transactions,dataset/transactions/year=2023/month=08/day=30/transactions_20230830.csv,4366,22,796389
transactions,dataset/transactions/year=2023/month=08/day=31/transactions_20230831.csv,5159,22,944038
transactions,dataset/transactions/year=2023/month=09/day=01/transactions_20230901.csv,4091,22,749081
transactions,dataset/transactions/year=2023/month=09/day=02/transactions_20230902.csv,2985,22,546291
transactions,dataset/transactions/year=2023/month=09/day=03/transactions_20230903.csv,2578,22,470289
transactions,dataset/transactions/year=2023/month=09/day=04/transactions_20230904.csv,4653,22,850391
transactions,dataset/transactions/year=2023/month=09/day=05/transactions_20230905.csv,4278,22,782120
transactions,dataset/transactions/year=2023/month=09/day=06/transactions_20230906.csv,4484,22,819577
transactions,dataset/transactions/year=2023/month=09/day=07/transactions_20230907.csv,5449,22,998497
transactions,dataset/transactions/year=2023/month=09/day=08/transactions_20230908.csv,4757,22,868195
transactions,dataset/transactions/year=2023/month=09/day=09/transactions_20230909.csv,2330,22,426149
transactions,dataset/transactions/year=2023/month=09/day=10/transactions_20230910.csv,2469,22,450581
transactions,dataset/transactions/year=2023/month=09/day=11/transactions_20230911.csv,4583,22,838277
transactions,dataset/transactions/year=2023/month=09/day=12/transactions_20230912.csv,5107,22,930427
transactions,dataset/transactions/year=2023/month=09/day=13/transactions_20230913.csv,4727,22,863570
transactions,dataset/transactions/year=2023/month=09/day=14/transactions_20230914.csv,3979,22,726354
transactions,dataset/transactions/year=2023/month=09/day=15/transactions_20230915.csv,4037,22,737475
transactions,dataset/transactions/year=2023/month=09/day=16/transactions_20230916.csv,3046,22,556036
transactions,dataset/transactions/year=2023/month=09/day=17/transactions_20230917.csv,2391,22,437311
transactions,dataset/transactions/year=2023/month=09/day=18/transactions_20230918.csv,3671,22,671121
transactions,dataset/transactions/year=2023/month=09/day=19/transactions_20230919.csv,3805,22,695902
transactions,dataset/transactions/year=2023/month=09/day=20/transactions_20230920.csv,4902,22,896210
transactions,dataset/transactions/year=2023/month=09/day=21/transactions_20230921.csv,5427,22,995028
transactions,dataset/transactions/year=2023/month=09/day=22/transactions_20230922.csv,4951,22,904929
transactions,dataset/transactions/year=2023/month=09/day=23/transactions_20230923.csv,2392,22,439444
transactions,dataset/transactions/year=2023/month=09/day=24/transactions_20230924.csv,2736,22,498794
transactions,dataset/transactions/year=2023/month=09/day=25/transactions_20230925.csv,4932,22,901301
transactions,dataset/transactions/year=2023/month=09/day=26/transactions_20230926.csv,4629,22,844019
transactions,dataset/transactions/year=2023/month=09/day=27/transactions_20230927.csv,4430,22,808353
transactions,dataset/transactions/year=2023/month=09/day=28/transactions_20230928.csv,3901,22,712515
transactions,dataset/transactions/year=2023/month=09/day=29/transactions_20230929.csv,4531,22,829204
transactions,dataset/transactions/year=2023/month=09/day=30/transactions_20230930.csv,2651,22,483475
transactions,dataset/transactions/year=2023/month=10/day=01/transactions_20231001.csv,2371,22,433675
transactions,dataset/transactions/year=2023/month=10/day=02/transactions_20231002.csv,4608,22,840660
transactions,dataset/transactions/year=2023/month=10/day=03/transactions_20231003.csv,4409,22,805883
transactions,dataset/transactions/year=2023/month=10/day=04/transactions_20231004.csv,4854,22,887014
transactions,dataset/transactions/year=2023/month=10/day=05/transactions_20231005.csv,5436,22,992726
transactions,dataset/transactions/year=2023/month=10/day=06/transactions_20231006.csv,4731,22,862364
transactions,dataset/transactions/year=2023/month=10/day=07/transactions_20231007.csv,2824,22,515056
transactions,dataset/transactions/year=2023/month=10/day=08/transactions_20231008.csv,2805,22,511445
transactions,dataset/transactions/year=2023/month=10/day=09/transactions_20231009.csv,5329,22,973412
transactions,dataset/transactions/year=2023/month=10/day=10/transactions_20231010.csv,3787,22,693476
transactions,dataset/transactions/year=2023/month=10/day=11/transactions_20231011.csv,4660,22,851562
transactions,dataset/transactions/year=2023/month=10/day=12/transactions_20231012.csv,4081,22,745358
transactions,dataset/transactions/year=2023/month=10/day=13/transactions_20231013.csv,4797,22,876480
transactions,dataset/transactions/year=2023/month=10/day=14/transactions_20231014.csv,3252,22,592547
transactions,dataset/transactions/year=2023/month=10/day=15/transactions_20231015.csv,2559,22,467741
transactions,dataset/transactions/year=2023/month=10/day=16/transactions_20231016.csv,3685,22,671793
transactions,dataset/transactions/year=2023/month=10/day=17/transactions_20231017.csv,5121,22,935706
transactions,dataset/transactions/year=2023/month=10/day=18/transactions_20231018.csv,3734,22,681892
transactions,dataset/transactions/year=2023/month=10/day=19/transactions_20231019.csv,5375,22,980977
transactions,dataset/transactions/year=2023/month=10/day=20/transactions_20231020.csv,5258,22,962739
transactions,dataset/transactions/year=2023/month=10/day=21/transactions_20231021.csv,3132,22,570991
transactions,dataset/transactions/year=2023/month=10/day=22/transactions_20231022.csv,2958,22,539365
transactions,dataset/transactions/year=2023/month=10/day=23/transactions_20231023.csv,4950,22,904157
transactions,dataset/transactions/year=2023/month=10/day=24/transactions_20231024.csv,4936,22,902419
transactions,dataset/transactions/year=2023/month=10/day=25/transactions_20231025.csv,5115,22,935436
transactions,dataset/transactions/year=2023/month=10/day=26/transactions_20231026.csv,4380,22,798999
transactions,dataset/transactions/year=2023/month=10/day=27/transactions_20231027.csv,4967,22,906857
transactions,dataset/transactions/year=2023/month=10/day=28/transactions_20231028.csv,2211,22,403714
transactions,dataset/transactions/year=2023/month=10/day=29/transactions_20231029.csv,3084,22,563313
transactions,dataset/transactions/year=2023/month=10/day=30/transactions_20231030.csv,4977,22,908821
transactions,dataset/transactions/year=2023/month=10/day=31/transactions_20231031.csv,3679,22,672875
transactions,dataset/transactions/year=2023/month=11/day=01/transactions_20231101.csv,5380,22,981518
transactions,dataset/transactions/year=2023/month=11/day=02/transactions_20231102.csv,4574,22,832965
transactions,dataset/transactions/year=2023/month=11/day=03/transactions_20231103.csv,3724,22,679398
transactions,dataset/transactions/year=2023/month=11/day=04/transactions_20231104.csv,2287,22,417809
transactions,dataset/transactions/year=2023/month=11/day=05/transactions_20231105.csv,2976,22,543145
transactions,dataset/transactions/year=2023/month=11/day=06/transactions_20231106.csv,5209,22,951634
transactions,dataset/transactions/year=2023/month=11/day=07/transactions_20231107.csv,3658,22,669085
transactions,dataset/transactions/year=2023/month=11/day=08/transactions_20231108.csv,3801,22,695964
transactions,dataset/transactions/year=2023/month=11/day=09/transactions_20231109.csv,4489,22,820486
transactions,dataset/transactions/year=2023/month=11/day=10/transactions_20231110.csv,3864,22,706572
transactions,dataset/transactions/year=2023/month=11/day=11/transactions_20231111.csv,2979,22,543334
transactions,dataset/transactions/year=2023/month=11/day=12/transactions_20231112.csv,2950,22,539598
transactions,dataset/transactions/year=2023/month=11/day=13/transactions_20231113.csv,5377,22,984011
transactions,dataset/transactions/year=2023/month=11/day=14/transactions_20231114.csv,4854,22,887326
transactions,dataset/transactions/year=2023/month=11/day=15/transactions_20231115.csv,3896,22,711840
transactions,dataset/transactions/year=2023/month=11/day=16/transactions_20231116.csv,4758,22,869257
transactions,dataset/transactions/year=2023/month=11/day=17/transactions_20231117.csv,5306,22,969828
transactions,dataset/transactions/year=2023/month=11/day=18/transactions_20231118.csv,2916,22,533283
transactions,dataset/transactions/year=2023/month=11/day=19/transactions_20231119.csv,3101,22,566266
transactions,dataset/transactions/year=2023/month=11/day=20/transactions_20231120.csv,4665,22,852456
transactions,dataset/transactions/year=2023/month=11/day=21/transactions_20231121.csv,4190,22,764075
transactions,dataset/transactions/year=2023/month=11/day=22/transactions_20231122.csv,4195,22,766501
transactions,dataset/transactions/year=2023/month=11/day=23/transactions_20231123.csv,4106,22,749036
transactions,dataset/transactions/year=2023/month=11/day=24/transactions_20231124.csv,4031,22,736503
transactions,dataset/transactions/year=2023/month=11/day=25/transactions_20231125.csv,3190,22,582251
transactions,dataset/transactions/year=2023/month=11/day=26/transactions_20231126.csv,3180,22,580629
transactions,dataset/transactions/year=2023/month=11/day=27/transactions_20231127.csv,3732,22,681690
transactions,dataset/transactions/year=2023/month=11/day=28/transactions_20231128.csv,4898,22,892469
transactions,dataset/transactions/year=2023/month=11/day=29/transactions_20231129.csv,5245,22,958486
transactions,dataset/transactions/year=2023/month=11/day=30/transactions_20231130.csv,4724,22,862893
transactions,dataset/transactions/year=2023/month=12/day=01/transactions_20231201.csv,4987,22,912077
transactions,dataset/transactions/year=2023/month=12/day=02/transactions_20231202.csv,2200,22,401681
transactions,dataset/transactions/year=2023/month=12/day=03/transactions_20231203.csv,2838,22,518934
transactions,dataset/transactions/year=2023/month=12/day=04/transactions_20231204.csv,5384,22,983386
transactions,dataset/transactions/year=2023/month=12/day=05/transactions_20231205.csv,3831,22,699947
transactions,dataset/transactions/year=2023/month=12/day=06/transactions_20231206.csv,4774,22,873657
transactions,dataset/transactions/year=2023/month=12/day=07/transactions_20231207.csv,4100,22,750106
transactions,dataset/transactions/year=2023/month=12/day=08/transactions_20231208.csv,4803,22,875881
transactions,dataset/transactions/year=2023/month=12/day=09/transactions_20231209.csv,2247,22,410354
transactions,dataset/transactions/year=2023/month=12/day=10/transactions_20231210.csv,2685,22,490992
transactions,dataset/transactions/year=2023/month=12/day=11/transactions_20231211.csv,4944,22,903772
transactions,dataset/transactions/year=2023/month=12/day=12/transactions_20231212.csv,5142,22,939204
transactions,dataset/transactions/year=2023/month=12/day=13/transactions_20231213.csv,4319,22,788903
transactions,dataset/transactions/year=2023/month=12/day=14/transactions_20231214.csv,4306,22,788712
transactions,dataset/transactions/year=2023/month=12/day=15/transactions_20231215.csv,4796,22,875962
transactions,dataset/transactions/year=2023/month=12/day=16/transactions_20231216.csv,2865,22,523547
transactions,dataset/transactions/year=2023/month=12/day=17/transactions_20231217.csv,2603,22,476855
transactions,dataset/transactions/year=2023/month=12/day=18/transactions_20231218.csv,5449,22,995664
transactions,dataset/transactions/year=2023/month=12/day=19/transactions_20231219.csv,4646,22,848633
transactions,dataset/transactions/year=2023/month=12/day=20/transactions_20231220.csv,4558,22,834726
transactions,dataset/transactions/year=2023/month=12/day=21/transactions_20231221.csv,4263,22,779225
transactions,dataset/transactions/year=2023/month=12/day=22/transactions_20231222.csv,5118,22,935877
transactions,dataset/transactions/year=2023/month=12/day=23/transactions_20231223.csv,2863,22,522097
transactions,dataset/transactions/year=2023/month=12/day=24/transactions_20231224.csv,2473,22,451566
transactions,dataset/transactions/year=2023/month=12/day=25/transactions_20231225.csv,5345,22,978165
transactions,dataset/transactions/year=2023/month=12/day=26/transactions_20231226.csv,4325,22,788917
transactions,dataset/transactions/year=2023/month=12/day=27/transactions_20231227.csv,4758,22,870687
transactions,dataset/transactions/year=2023/month=12/day=28/transactions_20231228.csv,4927,22,899642
transactions,dataset/transactions/year=2023/month=12/day=29/transactions_20231229.csv,4777,22,873194
transactions,dataset/transactions/year=2023/month=12/day=30/transactions_20231230.csv,2507,22,458296
transactions,dataset/transactions/year=2023/month=12/day=31/transactions_20231231.csv,2657,22,485847
transactions,dataset/transactions/year=2024/month=01/day=01/transactions_20240101.csv,4588,22,836903
transactions,dataset/transactions/year=2024/month=01/day=02/transactions_20240102.csv,5277,22,962726
transactions,dataset/transactions/year=2024/month=01/day=03/transactions_20240103.csv,4733,22,863997
transactions,dataset/transactions/year=2024/month=01/day=04/transactions_20240104.csv,3696,22,675230
transactions,dataset/transactions/year=2024/month=01/day=05/transactions_20240105.csv,4977,22,909184
transactions,dataset/transactions/year=2024/month=01/day=06/transactions_20240106.csv,2359,22,431289
transactions,dataset/transactions/year=2024/month=01/day=07/transactions_20240107.csv,2359,22,431205
transactions,dataset/transactions/year=2024/month=01/day=08/transactions_20240108.csv,4018,22,732802
transactions,dataset/transactions/year=2024/month=01/day=09/transactions_20240109.csv,4546,22,830998
transactions,dataset/transactions/year=2024/month=01/day=10/transactions_20240110.csv,4555,22,833814
transactions,dataset/transactions/year=2024/month=01/day=11/transactions_20240111.csv,3846,22,702541
transactions,dataset/transactions/year=2024/month=01/day=12/transactions_20240112.csv,3922,22,715732
transactions,dataset/transactions/year=2024/month=01/day=13/transactions_20240113.csv,2434,22,445306
transactions,dataset/transactions/year=2024/month=01/day=14/transactions_20240114.csv,3148,22,574959
transactions,dataset/transactions/year=2024/month=01/day=15/transactions_20240115.csv,4170,22,760880
transactions,dataset/transactions/year=2024/month=01/day=16/transactions_20240116.csv,5253,22,958312
transactions,dataset/transactions/year=2024/month=01/day=17/transactions_20240117.csv,3747,22,685185
transactions,dataset/transactions/year=2024/month=01/day=18/transactions_20240118.csv,3796,22,694174
transactions,dataset/transactions/year=2024/month=01/day=19/transactions_20240119.csv,4210,22,769804
transactions,dataset/transactions/year=2024/month=01/day=20/transactions_20240120.csv,3262,22,596684
transactions,dataset/transactions/year=2024/month=01/day=21/transactions_20240121.csv,3069,22,562045
transactions,dataset/transactions/year=2024/month=01/day=22/transactions_20240122.csv,5020,22,916891
transactions,dataset/transactions/year=2024/month=01/day=23/transactions_20240123.csv,4399,22,803604
transactions,dataset/transactions/year=2024/month=01/day=24/transactions_20240124.csv,5400,22,985816
transactions,dataset/transactions/year=2024/month=01/day=25/transactions_20240125.csv,4266,22,777425
transactions,dataset/transactions/year=2024/month=01/day=26/transactions_20240126.csv,3893,22,710039
transactions,dataset/transactions/year=2024/month=01/day=27/transactions_20240127.csv,3261,22,594711
transactions,dataset/transactions/year=2024/month=01/day=28/transactions_20240128.csv,3162,22,577844
transactions,dataset/transactions/year=2024/month=01/day=29/transactions_20240129.csv,3697,22,674523
transactions,dataset/transactions/year=2024/month=01/day=30/transactions_20240130.csv,3648,22,666619
transactions,dataset/transactions/year=2024/month=01/day=31/transactions_20240131.csv,3707,22,675063
transactions,dataset/transactions/year=2024/month=02/day=01/transactions_20240201.csv,4061,22,741181
transactions,dataset/transactions/year=2024/month=02/day=02/transactions_20240202.csv,5256,22,961260
transactions,dataset/transactions/year=2024/month=02/day=03/transactions_20240203.csv,2553,22,465779
transactions,dataset/transactions/year=2024/month=02/day=04/transactions_20240204.csv,3241,22,593000
transactions,dataset/transactions/year=2024/month=02/day=05/transactions_20240205.csv,5062,22,925399
transactions,dataset/transactions/year=2024/month=02/day=06/transactions_20240206.csv,4656,22,851112
transactions,dataset/transactions/year=2024/month=02/day=07/transactions_20240207.csv,4429,22,808419
transactions,dataset/transactions/year=2024/month=02/day=08/transactions_20240208.csv,5316,22,969168
transactions,dataset/transactions/year=2024/month=02/day=09/transactions_20240209.csv,3692,22,674687
transactions,dataset/transactions/year=2024/month=02/day=10/transactions_20240210.csv,2760,22,504133
transactions,dataset/transactions/year=2024/month=02/day=11/transactions_20240211.csv,2388,22,436237
transactions,dataset/transactions/year=2024/month=02/day=12/transactions_20240212.csv,5462,22,999683
transactions,dataset/transactions/year=2024/month=02/day=13/transactions_20240213.csv,3923,22,716386
transactions,dataset/transactions/year=2024/month=02/day=14/transactions_20240214.csv,3779,22,690099
transactions,dataset/transactions/year=2024/month=02/day=15/transactions_20240215.csv,5364,22,978631
transactions,dataset/transactions/year=2024/month=02/day=16/transactions_20240216.csv,5448,22,994575
transactions,dataset/transactions/year=2024/month=02/day=17/transactions_20240217.csv,2532,22,462305
transactions,dataset/transactions/year=2024/month=02/day=18/transactions_20240218.csv,2354,22,431193
transactions,dataset/transactions/year=2024/month=02/day=19/transactions_20240219.csv,4459,22,814189
transactions,dataset/transactions/year=2024/month=02/day=20/transactions_20240220.csv,5218,22,951276
transactions,dataset/transactions/year=2024/month=02/day=21/transactions_20240221.csv,3948,22,723154
transactions,dataset/transactions/year=2024/month=02/day=22/transactions_20240222.csv,4515,22,824095
transactions,dataset/transactions/year=2024/month=02/day=23/transactions_20240223.csv,3660,22,669521
transactions,dataset/transactions/year=2024/month=02/day=24/transactions_20240224.csv,3093,22,563773
transactions,dataset/transactions/year=2024/month=02/day=25/transactions_20240225.csv,2584,22,472335
transactions,dataset/transactions/year=2024/month=02/day=26/transactions_20240226.csv,3923,22,717648
transactions,dataset/transactions/year=2024/month=02/day=27/transactions_20240227.csv,4688,22,856583
transactions,dataset/transactions/year=2024/month=02/day=28/transactions_20240228.csv,4551,22,830854
transactions,dataset/transactions/year=2024/month=02/day=29/transactions_20240229.csv,4415,22,805622
transactions,dataset/transactions/year=2024/month=03/day=01/transactions_20240301.csv,4949,22,902636
transactions,dataset/transactions/year=2024/month=03/day=02/transactions_20240302.csv,3072,22,561060
transactions,dataset/transactions/year=2024/month=03/day=03/transactions_20240303.csv,3055,22,558217
transactions,dataset/transactions/year=2024/month=03/day=04/transactions_20240304.csv,4426,22,810497
transactions,dataset/transactions/year=2024/month=03/day=05/transactions_20240305.csv,4769,22,872036
transactions,dataset/transactions/year=2024/month=03/day=06/transactions_20240306.csv,4267,22,780033
transactions,dataset/transactions/year=2024/month=03/day=07/transactions_20240307.csv,4740,22,866437
transactions,dataset/transactions/year=2024/month=03/day=08/transactions_20240308.csv,4609,22,841266
transactions,dataset/transactions/year=2024/month=03/day=09/transactions_20240309.csv,2289,22,417509
transactions,dataset/transactions/year=2024/month=03/day=10/transactions_20240310.csv,2827,22,515543
transactions,dataset/transactions/year=2024/month=03/day=11/transactions_20240311.csv,4529,22,826918
transactions,dataset/transactions/year=2024/month=03/day=12/transactions_20240312.csv,3702,22,677091
transactions,dataset/transactions/year=2024/month=03/day=13/transactions_20240313.csv,3986,22,728781
transactions,dataset/transactions/year=2024/month=03/day=14/transactions_20240314.csv,4001,22,728872
transactions,dataset/transactions/year=2024/month=03/day=15/transactions_20240315.csv,4351,22,796517
transactions,dataset/transactions/year=2024/month=03/day=16/transactions_20240316.csv,2966,22,542516
transactions,dataset/transactions/year=2024/month=03/day=17/transactions_20240317.csv,2834,22,518893
transactions,dataset/transactions/year=2024/month=03/day=18/transactions_20240318.csv,4185,22,765008
transactions,dataset/transactions/year=2024/month=03/day=19/transactions_20240319.csv,4918,22,896242
transactions,dataset/transactions/year=2024/month=03/day=20/transactions_20240320.csv,3829,22,701376
transactions,dataset/transactions/year=2024/month=03/day=21/transactions_20240321.csv,5165,22,942505
transactions,dataset/transactions/year=2024/month=03/day=22/transactions_20240322.csv,3819,22,698105
transactions,dataset/transactions/year=2024/month=03/day=23/transactions_20240323.csv,3021,22,552856
transactions,dataset/transactions/year=2024/month=03/day=24/transactions_20240324.csv,2721,22,495948
transactions,dataset/transactions/year=2024/month=03/day=25/transactions_20240325.csv,4821,22,878722
transactions,dataset/transactions/year=2024/month=03/day=26/transactions_20240326.csv,4526,22,826858
transactions,dataset/transactions/year=2024/month=03/day=27/transactions_20240327.csv,4384,22,801791
transactions,dataset/transactions/year=2024/month=03/day=28/transactions_20240328.csv,5099,22,933315
transactions,dataset/transactions/year=2024/month=03/day=29/transactions_20240329.csv,3790,22,693549
transactions,dataset/transactions/year=2024/month=03/day=30/transactions_20240330.csv,3012,22,551190
transactions,dataset/transactions/year=2024/month=03/day=31/transactions_20240331.csv,2443,22,446929
transactions,dataset/transactions/year=2024/month=04/day=01/transactions_20240401.csv,4164,22,760057
transactions,dataset/transactions/year=2024/month=04/day=02/transactions_20240402.csv,4546,22,831783
transactions,dataset/transactions/year=2024/month=04/day=03/transactions_20240403.csv,4960,22,906864
transactions,dataset/transactions/year=2024/month=04/day=04/transactions_20240404.csv,5384,22,982716
transactions,dataset/transactions/year=2024/month=04/day=05/transactions_20240405.csv,5047,22,922728
transactions,dataset/transactions/year=2024/month=04/day=06/transactions_20240406.csv,2433,22,444885
transactions,dataset/transactions/year=2024/month=04/day=07/transactions_20240407.csv,2272,22,416012
transactions,dataset/transactions/year=2024/month=04/day=08/transactions_20240408.csv,5188,22,947575
transactions,dataset/transactions/year=2024/month=04/day=09/transactions_20240409.csv,4397,22,804790
transactions,dataset/transactions/year=2024/month=04/day=10/transactions_20240410.csv,5165,22,944764
transactions,dataset/transactions/year=2024/month=04/day=11/transactions_20240411.csv,5059,22,925132
transactions,dataset/transactions/year=2024/month=04/day=12/transactions_20240412.csv,4443,22,811708
transactions,dataset/transactions/year=2024/month=04/day=13/transactions_20240413.csv,2449,22,446629
transactions,dataset/transactions/year=2024/month=04/day=14/transactions_20240414.csv,2480,22,455026
transactions,dataset/transactions/year=2024/month=04/day=15/transactions_20240415.csv,3851,22,701765
transactions,dataset/transactions/year=2024/month=04/day=16/transactions_20240416.csv,5395,22,987700
transactions,dataset/transactions/year=2024/month=04/day=17/transactions_20240417.csv,4341,22,791416
transactions,dataset/transactions/year=2024/month=04/day=18/transactions_20240418.csv,5399,22,984584
transactions,dataset/transactions/year=2024/month=04/day=19/transactions_20240419.csv,3949,22,720246
transactions,dataset/transactions/year=2024/month=04/day=20/transactions_20240420.csv,2225,22,407859
transactions,dataset/transactions/year=2024/month=04/day=21/transactions_20240421.csv,3172,22,579569
transactions,dataset/transactions/year=2024/month=04/day=22/transactions_20240422.csv,4109,22,750911
transactions,dataset/transactions/year=2024/month=04/day=23/transactions_20240423.csv,4059,22,740360
transactions,dataset/transactions/year=2024/month=04/day=24/transactions_20240424.csv,5382,22,984891
transactions,dataset/transactions/year=2024/month=04/day=25/transactions_20240425.csv,3991,22,727234
transactions,dataset/transactions/year=2024/month=04/day=26/transactions_20240426.csv,4318,22,788046
transactions,dataset/transactions/year=2024/month=04/day=27/transactions_20240427.csv,3064,22,560417
transactions,dataset/transactions/year=2024/month=04/day=28/transactions_20240428.csv,2433,22,443815
transactions,dataset/transactions/year=2024/month=04/day=29/transactions_20240429.csv,4081,22,745869
transactions,dataset/transactions/year=2024/month=04/day=30/transactions_20240430.csv,3975,22,725490
transactions,dataset/transactions/year=2024/month=05/day=01/transactions_20240501.csv,4589,22,837233
transactions,dataset/transactions/year=2024/month=05/day=02/transactions_20240502.csv,4682,22,854841
transactions,dataset/transactions/year=2024/month=05/day=03/transactions_20240503.csv,3831,22,698226
transactions,dataset/transactions/year=2024/month=05/day=04/transactions_20240504.csv,2873,22,526632
transactions,dataset/transactions/year=2024/month=05/day=05/transactions_20240505.csv,3246,22,592199
transactions,dataset/transactions/year=2024/month=05/day=06/transactions_20240506.csv,4600,22,840030
transactions,dataset/transactions/year=2024/month=05/day=07/transactions_20240507.csv,5324,22,972060
transactions,dataset/transactions/year=2024/month=05/day=08/transactions_20240508.csv,5023,22,918399
transactions,dataset/transactions/year=2024/month=05/day=09/transactions_20240509.csv,5319,22,972129
transactions,dataset/transactions/year=2024/month=05/day=10/transactions_20240510.csv,4457,22,811062
transactions,dataset/transactions/year=2024/month=05/day=11/transactions_20240511.csv,3083,22,561759
transactions,dataset/transactions/year=2024/month=05/day=12/transactions_20240512.csv,2990,22,546589
transactions,dataset/transactions/year=2024/month=05/day=13/transactions_20240513.csv,4817,22,880283
transactions,dataset/transactions/year=2024/month=05/day=14/transactions_20240514.csv,5384,22,984194
transactions,dataset/transactions/year=2024/month=05/day=15/transactions_20240515.csv,4490,22,818333
transactions,dataset/transactions/year=2024/month=05/day=16/transactions_20240516.csv,4348,22,793483
transactions,dataset/transactions/year=2024/month=05/day=17/transactions_20240517.csv,4532,22,827363
transactions,dataset/transactions/year=2024/month=05/day=18/transactions_20240518.csv,2520,22,460198
transactions,dataset/transactions/year=2024/month=05/day=19/transactions_20240519.csv,3169,22,579397
transactions,dataset/transactions/year=2024/month=05/day=20/transactions_20240520.csv,3795,22,694298
transactions,dataset/transactions/year=2024/month=05/day=21/transactions_20240521.csv,3834,22,699676
transactions,dataset/transactions/year=2024/month=05/day=22/transactions_20240522.csv,3706,22,675732
transactions,dataset/transactions/year=2024/month=05/day=23/transactions_20240523.csv,5073,22,926513
transactions,dataset/transactions/year=2024/month=05/day=24/transactions_20240524.csv,3933,22,717861
transactions,dataset/transactions/year=2024/month=05/day=25/transactions_20240525.csv,2637,22,482538
transactions,dataset/transactions/year=2024/month=05/day=26/transactions_20240526.csv,2784,22,508587
transactions,dataset/transactions/year=2024/month=05/day=27/transactions_20240527.csv,3718,22,680692
transactions,dataset/transactions/year=2024/month=05/day=28/transactions_20240528.csv,4826,22,882367
transactions,dataset/transactions/year=2024/month=05/day=29/transactions_20240529.csv,4504,22,821130
transactions,dataset/transactions/year=2024/month=05/day=30/transactions_20240530.csv,3978,22,725970
transactions,dataset/transactions/year=2024/month=05/day=31/transactions_20240531.csv,4351,22,795498
transactions,dataset/transactions/year=2024/month=06/day=01/transactions_20240601.csv,2903,22,531939
transactions,dataset/transactions/year=2024/month=06/day=02/transactions_20240602.csv,2414,22,441839
transactions,dataset/transactions/year=2024/month=06/day=03/transactions_20240603.csv,4182,22,764798
transactions,dataset/transactions/year=2024/month=06/day=04/transactions_20240604.csv,3859,22,704350
transactions,dataset/transactions/year=2024/month=06/day=05/transactions_20240605.csv,5118,22,934712
transactions,dataset/transactions/year=2024/month=06/day=06/transactions_20240606.csv,3856,22,705407
transactions,dataset/transactions/year=2024/month=06/day=07/transactions_20240607.csv,5104,22,932004
transactions,dataset/transactions/year=2024/month=06/day=08/transactions_20240608.csv,2767,22,506325
transactions,dataset/transactions/year=2024/month=06/day=09/transactions_20240609.csv,2745,22,501589
transactions,dataset/transactions/year=2024/month=06/day=10/transactions_20240610.csv,3958,22,723599
transactions,dataset/transactions/year=2024/month=06/day=11/transactions_20240611.csv,5208,22,950674
transactions,dataset/transactions/year=2024/month=06/day=12/transactions_20240612.csv,4909,22,894809
transactions,dataset/transactions/year=2024/month=06/day=13/transactions_20240613.csv,5239,22,956363
transactions,dataset/transactions/year=2024/month=06/day=14/transactions_20240614.csv,5442,22,993197
transactions,dataset/transactions/year=2024/month=06/day=15/transactions_20240615.csv,3152,22,576280
transactions,dataset/transactions/year=2024/month=06/day=16/transactions_20240616.csv,2340,22,426996
transactions,dataset/transactions/year=2024/month=06/day=17/transactions_20240617.csv,5428,22,990483
transactions,dataset/transactions/year=2024/month=06/day=18/transactions_20240618.csv,5301,22,966165
transactions,dataset/transactions/year=2024/month=06/day=19/transactions_20240619.csv,4695,22,859850
transactions,dataset/transactions/year=2024/month=06/day=20/transactions_20240620.csv,5080,22,925949
transactions,dataset/transactions/year=2024/month=06/day=21/transactions_20240621.csv,3701,22,676806
transactions,dataset/transactions/year=2024/month=06/day=22/transactions_20240622.csv,3170,22,576369
transactions,dataset/transactions/year=2024/month=06/day=23/transactions_20240623.csv,2794,22,510794
transactions,dataset/transactions/year=2024/month=06/day=24/transactions_20240624.csv,4480,22,818035
transactions,dataset/transactions/year=2024/month=06/day=25/transactions_20240625.csv,4482,22,817819
transactions,dataset/transactions/year=2024/month=06/day=26/transactions_20240626.csv,4526,22,825355
transactions,dataset/transactions/year=2024/month=06/day=27/transactions_20240627.csv,4319,22,787604
transactions,dataset/transactions/year=2024/month=06/day=28/transactions_20240628.csv,4646,22,849576
transactions,dataset/transactions/year=2024/month=06/day=29/transactions_20240629.csv,2736,22,499571
transactions,dataset/transactions/year=2024/month=06/day=30/transactions_20240630.csv,2887,22,526914
transactions,dataset/transactions/year=2024/month=07/day=01/transactions_20240701.csv,3713,22,678549
transactions,dataset/transactions/year=2024/month=07/day=02/transactions_20240702.csv,4406,22,805158
transactions,dataset/transactions/year=2024/month=07/day=03/transactions_20240703.csv,5147,22,941420
transactions,dataset/transactions/year=2024/month=07/day=04/transactions_20240704.csv,5234,22,953318
transactions,dataset/transactions/year=2024/month=07/day=05/transactions_20240705.csv,5352,22,978363
transactions,dataset/transactions/year=2024/month=07/day=06/transactions_20240706.csv,3069,22,559634
transactions,dataset/transactions/year=2024/month=07/day=07/transactions_20240707.csv,2758,22,502763
transactions,dataset/transactions/year=2024/month=07/day=08/transactions_20240708.csv,4294,22,785103
transactions,dataset/transactions/year=2024/month=07/day=09/transactions_20240709.csv,4125,22,754131
transactions,dataset/transactions/year=2024/month=07/day=10/transactions_20240710.csv,4552,22,830700
transactions,dataset/transactions/year=2024/month=07/day=11/transactions_20240711.csv,5112,22,936800
transactions,dataset/transactions/year=2024/month=07/day=12/transactions_20240712.csv,5436,22,992727
transactions,dataset/transactions/year=2024/month=07/day=13/transactions_20240713.csv,2190,22,399795
transactions,dataset/transactions/year=2024/month=07/day=14/transactions_20240714.csv,3204,22,584619
transactions,dataset/transactions/year=2024/month=07/day=15/transactions_20240715.csv,4410,22,804966
transactions,dataset/transactions/year=2024/month=07/day=16/transactions_20240716.csv,3859,22,705272
transactions,dataset/transactions/year=2024/month=07/day=17/transactions_20240717.csv,3880,22,707827
transactions,dataset/transactions/year=2024/month=07/day=18/transactions_20240718.csv,5170,22,944085
transactions,dataset/transactions/year=2024/month=07/day=19/transactions_20240719.csv,4657,22,850411
transactions,dataset/transactions/year=2024/month=07/day=20/transactions_20240720.csv,2373,22,432443
transactions,dataset/transactions/year=2024/month=07/day=21/transactions_20240721.csv,3187,22,582477
transactions,dataset/transactions/year=2024/month=07/day=22/transactions_20240722.csv,5000,22,912322
transactions,dataset/transactions/year=2024/month=07/day=23/transactions_20240723.csv,4796,22,875901
transactions,dataset/transactions/year=2024/month=07/day=24/transactions_20240724.csv,5226,22,953480
transactions,dataset/transactions/year=2024/month=07/day=25/transactions_20240725.csv,3925,22,717836
transactions,dataset/transactions/year=2024/month=07/day=26/transactions_20240726.csv,4904,22,896649
transactions,dataset/transactions/year=2024/month=07/day=27/transactions_20240727.csv,2240,22,410326
transactions,dataset/transactions/year=2024/month=07/day=28/transactions_20240728.csv,2189,22,399264
transactions,dataset/transactions/year=2024/month=07/day=29/transactions_20240729.csv,4598,22,839626
transactions,dataset/transactions/year=2024/month=07/day=30/transactions_20240730.csv,5290,22,966886
transactions,dataset/transactions/year=2024/month=07/day=31/transactions_20240731.csv,5020,22,916567
transactions,dataset/transactions/year=2024/month=08/day=01/transactions_20240801.csv,3657,22,666964
transactions,dataset/transactions/year=2024/month=08/day=02/transactions_20240802.csv,3736,22,681028
transactions,dataset/transactions/year=2024/month=08/day=03/transactions_20240803.csv,3053,22,556257
transactions,dataset/transactions/year=2024/month=08/day=04/transactions_20240804.csv,2272,22,416432
transactions,dataset/transactions/year=2024/month=08/day=05/transactions_20240805.csv,3907,22,714901
transactions,dataset/transactions/year=2024/month=08/day=06/transactions_20240806.csv,4143,22,757431
transactions,dataset/transactions/year=2024/month=08/day=07/transactions_20240807.csv,4097,22,749335
transactions,dataset/transactions/year=2024/month=08/day=08/transactions_20240808.csv,4162,22,760209
transactions,dataset/transactions/year=2024/month=08/day=09/transactions_20240809.csv,4061,22,741893
transactions,dataset/transactions/year=2024/month=08/day=10/transactions_20240810.csv,3244,22,590792
transactions,dataset/transactions/year=2024/month=08/day=11/transactions_20240811.csv,2896,22,529786
transactions,dataset/transactions/year=2024/month=08/day=12/transactions_20240812.csv,4508,22,824547
transactions,dataset/transactions/year=2024/month=08/day=13/transactions_20240813.csv,5367,22,980350
transactions,dataset/transactions/year=2024/month=08/day=14/transactions_20240814.csv,5353,22,978216
transactions,dataset/transactions/year=2024/month=08/day=15/transactions_20240815.csv,4850,22,884686
transactions,dataset/transactions/year=2024/month=08/day=16/transactions_20240816.csv,4592,22,837576
transactions,dataset/transactions/year=2024/month=08/day=17/transactions_20240817.csv,2209,22,402603
transactions,dataset/transactions/year=2024/month=08/day=18/transactions_20240818.csv,3017,22,549252
transactions,dataset/transactions/year=2024/month=08/day=19/transactions_20240819.csv,4118,22,751413
transactions,dataset/transactions/year=2024/month=08/day=20/transactions_20240820.csv,4399,22,802579
transactions,dataset/transactions/year=2024/month=08/day=21/transactions_20240821.csv,4009,22,732539
transactions,dataset/transactions/year=2024/month=08/day=22/transactions_20240822.csv,4356,22,797042
transactions,dataset/transactions/year=2024/month=08/day=23/transactions_20240823.csv,4026,22,735176
transactions,dataset/transactions/year=2024/month=08/day=24/transactions_20240824.csv,2696,22,492792
transactions,dataset/transactions/year=2024/month=08/day=25/transactions_20240825.csv,3058,22,557483
transactions,dataset/transactions/year=2024/month=08/day=26/transactions_20240826.csv,4812,22,877431
transactions,dataset/transactions/year=2024/month=08/day=27/transactions_20240827.csv,5378,22,982216
transactions,dataset/transactions/year=2024/month=08/day=28/transactions_20240828.csv,3742,22,684673
transactions,dataset/transactions/year=2024/month=08/day=29/transactions_20240829.csv,4813,22,879199
transactions,dataset/transactions/year=2024/month=08/day=30/transactions_20240830.csv,5208,22,951678
transactions,dataset/transactions/year=2024/month=08/day=31/transactions_20240831.csv,2370,22,433312
transactions,dataset/transactions/year=2024/month=09/day=01/transactions_20240901.csv,3073,22,560409
transactions,dataset/transactions/year=2024/month=09/day=02/transactions_20240902.csv,4444,22,811537
transactions,dataset/transactions/year=2024/month=09/day=03/transactions_20240903.csv,4623,22,844268
transactions,dataset/transactions/year=2024/month=09/day=04/transactions_20240904.csv,5324,22,973675
transactions,dataset/transactions/year=2024/month=09/day=05/transactions_20240905.csv,3695,22,675175
transactions,dataset/transactions/year=2024/month=09/day=06/transactions_20240906.csv,3901,22,711447
transactions,dataset/transactions/year=2024/month=09/day=07/transactions_20240907.csv,2469,22,450349
transactions,dataset/transactions/year=2024/month=09/day=08/transactions_20240908.csv,2388,22,437985
transactions,dataset/transactions/year=2024/month=09/day=09/transactions_20240909.csv,5185,22,946258
transactions,dataset/transactions/year=2024/month=09/day=10/transactions_20240910.csv,4333,22,793090
transactions,dataset/transactions/year=2024/month=09/day=11/transactions_20240911.csv,4116,22,751711
transactions,dataset/transactions/year=2024/month=09/day=12/transactions_20240912.csv,5327,22,973206
transactions,dataset/transactions/year=2024/month=09/day=13/transactions_20240913.csv,3999,22,730014
transactions,dataset/transactions/year=2024/month=09/day=14/transactions_20240914.csv,2200,22,403448
transactions,dataset/transactions/year=2024/month=09/day=15/transactions_20240915.csv,2306,22,420601
transactions,dataset/transactions/year=2024/month=09/day=16/transactions_20240916.csv,4834,22,884346
transactions,dataset/transactions/year=2024/month=09/day=17/transactions_20240917.csv,4562,22,834420
transactions,dataset/transactions/year=2024/month=09/day=18/transactions_20240918.csv,4652,22,849838
transactions,dataset/transactions/year=2024/month=09/day=19/transactions_20240919.csv,3877,22,707565
transactions,dataset/transactions/year=2024/month=09/day=20/transactions_20240920.csv,4457,22,814774
transactions,dataset/transactions/year=2024/month=09/day=21/transactions_20240921.csv,3051,22,557560
transactions,dataset/transactions/year=2024/month=09/day=22/transactions_20240922.csv,3013,22,549680
transactions,dataset/transactions/year=2024/month=09/day=23/transactions_20240923.csv,5339,22,974473
transactions,dataset/transactions/year=2024/month=09/day=24/transactions_20240924.csv,4335,22,791424
transactions,dataset/transactions/year=2024/month=09/day=25/transactions_20240925.csv,4361,22,795945
transactions,dataset/transactions/year=2024/month=09/day=26/transactions_20240926.csv,3918,22,715359
transactions,dataset/transactions/year=2024/month=09/day=27/transactions_20240927.csv,3814,22,696222
transactions,dataset/transactions/year=2024/month=09/day=28/transactions_20240928.csv,3184,22,580689
transactions,dataset/transactions/year=2024/month=09/day=29/transactions_20240929.csv,2980,22,543249
transactions,dataset/transactions/year=2024/month=09/day=30/transactions_20240930.csv,4252,22,776460
transactions,dataset/transactions/year=2024/month=10/day=01/transactions_20241001.csv,3834,22,698564
transactions,dataset/transactions/year=2024/month=10/day=02/transactions_20241002.csv,4607,22,841892
transactions,dataset/transactions/year=2024/month=10/day=03/transactions_20241003.csv,4564,22,834314
transactions,dataset/transactions/year=2024/month=10/day=04/transactions_20241004.csv,4948,22,902601
transactions,dataset/transactions/year=2024/month=10/day=05/transactions_20241005.csv,3156,22,576448
transactions,dataset/transactions/year=2024/month=10/day=06/transactions_20241006.csv,2910,22,530727
transactions,dataset/transactions/year=2024/month=10/day=07/transactions_20241007.csv,4288,22,783054
transactions,dataset/transactions/year=2024/month=10/day=08/transactions_20241008.csv,4715,22,861841
transactions,dataset/transactions/year=2024/month=10/day=09/transactions_20241009.csv,5158,22,941957
transactions,dataset/transactions/year=2024/month=10/day=10/transactions_20241010.csv,5109,22,933918
transactions,dataset/transactions/year=2024/month=10/day=11/transactions_20241011.csv,4051,22,740803
transactions,dataset/transactions/year=2024/month=10/day=12/transactions_20241012.csv,2655,22,485907
transactions,dataset/transactions/year=2024/month=10/day=13/transactions_20241013.csv,2394,22,437978
transactions,dataset/transactions/year=2024/month=10/day=14/transactions_20241014.csv,4841,22,884740
transactions,dataset/transactions/year=2024/month=10/day=15/transactions_20241015.csv,5403,22,984594
transactions,dataset/transactions/year=2024/month=10/day=16/transactions_20241016.csv,3678,22,672080
transactions,dataset/transactions/year=2024/month=10/day=17/transactions_20241017.csv,4651,22,851032
transactions,dataset/transactions/year=2024/month=10/day=18/transactions_20241018.csv,3842,22,702724
transactions,dataset/transactions/year=2024/month=10/day=19/transactions_20241019.csv,2863,22,524006
transactions,dataset/transactions/year=2024/month=10/day=20/transactions_20241020.csv,2813,22,513611
transactions,dataset/transactions/year=2024/month=10/day=21/transactions_20241021.csv,5413,22,986581
transactions,dataset/transactions/year=2024/month=10/day=22/transactions_20241022.csv,3649,22,666521
transactions,dataset/transactions/year=2024/month=10/day=23/transactions_20241023.csv,5144,22,940389
transactions,dataset/transactions/year=2024/month=10/day=24/transactions_20241024.csv,5168,22,944019
transactions,dataset/transactions/year=2024/month=10/day=25/transactions_20241025.csv,5348,22,975003
transactions,dataset/transactions/year=2024/month=10/day=26/transactions_20241026.csv,2386,22,436662
transactions,dataset/transactions/year=2024/month=10/day=27/transactions_20241027.csv,2478,22,453928
transactions,dataset/transactions/year=2024/month=10/day=28/transactions_20241028.csv,4080,22,745948
transactions,dataset/transactions/year=2024/month=10/day=29/transactions_20241029.csv,4050,22,738648
transactions,dataset/transactions/year=2024/month=10/day=30/transactions_20241030.csv,4359,22,796244
transactions,dataset/transactions/year=2024/month=10/day=31/transactions_20241031.csv,5203,22,950848
transactions,dataset/transactions/year=2024/month=11/day=01/transactions_20241101.csv,4025,22,737334
transactions,dataset/transactions/year=2024/month=11/day=02/transactions_20241102.csv,2875,22,525610
transactions,dataset/transactions/year=2024/month=11/day=03/transactions_20241103.csv,2857,22,521498
transactions,dataset/transactions/year=2024/month=11/day=04/transactions_20241104.csv,4834,22,883037
transactions,dataset/transactions/year=2024/month=11/day=05/transactions_20241105.csv,4773,22,871932
transactions,dataset/transactions/year=2024/month=11/day=06/transactions_20241106.csv,5042,22,921209
transactions,dataset/transactions/year=2024/month=11/day=07/transactions_20241107.csv,5199,22,948635
transactions,dataset/transactions/year=2024/month=11/day=08/transactions_20241108.csv,4295,22,783775
transactions,dataset/transactions/year=2024/month=11/day=09/transactions_20241109.csv,2413,22,441792
transactions,dataset/transactions/year=2024/month=11/day=10/transactions_20241110.csv,2562,22,467814
transactions,dataset/transactions/year=2024/month=11/day=11/transactions_20241111.csv,5257,22,960259
transactions,dataset/transactions/year=2024/month=11/day=12/transactions_20241112.csv,5430,22,991112
transactions,dataset/transactions/year=2024/month=11/day=13/transactions_20241113.csv,4288,22,782116
transactions,dataset/transactions/year=2024/month=11/day=14/transactions_20241114.csv,4282,22,781235
transactions,dataset/transactions/year=2024/month=11/day=15/transactions_20241115.csv,4307,22,786774
transactions,dataset/transactions/year=2024/month=11/day=16/transactions_20241116.csv,3086,22,563475
transactions,dataset/transactions/year=2024/month=11/day=17/transactions_20241117.csv,2623,22,479149
transactions,dataset/transactions/year=2024/month=11/day=18/transactions_20241118.csv,3803,22,692466
transactions,dataset/transactions/year=2024/month=11/day=19/transactions_20241119.csv,5307,22,969169
transactions,dataset/transactions/year=2024/month=11/day=20/transactions_20241120.csv,4099,22,748880
transactions,dataset/transactions/year=2024/month=11/day=21/transactions_20241121.csv,4503,22,821486
transactions,dataset/transactions/year=2024/month=11/day=22/transactions_20241122.csv,4693,22,857797
transactions,dataset/transactions/year=2024/month=11/day=23/transactions_20241123.csv,2286,22,417699
transactions,dataset/transactions/year=2024/month=11/day=24/transactions_20241124.csv,2736,22,498132
transactions,dataset/transactions/year=2024/month=11/day=25/transactions_20241125.csv,3668,22,670537
transactions,dataset/transactions/year=2024/month=11/day=26/transactions_20241126.csv,4549,22,831134
transactions,dataset/transactions/year=2024/month=11/day=27/transactions_20241127.csv,4594,22,840284
transactions,dataset/transactions/year=2024/month=11/day=28/transactions_20241128.csv,4993,22,911195
transactions,dataset/transactions/year=2024/month=11/day=29/transactions_20241129.csv,4902,22,895913
transactions,dataset/transactions/year=2024/month=11/day=30/transactions_20241130.csv,2554,22,467602
transactions,dataset/transactions/year=2024/month=12/day=01/transactions_20241201.csv,2227,22,407545
transactions,dataset/transactions/year=2024/month=12/day=02/transactions_20241202.csv,4974,22,907952
transactions,dataset/transactions/year=2024/month=12/day=03/transactions_20241203.csv,4176,22,763662
transactions,dataset/transactions/year=2024/month=12/day=04/transactions_20241204.csv,4380,22,799588
transactions,dataset/transactions/year=2024/month=12/day=05/transactions_20241205.csv,4312,22,785094
transactions,dataset/transactions/year=2024/month=12/day=06/transactions_20241206.csv,4782,22,872429
transactions,dataset/transactions/year=2024/month=12/day=07/transactions_20241207.csv,2646,22,484005
transactions,dataset/transactions/year=2024/month=12/day=08/transactions_20241208.csv,2896,22,527228
transactions,dataset/transactions/year=2024/month=12/day=09/transactions_20241209.csv,4190,22,764846
transactions,dataset/transactions/year=2024/month=12/day=10/transactions_20241210.csv,4665,22,853547
transactions,dataset/transactions/year=2024/month=12/day=11/transactions_20241211.csv,4615,22,843935
transactions,dataset/transactions/year=2024/month=12/day=12/transactions_20241212.csv,5433,22,992705
transactions,dataset/transactions/year=2024/month=12/day=13/transactions_20241213.csv,4374,22,800082
transactions,dataset/transactions/year=2024/month=12/day=14/transactions_20241214.csv,2633,22,480691
transactions,dataset/transactions/year=2024/month=12/day=15/transactions_20241215.csv,2316,22,423683
transactions,dataset/transactions/year=2024/month=12/day=16/transactions_20241216.csv,3838,22,701170
transactions,dataset/transactions/year=2024/month=12/day=17/transactions_20241217.csv,5123,22,937000
transactions,dataset/transactions/year=2024/month=12/day=18/transactions_20241218.csv,5293,22,964470
transactions,dataset/transactions/year=2024/month=12/day=19/transactions_20241219.csv,4101,22,750198
transactions,dataset/transactions/year=2024/month=12/day=20/transactions_20241220.csv,3783,22,692778
transactions,dataset/transactions/year=2024/month=12/day=21/transactions_20241221.csv,2843,22,518398
transactions,dataset/transactions/year=2024/month=12/day=22/transactions_20241222.csv,3079,22,561227
transactions,dataset/transactions/year=2024/month=12/day=23/transactions_20241223.csv,5092,22,931458
transactions,dataset/transactions/year=2024/month=12/day=24/transactions_20241224.csv,3656,22,668164
transactions,dataset/transactions/year=2024/month=12/day=25/transactions_20241225.csv,3798,22,693104
transactions,dataset/transactions/year=2024/month=12/day=26/transactions_20241226.csv,3940,22,721377
transactions,dataset/transactions/year=2024/month=12/day=27/transactions_20241227.csv,4616,22,842371
transactions,dataset/transactions/year=2024/month=12/day=28/transactions_20241228.csv,3202,22,582385
transactions,dataset/transactions/year=2024/month=12/day=29/transactions_20241229.csv,2392,22,436630
transactions,dataset/transactions/year=2024/month=12/day=30/transactions_20241230.csv,4956,22,906703
transactions,dataset/transactions/year=2024/month=12/day=31/transactions_20241231.csv,5012,22,915373
transactions,dataset/transactions/year=2025/month=01/day=01/transactions_20250101.csv,3773,22,690415
transactions,dataset/transactions/year=2025/month=01/day=02/transactions_20250102.csv,3842,22,702718
transactions,dataset/transactions/year=2025/month=01/day=03/transactions_20250103.csv,4429,22,807684
transactions,dataset/transactions/year=2025/month=01/day=04/transactions_20250104.csv,2873,22,525353
transactions,dataset/transactions/year=2025/month=01/day=05/transactions_20250105.csv,3000,22,548787
transactions,dataset/transactions/year=2025/month=01/day=06/transactions_20250106.csv,4122,22,752051
transactions,dataset/transactions/year=2025/month=01/day=07/transactions_20250107.csv,3949,22,722871
transactions,dataset/transactions/year=2025/month=01/day=08/transactions_20250108.csv,4515,22,825777
transactions,dataset/transactions/year=2025/month=01/day=09/transactions_20250109.csv,3738,22,683897
transactions,dataset/transactions/year=2025/month=01/day=10/transactions_20250110.csv,5084,22,928415
transactions,dataset/transactions/year=2025/month=01/day=11/transactions_20250111.csv,2620,22,479891
transactions,dataset/transactions/year=2025/month=01/day=12/transactions_20250112.csv,3045,22,555905
transactions,dataset/transactions/year=2025/month=01/day=13/transactions_20250113.csv,4828,22,880998
transactions,dataset/transactions/year=2025/month=01/day=14/transactions_20250114.csv,4604,22,840081
transactions,dataset/transactions/year=2025/month=01/day=15/transactions_20250115.csv,3678,22,672318
transactions,dataset/transactions/year=2025/month=01/day=16/transactions_20250116.csv,4957,22,905201
transactions,dataset/transactions/year=2025/month=01/day=17/transactions_20250117.csv,4360,22,795023
transactions,dataset/transactions/year=2025/month=01/day=18/transactions_20250118.csv,2894,22,526613
transactions,dataset/transactions/year=2025/month=01/day=19/transactions_20250119.csv,2232,22,407334
transactions,dataset/transactions/year=2025/month=01/day=20/transactions_20250120.csv,4017,22,736436
transactions,dataset/transactions/year=2025/month=01/day=21/transactions_20250121.csv,3778,22,689964
transactions,dataset/transactions/year=2025/month=01/day=22/transactions_20250122.csv,4521,22,826465
transactions,dataset/transactions/year=2025/month=01/day=23/transactions_20250123.csv,3950,22,720894
transactions,dataset/transactions/year=2025/month=01/day=24/transactions_20250124.csv,5428,22,991841
transactions,dataset/transactions/year=2025/month=01/day=25/transactions_20250125.csv,2856,22,520969
transactions,dataset/transactions/year=2025/month=01/day=26/transactions_20250126.csv,2911,22,532060
transactions,dataset/transactions/year=2025/month=01/day=27/transactions_20250127.csv,3659,22,669485
transactions,dataset/transactions/year=2025/month=01/day=28/transactions_20250128.csv,5069,22,925948
transactions,dataset/transactions/year=2025/month=01/day=29/transactions_20250129.csv,3933,22,719324
transactions,dataset/transactions/year=2025/month=01/day=30/transactions_20250130.csv,4867,22,891614
transactions,dataset/transactions/year=2025/month=01/day=31/transactions_20250131.csv,4524,22,826485
transactions,dataset/transactions/year=2025/month=02/day=01/transactions_20250201.csv,2712,22,495321
transactions,dataset/transactions/year=2025/month=02/day=02/transactions_20250202.csv,2762,22,504353
transactions,dataset/transactions/year=2025/month=02/day=03/transactions_20250203.csv,3751,22,685202
transactions,dataset/transactions/year=2025/month=02/day=04/transactions_20250204.csv,4813,22,877798
transactions,dataset/transactions/year=2025/month=02/day=05/transactions_20250205.csv,3683,22,673507
transactions,dataset/transactions/year=2025/month=02/day=06/transactions_20250206.csv,4449,22,812154
transactions,dataset/transactions/year=2025/month=02/day=07/transactions_20250207.csv,3730,22,681079
transactions,dataset/transactions/year=2025/month=02/day=08/transactions_20250208.csv,2924,22,534112
transactions,dataset/transactions/year=2025/month=02/day=09/transactions_20250209.csv,2682,22,490718
transactions,dataset/transactions/year=2025/month=02/day=10/transactions_20250210.csv,3751,22,683009
transactions,dataset/transactions/year=2025/month=02/day=11/transactions_20250211.csv,5001,22,914567
transactions,dataset/transactions/year=2025/month=02/day=12/transactions_20250212.csv,4698,22,857939
transactions,dataset/transactions/year=2025/month=02/day=13/transactions_20250213.csv,5307,22,968050
transactions,dataset/transactions/year=2025/month=02/day=14/transactions_20250214.csv,4158,22,759644
transactions,dataset/transactions/year=2025/month=02/day=15/transactions_20250215.csv,2684,22,490382
transactions,dataset/transactions/year=2025/month=02/day=16/transactions_20250216.csv,2275,22,416071
transactions,dataset/transactions/year=2025/month=02/day=17/transactions_20250217.csv,4936,22,901902
transactions,dataset/transactions/year=2025/month=02/day=18/transactions_20250218.csv,4331,22,791027
transactions,dataset/transactions/year=2025/month=02/day=19/transactions_20250219.csv,4312,22,787531
transactions,dataset/transactions/year=2025/month=02/day=20/transactions_20250220.csv,4771,22,872032
transactions,dataset/transactions/year=2025/month=02/day=21/transactions_20250221.csv,4486,22,819364
transactions,dataset/transactions/year=2025/month=02/day=22/transactions_20250222.csv,2628,22,479724
transactions,dataset/transactions/year=2025/month=02/day=23/transactions_20250223.csv,3256,22,594068
transactions,dataset/transactions/year=2025/month=02/day=24/transactions_20250224.csv,3984,22,728988
transactions,dataset/transactions/year=2025/month=02/day=25/transactions_20250225.csv,4729,22,864420
transactions,dataset/transactions/year=2025/month=02/day=26/transactions_20250226.csv,4008,22,731115
transactions,dataset/transactions/year=2025/month=02/day=27/transactions_20250227.csv,4513,22,822781
transactions,dataset/transactions/year=2025/month=02/day=28/transactions_20250228.csv,5298,22,966111
transactions,dataset/transactions/year=2025/month=03/day=01/transactions_20250301.csv,2708,22,493665
transactions,dataset/transactions/year=2025/month=03/day=02/transactions_20250302.csv,2524,22,461460
transactions,dataset/transactions/year=2025/month=03/day=03/transactions_20250303.csv,3713,22,680236
transactions,dataset/transactions/year=2025/month=03/day=04/transactions_20250304.csv,4640,22,848531
transactions,dataset/transactions/year=2025/month=03/day=05/transactions_20250305.csv,4667,22,852106
transactions,dataset/transactions/year=2025/month=03/day=06/transactions_20250306.csv,4920,22,897962
transactions,dataset/transactions/year=2025/month=03/day=07/transactions_20250307.csv,3780,22,691084
transactions,dataset/transactions/year=2025/month=03/day=08/transactions_20250308.csv,2264,22,414258
transactions,dataset/transactions/year=2025/month=03/day=09/transactions_20250309.csv,3064,22,558808
transactions,dataset/transactions/year=2025/month=03/day=10/transactions_20250310.csv,3940,22,720016
transactions,dataset/transactions/year=2025/month=03/day=11/transactions_20250311.csv,4816,22,879560
transactions,dataset/transactions/year=2025/month=03/day=12/transactions_20250312.csv,5164,22,945181
transactions,dataset/transactions/year=2025/month=03/day=13/transactions_20250313.csv,5016,22,917342
transactions,dataset/transactions/year=2025/month=03/day=14/transactions_20250314.csv,5446,22,997326
transactions,dataset/transactions/year=2025/month=03/day=15/transactions_20250315.csv,3274,22,600275
transactions,dataset/transactions/year=2025/month=03/day=16/transactions_20250316.csv,2574,22,469764
transactions,dataset/transactions/year=2025/month=03/day=17/transactions_20250317.csv,4217,22,769525
transactions,dataset/transactions/year=2025/month=03/day=18/transactions_20250318.csv,3780,22,692460
transactions,dataset/transactions/year=2025/month=03/day=19/transactions_20250319.csv,5082,22,930528
transactions,dataset/transactions/year=2025/month=03/day=20/transactions_20250320.csv,4745,22,866307
transactions,dataset/transactions/year=2025/month=03/day=21/transactions_20250321.csv,4267,22,779472
transactions,dataset/transactions/year=2025/month=03/day=22/transactions_20250322.csv,2585,22,473463
transactions,dataset/transactions/year=2025/month=03/day=23/transactions_20250323.csv,2790,22,510632
transactions,dataset/transactions/year=2025/month=03/day=24/transactions_20250324.csv,4706,22,859977
transactions,dataset/transactions/year=2025/month=03/day=25/transactions_20250325.csv,5138,22,938838
transactions,dataset/transactions/year=2025/month=03/day=26/transactions_20250326.csv,4638,22,848843
transactions,dataset/transactions/year=2025/month=03/day=27/transactions_20250327.csv,4407,22,805166
transactions,dataset/transactions/year=2025/month=03/day=28/transactions_20250328.csv,4669,22,851606
transactions,dataset/transactions/year=2025/month=03/day=29/transactions_20250329.csv,3184,22,582791
transactions,dataset/transactions/year=2025/month=03/day=30/transactions_20250330.csv,2846,22,519566
transactions,dataset/transactions/year=2025/month=03/day=31/transactions_20250331.csv,3801,22,694132
transactions,dataset/transactions/year=2025/month=04/day=01/transactions_20250401.csv,4351,22,793279
transactions,dataset/transactions/year=2025/month=04/day=02/transactions_20250402.csv,4177,22,763435
transactions,dataset/transactions/year=2025/month=04/day=03/transactions_20250403.csv,4672,22,854079
transactions,dataset/transactions/year=2025/month=04/day=04/transactions_20250404.csv,4254,22,777667
transactions,dataset/transactions/year=2025/month=04/day=05/transactions_20250405.csv,2686,22,491499
transactions,dataset/transactions/year=2025/month=04/day=06/transactions_20250406.csv,3103,22,565510
transactions,dataset/transactions/year=2025/month=04/day=07/transactions_20250407.csv,3822,22,698704
transactions,dataset/transactions/year=2025/month=04/day=08/transactions_20250408.csv,5366,22,982585
transactions,dataset/transactions/year=2025/month=04/day=09/transactions_20250409.csv,5087,22,929289
transactions,dataset/transactions/year=2025/month=04/day=10/transactions_20250410.csv,5021,22,918189
transactions,dataset/transactions/year=2025/month=04/day=11/transactions_20250411.csv,4538,22,829577
transactions,dataset/transactions/year=2025/month=04/day=12/transactions_20250412.csv,2467,22,451183
transactions,dataset/transactions/year=2025/month=04/day=13/transactions_20250413.csv,2629,22,480745
transactions,dataset/transactions/year=2025/month=04/day=14/transactions_20250414.csv,4649,22,848365
transactions,dataset/transactions/year=2025/month=04/day=15/transactions_20250415.csv,4537,22,829204
transactions,dataset/transactions/year=2025/month=04/day=16/transactions_20250416.csv,4116,22,752015
transactions,dataset/transactions/year=2025/month=04/day=17/transactions_20250417.csv,4360,22,794534
transactions,dataset/transactions/year=2025/month=04/day=18/transactions_20250418.csv,3998,22,731246
transactions,dataset/transactions/year=2025/month=04/day=19/transactions_20250419.csv,3084,22,564382
transactions,dataset/transactions/year=2025/month=04/day=20/transactions_20250420.csv,2404,22,440032
transactions,dataset/transactions/year=2025/month=04/day=21/transactions_20250421.csv,4356,22,794955
transactions,dataset/transactions/year=2025/month=04/day=22/transactions_20250422.csv,4273,22,780193
transactions,dataset/transactions/year=2025/month=04/day=23/transactions_20250423.csv,4260,22,777697
transactions,dataset/transactions/year=2025/month=04/day=24/transactions_20250424.csv,3870,22,705968
transactions,dataset/transactions/year=2025/month=04/day=25/transactions_20250425.csv,4070,22,744013
transactions,dataset/transactions/year=2025/month=04/day=26/transactions_20250426.csv,3129,22,572013
transactions,dataset/transactions/year=2025/month=04/day=27/transactions_20250427.csv,2989,22,547550
transactions,dataset/transactions/year=2025/month=04/day=28/transactions_20250428.csv,4917,22,898958
transactions,dataset/transactions/year=2025/month=04/day=29/transactions_20250429.csv,5317,22,971251
transactions,dataset/transactions/year=2025/month=04/day=30/transactions_20250430.csv,4336,22,790398
transactions,dataset/transactions/year=2025/month=05/day=01/transactions_20250501.csv,5148,22,940283
transactions,dataset/transactions/year=2025/month=05/day=02/transactions_20250502.csv,5440,22,993249
transactions,dataset/transactions/year=2025/month=05/day=03/transactions_20250503.csv,2719,22,497246
transactions,dataset/transactions/year=2025/month=05/day=04/transactions_20250504.csv,2710,22,496275
transactions,dataset/transactions/year=2025/month=05/day=05/transactions_20250505.csv,4381,22,800496
transactions,dataset/transactions/year=2025/month=05/day=06/transactions_20250506.csv,4788,22,874774
transactions,dataset/transactions/year=2025/month=05/day=07/transactions_20250507.csv,4943,22,903151
transactions,dataset/transactions/year=2025/month=05/day=08/transactions_20250508.csv,3948,22,721630
transactions,dataset/transactions/year=2025/month=05/day=09/transactions_20250509.csv,4749,22,869796
transactions,dataset/transactions/year=2025/month=05/day=10/transactions_20250510.csv,2248,22,410688
transactions,dataset/transactions/year=2025/month=05/day=11/transactions_20250511.csv,2510,22,458739
transactions,dataset/transactions/year=2025/month=05/day=12/transactions_20250512.csv,5409,22,987227
transactions,dataset/transactions/year=2025/month=05/day=13/transactions_20250513.csv,4870,22,888695
transactions,dataset/transactions/year=2025/month=05/day=14/transactions_20250514.csv,5205,22,950038
transactions,dataset/transactions/year=2025/month=05/day=15/transactions_20250515.csv,4235,22,773230
transactions,dataset/transactions/year=2025/month=05/day=16/transactions_20250516.csv,4211,22,768965
transactions,dataset/transactions/year=2025/month=05/day=17/transactions_20250517.csv,3275,22,599634
transactions,dataset/transactions/year=2025/month=05/day=18/transactions_20250518.csv,2824,22,514127
transactions,dataset/transactions/year=2025/month=05/day=19/transactions_20250519.csv,5230,22,953849
transactions,dataset/transactions/year=2025/month=05/day=20/transactions_20250520.csv,4748,22,867143
transactions,dataset/transactions/year=2025/month=05/day=21/transactions_20250521.csv,4171,22,761299
transactions,dataset/transactions/year=2025/month=05/day=22/transactions_20250522.csv,3953,22,721489
transactions,dataset/transactions/year=2025/month=05/day=23/transactions_20250523.csv,4085,22,745466
transactions,dataset/transactions/year=2025/month=05/day=24/transactions_20250524.csv,2884,22,527876
transactions,dataset/transactions/year=2025/month=05/day=25/transactions_20250525.csv,3261,22,595858
transactions,dataset/transactions/year=2025/month=05/day=26/transactions_20250526.csv,3650,22,666173
transactions,dataset/transactions/year=2025/month=05/day=27/transactions_20250527.csv,4486,22,821411
transactions,dataset/transactions/year=2025/month=05/day=28/transactions_20250528.csv,4859,22,888461
transactions,dataset/transactions/year=2025/month=05/day=29/transactions_20250529.csv,5131,22,939164
transactions,dataset/transactions/year=2025/month=05/day=30/transactions_20250530.csv,3697,22,674625
transactions,dataset/transactions/year=2025/month=05/day=31/transactions_20250531.csv,2911,22,532103
transactions,dataset/transactions/year=2025/month=06/day=01/transactions_20250601.csv,2286,22,417946
transactions,dataset/transactions/year=2025/month=06/day=02/transactions_20250602.csv,5382,22,982494
transactions,dataset/transactions/year=2025/month=06/day=03/transactions_20250603.csv,4165,22,760870
transactions,dataset/transactions/year=2025/month=06/day=04/transactions_20250604.csv,4171,22,764052
transactions,dataset/transactions/year=2025/month=06/day=05/transactions_20250605.csv,5313,22,971622
transactions,dataset/transactions/year=2025/month=06/day=06/transactions_20250606.csv,4293,22,784705
transactions,dataset/transactions/year=2025/month=06/day=07/transactions_20250607.csv,2258,22,412612
transactions,dataset/transactions/year=2025/month=06/day=08/transactions_20250608.csv,2334,22,426841
transactions,dataset/transactions/year=2025/month=06/day=09/transactions_20250609.csv,3709,22,676741
transactions,dataset/transactions/year=2025/month=06/day=10/transactions_20250610.csv,4156,22,761060
transactions,dataset/transactions/year=2025/month=06/day=11/transactions_20250611.csv,5021,22,915831
transactions,dataset/transactions/year=2025/month=06/day=12/transactions_20250612.csv,4818,22,880531
transactions,dataset/transactions/year=2025/month=06/day=13/transactions_20250613.csv,3954,22,722919
transactions,dataset/transactions/year=2025/month=06/day=14/transactions_20250614.csv,2566,22,468460
transactions,dataset/transactions/year=2025/month=06/day=15/transactions_20250615.csv,3114,22,569968
transactions,dataset/transactions/year=2025/month=06/day=16/transactions_20250616.csv,5276,22,964991
transactions,dataset/transactions/year=2025/month=06/day=17/transactions_20250617.csv,4416,22,806120
transactions,dataset/transactions/year=2025/month=06/day=18/transactions_20250618.csv,4786,22,872878
transactions,dataset/transactions/year=2025/month=06/day=19/transactions_20250619.csv,4250,22,775474
transactions,dataset/transactions/year=2025/month=06/day=20/transactions_20250620.csv,4704,22,862400
transactions,dataset/transactions/year=2025/month=06/day=21/transactions_20250621.csv,2274,22,414936
transactions,dataset/transactions/year=2025/month=06/day=22/transactions_20250622.csv,3009,22,549019
transactions,dataset/transactions/year=2025/month=06/day=23/transactions_20250623.csv,3824,22,699586
transactions,dataset/transactions/year=2025/month=06/day=24/transactions_20250624.csv,5426,22,989270
transactions,dataset/transactions/year=2025/month=06/day=25/transactions_20250625.csv,4892,22,893909
transactions,dataset/transactions/year=2025/month=06/day=26/transactions_20250626.csv,4178,22,763705
transactions,dataset/transactions/year=2025/month=06/day=27/transactions_20250627.csv,4974,22,907951
transactions,dataset/transactions/year=2025/month=06/day=28/transactions_20250628.csv,2806,22,512333
transactions,dataset/transactions/year=2025/month=06/day=29/transactions_20250629.csv,2787,22,509915
transactions,dataset/transactions/year=2025/month=06/day=30/transactions_20250630.csv,3856,22,703819
transactions,dataset/transactions/year=2025/month=07/day=01/transactions_20250701.csv,5088,22,928307
transactions,dataset/transactions/year=2025/month=07/day=02/transactions_20250702.csv,4682,22,854356
transactions,dataset/transactions/year=2025/month=07/day=03/transactions_20250703.csv,5245,22,958187
transactions,dataset/transactions/year=2025/month=07/day=04/transactions_20250704.csv,4198,22,766130
transactions,dataset/transactions/year=2025/month=07/day=05/transactions_20250705.csv,2282,22,417038
transactions,dataset/transactions/year=2025/month=07/day=06/transactions_20250706.csv,2214,22,404151
transactions,dataset/transactions/year=2025/month=07/day=07/transactions_20250707.csv,4461,22,814646
transactions,dataset/transactions/year=2025/month=07/day=08/transactions_20250708.csv,5180,22,946090
transactions,dataset/transactions/year=2025/month=07/day=09/transactions_20250709.csv,5192,22,950029
transactions,dataset/transactions/year=2025/month=07/day=10/transactions_20250710.csv,3664,22,669538
transactions,dataset/transactions/year=2025/month=07/day=11/transactions_20250711.csv,4791,22,875407
transactions,dataset/transactions/year=2025/month=07/day=12/transactions_20250712.csv,2788,22,509794
transactions,dataset/transactions/year=2025/month=07/day=13/transactions_20250713.csv,2827,22,515984
transactions,dataset/transactions/year=2025/month=07/day=14/transactions_20250714.csv,4167,22,761419
transactions,dataset/transactions/year=2025/month=07/day=15/transactions_20250715.csv,4104,22,751205
transactions,dataset/transactions/year=2025/month=07/day=16/transactions_20250716.csv,5440,22,993037
transactions,dataset/transactions/year=2025/month=07/day=17/transactions_20250717.csv,4291,22,783132
transactions,dataset/transactions/year=2025/month=07/day=18/transactions_20250718.csv,4331,22,789850
transactions,dataset/transactions/year=2025/month=07/day=19/transactions_20250719.csv,2460,22,450829
transactions,dataset/transactions/year=2025/month=07/day=20/transactions_20250720.csv,2925,22,535320
transactions,dataset/transactions/year=2025/month=07/day=21/transactions_20250721.csv,5364,22,979104
transactions,dataset/transactions/year=2025/month=07/day=22/transactions_20250722.csv,4426,22,806898
transactions,dataset/transactions/year=2025/month=07/day=23/transactions_20250723.csv,4548,22,832531
transactions,dataset/transactions/year=2025/month=07/day=24/transactions_20250724.csv,3734,22,684332
transactions,dataset/transactions/year=2025/month=07/day=25/transactions_20250725.csv,4945,22,904501
transactions,dataset/transactions/year=2025/month=07/day=26/transactions_20250726.csv,3204,22,587511
transactions,dataset/transactions/year=2025/month=07/day=27/transactions_20250727.csv,2413,22,441843
transactions,dataset/transactions/year=2025/month=07/day=28/transactions_20250728.csv,5388,22,984262
transactions,dataset/transactions/year=2025/month=07/day=29/transactions_20250729.csv,4841,22,883816
transactions,dataset/transactions/year=2025/month=07/day=30/transactions_20250730.csv,3959,22,723700
transactions,dataset/transactions/year=2025/month=07/day=31/transactions_20250731.csv,3715,22,677890
transactions,dataset/transactions/year=2025/month=08/day=01/transactions_20250801.csv,4697,22,859203
transactions,dataset/transactions/year=2025/month=08/day=02/transactions_20250802.csv,2345,22,428052
transactions,dataset/transactions/year=2025/month=08/day=03/transactions_20250803.csv,2554,22,467956
transactions,dataset/transactions/year=2025/month=08/day=04/transactions_20250804.csv,4501,22,821283
transactions,dataset/transactions/year=2025/month=08/day=05/transactions_20250805.csv,4300,22,784943
transactions,dataset/transactions/year=2025/month=08/day=06/transactions_20250806.csv,5145,22,939229
transactions,dataset/transactions/year=2025/month=08/day=07/transactions_20250807.csv,4166,22,761964
transactions,dataset/transactions/year=2025/month=08/day=08/transactions_20250808.csv,5269,22,962052
transactions,dataset/transactions/year=2025/month=08/day=09/transactions_20250809.csv,2191,22,401518
transactions,dataset/transactions/year=2025/month=08/day=10/transactions_20250810.csv,3243,22,593306
transactions,dataset/transactions/year=2025/month=08/day=11/transactions_20250811.csv,4278,22,780930
transactions,dataset/transactions/year=2025/month=08/day=12/transactions_20250812.csv,3974,22,726610
transactions,dataset/transactions/year=2025/month=08/day=13/transactions_20250813.csv,5398,22,985083
transactions,dataset/transactions/year=2025/month=08/day=14/transactions_20250814.csv,3733,22,682778
transactions,dataset/transactions/year=2025/month=08/day=15/transactions_20250815.csv,5069,22,925381
transactions,dataset/transactions/year=2025/month=08/day=16/transactions_20250816.csv,2318,22,423120
transactions,dataset/transactions/year=2025/month=08/day=17/transactions_20250817.csv,3167,22,578436
transactions,dataset/transactions/year=2025/month=08/day=18/transactions_20250818.csv,4162,22,760772
transactions,dataset/transactions/year=2025/month=08/day=19/transactions_20250819.csv,4322,22,790316
transactions,dataset/transactions/year=2025/month=08/day=20/transactions_20250820.csv,4888,22,893454
transactions,dataset/transactions/year=2025/month=08/day=21/transactions_20250821.csv,5294,22,967906
transactions,dataset/transactions/year=2025/month=08/day=22/transactions_20250822.csv,4575,22,834316
transactions,dataset/transactions/year=2025/month=08/day=23/transactions_20250823.csv,2875,22,526484
transactions,dataset/transactions/year=2025/month=08/day=24/transactions_20250824.csv,3092,22,564183
transactions,dataset/transactions/year=2025/month=08/day=25/transactions_20250825.csv,5463,22,996994
transactions,dataset/transactions/year=2025/month=08/day=26/transactions_20250826.csv,5317,22,968291
transactions,dataset/transactions/year=2025/month=08/day=27/transactions_20250827.csv,4365,22,796222
transactions,dataset/transactions/year=2025/month=08/day=28/transactions_20250828.csv,4844,22,883701
transactions,dataset/transactions/year=2025/month=08/day=29/transactions_20250829.csv,4839,22,882844
transactions,dataset/transactions/year=2025/month=08/day=30/transactions_20250830.csv,2505,22,457906
transactions,dataset/transactions/year=2025/month=08/day=31/transactions_20250831.csv,2997,22,547226
transactions,dataset/transactions/year=2025/month=09/day=01/transactions_20250901.csv,4501,22,821763
transactions,dataset/transactions/year=2025/month=09/day=02/transactions_20250902.csv,3953,22,723164
transactions,dataset/transactions/year=2025/month=09/day=03/transactions_20250903.csv,4320,22,788477
transactions,dataset/transactions/year=2025/month=09/day=04/transactions_20250904.csv,3957,22,722874
transactions,dataset/transactions/year=2025/month=09/day=05/transactions_20250905.csv,4115,22,752810
transactions,dataset/transactions/year=2025/month=09/day=06/transactions_20250906.csv,2953,22,539627
transactions,dataset/transactions/year=2025/month=09/day=07/transactions_20250907.csv,2199,22,402746
transactions,dataset/transactions/year=2025/month=09/day=08/transactions_20250908.csv,4517,22,824414
transactions,dataset/transactions/year=2025/month=09/day=09/transactions_20250909.csv,4894,22,895388
transactions,dataset/transactions/year=2025/month=09/day=10/transactions_20250910.csv,3841,22,700456
transactions,dataset/transactions/year=2025/month=09/day=11/transactions_20250911.csv,5093,22,930000
transactions,dataset/transactions/year=2025/month=09/day=12/transactions_20250912.csv,5246,22,958762
transactions,dataset/transactions/year=2025/month=09/day=13/transactions_20250913.csv,3267,22,598314
transactions,dataset/transactions/year=2025/month=09/day=14/transactions_20250914.csv,3270,22,597928
transactions,dataset/transactions/year=2025/month=09/day=15/transactions_20250915.csv,4080,22,745093
transactions,dataset/transactions/year=2025/month=09/day=16/transactions_20250916.csv,4275,22,779158
transactions,dataset/transactions/year=2025/month=09/day=17/transactions_20250917.csv,4039,22,738985
transactions,dataset/transactions/year=2025/month=09/day=18/transactions_20250918.csv,3811,22,696817
transactions,dataset/transactions/year=2025/month=09/day=19/transactions_20250919.csv,4413,22,805928
transactions,dataset/transactions/year=2025/month=09/day=20/transactions_20250920.csv,2408,22,439570
transactions,dataset/transactions/year=2025/month=09/day=21/transactions_20250921.csv,2575,22,471281
transactions,dataset/transactions/year=2025/month=09/day=22/transactions_20250922.csv,4273,22,780399
transactions,dataset/transactions/year=2025/month=09/day=23/transactions_20250923.csv,3804,22,694874
transactions,dataset/transactions/year=2025/month=09/day=24/transactions_20250924.csv,4936,22,902233
transactions,dataset/transactions/year=2025/month=09/day=25/transactions_20250925.csv,4239,22,775771
transactions,dataset/transactions/year=2025/month=09/day=26/transactions_20250926.csv,5258,22,959785
transactions,dataset/transactions/year=2025/month=09/day=27/transactions_20250927.csv,2472,22,452522
transactions,dataset/transactions/year=2025/month=09/day=28/transactions_20250928.csv,2757,22,504648
transactions,dataset/transactions/year=2025/month=09/day=29/transactions_20250929.csv,5217,22,953306
transactions,dataset/transactions/year=2025/month=09/day=30/transactions_20250930.csv,4102,22,747420
transactions,dataset/transactions/year=2025/month=10/day=01/transactions_20251001.csv,4548,22,830152
transactions,dataset/transactions/year=2025/month=10/day=02/transactions_20251002.csv,4141,22,755364
transactions,dataset/transactions/year=2025/month=10/day=03/transactions_20251003.csv,5156,22,942692
transactions,dataset/transactions/year=2025/month=10/day=04/transactions_20251004.csv,3218,22,587935
transactions,dataset/transactions/year=2025/month=10/day=05/transactions_20251005.csv,2996,22,546765
transactions,dataset/transactions/year=2025/month=10/day=06/transactions_20251006.csv,4858,22,886721
transactions,dataset/transactions/year=2025/month=10/day=07/transactions_20251007.csv,4289,22,784139
transactions,dataset/transactions/year=2025/month=10/day=08/transactions_20251008.csv,3773,22,689878
transactions,dataset/transactions/year=2025/month=10/day=09/transactions_20251009.csv,4236,22,774108
transactions,dataset/transactions/year=2025/month=10/day=10/transactions_20251010.csv,4421,22,807482
transactions,dataset/transactions/year=2025/month=10/day=11/transactions_20251011.csv,3202,22,584963
transactions,dataset/transactions/year=2025/month=10/day=12/transactions_20251012.csv,2916,22,532804
transactions,dataset/transactions/year=2025/month=10/day=13/transactions_20251013.csv,3835,22,701377
transactions,dataset/transactions/year=2025/month=10/day=14/transactions_20251014.csv,4054,22,741635
transactions,dataset/transactions/year=2025/month=10/day=15/transactions_20251015.csv,5074,22,926463
transactions,dataset/transactions/year=2025/month=10/day=16/transactions_20251016.csv,4204,22,767189
transactions,dataset/transactions/year=2025/month=10/day=17/transactions_20251017.csv,5407,22,988491
transactions,dataset/transactions/year=2025/month=10/day=18/transactions_20251018.csv,2617,22,478333
transactions,dataset/transactions/year=2025/month=10/day=19/transactions_20251019.csv,3148,22,574324
transactions,dataset/transactions/year=2025/month=10/day=20/transactions_20251020.csv,4704,22,859286
transactions,dataset/transactions/year=2025/month=10/day=21/transactions_20251021.csv,4262,22,778039
transactions,dataset/transactions/year=2025/month=10/day=22/transactions_20251022.csv,4941,22,902649
transactions,dataset/transactions/year=2025/month=10/day=23/transactions_20251023.csv,3690,22,674391
transactions,dataset/transactions/year=2025/month=10/day=24/transactions_20251024.csv,5376,22,981030
transactions,dataset/transactions/year=2025/month=10/day=25/transactions_20251025.csv,3096,22,564273
transactions,dataset/transactions/year=2025/month=10/day=26/transactions_20251026.csv,3275,22,598876
transactions,dataset/transactions/year=2025/month=10/day=27/transactions_20251027.csv,5220,22,956082
transactions,dataset/transactions/year=2025/month=10/day=28/transactions_20251028.csv,4312,22,786780
transactions,dataset/transactions/year=2025/month=10/day=29/transactions_20251029.csv,4967,22,908684
transactions,dataset/transactions/year=2025/month=10/day=30/transactions_20251030.csv,5420,22,989327
transactions,dataset/transactions/year=2025/month=10/day=31/transactions_20251031.csv,3900,22,711481
transactions,dataset/transactions/year=2025/month=11/day=01/transactions_20251101.csv,2734,22,501170
transactions,dataset/transactions/year=2025/month=11/day=02/transactions_20251102.csv,2936,22,537536
transactions,dataset/transactions/year=2025/month=11/day=03/transactions_20251103.csv,3769,22,689756
transactions,dataset/transactions/year=2025/month=11/day=04/transactions_20251104.csv,5111,22,937087
transactions,dataset/transactions/year=2025/month=11/day=05/transactions_20251105.csv,5285,22,963115
transactions,dataset/transactions/year=2025/month=11/day=06/transactions_20251106.csv,5245,22,959155
transactions,dataset/transactions/year=2025/month=11/day=07/transactions_20251107.csv,4385,22,799855
transactions,dataset/transactions/year=2025/month=11/day=08/transactions_20251108.csv,2835,22,520275
transactions,dataset/transactions/year=2025/month=11/day=09/transactions_20251109.csv,2571,22,469876
transactions,dataset/transactions/year=2025/month=11/day=10/transactions_20251110.csv,3767,22,688419
transactions,dataset/transactions/year=2025/month=11/day=11/transactions_20251111.csv,4304,22,784700
transactions,dataset/transactions/year=2025/month=11/day=12/transactions_20251112.csv,4182,22,760460
transactions,dataset/transactions/year=2025/month=11/day=13/transactions_20251113.csv,5390,22,983905
transactions,dataset/transactions/year=2025/month=11/day=14/transactions_20251114.csv,4276,22,781996
transactions,dataset/transactions/year=2025/month=11/day=15/transactions_20251115.csv,3039,22,556515
transactions,dataset/transactions/year=2025/month=11/day=16/transactions_20251116.csv,2427,22,442085
transactions,dataset/transactions/year=2025/month=11/day=17/transactions_20251117.csv,4475,22,818256
transactions,dataset/transactions/year=2025/month=11/day=18/transactions_20251118.csv,4026,22,734493
transactions,dataset/transactions/year=2025/month=11/day=19/transactions_20251119.csv,4525,22,827771
transactions,dataset/transactions/year=2025/month=11/day=20/transactions_20251120.csv,4608,22,841493
transactions,dataset/transactions/year=2025/month=11/day=21/transactions_20251121.csv,4824,22,879767
transactions,dataset/transactions/year=2025/month=11/day=22/transactions_20251122.csv,3182,22,581565
transactions,dataset/transactions/year=2025/month=11/day=23/transactions_20251123.csv,2883,22,526497
transactions,dataset/transactions/year=2025/month=11/day=24/transactions_20251124.csv,4388,22,801733
transactions,dataset/transactions/year=2025/month=11/day=25/transactions_20251125.csv,4431,22,810535
transactions,dataset/transactions/year=2025/month=11/day=26/transactions_20251126.csv,5076,22,927671
transactions,dataset/transactions/year=2025/month=11/day=27/transactions_20251127.csv,5245,22,957902
transactions,dataset/transactions/year=2025/month=11/day=28/transactions_20251128.csv,4997,22,911876
transactions,dataset/transactions/year=2025/month=11/day=29/transactions_20251129.csv,3191,22,582163
transactions,dataset/transactions/year=2025/month=11/day=30/transactions_20251130.csv,2216,22,403645
transactions,dataset/transactions/year=2025/month=12/day=01/transactions_20251201.csv,4265,22,778345
transactions,dataset/transactions/year=2025/month=12/day=02/transactions_20251202.csv,4191,22,766315
transactions,dataset/transactions/year=2025/month=12/day=03/transactions_20251203.csv,4129,22,753088
transactions,dataset/transactions/year=2025/month=12/day=04/transactions_20251204.csv,4482,22,819078
transactions,dataset/transactions/year=2025/month=12/day=05/transactions_20251205.csv,3764,22,685191
transactions,dataset/transactions/year=2025/month=12/day=06/transactions_20251206.csv,2664,22,485913
transactions,dataset/transactions/year=2025/month=12/day=07/transactions_20251207.csv,2426,22,443060
transactions,dataset/transactions/year=2025/month=12/day=08/transactions_20251208.csv,3704,22,676913
transactions,dataset/transactions/year=2025/month=12/day=09/transactions_20251209.csv,4173,22,761615
transactions,dataset/transactions/year=2025/month=12/day=10/transactions_20251210.csv,4457,22,815367
transactions,dataset/transactions/year=2025/month=12/day=11/transactions_20251211.csv,3797,22,693773
transactions,dataset/transactions/year=2025/month=12/day=12/transactions_20251212.csv,5107,22,930919
transactions,dataset/transactions/year=2025/month=12/day=13/transactions_20251213.csv,2229,22,406494
transactions,dataset/transactions/year=2025/month=12/day=14/transactions_20251214.csv,2806,22,512464
transactions,dataset/transactions/year=2025/month=12/day=15/transactions_20251215.csv,4968,22,908052
transactions,dataset/transactions/year=2025/month=12/day=16/transactions_20251216.csv,5152,22,939649
transactions,dataset/transactions/year=2025/month=12/day=17/transactions_20251217.csv,5188,22,948061
transactions,dataset/transactions/year=2025/month=12/day=18/transactions_20251218.csv,4063,22,742875
transactions,dataset/transactions/year=2025/month=12/day=19/transactions_20251219.csv,3866,22,706359
transactions,dataset/transactions/year=2025/month=12/day=20/transactions_20251220.csv,3119,22,569418
transactions,dataset/transactions/year=2025/month=12/day=21/transactions_20251221.csv,2319,22,422613
transactions,dataset/transactions/year=2025/month=12/day=22/transactions_20251222.csv,4067,22,742797
transactions,dataset/transactions/year=2025/month=12/day=23/transactions_20251223.csv,5325,22,972357
transactions,dataset/transactions/year=2025/month=12/day=24/transactions_20251224.csv,4423,22,808114
transactions,dataset/transactions/year=2025/month=12/day=25/transactions_20251225.csv,4830,22,881228
transactions,dataset/transactions/year=2025/month=12/day=26/transactions_20251226.csv,4647,22,849896
transactions,dataset/transactions/year=2025/month=12/day=27/transactions_20251227.csv,2320,22,424465
transactions,dataset/transactions/year=2025/month=12/day=28/transactions_20251228.csv,2235,22,408170
transactions,dataset/transactions/year=2025/month=12/day=29/transactions_20251229.csv,5135,22,938969
transactions,dataset/transactions/year=2025/month=12/day=30/transactions_20251230.csv,5076,22,927538
transactions,dataset/transactions/year=2025/month=12/day=31/transactions_20251231.csv,3890,22,710257
transactions,dataset/transactions/year=2026/month=01/day=01/transactions_20260101.csv,4638,22,846263
transactions,dataset/transactions/year=2026/month=01/day=02/transactions_20260102.csv,3851,22,703053
transactions,dataset/transactions/year=2026/month=01/day=03/transactions_20260103.csv,3016,22,549233
transactions,dataset/transactions/year=2026/month=01/day=04/transactions_20260104.csv,2572,22,468365
transactions,dataset/transactions/year=2026/month=01/day=05/transactions_20260105.csv,3830,22,700075
transactions,dataset/transactions/year=2026/month=01/day=06/transactions_20260106.csv,5301,22,970176
transactions,dataset/transactions/year=2026/month=01/day=07/transactions_20260107.csv,3885,22,710121
transactions,dataset/transactions/year=2026/month=01/day=08/transactions_20260108.csv,4272,22,779786
transactions,dataset/transactions/year=2026/month=01/day=09/transactions_20260109.csv,4709,22,860813
transactions,dataset/transactions/year=2026/month=01/day=10/transactions_20260110.csv,2574,22,470374
transactions,dataset/transactions/year=2026/month=01/day=11/transactions_20260111.csv,2284,22,416816
transactions,dataset/transactions/year=2026/month=01/day=12/transactions_20260112.csv,4488,22,823479
transactions,dataset/transactions/year=2026/month=01/day=13/transactions_20260113.csv,5441,22,995753
transactions,dataset/transactions/year=2026/month=01/day=14/transactions_20260114.csv,4985,22,908531
transactions,dataset/transactions/year=2026/month=01/day=15/transactions_20260115.csv,4648,22,848934
transactions,dataset/transactions/year=2026/month=01/day=16/transactions_20260116.csv,5241,22,957588
transactions,dataset/transactions/year=2026/month=01/day=17/transactions_20260117.csv,3037,22,554078
transactions,dataset/transactions/year=2026/month=01/day=18/transactions_20260118.csv,2286,22,417092
transactions,dataset/transactions/year=2026/month=01/day=19/transactions_20260119.csv,4230,22,772332
transactions,dataset/transactions/year=2026/month=01/day=20/transactions_20260120.csv,4479,22,817203
transactions,dataset/transactions/year=2026/month=01/day=21/transactions_20260121.csv,3763,22,687291
transactions,dataset/transactions/year=2026/month=01/day=22/transactions_20260122.csv,4607,22,843147
transactions,dataset/transactions/year=2026/month=01/day=23/transactions_20260123.csv,3757,22,687212
transactions,dataset/transactions/year=2026/month=01/day=24/transactions_20260124.csv,2871,22,522659
transactions,dataset/transactions/year=2026/month=01/day=25/transactions_20260125.csv,2713,22,495526
transactions,dataset/transactions/year=2026/month=01/day=26/transactions_20260126.csv,4714,22,862371
transactions,dataset/transactions/year=2026/month=01/day=27/transactions_20260127.csv,3936,22,718822
transactions,dataset/transactions/year=2026/month=01/day=28/transactions_20260128.csv,3857,22,703910
transactions,dataset/transactions/year=2026/month=01/day=29/transactions_20260129.csv,4404,22,803813
transactions,dataset/transactions/year=2026/month=01/day=30/transactions_20260130.csv,4936,22,901786
transactions,dataset/transactions/year=2026/month=01/day=31/transactions_20260131.csv,2224,22,407026
transactions,dataset/transactions/year=2026/month=02/day=01/transactions_20260201.csv,2611,22,474824
transactions,dataset/transactions/year=2026/month=02/day=02/transactions_20260202.csv,5088,22,929212
transactions,dataset/transactions/year=2026/month=02/day=03/transactions_20260203.csv,4634,22,846205
transactions,dataset/transactions/year=2026/month=02/day=04/transactions_20260204.csv,4120,22,752693
transactions,dataset/transactions/year=2026/month=02/day=05/transactions_20260205.csv,4980,22,909419
transactions,dataset/transactions/year=2026/month=02/day=06/transactions_20260206.csv,4503,22,821577
transactions,dataset/transactions/year=2026/month=02/day=07/transactions_20260207.csv,2572,22,469097
transactions,dataset/transactions/year=2026/month=02/day=08/transactions_20260208.csv,2314,22,422635
transactions,dataset/transactions/year=2026/month=02/day=09/transactions_20260209.csv,5326,22,973113
transactions,dataset/transactions/year=2026/month=02/day=10/transactions_20260210.csv,4916,22,896499
transactions,dataset/transactions/year=2026/month=02/day=11/transactions_20260211.csv,5406,22,988037
transactions,dataset/transactions/year=2026/month=02/day=12/transactions_20260212.csv,4664,22,852194
transactions,dataset/transactions/year=2026/month=02/day=13/transactions_20260213.csv,5019,22,915733
transactions,dataset/transactions/year=2026/month=02/day=14/transactions_20260214.csv,2533,22,462222
transactions,dataset/transactions/year=2026/month=02/day=15/transactions_20260215.csv,2870,22,524400
transactions,dataset/transactions/year=2026/month=02/day=16/transactions_20260216.csv,5215,22,952964
transactions,dataset/transactions/year=2026/month=02/day=17/transactions_20260217.csv,4788,22,872531
transactions,dataset/transactions/year=2026/month=02/day=18/transactions_20260218.csv,4516,22,824490
transactions,dataset/transactions/year=2026/month=02/day=19/transactions_20260219.csv,5193,22,948416
transactions,dataset/transactions/year=2026/month=02/day=20/transactions_20260220.csv,4916,22,897658
transactions,dataset/transactions/year=2026/month=02/day=21/transactions_20260221.csv,3180,22,582990
transactions,dataset/transactions/year=2026/month=02/day=22/transactions_20260222.csv,2653,22,485487
transactions,dataset/transactions/year=2026/month=02/day=23/transactions_20260223.csv,4001,22,728206
transactions,dataset/transactions/year=2026/month=02/day=24/transactions_20260224.csv,4224,22,771747
transactions,dataset/transactions/year=2026/month=02/day=25/transactions_20260225.csv,4452,22,813799
transactions,dataset/transactions/year=2026/month=02/day=26/transactions_20260226.csv,3787,22,690259
transactions,dataset/transactions/year=2026/month=02/day=27/transactions_20260227.csv,3669,22,668825
transactions,dataset/transactions/year=2026/month=02/day=28/transactions_20260228.csv,3182,22,580149
transactions,dataset/transactions/year=2026/month=03/day=01/transactions_20260301.csv,2622,22,478547
transactions,dataset/transactions/year=2026/month=03/day=02/transactions_20260302.csv,4607,22,839776
transactions,dataset/transactions/year=2026/month=03/day=03/transactions_20260303.csv,4115,22,750663
transactions,dataset/transactions/year=2026/month=03/day=04/transactions_20260304.csv,5342,22,975911
transactions,dataset/transactions/year=2026/month=03/day=05/transactions_20260305.csv,4699,22,856678
transactions,dataset/transactions/year=2026/month=03/day=06/transactions_20260306.csv,4667,22,851269
transactions,dataset/transactions/year=2026/month=03/day=07/transactions_20260307.csv,2986,22,545297
transactions,dataset/transactions/year=2026/month=03/day=08/transactions_20260308.csv,2922,22,533002
transactions,dataset/transactions/year=2026/month=03/day=09/transactions_20260309.csv,3654,22,667257
transactions,dataset/transactions/year=2026/month=03/day=10/transactions_20260310.csv,4226,22,772937
transactions,dataset/transactions/year=2026/month=03/day=11/transactions_20260311.csv,5023,22,917720
transactions,dataset/transactions/year=2026/month=03/day=12/transactions_20260312.csv,3980,22,726305
transactions,dataset/transactions/year=2026/month=03/day=13/transactions_20260313.csv,5004,22,914263
transactions,dataset/transactions/year=2026/month=03/day=14/transactions_20260314.csv,2311,22,420916
transactions,dataset/transactions/year=2026/month=03/day=15/transactions_20260315.csv,2815,22,514673
transactions,dataset/transactions/year=2026/month=03/day=16/transactions_20260316.csv,3833,22,699777
transactions,dataset/transactions/year=2026/month=03/day=17/transactions_20260317.csv,4817,22,877946
transactions,dataset/transactions/year=2026/month=03/day=18/transactions_20260318.csv,5194,22,949137
transactions,dataset/transactions/year=2026/month=03/day=19/transactions_20260319.csv,4823,22,881635
transactions,dataset/transactions/year=2026/month=03/day=20/transactions_20260320.csv,4323,22,790406
transactions,dataset/transactions/year=2026/month=03/day=21/transactions_20260321.csv,2735,22,499839
transactions,dataset/transactions/year=2026/month=03/day=22/transactions_20260322.csv,2711,22,496377
transactions,dataset/transactions/year=2026/month=03/day=23/transactions_20260323.csv,3720,22,679006
transactions,dataset/transactions/year=2026/month=03/day=24/transactions_20260324.csv,4241,22,774717
transactions,dataset/transactions/year=2026/month=03/day=25/transactions_20260325.csv,4474,22,817633
transactions,dataset/transactions/year=2026/month=03/day=26/transactions_20260326.csv,5389,22,985275
transactions,dataset/transactions/year=2026/month=03/day=27/transactions_20260327.csv,5432,22,991000
transactions,dataset/transactions/year=2026/month=03/day=28/transactions_20260328.csv,2308,22,420534
transactions,dataset/transactions/year=2026/month=03/day=29/transactions_20260329.csv,2823,22,515745
transactions,dataset/transactions/year=2026/month=03/day=30/transactions_20260330.csv,3866,22,706927
transactions,dataset/transactions/year=2026/month=03/day=31/transactions_20260331.csv,4634,22,845766
transactions,dataset/transactions/year=2026/month=04/day=01/transactions_20260401.csv,5021,22,916514
transactions,dataset/transactions/year=2026/month=04/day=02/transactions_20260402.csv,4017,22,734333
transactions,dataset/transactions/year=2026/month=04/day=03/transactions_20260403.csv,4659,22,851269
transactions,dataset/transactions/year=2026/month=04/day=04/transactions_20260404.csv,2740,22,500547
transactions,dataset/transactions/year=2026/month=04/day=05/transactions_20260405.csv,2889,22,527619
transactions,dataset/transactions/year=2026/month=04/day=06/transactions_20260406.csv,5334,22,974899
transactions,dataset/transactions/year=2026/month=04/day=07/transactions_20260407.csv,4383,22,800918
transactions,dataset/transactions/year=2026/month=04/day=08/transactions_20260408.csv,4787,22,873033
transactions,dataset/transactions/year=2026/month=04/day=09/transactions_20260409.csv,4906,22,898437
transactions,dataset/transactions/year=2026/month=04/day=10/transactions_20260410.csv,5075,22,928424
transactions,dataset/transactions/year=2026/month=04/day=11/transactions_20260411.csv,2753,22,503021
transactions,dataset/transactions/year=2026/month=04/day=12/transactions_20260412.csv,2367,22,431242
transactions,dataset/transactions/year=2026/month=04/day=13/transactions_20260413.csv,5175,22,946234
transactions,dataset/transactions/year=2026/month=04/day=14/transactions_20260414.csv,5447,22,993525
transactions,dataset/transactions/year=2026/month=04/day=15/transactions_20260415.csv,4409,22,805316
transactions,dataset/transactions/year=2026/month=04/day=16/transactions_20260416.csv,3783,22,692613
transactions,dataset/transactions/year=2026/month=04/day=17/transactions_20260417.csv,5202,22,951369
transactions,dataset/transactions/year=2026/month=04/day=18/transactions_20260418.csv,3001,22,547337
transactions,dataset/transactions/year=2026/month=04/day=19/transactions_20260419.csv,3272,22,596223
transactions,dataset/transactions/year=2026/month=04/day=20/transactions_20260420.csv,5209,22,951001
transactions,dataset/transactions/year=2026/month=04/day=21/transactions_20260421.csv,4148,22,758334
transactions,dataset/transactions/year=2026/month=04/day=22/transactions_20260422.csv,4095,22,748975
transactions,dataset/transactions/year=2026/month=04/day=23/transactions_20260423.csv,4785,22,875330
transactions,dataset/transactions/year=2026/month=04/day=24/transactions_20260424.csv,5210,22,951822
transactions,dataset/transactions/year=2026/month=04/day=25/transactions_20260425.csv,3083,22,563026
transactions,dataset/transactions/year=2026/month=04/day=26/transactions_20260426.csv,2530,22,462553
transactions,dataset/transactions/year=2026/month=04/day=27/transactions_20260427.csv,3811,22,696832
transactions,dataset/transactions/year=2026/month=04/day=28/transactions_20260428.csv,5228,22,956121
transactions,dataset/transactions/year=2026/month=04/day=29/transactions_20260429.csv,4220,22,770479
transactions,dataset/transactions/year=2026/month=04/day=30/transactions_20260430.csv,4960,22,907730
transactions,dataset/transactions/year=2026/month=05/day=01/transactions_20260501.csv,3942,22,719392
transactions,dataset/transactions/year=2026/month=05/day=02/transactions_20260502.csv,2411,22,440170
transactions,dataset/transactions/year=2026/month=05/day=03/transactions_20260503.csv,2229,22,406356
transactions,dataset/transactions/year=2026/month=05/day=04/transactions_20260504.csv,5212,22,953439
transactions,dataset/transactions/year=2026/month=05/day=05/transactions_20260505.csv,5208,22,951345
transactions,dataset/transactions/year=2026/month=05/day=06/transactions_20260506.csv,4131,22,755859
transactions,dataset/transactions/year=2026/month=05/day=07/transactions_20260507.csv,4218,22,771039
transactions,dataset/transactions/year=2026/month=05/day=08/transactions_20260508.csv,4675,22,855656
transactions,dataset/transactions/year=2026/month=05/day=09/transactions_20260509.csv,2649,22,484917
transactions,dataset/transactions/year=2026/month=05/day=10/transactions_20260510.csv,2859,22,522852
transactions,dataset/transactions/year=2026/month=05/day=11/transactions_20260511.csv,5407,22,986908
transactions,dataset/transactions/year=2026/month=05/day=12/transactions_20260512.csv,4252,22,777328
transactions,dataset/transactions/year=2026/month=05/day=13/transactions_20260513.csv,5066,22,927353
transactions,dataset/transactions/year=2026/month=05/day=14/transactions_20260514.csv,4441,22,811888
transactions,dataset/transactions/year=2026/month=05/day=15/transactions_20260515.csv,5105,22,932853
transactions,dataset/transactions/year=2026/month=05/day=16/transactions_20260516.csv,2736,22,499888
transactions,dataset/transactions/year=2026/month=05/day=17/transactions_20260517.csv,2615,22,479065
transactions,dataset/transactions/year=2026/month=05/day=18/transactions_20260518.csv,3718,22,679692
transactions,dataset/transactions/year=2026/month=05/day=19/transactions_20260519.csv,5442,22,993192
transactions,dataset/transactions/year=2026/month=05/day=20/transactions_20260520.csv,5083,22,928440
transactions,dataset/transactions/year=2026/month=05/day=21/transactions_20260521.csv,4777,22,872504
transactions,dataset/transactions/year=2026/month=05/day=22/transactions_20260522.csv,5380,22,982147
transactions,dataset/transactions/year=2026/month=05/day=23/transactions_20260523.csv,2572,22,470455
transactions,dataset/transactions/year=2026/month=05/day=24/transactions_20260524.csv,3193,22,582168
transactions,dataset/transactions/year=2026/month=05/day=25/transactions_20260525.csv,4960,22,906541
transactions,dataset/transactions/year=2026/month=05/day=26/transactions_20260526.csv,4641,22,847556
transactions,dataset/transactions/year=2026/month=05/day=27/transactions_20260527.csv,5445,22,992900
transactions,dataset/transactions/year=2026/month=05/day=28/transactions_20260528.csv,4324,22,788509
transactions,dataset/transactions/year=2026/month=05/day=29/transactions_20260529.csv,4538,22,827295
transactions,dataset/transactions/year=2026/month=05/day=30/transactions_20260530.csv,2778,22,509021
transactions,dataset/transactions/year=2026/month=05/day=31/transactions_20260531.csv,3148,22,576045
transactions,dataset/transactions/year=2026/month=06/day=01/transactions_20260601.csv,3935,22,716917
transactions,dataset/transactions/year=2026/month=06/day=02/transactions_20260602.csv,4793,22,876285
transactions,dataset/transactions/year=2026/month=06/day=03/transactions_20260603.csv,5364,22,979018
transactions,dataset/transactions/year=2026/month=06/day=04/transactions_20260604.csv,4021,22,734992
transactions,dataset/transactions/year=2026/month=06/day=05/transactions_20260605.csv,4008,22,732348
transactions,dataset/transactions/year=2026/month=06/day=06/transactions_20260606.csv,2603,22,475010
transactions,dataset/transactions/year=2026/month=06/day=07/transactions_20260607.csv,2442,22,446552
transactions,dataset/transactions/year=2026/month=06/day=08/transactions_20260608.csv,5033,22,915948
transactions,dataset/transactions/year=2026/month=06/day=09/transactions_20260609.csv,4065,22,742471
transactions,dataset/transactions/year=2026/month=06/day=10/transactions_20260610.csv,5268,22,961794
transactions,dataset/transactions/year=2026/month=06/day=11/transactions_20260611.csv,4298,22,784067
transactions,dataset/transactions/year=2026/month=06/day=12/transactions_20260612.csv,3877,22,709778
transactions,dataset/transactions/year=2026/month=06/day=13/transactions_20260613.csv,3210,22,584294
transactions,dataset/transactions/year=2026/month=06/day=14/transactions_20260614.csv,3115,22,568012
transactions,dataset/transactions/year=2026/month=06/day=15/transactions_20260615.csv,4370,22,795822
transactions,dataset/transactions/year=2026/month=06/day=16/transactions_20260616.csv,4947,22,902474
transactions,dataset/transactions/year=2026/month=06/day=17/transactions_20260617.csv,5342,22,975928
